# Houdini Apprentice / Slot-chan non-commercial demo
v 0.84 -0.65 0.0
v 0.82966 -0.65 0.1314
v 0.88892 -0.61 0.14079
v 0.9 -0.61 0.0
v 0.79889 -0.65 0.25957
v 0.85595 -0.61 0.27812
v 0.74845 -0.65 0.38135
v 0.80191 -0.61 0.40859
v 0.67957 -0.65 0.49374
v 0.72812 -0.61 0.52901
v 0.59397 -0.65 0.59397
v 0.6364 -0.61 0.6364
v 0.49374 -0.65 0.67957
v 0.52901 -0.61 0.72812
v 0.38135 -0.65 0.74845
v 0.40859 -0.61 0.80191
v 0.25957 -0.65 0.79889
v 0.27812 -0.61 0.85595
v 0.1314 -0.65 0.82966
v 0.14079 -0.61 0.88892
v 0.0 -0.65 0.84
v 0.0 -0.61 0.9
v -0.1314 -0.65 0.82966
v -0.14079 -0.61 0.88892
v -0.25957 -0.65 0.79889
v -0.27812 -0.61 0.85595
v -0.38135 -0.65 0.74845
v -0.40859 -0.61 0.80191
v -0.49374 -0.65 0.67957
v -0.52901 -0.61 0.72812
v -0.59397 -0.65 0.59397
v -0.6364 -0.61 0.6364
v -0.67957 -0.65 0.49374
v -0.72812 -0.61 0.52901
v -0.74845 -0.65 0.38135
v -0.80191 -0.61 0.40859
v -0.79889 -0.65 0.25957
v -0.85595 -0.61 0.27812
v -0.82966 -0.65 0.1314
v -0.88892 -0.61 0.14079
v -0.84 -0.65 0.0
v -0.9 -0.61 0.0
v -0.82966 -0.65 -0.1314
v -0.88892 -0.61 -0.14079
v -0.79889 -0.65 -0.25957
v -0.85595 -0.61 -0.27812
v -0.74845 -0.65 -0.38135
v -0.80191 -0.61 -0.40859
v -0.67957 -0.65 -0.49374
v -0.72812 -0.61 -0.52901
v -0.59397 -0.65 -0.59397
v -0.6364 -0.61 -0.6364
v -0.49374 -0.65 -0.67957
v -0.52901 -0.61 -0.72812
v -0.38135 -0.65 -0.74845
v -0.40859 -0.61 -0.80191
v -0.25957 -0.65 -0.79889
v -0.27812 -0.61 -0.85595
v -0.1314 -0.65 -0.82966
v -0.14079 -0.61 -0.88892
v -0.0 -0.65 -0.84
v -0.0 -0.61 -0.9
v 0.1314 -0.65 -0.82966
v 0.14079 -0.61 -0.88892
v 0.25957 -0.65 -0.79889
v 0.27812 -0.61 -0.85595
v 0.38135 -0.65 -0.74845
v 0.40859 -0.61 -0.80191
v 0.49374 -0.65 -0.67957
v 0.52901 -0.61 -0.72812
v 0.59397 -0.65 -0.59397
v 0.6364 -0.61 -0.6364
v 0.67957 -0.65 -0.49374
v 0.72812 -0.61 -0.52901
v 0.74845 -0.65 -0.38135
v 0.80191 -0.61 -0.40859
v 0.79889 -0.65 -0.25957
v 0.85595 -0.61 -0.27812
v 0.82966 -0.65 -0.1314
v 0.88892 -0.61 -0.14079
v 0.84 -0.65 -0.0
v 0.9 -0.61 -0.0
v 0.88892 -0.565 0.14079
v 0.9 -0.565 0.0
v 0.85595 -0.565 0.27812
v 0.80191 -0.565 0.40859
v 0.72812 -0.565 0.52901
v 0.6364 -0.565 0.6364
v 0.52901 -0.565 0.72812
v 0.40859 -0.565 0.80191
v 0.27812 -0.565 0.85595
v 0.14079 -0.565 0.88892
v 0.0 -0.565 0.9
v -0.14079 -0.565 0.88892
v -0.27812 -0.565 0.85595
v -0.40859 -0.565 0.80191
v -0.52901 -0.565 0.72812
v -0.6364 -0.565 0.6364
v -0.72812 -0.565 0.52901
v -0.80191 -0.565 0.40859
v -0.85595 -0.565 0.27812
v -0.88892 -0.565 0.14079
v -0.9 -0.565 0.0
v -0.88892 -0.565 -0.14079
v -0.85595 -0.565 -0.27812
v -0.80191 -0.565 -0.40859
v -0.72812 -0.565 -0.52901
v -0.6364 -0.565 -0.6364
v -0.52901 -0.565 -0.72812
v -0.40859 -0.565 -0.80191
v -0.27812 -0.565 -0.85595
v -0.14079 -0.565 -0.88892
v -0.0 -0.565 -0.9
v 0.14079 -0.565 -0.88892
v 0.27812 -0.565 -0.85595
v 0.40859 -0.565 -0.80191
v 0.52901 -0.565 -0.72812
v 0.6364 -0.565 -0.6364
v 0.72812 -0.565 -0.52901
v 0.80191 -0.565 -0.40859
v 0.85595 -0.565 -0.27812
v 0.88892 -0.565 -0.14079
v 0.9 -0.565 -0.0
v 0.84941 -0.52 0.13453
v 0.86 -0.52 0.0
v 0.81791 -0.52 0.26575
v 0.76627 -0.52 0.39043
v 0.69575 -0.52 0.5055
v 0.60811 -0.52 0.60811
v 0.5055 -0.52 0.69575
v 0.39043 -0.52 0.76627
v 0.26575 -0.52 0.81791
v 0.13453 -0.52 0.84941
v 0.0 -0.52 0.86
v -0.13453 -0.52 0.84941
v -0.26575 -0.52 0.81791
v -0.39043 -0.52 0.76627
v -0.5055 -0.52 0.69575
v -0.60811 -0.52 0.60811
v -0.69575 -0.52 0.5055
v -0.76627 -0.52 0.39043
v -0.81791 -0.52 0.26575
v -0.84941 -0.52 0.13453
v -0.86 -0.52 0.0
v -0.84941 -0.52 -0.13453
v -0.81791 -0.52 -0.26575
v -0.76627 -0.52 -0.39043
v -0.69575 -0.52 -0.5055
v -0.60811 -0.52 -0.60811
v -0.5055 -0.52 -0.69575
v -0.39043 -0.52 -0.76627
v -0.26575 -0.52 -0.81791
v -0.13453 -0.52 -0.84941
v -0.0 -0.52 -0.86
v 0.13453 -0.52 -0.84941
v 0.26575 -0.52 -0.81791
v 0.39043 -0.52 -0.76627
v 0.5055 -0.52 -0.69575
v 0.60811 -0.52 -0.60811
v 0.69575 -0.52 -0.5055
v 0.76627 -0.52 -0.39043
v 0.81791 -0.52 -0.26575
v 0.84941 -0.52 -0.13453
v 0.86 -0.52 -0.0
v 0.7704 -0.485 0.12202
v 0.78 -0.485 0.0
v 0.74182 -0.485 0.24103
v 0.69499 -0.485 0.35411
v 0.63103 -0.485 0.45847
v 0.55154 -0.485 0.55154
v 0.45847 -0.485 0.63103
v 0.35411 -0.485 0.69499
v 0.24103 -0.485 0.74182
v 0.12202 -0.485 0.7704
v 0.0 -0.485 0.78
v -0.12202 -0.485 0.7704
v -0.24103 -0.485 0.74182
v -0.35411 -0.485 0.69499
v -0.45847 -0.485 0.63103
v -0.55154 -0.485 0.55154
v -0.63103 -0.485 0.45847
v -0.69499 -0.485 0.35411
v -0.74182 -0.485 0.24103
v -0.7704 -0.485 0.12202
v -0.78 -0.485 0.0
v -0.7704 -0.485 -0.12202
v -0.74182 -0.485 -0.24103
v -0.69499 -0.485 -0.35411
v -0.63103 -0.485 -0.45847
v -0.55154 -0.485 -0.55154
v -0.45847 -0.485 -0.63103
v -0.35411 -0.485 -0.69499
v -0.24103 -0.485 -0.74182
v -0.12202 -0.485 -0.7704
v -0.0 -0.485 -0.78
v 0.12202 -0.485 -0.7704
v 0.24103 -0.485 -0.74182
v 0.35411 -0.485 -0.69499
v 0.45847 -0.485 -0.63103
v 0.55154 -0.485 -0.55154
v 0.63103 -0.485 -0.45847
v 0.69499 -0.485 -0.35411
v 0.74182 -0.485 -0.24103
v 0.7704 -0.485 -0.12202
v 0.78 -0.485 -0.0
v 0.67163 -0.4 0.10638
v 0.68 -0.4 0.0
v 0.64672 -0.4 0.21013
v 0.60588 -0.4 0.30871
v 0.55013 -0.4 0.39969
v 0.48083 -0.4 0.48083
v 0.39969 -0.4 0.55013
v 0.30871 -0.4 0.60588
v 0.21013 -0.4 0.64672
v 0.10638 -0.4 0.67163
v 0.0 -0.4 0.68
v -0.10638 -0.4 0.67163
v -0.21013 -0.4 0.64672
v -0.30871 -0.4 0.60588
v -0.39969 -0.4 0.55013
v -0.48083 -0.4 0.48083
v -0.55013 -0.4 0.39969
v -0.60588 -0.4 0.30871
v -0.64672 -0.4 0.21013
v -0.67163 -0.4 0.10638
v -0.68 -0.4 0.0
v -0.67163 -0.4 -0.10638
v -0.64672 -0.4 -0.21013
v -0.60588 -0.4 -0.30871
v -0.55013 -0.4 -0.39969
v -0.48083 -0.4 -0.48083
v -0.39969 -0.4 -0.55013
v -0.30871 -0.4 -0.60588
v -0.21013 -0.4 -0.64672
v -0.10638 -0.4 -0.67163
v -0.0 -0.4 -0.68
v 0.10638 -0.4 -0.67163
v 0.21013 -0.4 -0.64672
v 0.30871 -0.4 -0.60588
v 0.39969 -0.4 -0.55013
v 0.48083 -0.4 -0.48083
v 0.55013 -0.4 -0.39969
v 0.60588 -0.4 -0.30871
v 0.64672 -0.4 -0.21013
v 0.67163 -0.4 -0.10638
v 0.68 -0.4 -0.0
v 0.57286 -0.24 0.09073
v 0.58 -0.24 0.0
v 0.55161 -0.24 0.17923
v 0.51678 -0.24 0.26331
v 0.46923 -0.24 0.34092
v 0.41012 -0.24 0.41012
v 0.34092 -0.24 0.46923
v 0.26331 -0.24 0.51678
v 0.17923 -0.24 0.55161
v 0.09073 -0.24 0.57286
v 0.0 -0.24 0.58
v -0.09073 -0.24 0.57286
v -0.17923 -0.24 0.55161
v -0.26331 -0.24 0.51678
v -0.34092 -0.24 0.46923
v -0.41012 -0.24 0.41012
v -0.46923 -0.24 0.34092
v -0.51678 -0.24 0.26331
v -0.55161 -0.24 0.17923
v -0.57286 -0.24 0.09073
v -0.58 -0.24 0.0
v -0.57286 -0.24 -0.09073
v -0.55161 -0.24 -0.17923
v -0.51678 -0.24 -0.26331
v -0.46923 -0.24 -0.34092
v -0.41012 -0.24 -0.41012
v -0.34092 -0.24 -0.46923
v -0.26331 -0.24 -0.51678
v -0.17923 -0.24 -0.55161
v -0.09073 -0.24 -0.57286
v -0.0 -0.24 -0.58
v 0.09073 -0.24 -0.57286
v 0.17923 -0.24 -0.55161
v 0.26331 -0.24 -0.51678
v 0.34092 -0.24 -0.46923
v 0.41012 -0.24 -0.41012
v 0.46923 -0.24 -0.34092
v 0.51678 -0.24 -0.26331
v 0.55161 -0.24 -0.17923
v 0.57286 -0.24 -0.09073
v 0.58 -0.24 -0.0
v 0.48397 0.025 0.07665
v 0.49 0.025 0.0
v 0.46602 0.025 0.15142
v 0.43659 0.025 0.22246
v 0.39642 0.025 0.28801
v 0.34648 0.025 0.34648
v 0.28801 0.025 0.39642
v 0.22246 0.025 0.43659
v 0.15142 0.025 0.46602
v 0.07665 0.025 0.48397
v 0.0 0.025 0.49
v -0.07665 0.025 0.48397
v -0.15142 0.025 0.46602
v -0.22246 0.025 0.43659
v -0.28801 0.025 0.39642
v -0.34648 0.025 0.34648
v -0.39642 0.025 0.28801
v -0.43659 0.025 0.22246
v -0.46602 0.025 0.15142
v -0.48397 0.025 0.07665
v -0.49 0.025 0.0
v -0.48397 0.025 -0.07665
v -0.46602 0.025 -0.15142
v -0.43659 0.025 -0.22246
v -0.39642 0.025 -0.28801
v -0.34648 0.025 -0.34648
v -0.28801 0.025 -0.39642
v -0.22246 0.025 -0.43659
v -0.15142 0.025 -0.46602
v -0.07665 0.025 -0.48397
v -0.0 0.025 -0.49
v 0.07665 0.025 -0.48397
v 0.15142 0.025 -0.46602
v 0.22246 0.025 -0.43659
v 0.28801 0.025 -0.39642
v 0.34648 0.025 -0.34648
v 0.39642 0.025 -0.28801
v 0.43659 0.025 -0.22246
v 0.46602 0.025 -0.15142
v 0.48397 0.025 -0.07665
v 0.49 0.025 -0.0
v 0.44446 0.29 0.0704
v 0.45 0.29 0.0
v 0.42798 0.29 0.13906
v 0.40095 0.29 0.2043
v 0.36406 0.29 0.2645
v 0.3182 0.29 0.3182
v 0.2645 0.29 0.36406
v 0.2043 0.29 0.40095
v 0.13906 0.29 0.42798
v 0.0704 0.29 0.44446
v 0.0 0.29 0.45
v -0.0704 0.29 0.44446
v -0.13906 0.29 0.42798
v -0.2043 0.29 0.40095
v -0.2645 0.29 0.36406
v -0.3182 0.29 0.3182
v -0.36406 0.29 0.2645
v -0.40095 0.29 0.2043
v -0.42798 0.29 0.13906
v -0.44446 0.29 0.0704
v -0.45 0.29 0.0
v -0.44446 0.29 -0.0704
v -0.42798 0.29 -0.13906
v -0.40095 0.29 -0.2043
v -0.36406 0.29 -0.2645
v -0.3182 0.29 -0.3182
v -0.2645 0.29 -0.36406
v -0.2043 0.29 -0.40095
v -0.13906 0.29 -0.42798
v -0.0704 0.29 -0.44446
v -0.0 0.29 -0.45
v 0.0704 0.29 -0.44446
v 0.13906 0.29 -0.42798
v 0.2043 0.29 -0.40095
v 0.2645 0.29 -0.36406
v 0.3182 0.29 -0.3182
v 0.36406 0.29 -0.2645
v 0.40095 0.29 -0.2043
v 0.42798 0.29 -0.13906
v 0.44446 0.29 -0.0704
v 0.45 0.29 -0.0
v 0.37532 0.46 0.05945
v 0.38 0.46 0.0
v 0.3614 0.46 0.11743
v 0.33858 0.46 0.17252
v 0.30743 0.46 0.22336
v 0.2687 0.46 0.2687
v 0.22336 0.46 0.30743
v 0.17252 0.46 0.33858
v 0.11743 0.46 0.3614
v 0.05945 0.46 0.37532
v 0.0 0.46 0.38
v -0.05945 0.46 0.37532
v -0.11743 0.46 0.3614
v -0.17252 0.46 0.33858
v -0.22336 0.46 0.30743
v -0.2687 0.46 0.2687
v -0.30743 0.46 0.22336
v -0.33858 0.46 0.17252
v -0.3614 0.46 0.11743
v -0.37532 0.46 0.05945
v -0.38 0.46 0.0
v -0.37532 0.46 -0.05945
v -0.3614 0.46 -0.11743
v -0.33858 0.46 -0.17252
v -0.30743 0.46 -0.22336
v -0.2687 0.46 -0.2687
v -0.22336 0.46 -0.30743
v -0.17252 0.46 -0.33858
v -0.11743 0.46 -0.3614
v -0.05945 0.46 -0.37532
v -0.0 0.46 -0.38
v 0.05945 0.46 -0.37532
v 0.11743 0.46 -0.3614
v 0.17252 0.46 -0.33858
v 0.22336 0.46 -0.30743
v 0.2687 0.46 -0.2687
v 0.30743 0.46 -0.22336
v 0.33858 0.46 -0.17252
v 0.3614 0.46 -0.11743
v 0.37532 0.46 -0.05945
v 0.38 0.46 -0.0
v 0.23705 0.55 0.03754
v 0.24 0.55 0.0
v 0.22825 0.55 0.07416
v 0.21384 0.55 0.10896
v 0.19416 0.55 0.14107
v 0.16971 0.55 0.16971
v 0.14107 0.55 0.19416
v 0.10896 0.55 0.21384
v 0.07416 0.55 0.22825
v 0.03754 0.55 0.23705
v 0.0 0.55 0.24
v -0.03754 0.55 0.23705
v -0.07416 0.55 0.22825
v -0.10896 0.55 0.21384
v -0.14107 0.55 0.19416
v -0.16971 0.55 0.16971
v -0.19416 0.55 0.14107
v -0.21384 0.55 0.10896
v -0.22825 0.55 0.07416
v -0.23705 0.55 0.03754
v -0.24 0.55 0.0
v -0.23705 0.55 -0.03754
v -0.22825 0.55 -0.07416
v -0.21384 0.55 -0.10896
v -0.19416 0.55 -0.14107
v -0.16971 0.55 -0.16971
v -0.14107 0.55 -0.19416
v -0.10896 0.55 -0.21384
v -0.07416 0.55 -0.22825
v -0.03754 0.55 -0.23705
v -0.0 0.55 -0.24
v 0.03754 0.55 -0.23705
v 0.07416 0.55 -0.22825
v 0.10896 0.55 -0.21384
v 0.14107 0.55 -0.19416
v 0.16971 0.55 -0.16971
v 0.19416 0.55 -0.14107
v 0.21384 0.55 -0.10896
v 0.22825 0.55 -0.07416
v 0.23705 0.55 -0.03754
v 0.24 0.55 -0.0
v 0.0 0.58 0.0
v -0.0 0.58 0.0
v -0.0 0.58 -0.0
v 0.0 0.58 -0.0
v 0.8 -0.55 0.0
v 0.79015 -0.55 0.12515
v 0.76085 -0.55 0.24721
v 0.71281 -0.55 0.36319
v 0.64721 -0.55 0.47023
v 0.56569 -0.55 0.56569
v 0.47023 -0.55 0.64721
v 0.36319 -0.55 0.71281
v 0.24721 -0.55 0.76085
v 0.12515 -0.55 0.79015
v 0.0 -0.55 0.8
v -0.12515 -0.55 0.79015
v -0.24721 -0.55 0.76085
v -0.36319 -0.55 0.71281
v -0.47023 -0.55 0.64721
v -0.56569 -0.55 0.56569
v -0.64721 -0.55 0.47023
v -0.71281 -0.55 0.36319
v -0.76085 -0.55 0.24721
v -0.79015 -0.55 0.12515
v -0.8 -0.55 0.0
v -0.79015 -0.55 -0.12515
v -0.76085 -0.55 -0.24721
v -0.71281 -0.55 -0.36319
v -0.64721 -0.55 -0.47023
v -0.56569 -0.55 -0.56569
v -0.47023 -0.55 -0.64721
v -0.36319 -0.55 -0.71281
v -0.24721 -0.55 -0.76085
v -0.12515 -0.55 -0.79015
v -0.0 -0.55 -0.8
v 0.12515 -0.55 -0.79015
v 0.24721 -0.55 -0.76085
v 0.36319 -0.55 -0.71281
v 0.47023 -0.55 -0.64721
v 0.56569 -0.55 -0.56569
v 0.64721 -0.55 -0.47023
v 0.71281 -0.55 -0.36319
v 0.76085 -0.55 -0.24721
v 0.79015 -0.55 -0.12515
v 0.8 -0.55 -0.0
v 0.66 -0.43 0.0
v 0.65187 -0.43 0.10325
v 0.6277 -0.43 0.20395
v 0.58806 -0.43 0.29963
v 0.53395 -0.43 0.38794
v 0.46669 -0.43 0.46669
v 0.38794 -0.43 0.53395
v 0.29963 -0.43 0.58806
v 0.20395 -0.43 0.6277
v 0.10325 -0.43 0.65187
v 0.0 -0.43 0.66
v -0.10325 -0.43 0.65187
v -0.20395 -0.43 0.6277
v -0.29963 -0.43 0.58806
v -0.38794 -0.43 0.53395
v -0.46669 -0.43 0.46669
v -0.53395 -0.43 0.38794
v -0.58806 -0.43 0.29963
v -0.6277 -0.43 0.20395
v -0.65187 -0.43 0.10325
v -0.66 -0.43 0.0
v -0.65187 -0.43 -0.10325
v -0.6277 -0.43 -0.20395
v -0.58806 -0.43 -0.29963
v -0.53395 -0.43 -0.38794
v -0.46669 -0.43 -0.46669
v -0.38794 -0.43 -0.53395
v -0.29963 -0.43 -0.58806
v -0.20395 -0.43 -0.6277
v -0.10325 -0.43 -0.65187
v -0.0 -0.43 -0.66
v 0.10325 -0.43 -0.65187
v 0.20395 -0.43 -0.6277
v 0.29963 -0.43 -0.58806
v 0.38794 -0.43 -0.53395
v 0.46669 -0.43 -0.46669
v 0.53395 -0.43 -0.38794
v 0.58806 -0.43 -0.29963
v 0.6277 -0.43 -0.20395
v 0.65187 -0.43 -0.10325
v 0.66 -0.43 -0.0
v 0.54 -0.23 0.0
v 0.53335 -0.23 0.08447
v 0.51357 -0.23 0.16687
v 0.48114 -0.23 0.24515
v 0.43687 -0.23 0.3174
v 0.38184 -0.23 0.38184
v 0.3174 -0.23 0.43687
v 0.24515 -0.23 0.48114
v 0.16687 -0.23 0.51357
v 0.08447 -0.23 0.53335
v 0.0 -0.23 0.54
v -0.08447 -0.23 0.53335
v -0.16687 -0.23 0.51357
v -0.24515 -0.23 0.48114
v -0.3174 -0.23 0.43687
v -0.38184 -0.23 0.38184
v -0.43687 -0.23 0.3174
v -0.48114 -0.23 0.24515
v -0.51357 -0.23 0.16687
v -0.53335 -0.23 0.08447
v -0.54 -0.23 0.0
v -0.53335 -0.23 -0.08447
v -0.51357 -0.23 -0.16687
v -0.48114 -0.23 -0.24515
v -0.43687 -0.23 -0.3174
v -0.38184 -0.23 -0.38184
v -0.3174 -0.23 -0.43687
v -0.24515 -0.23 -0.48114
v -0.16687 -0.23 -0.51357
v -0.08447 -0.23 -0.53335
v -0.0 -0.23 -0.54
v 0.08447 -0.23 -0.53335
v 0.16687 -0.23 -0.51357
v 0.24515 -0.23 -0.48114
v 0.3174 -0.23 -0.43687
v 0.38184 -0.23 -0.38184
v 0.43687 -0.23 -0.3174
v 0.48114 -0.23 -0.24515
v 0.51357 -0.23 -0.16687
v 0.53335 -0.23 -0.08447
v 0.54 -0.23 -0.0
v 0.41 0.27 0.0
v 0.40495 0.27 0.06414
v 0.38993 0.27 0.1267
v 0.36531 0.27 0.18614
v 0.3317 0.27 0.24099
v 0.28991 0.27 0.28991
v 0.24099 0.27 0.3317
v 0.18614 0.27 0.36531
v 0.1267 0.27 0.38993
v 0.06414 0.27 0.40495
v 0.0 0.27 0.41
v -0.06414 0.27 0.40495
v -0.1267 0.27 0.38993
v -0.18614 0.27 0.36531
v -0.24099 0.27 0.3317
v -0.28991 0.27 0.28991
v -0.3317 0.27 0.24099
v -0.36531 0.27 0.18614
v -0.38993 0.27 0.1267
v -0.40495 0.27 0.06414
v -0.41 0.27 0.0
v -0.40495 0.27 -0.06414
v -0.38993 0.27 -0.1267
v -0.36531 0.27 -0.18614
v -0.3317 0.27 -0.24099
v -0.28991 0.27 -0.28991
v -0.24099 0.27 -0.3317
v -0.18614 0.27 -0.36531
v -0.1267 0.27 -0.38993
v -0.06414 0.27 -0.40495
v -0.0 0.27 -0.41
v 0.06414 0.27 -0.40495
v 0.1267 0.27 -0.38993
v 0.18614 0.27 -0.36531
v 0.24099 0.27 -0.3317
v 0.28991 0.27 -0.28991
v 0.3317 0.27 -0.24099
v 0.36531 0.27 -0.18614
v 0.38993 0.27 -0.1267
v 0.40495 0.27 -0.06414
v 0.41 0.27 -0.0
v 0.3 0.4 0.0
v 0.29631 0.4 0.04693
v 0.28532 0.4 0.09271
v 0.2673 0.4 0.1362
v 0.24271 0.4 0.17634
v 0.21213 0.4 0.21213
v 0.17634 0.4 0.24271
v 0.1362 0.4 0.2673
v 0.09271 0.4 0.28532
v 0.04693 0.4 0.29631
v 0.0 0.4 0.3
v -0.04693 0.4 0.29631
v -0.09271 0.4 0.28532
v -0.1362 0.4 0.2673
v -0.17634 0.4 0.24271
v -0.21213 0.4 0.21213
v -0.24271 0.4 0.17634
v -0.2673 0.4 0.1362
v -0.28532 0.4 0.09271
v -0.29631 0.4 0.04693
v -0.3 0.4 0.0
v -0.29631 0.4 -0.04693
v -0.28532 0.4 -0.09271
v -0.2673 0.4 -0.1362
v -0.24271 0.4 -0.17634
v -0.21213 0.4 -0.21213
v -0.17634 0.4 -0.24271
v -0.1362 0.4 -0.2673
v -0.09271 0.4 -0.28532
v -0.04693 0.4 -0.29631
v -0.0 0.4 -0.3
v 0.04693 0.4 -0.29631
v 0.09271 0.4 -0.28532
v 0.1362 0.4 -0.2673
v 0.17634 0.4 -0.24271
v 0.21213 0.4 -0.21213
v 0.24271 0.4 -0.17634
v 0.2673 0.4 -0.1362
v 0.28532 0.4 -0.09271
v 0.29631 0.4 -0.04693
v 0.3 0.4 -0.0
v 0.0 0.46 0.0
v -0.0 0.46 0.0
v -0.0 0.46 -0.0
v 0.0 0.46 -0.0
v 0.901 -0.565 0.0
v 0.88991 -0.565 0.14095
v 0.88181 -0.5452 0.13966
v 0.8928 -0.5452 0.0
v 0.86225 -0.537 0.13657
v 0.873 -0.537 0.0
v 0.8427 -0.5452 0.13347
v 0.8532 -0.5452 0.0
v 0.8346 -0.565 0.13219
v 0.845 -0.565 0.0
v 0.8427 -0.5848 0.13347
v 0.8532 -0.5848 0.0
v 0.86225 -0.593 0.13657
v 0.873 -0.593 0.0
v 0.88181 -0.5848 0.13966
v 0.8928 -0.5848 0.0
v 0.8569 -0.565 0.27842
v 0.8491 -0.5452 0.27589
v 0.83027 -0.537 0.26977
v 0.81144 -0.5452 0.26365
v 0.80364 -0.565 0.26112
v 0.81144 -0.5848 0.26365
v 0.83027 -0.593 0.26977
v 0.8491 -0.5848 0.27589
v 0.8028 -0.565 0.40905
v 0.79549 -0.5452 0.40532
v 0.77785 -0.537 0.39633
v 0.76021 -0.5452 0.38735
v 0.7529 -0.565 0.38362
v 0.76021 -0.5848 0.38735
v 0.77785 -0.593 0.39633
v 0.79549 -0.5848 0.40532
v 0.72892 -0.565 0.52959
v 0.72229 -0.5452 0.52477
v 0.70627 -0.537 0.51314
v 0.69025 -0.5452 0.5015
v 0.68362 -0.565 0.49668
v 0.69025 -0.5848 0.5015
v 0.70627 -0.593 0.51314
v 0.72229 -0.5848 0.52477
v 0.6371 -0.565 0.6371
v 0.6313 -0.5452 0.6313
v 0.6173 -0.537 0.6173
v 0.6033 -0.5452 0.6033
v 0.59751 -0.565 0.59751
v 0.6033 -0.5848 0.6033
v 0.6173 -0.593 0.6173
v 0.6313 -0.5848 0.6313
v 0.52959 -0.565 0.72892
v 0.52477 -0.5452 0.72229
v 0.51314 -0.537 0.70627
v 0.5015 -0.5452 0.69025
v 0.49668 -0.565 0.68362
v 0.5015 -0.5848 0.69025
v 0.51314 -0.593 0.70627
v 0.52477 -0.5848 0.72229
v 0.40905 -0.565 0.8028
v 0.40532 -0.5452 0.79549
v 0.39633 -0.537 0.77785
v 0.38735 -0.5452 0.76021
v 0.38362 -0.565 0.7529
v 0.38735 -0.5848 0.76021
v 0.39633 -0.593 0.77785
v 0.40532 -0.5848 0.79549
v 0.27842 -0.565 0.8569
v 0.27589 -0.5452 0.8491
v 0.26977 -0.537 0.83027
v 0.26365 -0.5452 0.81144
v 0.26112 -0.565 0.80364
v 0.26365 -0.5848 0.81144
v 0.26977 -0.593 0.83027
v 0.27589 -0.5848 0.8491
v 0.14095 -0.565 0.88991
v 0.13966 -0.5452 0.88181
v 0.13657 -0.537 0.86225
v 0.13347 -0.5452 0.8427
v 0.13219 -0.565 0.8346
v 0.13347 -0.5848 0.8427
v 0.13657 -0.593 0.86225
v 0.13966 -0.5848 0.88181
v 0.0 -0.565 0.901
v 0.0 -0.5452 0.8928
v 0.0 -0.537 0.873
v 0.0 -0.5452 0.8532
v 0.0 -0.565 0.845
v 0.0 -0.5848 0.8532
v 0.0 -0.593 0.873
v 0.0 -0.5848 0.8928
v -0.14095 -0.565 0.88991
v -0.13966 -0.5452 0.88181
v -0.13657 -0.537 0.86225
v -0.13347 -0.5452 0.8427
v -0.13219 -0.565 0.8346
v -0.13347 -0.5848 0.8427
v -0.13657 -0.593 0.86225
v -0.13966 -0.5848 0.88181
v -0.27842 -0.565 0.8569
v -0.27589 -0.5452 0.8491
v -0.26977 -0.537 0.83027
v -0.26365 -0.5452 0.81144
v -0.26112 -0.565 0.80364
v -0.26365 -0.5848 0.81144
v -0.26977 -0.593 0.83027
v -0.27589 -0.5848 0.8491
v -0.40905 -0.565 0.8028
v -0.40532 -0.5452 0.79549
v -0.39633 -0.537 0.77785
v -0.38735 -0.5452 0.76021
v -0.38362 -0.565 0.7529
v -0.38735 -0.5848 0.76021
v -0.39633 -0.593 0.77785
v -0.40532 -0.5848 0.79549
v -0.52959 -0.565 0.72892
v -0.52477 -0.5452 0.72229
v -0.51314 -0.537 0.70627
v -0.5015 -0.5452 0.69025
v -0.49668 -0.565 0.68362
v -0.5015 -0.5848 0.69025
v -0.51314 -0.593 0.70627
v -0.52477 -0.5848 0.72229
v -0.6371 -0.565 0.6371
v -0.6313 -0.5452 0.6313
v -0.6173 -0.537 0.6173
v -0.6033 -0.5452 0.6033
v -0.59751 -0.565 0.59751
v -0.6033 -0.5848 0.6033
v -0.6173 -0.593 0.6173
v -0.6313 -0.5848 0.6313
v -0.72892 -0.565 0.52959
v -0.72229 -0.5452 0.52477
v -0.70627 -0.537 0.51314
v -0.69025 -0.5452 0.5015
v -0.68362 -0.565 0.49668
v -0.69025 -0.5848 0.5015
v -0.70627 -0.593 0.51314
v -0.72229 -0.5848 0.52477
v -0.8028 -0.565 0.40905
v -0.79549 -0.5452 0.40532
v -0.77785 -0.537 0.39633
v -0.76021 -0.5452 0.38735
v -0.7529 -0.565 0.38362
v -0.76021 -0.5848 0.38735
v -0.77785 -0.593 0.39633
v -0.79549 -0.5848 0.40532
v -0.8569 -0.565 0.27842
v -0.8491 -0.5452 0.27589
v -0.83027 -0.537 0.26977
v -0.81144 -0.5452 0.26365
v -0.80364 -0.565 0.26112
v -0.81144 -0.5848 0.26365
v -0.83027 -0.593 0.26977
v -0.8491 -0.5848 0.27589
v -0.88991 -0.565 0.14095
v -0.88181 -0.5452 0.13966
v -0.86225 -0.537 0.13657
v -0.8427 -0.5452 0.13347
v -0.8346 -0.565 0.13219
v -0.8427 -0.5848 0.13347
v -0.86225 -0.593 0.13657
v -0.88181 -0.5848 0.13966
v -0.901 -0.565 0.0
v -0.8928 -0.5452 0.0
v -0.873 -0.537 0.0
v -0.8532 -0.5452 0.0
v -0.845 -0.565 0.0
v -0.8532 -0.5848 0.0
v -0.873 -0.593 0.0
v -0.8928 -0.5848 0.0
v -0.88991 -0.565 -0.14095
v -0.88181 -0.5452 -0.13966
v -0.86225 -0.537 -0.13657
v -0.8427 -0.5452 -0.13347
v -0.8346 -0.565 -0.13219
v -0.8427 -0.5848 -0.13347
v -0.86225 -0.593 -0.13657
v -0.88181 -0.5848 -0.13966
v -0.8569 -0.565 -0.27842
v -0.8491 -0.5452 -0.27589
v -0.83027 -0.537 -0.26977
v -0.81144 -0.5452 -0.26365
v -0.80364 -0.565 -0.26112
v -0.81144 -0.5848 -0.26365
v -0.83027 -0.593 -0.26977
v -0.8491 -0.5848 -0.27589
v -0.8028 -0.565 -0.40905
v -0.79549 -0.5452 -0.40532
v -0.77785 -0.537 -0.39633
v -0.76021 -0.5452 -0.38735
v -0.7529 -0.565 -0.38362
v -0.76021 -0.5848 -0.38735
v -0.77785 -0.593 -0.39633
v -0.79549 -0.5848 -0.40532
v -0.72892 -0.565 -0.52959
v -0.72229 -0.5452 -0.52477
v -0.70627 -0.537 -0.51314
v -0.69025 -0.5452 -0.5015
v -0.68362 -0.565 -0.49668
v -0.69025 -0.5848 -0.5015
v -0.70627 -0.593 -0.51314
v -0.72229 -0.5848 -0.52477
v -0.6371 -0.565 -0.6371
v -0.6313 -0.5452 -0.6313
v -0.6173 -0.537 -0.6173
v -0.6033 -0.5452 -0.6033
v -0.59751 -0.565 -0.59751
v -0.6033 -0.5848 -0.6033
v -0.6173 -0.593 -0.6173
v -0.6313 -0.5848 -0.6313
v -0.52959 -0.565 -0.72892
v -0.52477 -0.5452 -0.72229
v -0.51314 -0.537 -0.70627
v -0.5015 -0.5452 -0.69025
v -0.49668 -0.565 -0.68362
v -0.5015 -0.5848 -0.69025
v -0.51314 -0.593 -0.70627
v -0.52477 -0.5848 -0.72229
v -0.40905 -0.565 -0.8028
v -0.40532 -0.5452 -0.79549
v -0.39633 -0.537 -0.77785
v -0.38735 -0.5452 -0.76021
v -0.38362 -0.565 -0.7529
v -0.38735 -0.5848 -0.76021
v -0.39633 -0.593 -0.77785
v -0.40532 -0.5848 -0.79549
v -0.27842 -0.565 -0.8569
v -0.27589 -0.5452 -0.8491
v -0.26977 -0.537 -0.83027
v -0.26365 -0.5452 -0.81144
v -0.26112 -0.565 -0.80364
v -0.26365 -0.5848 -0.81144
v -0.26977 -0.593 -0.83027
v -0.27589 -0.5848 -0.8491
v -0.14095 -0.565 -0.88991
v -0.13966 -0.5452 -0.88181
v -0.13657 -0.537 -0.86225
v -0.13347 -0.5452 -0.8427
v -0.13219 -0.565 -0.8346
v -0.13347 -0.5848 -0.8427
v -0.13657 -0.593 -0.86225
v -0.13966 -0.5848 -0.88181
v -0.0 -0.565 -0.901
v -0.0 -0.5452 -0.8928
v -0.0 -0.537 -0.873
v -0.0 -0.5452 -0.8532
v -0.0 -0.565 -0.845
v -0.0 -0.5848 -0.8532
v -0.0 -0.593 -0.873
v -0.0 -0.5848 -0.8928
v 0.14095 -0.565 -0.88991
v 0.13966 -0.5452 -0.88181
v 0.13657 -0.537 -0.86225
v 0.13347 -0.5452 -0.8427
v 0.13219 -0.565 -0.8346
v 0.13347 -0.5848 -0.8427
v 0.13657 -0.593 -0.86225
v 0.13966 -0.5848 -0.88181
v 0.27842 -0.565 -0.8569
v 0.27589 -0.5452 -0.8491
v 0.26977 -0.537 -0.83027
v 0.26365 -0.5452 -0.81144
v 0.26112 -0.565 -0.80364
v 0.26365 -0.5848 -0.81144
v 0.26977 -0.593 -0.83027
v 0.27589 -0.5848 -0.8491
v 0.40905 -0.565 -0.8028
v 0.40532 -0.5452 -0.79549
v 0.39633 -0.537 -0.77785
v 0.38735 -0.5452 -0.76021
v 0.38362 -0.565 -0.7529
v 0.38735 -0.5848 -0.76021
v 0.39633 -0.593 -0.77785
v 0.40532 -0.5848 -0.79549
v 0.52959 -0.565 -0.72892
v 0.52477 -0.5452 -0.72229
v 0.51314 -0.537 -0.70627
v 0.5015 -0.5452 -0.69025
v 0.49668 -0.565 -0.68362
v 0.5015 -0.5848 -0.69025
v 0.51314 -0.593 -0.70627
v 0.52477 -0.5848 -0.72229
v 0.6371 -0.565 -0.6371
v 0.6313 -0.5452 -0.6313
v 0.6173 -0.537 -0.6173
v 0.6033 -0.5452 -0.6033
v 0.59751 -0.565 -0.59751
v 0.6033 -0.5848 -0.6033
v 0.6173 -0.593 -0.6173
v 0.6313 -0.5848 -0.6313
v 0.72892 -0.565 -0.52959
v 0.72229 -0.5452 -0.52477
v 0.70627 -0.537 -0.51314
v 0.69025 -0.5452 -0.5015
v 0.68362 -0.565 -0.49668
v 0.69025 -0.5848 -0.5015
v 0.70627 -0.593 -0.51314
v 0.72229 -0.5848 -0.52477
v 0.8028 -0.565 -0.40905
v 0.79549 -0.5452 -0.40532
v 0.77785 -0.537 -0.39633
v 0.76021 -0.5452 -0.38735
v 0.7529 -0.565 -0.38362
v 0.76021 -0.5848 -0.38735
v 0.77785 -0.593 -0.39633
v 0.79549 -0.5848 -0.40532
v 0.8569 -0.565 -0.27842
v 0.8491 -0.5452 -0.27589
v 0.83027 -0.537 -0.26977
v 0.81144 -0.5452 -0.26365
v 0.80364 -0.565 -0.26112
v 0.81144 -0.5848 -0.26365
v 0.83027 -0.593 -0.26977
v 0.8491 -0.5848 -0.27589
v 0.88991 -0.565 -0.14095
v 0.88181 -0.5452 -0.13966
v 0.86225 -0.537 -0.13657
v 0.8427 -0.5452 -0.13347
v 0.8346 -0.565 -0.13219
v 0.8427 -0.5848 -0.13347
v 0.86225 -0.593 -0.13657
v 0.88181 -0.5848 -0.13966
v 0.901 -0.565 -0.0
v 0.8928 -0.5452 -0.0
v 0.873 -0.537 -0.0
v 0.8532 -0.5452 -0.0
v 0.845 -0.565 -0.0
v 0.8532 -0.5848 -0.0
v 0.873 -0.593 -0.0
v 0.8928 -0.5848 -0.0
v 0.468 0.28 0.0
v 0.46224 0.28 0.07321
v 0.45732 0.29202 0.07243
v 0.46302 0.29202 0.0
v 0.44545 0.297 0.07055
v 0.451 0.297 0.0
v 0.43357 0.29202 0.06867
v 0.43898 0.29202 0.0
v 0.42866 0.28 0.06789
v 0.434 0.28 0.0
v 0.43357 0.26798 0.06867
v 0.43898 0.26798 0.0
v 0.44545 0.263 0.07055
v 0.451 0.263 0.0
v 0.45732 0.26798 0.07243
v 0.46302 0.26798 0.0
v 0.44509 0.28 0.14462
v 0.44036 0.29202 0.14308
v 0.42893 0.297 0.13937
v 0.41749 0.29202 0.13565
v 0.41276 0.28 0.13411
v 0.41749 0.26798 0.13565
v 0.42893 0.263 0.13937
v 0.44036 0.26798 0.14308
v 0.41699 0.28 0.21247
v 0.41255 0.29202 0.21021
v 0.40184 0.297 0.20475
v 0.39113 0.29202 0.19929
v 0.3867 0.28 0.19703
v 0.39113 0.26798 0.19929
v 0.40184 0.263 0.20475
v 0.41255 0.26798 0.21021
v 0.37862 0.28 0.27508
v 0.37459 0.29202 0.27216
v 0.36487 0.297 0.26509
v 0.35514 0.29202 0.25803
v 0.35111 0.28 0.2551
v 0.35514 0.26798 0.25803
v 0.36487 0.263 0.26509
v 0.37459 0.26798 0.27216
v 0.33093 0.28 0.33093
v 0.32741 0.29202 0.32741
v 0.31891 0.297 0.31891
v 0.31041 0.29202 0.31041
v 0.30688 0.28 0.30688
v 0.31041 0.26798 0.31041
v 0.31891 0.263 0.31891
v 0.32741 0.26798 0.32741
v 0.27508 0.28 0.37862
v 0.27216 0.29202 0.37459
v 0.26509 0.297 0.36487
v 0.25803 0.29202 0.35514
v 0.2551 0.28 0.35111
v 0.25803 0.26798 0.35514
v 0.26509 0.263 0.36487
v 0.27216 0.26798 0.37459
v 0.21247 0.28 0.41699
v 0.21021 0.29202 0.41255
v 0.20475 0.297 0.40184
v 0.19929 0.29202 0.39113
v 0.19703 0.28 0.3867
v 0.19929 0.26798 0.39113
v 0.20475 0.263 0.40184
v 0.21021 0.26798 0.41255
v 0.14462 0.28 0.44509
v 0.14308 0.29202 0.44036
v 0.13937 0.297 0.42893
v 0.13565 0.29202 0.41749
v 0.13411 0.28 0.41276
v 0.13565 0.26798 0.41749
v 0.13937 0.263 0.42893
v 0.14308 0.26798 0.44036
v 0.07321 0.28 0.46224
v 0.07243 0.29202 0.45732
v 0.07055 0.297 0.44545
v 0.06867 0.29202 0.43357
v 0.06789 0.28 0.42866
v 0.06867 0.26798 0.43357
v 0.07055 0.263 0.44545
v 0.07243 0.26798 0.45732
v 0.0 0.28 0.468
v 0.0 0.29202 0.46302
v 0.0 0.297 0.451
v 0.0 0.29202 0.43898
v 0.0 0.28 0.434
v 0.0 0.26798 0.43898
v 0.0 0.263 0.451
v 0.0 0.26798 0.46302
v -0.07321 0.28 0.46224
v -0.07243 0.29202 0.45732
v -0.07055 0.297 0.44545
v -0.06867 0.29202 0.43357
v -0.06789 0.28 0.42866
v -0.06867 0.26798 0.43357
v -0.07055 0.263 0.44545
v -0.07243 0.26798 0.45732
v -0.14462 0.28 0.44509
v -0.14308 0.29202 0.44036
v -0.13937 0.297 0.42893
v -0.13565 0.29202 0.41749
v -0.13411 0.28 0.41276
v -0.13565 0.26798 0.41749
v -0.13937 0.263 0.42893
v -0.14308 0.26798 0.44036
v -0.21247 0.28 0.41699
v -0.21021 0.29202 0.41255
v -0.20475 0.297 0.40184
v -0.19929 0.29202 0.39113
v -0.19703 0.28 0.3867
v -0.19929 0.26798 0.39113
v -0.20475 0.263 0.40184
v -0.21021 0.26798 0.41255
v -0.27508 0.28 0.37862
v -0.27216 0.29202 0.37459
v -0.26509 0.297 0.36487
v -0.25803 0.29202 0.35514
v -0.2551 0.28 0.35111
v -0.25803 0.26798 0.35514
v -0.26509 0.263 0.36487
v -0.27216 0.26798 0.37459
v -0.33093 0.28 0.33093
v -0.32741 0.29202 0.32741
v -0.31891 0.297 0.31891
v -0.31041 0.29202 0.31041
v -0.30688 0.28 0.30688
v -0.31041 0.26798 0.31041
v -0.31891 0.263 0.31891
v -0.32741 0.26798 0.32741
v -0.37862 0.28 0.27508
v -0.37459 0.29202 0.27216
v -0.36487 0.297 0.26509
v -0.35514 0.29202 0.25803
v -0.35111 0.28 0.2551
v -0.35514 0.26798 0.25803
v -0.36487 0.263 0.26509
v -0.37459 0.26798 0.27216
v -0.41699 0.28 0.21247
v -0.41255 0.29202 0.21021
v -0.40184 0.297 0.20475
v -0.39113 0.29202 0.19929
v -0.3867 0.28 0.19703
v -0.39113 0.26798 0.19929
v -0.40184 0.263 0.20475
v -0.41255 0.26798 0.21021
v -0.44509 0.28 0.14462
v -0.44036 0.29202 0.14308
v -0.42893 0.297 0.13937
v -0.41749 0.29202 0.13565
v -0.41276 0.28 0.13411
v -0.41749 0.26798 0.13565
v -0.42893 0.263 0.13937
v -0.44036 0.26798 0.14308
v -0.46224 0.28 0.07321
v -0.45732 0.29202 0.07243
v -0.44545 0.297 0.07055
v -0.43357 0.29202 0.06867
v -0.42866 0.28 0.06789
v -0.43357 0.26798 0.06867
v -0.44545 0.263 0.07055
v -0.45732 0.26798 0.07243
v -0.468 0.28 0.0
v -0.46302 0.29202 0.0
v -0.451 0.297 0.0
v -0.43898 0.29202 0.0
v -0.434 0.28 0.0
v -0.43898 0.26798 0.0
v -0.451 0.263 0.0
v -0.46302 0.26798 0.0
v -0.46224 0.28 -0.07321
v -0.45732 0.29202 -0.07243
v -0.44545 0.297 -0.07055
v -0.43357 0.29202 -0.06867
v -0.42866 0.28 -0.06789
v -0.43357 0.26798 -0.06867
v -0.44545 0.263 -0.07055
v -0.45732 0.26798 -0.07243
v -0.44509 0.28 -0.14462
v -0.44036 0.29202 -0.14308
v -0.42893 0.297 -0.13937
v -0.41749 0.29202 -0.13565
v -0.41276 0.28 -0.13411
v -0.41749 0.26798 -0.13565
v -0.42893 0.263 -0.13937
v -0.44036 0.26798 -0.14308
v -0.41699 0.28 -0.21247
v -0.41255 0.29202 -0.21021
v -0.40184 0.297 -0.20475
v -0.39113 0.29202 -0.19929
v -0.3867 0.28 -0.19703
v -0.39113 0.26798 -0.19929
v -0.40184 0.263 -0.20475
v -0.41255 0.26798 -0.21021
v -0.37862 0.28 -0.27508
v -0.37459 0.29202 -0.27216
v -0.36487 0.297 -0.26509
v -0.35514 0.29202 -0.25803
v -0.35111 0.28 -0.2551
v -0.35514 0.26798 -0.25803
v -0.36487 0.263 -0.26509
v -0.37459 0.26798 -0.27216
v -0.33093 0.28 -0.33093
v -0.32741 0.29202 -0.32741
v -0.31891 0.297 -0.31891
v -0.31041 0.29202 -0.31041
v -0.30688 0.28 -0.30688
v -0.31041 0.26798 -0.31041
v -0.31891 0.263 -0.31891
v -0.32741 0.26798 -0.32741
v -0.27508 0.28 -0.37862
v -0.27216 0.29202 -0.37459
v -0.26509 0.297 -0.36487
v -0.25803 0.29202 -0.35514
v -0.2551 0.28 -0.35111
v -0.25803 0.26798 -0.35514
v -0.26509 0.263 -0.36487
v -0.27216 0.26798 -0.37459
v -0.21247 0.28 -0.41699
v -0.21021 0.29202 -0.41255
v -0.20475 0.297 -0.40184
v -0.19929 0.29202 -0.39113
v -0.19703 0.28 -0.3867
v -0.19929 0.26798 -0.39113
v -0.20475 0.263 -0.40184
v -0.21021 0.26798 -0.41255
v -0.14462 0.28 -0.44509
v -0.14308 0.29202 -0.44036
v -0.13937 0.297 -0.42893
v -0.13565 0.29202 -0.41749
v -0.13411 0.28 -0.41276
v -0.13565 0.26798 -0.41749
v -0.13937 0.263 -0.42893
v -0.14308 0.26798 -0.44036
v -0.07321 0.28 -0.46224
v -0.07243 0.29202 -0.45732
v -0.07055 0.297 -0.44545
v -0.06867 0.29202 -0.43357
v -0.06789 0.28 -0.42866
v -0.06867 0.26798 -0.43357
v -0.07055 0.263 -0.44545
v -0.07243 0.26798 -0.45732
v -0.0 0.28 -0.468
v -0.0 0.29202 -0.46302
v -0.0 0.297 -0.451
v -0.0 0.29202 -0.43898
v -0.0 0.28 -0.434
v -0.0 0.26798 -0.43898
v -0.0 0.263 -0.451
v -0.0 0.26798 -0.46302
v 0.07321 0.28 -0.46224
v 0.07243 0.29202 -0.45732
v 0.07055 0.297 -0.44545
v 0.06867 0.29202 -0.43357
v 0.06789 0.28 -0.42866
v 0.06867 0.26798 -0.43357
v 0.07055 0.263 -0.44545
v 0.07243 0.26798 -0.45732
v 0.14462 0.28 -0.44509
v 0.14308 0.29202 -0.44036
v 0.13937 0.297 -0.42893
v 0.13565 0.29202 -0.41749
v 0.13411 0.28 -0.41276
v 0.13565 0.26798 -0.41749
v 0.13937 0.263 -0.42893
v 0.14308 0.26798 -0.44036
v 0.21247 0.28 -0.41699
v 0.21021 0.29202 -0.41255
v 0.20475 0.297 -0.40184
v 0.19929 0.29202 -0.39113
v 0.19703 0.28 -0.3867
v 0.19929 0.26798 -0.39113
v 0.20475 0.263 -0.40184
v 0.21021 0.26798 -0.41255
v 0.27508 0.28 -0.37862
v 0.27216 0.29202 -0.37459
v 0.26509 0.297 -0.36487
v 0.25803 0.29202 -0.35514
v 0.2551 0.28 -0.35111
v 0.25803 0.26798 -0.35514
v 0.26509 0.263 -0.36487
v 0.27216 0.26798 -0.37459
v 0.33093 0.28 -0.33093
v 0.32741 0.29202 -0.32741
v 0.31891 0.297 -0.31891
v 0.31041 0.29202 -0.31041
v 0.30688 0.28 -0.30688
v 0.31041 0.26798 -0.31041
v 0.31891 0.263 -0.31891
v 0.32741 0.26798 -0.32741
v 0.37862 0.28 -0.27508
v 0.37459 0.29202 -0.27216
v 0.36487 0.297 -0.26509
v 0.35514 0.29202 -0.25803
v 0.35111 0.28 -0.2551
v 0.35514 0.26798 -0.25803
v 0.36487 0.263 -0.26509
v 0.37459 0.26798 -0.27216
v 0.41699 0.28 -0.21247
v 0.41255 0.29202 -0.21021
v 0.40184 0.297 -0.20475
v 0.39113 0.29202 -0.19929
v 0.3867 0.28 -0.19703
v 0.39113 0.26798 -0.19929
v 0.40184 0.263 -0.20475
v 0.41255 0.26798 -0.21021
v 0.44509 0.28 -0.14462
v 0.44036 0.29202 -0.14308
v 0.42893 0.297 -0.13937
v 0.41749 0.29202 -0.13565
v 0.41276 0.28 -0.13411
v 0.41749 0.26798 -0.13565
v 0.42893 0.263 -0.13937
v 0.44036 0.26798 -0.14308
v 0.46224 0.28 -0.07321
v 0.45732 0.29202 -0.07243
v 0.44545 0.297 -0.07055
v 0.43357 0.29202 -0.06867
v 0.42866 0.28 -0.06789
v 0.43357 0.26798 -0.06867
v 0.44545 0.263 -0.07055
v 0.45732 0.26798 -0.07243
v 0.468 0.28 -0.0
v 0.46302 0.29202 -0.0
v 0.451 0.297 -0.0
v 0.43898 0.29202 -0.0
v 0.434 0.28 -0.0
v 0.43898 0.26798 -0.0
v 0.451 0.263 -0.0
v 0.46302 0.26798 -0.0
v 0.0574 0.66915 0.0
v 0.05545 0.66915 0.01486
v 0.0 0.676 0.0
v 0.10607 0.64964 0.0
v 0.10245 0.64964 0.02745
v 0.13858 0.62044 0.0
v 0.13386 0.62044 0.03587
v 0.15 0.586 0.0
v 0.14489 0.586 0.03882
v 0.13858 0.55156 0.0
v 0.13386 0.55156 0.03587
v 0.10607 0.52236 0.0
v 0.10245 0.52236 0.02745
v 0.0574 0.50285 0.0
v 0.05545 0.50285 0.01486
v 0.0 0.496 0.0
v 0.04971 0.66915 0.0287
v 0.09186 0.64964 0.05303
v 0.12002 0.62044 0.06929
v 0.1299 0.586 0.075
v 0.12002 0.55156 0.06929
v 0.09186 0.52236 0.05303
v 0.04971 0.50285 0.0287
v 0.04059 0.66915 0.04059
v 0.075 0.64964 0.075
v 0.09799 0.62044 0.09799
v 0.10607 0.586 0.10607
v 0.09799 0.55156 0.09799
v 0.075 0.52236 0.075
v 0.04059 0.50285 0.04059
v 0.0287 0.66915 0.04971
v 0.05303 0.64964 0.09186
v 0.06929 0.62044 0.12002
v 0.075 0.586 0.1299
v 0.06929 0.55156 0.12002
v 0.05303 0.52236 0.09186
v 0.0287 0.50285 0.04971
v 0.01486 0.66915 0.05545
v 0.02745 0.64964 0.10245
v 0.03587 0.62044 0.13386
v 0.03882 0.586 0.14489
v 0.03587 0.55156 0.13386
v 0.02745 0.52236 0.10245
v 0.01486 0.50285 0.05545
v 0.0 0.66915 0.0574
v 0.0 0.64964 0.10607
v 0.0 0.62044 0.13858
v 0.0 0.586 0.15
v 0.0 0.55156 0.13858
v 0.0 0.52236 0.10607
v 0.0 0.50285 0.0574
v -0.01486 0.66915 0.05545
v -0.02745 0.64964 0.10245
v -0.03587 0.62044 0.13386
v -0.03882 0.586 0.14489
v -0.03587 0.55156 0.13386
v -0.02745 0.52236 0.10245
v -0.01486 0.50285 0.05545
v -0.0 0.496 0.0
v -0.0287 0.66915 0.04971
v -0.05303 0.64964 0.09186
v -0.06929 0.62044 0.12002
v -0.075 0.586 0.1299
v -0.06929 0.55156 0.12002
v -0.05303 0.52236 0.09186
v -0.0287 0.50285 0.04971
v -0.04059 0.66915 0.04059
v -0.075 0.64964 0.075
v -0.09799 0.62044 0.09799
v -0.10607 0.586 0.10607
v -0.09799 0.55156 0.09799
v -0.075 0.52236 0.075
v -0.04059 0.50285 0.04059
v -0.04971 0.66915 0.0287
v -0.09186 0.64964 0.05303
v -0.12002 0.62044 0.06929
v -0.1299 0.586 0.075
v -0.12002 0.55156 0.06929
v -0.09186 0.52236 0.05303
v -0.04971 0.50285 0.0287
v -0.05545 0.66915 0.01486
v -0.10245 0.64964 0.02745
v -0.13386 0.62044 0.03587
v -0.14489 0.586 0.03882
v -0.13386 0.55156 0.03587
v -0.10245 0.52236 0.02745
v -0.05545 0.50285 0.01486
v -0.0574 0.66915 0.0
v -0.10607 0.64964 0.0
v -0.13858 0.62044 0.0
v -0.15 0.586 0.0
v -0.13858 0.55156 0.0
v -0.10607 0.52236 0.0
v -0.0574 0.50285 0.0
v -0.05545 0.66915 -0.01486
v -0.10245 0.64964 -0.02745
v -0.13386 0.62044 -0.03587
v -0.14489 0.586 -0.03882
v -0.13386 0.55156 -0.03587
v -0.10245 0.52236 -0.02745
v -0.05545 0.50285 -0.01486
v -0.0 0.496 -0.0
v -0.04971 0.66915 -0.0287
v -0.09186 0.64964 -0.05303
v -0.12002 0.62044 -0.06929
v -0.1299 0.586 -0.075
v -0.12002 0.55156 -0.06929
v -0.09186 0.52236 -0.05303
v -0.04971 0.50285 -0.0287
v -0.04059 0.66915 -0.04059
v -0.075 0.64964 -0.075
v -0.09799 0.62044 -0.09799
v -0.10607 0.586 -0.10607
v -0.09799 0.55156 -0.09799
v -0.075 0.52236 -0.075
v -0.04059 0.50285 -0.04059
v -0.0287 0.66915 -0.04971
v -0.05303 0.64964 -0.09186
v -0.06929 0.62044 -0.12002
v -0.075 0.586 -0.1299
v -0.06929 0.55156 -0.12002
v -0.05303 0.52236 -0.09186
v -0.0287 0.50285 -0.04971
v -0.01486 0.66915 -0.05545
v -0.02745 0.64964 -0.10245
v -0.03587 0.62044 -0.13386
v -0.03882 0.586 -0.14489
v -0.03587 0.55156 -0.13386
v -0.02745 0.52236 -0.10245
v -0.01486 0.50285 -0.05545
v -0.0 0.66915 -0.0574
v -0.0 0.64964 -0.10607
v -0.0 0.62044 -0.13858
v -0.0 0.586 -0.15
v -0.0 0.55156 -0.13858
v -0.0 0.52236 -0.10607
v -0.0 0.50285 -0.0574
v 0.01486 0.66915 -0.05545
v 0.02745 0.64964 -0.10245
v 0.03587 0.62044 -0.13386
v 0.03882 0.586 -0.14489
v 0.03587 0.55156 -0.13386
v 0.02745 0.52236 -0.10245
v 0.01486 0.50285 -0.05545
v 0.0 0.496 -0.0
v 0.0287 0.66915 -0.04971
v 0.05303 0.64964 -0.09186
v 0.06929 0.62044 -0.12002
v 0.075 0.586 -0.1299
v 0.06929 0.55156 -0.12002
v 0.05303 0.52236 -0.09186
v 0.0287 0.50285 -0.04971
v 0.04059 0.66915 -0.04059
v 0.075 0.64964 -0.075
v 0.09799 0.62044 -0.09799
v 0.10607 0.586 -0.10607
v 0.09799 0.55156 -0.09799
v 0.075 0.52236 -0.075
v 0.04059 0.50285 -0.04059
v 0.04971 0.66915 -0.0287
v 0.09186 0.64964 -0.05303
v 0.12002 0.62044 -0.06929
v 0.1299 0.586 -0.075
v 0.12002 0.55156 -0.06929
v 0.09186 0.52236 -0.05303
v 0.04971 0.50285 -0.0287
v 0.05545 0.66915 -0.01486
v 0.10245 0.64964 -0.02745
v 0.13386 0.62044 -0.03587
v 0.14489 0.586 -0.03882
v 0.13386 0.55156 -0.03587
v 0.10245 0.52236 -0.02745
v 0.05545 0.50285 -0.01486
v 0.0574 0.66915 -0.0
v 0.10607 0.64964 -0.0
v 0.13858 0.62044 -0.0
v 0.15 0.586 -0.0
v 0.13858 0.55156 -0.0
v 0.10607 0.52236 -0.0
v 0.0574 0.50285 -0.0
v 0.11692 0.735 0.02192
v 0.11294 0.76526 0.02192
v 0.12171 0.76761 0.0
v 0.126 0.735 0.0
v 0.095 0.735 0.031
v 0.09176 0.75959 0.031
v 0.07308 0.735 0.02192
v 0.07059 0.75391 0.02192
v 0.064 0.735 0.0
v 0.06182 0.75156 0.0
v 0.07308 0.735 -0.02192
v 0.07059 0.75391 -0.02192
v 0.095 0.735 -0.031
v 0.09176 0.75959 -0.031
v 0.11692 0.735 -0.02192
v 0.11294 0.76526 -0.02192
v 0.126 0.735 -0.0
v 0.12171 0.76761 -0.0
v 0.10126 0.79346 0.02192
v 0.10912 0.798 0.0
v 0.08227 0.7825 0.031
v 0.06329 0.77154 0.02192
v 0.05543 0.767 0.0
v 0.06329 0.77154 -0.02192
v 0.08227 0.7825 -0.031
v 0.10126 0.79346 -0.02192
v 0.10912 0.798 -0.0
v 0.08268 0.81768 0.02192
v 0.0891 0.8241 0.0
v 0.06718 0.80218 0.031
v 0.05168 0.78668 0.02192
v 0.04525 0.78025 0.0
v 0.05168 0.78668 -0.02192
v 0.06718 0.80218 -0.031
v 0.08268 0.81768 -0.02192
v 0.0891 0.8241 -0.0
v 0.05846 0.83626 0.02192
v 0.063 0.84412 0.0
v 0.0475 0.81727 0.031
v 0.03654 0.79829 0.02192
v 0.032 0.79043 0.0
v 0.03654 0.79829 -0.02192
v 0.0475 0.81727 -0.031
v 0.05846 0.83626 -0.02192
v 0.063 0.84412 -0.0
v 0.03026 0.84794 0.02192
v 0.03261 0.85671 0.0
v 0.02459 0.82676 0.031
v 0.01891 0.80559 0.02192
v 0.01656 0.79682 0.0
v 0.01891 0.80559 -0.02192
v 0.02459 0.82676 -0.031
v 0.03026 0.84794 -0.02192
v 0.03261 0.85671 -0.0
v 0.0 0.85192 0.02192
v 0.0 0.861 0.0
v 0.0 0.83 0.031
v 0.0 0.80808 0.02192
v 0.0 0.799 0.0
v 0.0 0.80808 -0.02192
v 0.0 0.83 -0.031
v 0.0 0.85192 -0.02192
v 0.0 0.861 -0.0
v -0.03026 0.84794 0.02192
v -0.03261 0.85671 0.0
v -0.02459 0.82676 0.031
v -0.01891 0.80559 0.02192
v -0.01656 0.79682 0.0
v -0.01891 0.80559 -0.02192
v -0.02459 0.82676 -0.031
v -0.03026 0.84794 -0.02192
v -0.03261 0.85671 -0.0
v -0.05846 0.83626 0.02192
v -0.063 0.84412 0.0
v -0.0475 0.81727 0.031
v -0.03654 0.79829 0.02192
v -0.032 0.79043 0.0
v -0.03654 0.79829 -0.02192
v -0.0475 0.81727 -0.031
v -0.05846 0.83626 -0.02192
v -0.063 0.84412 -0.0
v -0.08268 0.81768 0.02192
v -0.0891 0.8241 0.0
v -0.06718 0.80218 0.031
v -0.05168 0.78668 0.02192
v -0.04525 0.78025 0.0
v -0.05168 0.78668 -0.02192
v -0.06718 0.80218 -0.031
v -0.08268 0.81768 -0.02192
v -0.0891 0.8241 -0.0
v -0.10126 0.79346 0.02192
v -0.10912 0.798 0.0
v -0.08227 0.7825 0.031
v -0.06329 0.77154 0.02192
v -0.05543 0.767 0.0
v -0.06329 0.77154 -0.02192
v -0.08227 0.7825 -0.031
v -0.10126 0.79346 -0.02192
v -0.10912 0.798 -0.0
v -0.11294 0.76526 0.02192
v -0.12171 0.76761 0.0
v -0.09176 0.75959 0.031
v -0.07059 0.75391 0.02192
v -0.06182 0.75156 0.0
v -0.07059 0.75391 -0.02192
v -0.09176 0.75959 -0.031
v -0.11294 0.76526 -0.02192
v -0.12171 0.76761 -0.0
v -0.11692 0.735 0.02192
v -0.126 0.735 0.0
v -0.095 0.735 0.031
v -0.07308 0.735 0.02192
v -0.064 0.735 0.0
v -0.07308 0.735 -0.02192
v -0.095 0.735 -0.031
v -0.11692 0.735 -0.02192
v -0.126 0.735 -0.0
v -0.11294 0.70474 0.02192
v -0.12171 0.70239 0.0
v -0.09176 0.71041 0.031
v -0.07059 0.71609 0.02192
v -0.06182 0.71844 0.0
v -0.07059 0.71609 -0.02192
v -0.09176 0.71041 -0.031
v -0.11294 0.70474 -0.02192
v -0.12171 0.70239 -0.0
v -0.10126 0.67654 0.02192
v -0.10912 0.672 0.0
v -0.08227 0.6875 0.031
v -0.06329 0.69846 0.02192
v -0.05543 0.703 0.0
v -0.06329 0.69846 -0.02192
v -0.08227 0.6875 -0.031
v -0.10126 0.67654 -0.02192
v -0.10912 0.672 -0.0
v -0.08268 0.65232 0.02192
v -0.0891 0.6459 0.0
v -0.06718 0.66782 0.031
v -0.05168 0.68332 0.02192
v -0.04525 0.68975 0.0
v -0.05168 0.68332 -0.02192
v -0.06718 0.66782 -0.031
v -0.08268 0.65232 -0.02192
v -0.0891 0.6459 -0.0
v -0.05846 0.63374 0.02192
v -0.063 0.62588 0.0
v -0.0475 0.65273 0.031
v -0.03654 0.67171 0.02192
v -0.032 0.67957 0.0
v -0.03654 0.67171 -0.02192
v -0.0475 0.65273 -0.031
v -0.05846 0.63374 -0.02192
v -0.063 0.62588 -0.0
v -0.03026 0.62206 0.02192
v -0.03261 0.61329 0.0
v -0.02459 0.64324 0.031
v -0.01891 0.66441 0.02192
v -0.01656 0.67318 0.0
v -0.01891 0.66441 -0.02192
v -0.02459 0.64324 -0.031
v -0.03026 0.62206 -0.02192
v -0.03261 0.61329 -0.0
v -0.0 0.61808 0.02192
v -0.0 0.609 0.0
v -0.0 0.64 0.031
v -0.0 0.66192 0.02192
v -0.0 0.671 0.0
v -0.0 0.66192 -0.02192
v -0.0 0.64 -0.031
v -0.0 0.61808 -0.02192
v -0.0 0.609 -0.0
v 0.03026 0.62206 0.02192
v 0.03261 0.61329 0.0
v 0.02459 0.64324 0.031
v 0.01891 0.66441 0.02192
v 0.01656 0.67318 0.0
v 0.01891 0.66441 -0.02192
v 0.02459 0.64324 -0.031
v 0.03026 0.62206 -0.02192
v 0.03261 0.61329 -0.0
v 0.05846 0.63374 0.02192
v 0.063 0.62588 0.0
v 0.0475 0.65273 0.031
v 0.03654 0.67171 0.02192
v 0.032 0.67957 0.0
v 0.03654 0.67171 -0.02192
v 0.0475 0.65273 -0.031
v 0.05846 0.63374 -0.02192
v 0.063 0.62588 -0.0
v 0.08268 0.65232 0.02192
v 0.0891 0.6459 0.0
v 0.06718 0.66782 0.031
v 0.05168 0.68332 0.02192
v 0.04525 0.68975 0.0
v 0.05168 0.68332 -0.02192
v 0.06718 0.66782 -0.031
v 0.08268 0.65232 -0.02192
v 0.0891 0.6459 -0.0
v 0.10126 0.67654 0.02192
v 0.10912 0.672 0.0
v 0.08227 0.6875 0.031
v 0.06329 0.69846 0.02192
v 0.05543 0.703 0.0
v 0.06329 0.69846 -0.02192
v 0.08227 0.6875 -0.031
v 0.10126 0.67654 -0.02192
v 0.10912 0.672 -0.0
v 0.11294 0.70474 0.02192
v 0.12171 0.70239 0.0
v 0.09176 0.71041 0.031
v 0.07059 0.71609 0.02192
v 0.06182 0.71844 0.0
v 0.07059 0.71609 -0.02192
v 0.09176 0.71041 -0.031
v 0.11294 0.70474 -0.02192
v 0.12171 0.70239 -0.0
v -0.033 0.3 0.0
v -0.03094 0.11734 0.0
v -0.02188 0.11734 -0.02188
v -0.02333 0.3 -0.02333
v -0.0 0.11734 -0.03094
v -0.0 0.3 -0.033
v 0.02188 0.11734 -0.02188
v 0.02333 0.3 -0.02333
v 0.03094 0.11734 -0.0
v 0.033 0.3 -0.0
v 0.02188 0.11734 0.02188
v 0.02333 0.3 0.02333
v 0.0 0.11734 0.03094
v 0.0 0.3 0.033
v -0.02188 0.11734 0.02188
v -0.02333 0.3 0.02333
v -0.02888 -0.11125 0.0
v -0.02042 -0.11125 -0.02042
v -0.0 -0.11125 -0.02888
v 0.02042 -0.11125 -0.02042
v 0.02888 -0.11125 -0.0
v 0.02042 -0.11125 0.02042
v 0.0 -0.11125 0.02888
v -0.02042 -0.11125 0.02042
v -0.02681 -0.35672 0.0
v -0.01896 -0.35672 -0.01896
v -0.0 -0.35672 -0.02681
v 0.01896 -0.35672 -0.01896
v 0.02681 -0.35672 -0.0
v 0.01896 -0.35672 0.01896
v 0.0 -0.35672 0.02681
v -0.01896 -0.35672 0.01896
v -0.02475 -0.59 0.0
v -0.0175 -0.59 -0.0175
v -0.0 -0.59 -0.02475
v 0.0175 -0.59 -0.0175
v 0.02475 -0.59 -0.0
v 0.0175 -0.59 0.0175
v 0.0 -0.59 0.02475
v -0.0175 -0.59 0.0175
v 0.044 -0.42579 0.0
v 0.0425 -0.42579 0.01139
v 0.0 -0.42 0.0
v 0.085 -0.44278 0.0
v 0.0821 -0.44278 0.022
v 0.12021 -0.46979 0.0
v 0.11611 -0.46979 0.03111
v 0.14722 -0.505 0.0
v 0.14221 -0.505 0.0381
v 0.16421 -0.546 0.0
v 0.15861 -0.546 0.0425
v 0.17 -0.59 0.0
v 0.16421 -0.59 0.044
v 0.16421 -0.634 0.0
v 0.15861 -0.634 0.0425
v 0.14722 -0.675 0.0
v 0.14221 -0.675 0.0381
v 0.12021 -0.71021 0.0
v 0.11611 -0.71021 0.03111
v 0.085 -0.73722 0.0
v 0.0821 -0.73722 0.022
v 0.044 -0.75421 0.0
v 0.0425 -0.75421 0.01139
v 0.0 -0.76 0.0
v 0.0381 -0.42579 0.022
v 0.07361 -0.44278 0.0425
v 0.1041 -0.46979 0.0601
v 0.1275 -0.505 0.07361
v 0.14221 -0.546 0.0821
v 0.14722 -0.59 0.085
v 0.14221 -0.634 0.0821
v 0.1275 -0.675 0.07361
v 0.1041 -0.71021 0.0601
v 0.07361 -0.73722 0.0425
v 0.0381 -0.75421 0.022
v 0.03111 -0.42579 0.03111
v 0.0601 -0.44278 0.0601
v 0.085 -0.46979 0.085
v 0.1041 -0.505 0.1041
v 0.11611 -0.546 0.11611
v 0.12021 -0.59 0.12021
v 0.11611 -0.634 0.11611
v 0.1041 -0.675 0.1041
v 0.085 -0.71021 0.085
v 0.0601 -0.73722 0.0601
v 0.03111 -0.75421 0.03111
v 0.022 -0.42579 0.0381
v 0.0425 -0.44278 0.07361
v 0.0601 -0.46979 0.1041
v 0.07361 -0.505 0.1275
v 0.0821 -0.546 0.14221
v 0.085 -0.59 0.14722
v 0.0821 -0.634 0.14221
v 0.07361 -0.675 0.1275
v 0.0601 -0.71021 0.1041
v 0.0425 -0.73722 0.07361
v 0.022 -0.75421 0.0381
v 0.01139 -0.42579 0.0425
v 0.022 -0.44278 0.0821
v 0.03111 -0.46979 0.11611
v 0.0381 -0.505 0.14221
v 0.0425 -0.546 0.15861
v 0.044 -0.59 0.16421
v 0.0425 -0.634 0.15861
v 0.0381 -0.675 0.14221
v 0.03111 -0.71021 0.11611
v 0.022 -0.73722 0.0821
v 0.01139 -0.75421 0.0425
v 0.0 -0.42579 0.044
v 0.0 -0.44278 0.085
v 0.0 -0.46979 0.12021
v 0.0 -0.505 0.14722
v 0.0 -0.546 0.16421
v 0.0 -0.59 0.17
v 0.0 -0.634 0.16421
v 0.0 -0.675 0.14722
v 0.0 -0.71021 0.12021
v 0.0 -0.73722 0.085
v 0.0 -0.75421 0.044
v -0.01139 -0.42579 0.0425
v -0.022 -0.44278 0.0821
v -0.03111 -0.46979 0.11611
v -0.0381 -0.505 0.14221
v -0.0425 -0.546 0.15861
v -0.044 -0.59 0.16421
v -0.0425 -0.634 0.15861
v -0.0381 -0.675 0.14221
v -0.03111 -0.71021 0.11611
v -0.022 -0.73722 0.0821
v -0.01139 -0.75421 0.0425
v -0.0 -0.76 0.0
v -0.022 -0.42579 0.0381
v -0.0425 -0.44278 0.07361
v -0.0601 -0.46979 0.1041
v -0.07361 -0.505 0.1275
v -0.0821 -0.546 0.14221
v -0.085 -0.59 0.14722
v -0.0821 -0.634 0.14221
v -0.07361 -0.675 0.1275
v -0.0601 -0.71021 0.1041
v -0.0425 -0.73722 0.07361
v -0.022 -0.75421 0.0381
v -0.03111 -0.42579 0.03111
v -0.0601 -0.44278 0.0601
v -0.085 -0.46979 0.085
v -0.1041 -0.505 0.1041
v -0.11611 -0.546 0.11611
v -0.12021 -0.59 0.12021
v -0.11611 -0.634 0.11611
v -0.1041 -0.675 0.1041
v -0.085 -0.71021 0.085
v -0.0601 -0.73722 0.0601
v -0.03111 -0.75421 0.03111
v -0.0381 -0.42579 0.022
v -0.07361 -0.44278 0.0425
v -0.1041 -0.46979 0.0601
v -0.1275 -0.505 0.07361
v -0.14221 -0.546 0.0821
v -0.14722 -0.59 0.085
v -0.14221 -0.634 0.0821
v -0.1275 -0.675 0.07361
v -0.1041 -0.71021 0.0601
v -0.07361 -0.73722 0.0425
v -0.0381 -0.75421 0.022
v -0.0425 -0.42579 0.01139
v -0.0821 -0.44278 0.022
v -0.11611 -0.46979 0.03111
v -0.14221 -0.505 0.0381
v -0.15861 -0.546 0.0425
v -0.16421 -0.59 0.044
v -0.15861 -0.634 0.0425
v -0.14221 -0.675 0.0381
v -0.11611 -0.71021 0.03111
v -0.0821 -0.73722 0.022
v -0.0425 -0.75421 0.01139
v -0.044 -0.42579 0.0
v -0.085 -0.44278 0.0
v -0.12021 -0.46979 0.0
v -0.14722 -0.505 0.0
v -0.16421 -0.546 0.0
v -0.17 -0.59 0.0
v -0.16421 -0.634 0.0
v -0.14722 -0.675 0.0
v -0.12021 -0.71021 0.0
v -0.085 -0.73722 0.0
v -0.044 -0.75421 0.0
v -0.0425 -0.42579 -0.01139
v -0.0821 -0.44278 -0.022
v -0.11611 -0.46979 -0.03111
v -0.14221 -0.505 -0.0381
v -0.15861 -0.546 -0.0425
v -0.16421 -0.59 -0.044
v -0.15861 -0.634 -0.0425
v -0.14221 -0.675 -0.0381
v -0.11611 -0.71021 -0.03111
v -0.0821 -0.73722 -0.022
v -0.0425 -0.75421 -0.01139
v -0.0 -0.76 -0.0
v -0.0381 -0.42579 -0.022
v -0.07361 -0.44278 -0.0425
v -0.1041 -0.46979 -0.0601
v -0.1275 -0.505 -0.07361
v -0.14221 -0.546 -0.0821
v -0.14722 -0.59 -0.085
v -0.14221 -0.634 -0.0821
v -0.1275 -0.675 -0.07361
v -0.1041 -0.71021 -0.0601
v -0.07361 -0.73722 -0.0425
v -0.0381 -0.75421 -0.022
v -0.03111 -0.42579 -0.03111
v -0.0601 -0.44278 -0.0601
v -0.085 -0.46979 -0.085
v -0.1041 -0.505 -0.1041
v -0.11611 -0.546 -0.11611
v -0.12021 -0.59 -0.12021
v -0.11611 -0.634 -0.11611
v -0.1041 -0.675 -0.1041
v -0.085 -0.71021 -0.085
v -0.0601 -0.73722 -0.0601
v -0.03111 -0.75421 -0.03111
v -0.022 -0.42579 -0.0381
v -0.0425 -0.44278 -0.07361
v -0.0601 -0.46979 -0.1041
v -0.07361 -0.505 -0.1275
v -0.0821 -0.546 -0.14221
v -0.085 -0.59 -0.14722
v -0.0821 -0.634 -0.14221
v -0.07361 -0.675 -0.1275
v -0.0601 -0.71021 -0.1041
v -0.0425 -0.73722 -0.07361
v -0.022 -0.75421 -0.0381
v -0.01139 -0.42579 -0.0425
v -0.022 -0.44278 -0.0821
v -0.03111 -0.46979 -0.11611
v -0.0381 -0.505 -0.14221
v -0.0425 -0.546 -0.15861
v -0.044 -0.59 -0.16421
v -0.0425 -0.634 -0.15861
v -0.0381 -0.675 -0.14221
v -0.03111 -0.71021 -0.11611
v -0.022 -0.73722 -0.0821
v -0.01139 -0.75421 -0.0425
v -0.0 -0.42579 -0.044
v -0.0 -0.44278 -0.085
v -0.0 -0.46979 -0.12021
v -0.0 -0.505 -0.14722
v -0.0 -0.546 -0.16421
v -0.0 -0.59 -0.17
v -0.0 -0.634 -0.16421
v -0.0 -0.675 -0.14722
v -0.0 -0.71021 -0.12021
v -0.0 -0.73722 -0.085
v -0.0 -0.75421 -0.044
v 0.01139 -0.42579 -0.0425
v 0.022 -0.44278 -0.0821
v 0.03111 -0.46979 -0.11611
v 0.0381 -0.505 -0.14221
v 0.0425 -0.546 -0.15861
v 0.044 -0.59 -0.16421
v 0.0425 -0.634 -0.15861
v 0.0381 -0.675 -0.14221
v 0.03111 -0.71021 -0.11611
v 0.022 -0.73722 -0.0821
v 0.01139 -0.75421 -0.0425
v 0.0 -0.76 -0.0
v 0.022 -0.42579 -0.0381
v 0.0425 -0.44278 -0.07361
v 0.0601 -0.46979 -0.1041
v 0.07361 -0.505 -0.1275
v 0.0821 -0.546 -0.14221
v 0.085 -0.59 -0.14722
v 0.0821 -0.634 -0.14221
v 0.07361 -0.675 -0.1275
v 0.0601 -0.71021 -0.1041
v 0.0425 -0.73722 -0.07361
v 0.022 -0.75421 -0.0381
v 0.03111 -0.42579 -0.03111
v 0.0601 -0.44278 -0.0601
v 0.085 -0.46979 -0.085
v 0.1041 -0.505 -0.1041
v 0.11611 -0.546 -0.11611
v 0.12021 -0.59 -0.12021
v 0.11611 -0.634 -0.11611
v 0.1041 -0.675 -0.1041
v 0.085 -0.71021 -0.085
v 0.0601 -0.73722 -0.0601
v 0.03111 -0.75421 -0.03111
v 0.0381 -0.42579 -0.022
v 0.07361 -0.44278 -0.0425
v 0.1041 -0.46979 -0.0601
v 0.1275 -0.505 -0.07361
v 0.14221 -0.546 -0.0821
v 0.14722 -0.59 -0.085
v 0.14221 -0.634 -0.0821
v 0.1275 -0.675 -0.07361
v 0.1041 -0.71021 -0.0601
v 0.07361 -0.73722 -0.0425
v 0.0381 -0.75421 -0.022
v 0.0425 -0.42579 -0.01139
v 0.0821 -0.44278 -0.022
v 0.11611 -0.46979 -0.03111
v 0.14221 -0.505 -0.0381
v 0.15861 -0.546 -0.0425
v 0.16421 -0.59 -0.044
v 0.15861 -0.634 -0.0425
v 0.14221 -0.675 -0.0381
v 0.11611 -0.71021 -0.03111
v 0.0821 -0.73722 -0.022
v 0.0425 -0.75421 -0.01139
v 0.044 -0.42579 -0.0
v 0.085 -0.44278 -0.0
v 0.12021 -0.46979 -0.0
v 0.14722 -0.505 -0.0
v 0.16421 -0.546 -0.0
v 0.17 -0.59 -0.0
v 0.16421 -0.634 -0.0
v 0.14722 -0.675 -0.0
v 0.12021 -0.71021 -0.0
v 0.085 -0.73722 -0.0
v 0.044 -0.75421 -0.0
vn 0.5547 -0.83205 0.0
vn 0.54787 -0.83205 0.08677
vn 0.80691 -0.57668 0.1278
vn 0.81697 -0.57668 0.0
vn 0.52755 -0.83205 0.17141
vn 0.77698 -0.57668 0.25246
vn 0.49424 -0.83205 0.25183
vn 0.72792 -0.57668 0.3709
vn 0.44876 -0.83205 0.32604
vn 0.66094 -0.57668 0.4802
vn 0.39223 -0.83205 0.39223
vn 0.57768 -0.57668 0.57768
vn 0.32604 -0.83205 0.44876
vn 0.4802 -0.57668 0.66094
vn 0.25183 -0.83205 0.49424
vn 0.3709 -0.57668 0.72792
vn 0.17141 -0.83205 0.52755
vn 0.25246 -0.57668 0.77698
vn 0.08677 -0.83205 0.54787
vn 0.1278 -0.57668 0.80691
vn 0.0 -0.83205 0.5547
vn 0.0 -0.57668 0.81697
vn -0.08677 -0.83205 0.54787
vn -0.1278 -0.57668 0.80691
vn -0.17141 -0.83205 0.52755
vn -0.25246 -0.57668 0.77698
vn -0.25183 -0.83205 0.49424
vn -0.3709 -0.57668 0.72792
vn -0.32604 -0.83205 0.44876
vn -0.4802 -0.57668 0.66094
vn -0.39223 -0.83205 0.39223
vn -0.57768 -0.57668 0.57768
vn -0.44876 -0.83205 0.32604
vn -0.66094 -0.57668 0.4802
vn -0.49424 -0.83205 0.25183
vn -0.72792 -0.57668 0.3709
vn -0.52755 -0.83205 0.17141
vn -0.77698 -0.57668 0.25246
vn -0.54787 -0.83205 0.08677
vn -0.80691 -0.57668 0.1278
vn -0.5547 -0.83205 0.0
vn -0.81697 -0.57668 0.0
vn -0.54787 -0.83205 -0.08677
vn -0.80691 -0.57668 -0.1278
vn -0.52755 -0.83205 -0.17141
vn -0.77698 -0.57668 -0.25246
vn -0.49424 -0.83205 -0.25183
vn -0.72792 -0.57668 -0.3709
vn -0.44876 -0.83205 -0.32604
vn -0.66094 -0.57668 -0.4802
vn -0.39223 -0.83205 -0.39223
vn -0.57768 -0.57668 -0.57768
vn -0.32604 -0.83205 -0.44876
vn -0.4802 -0.57668 -0.66094
vn -0.25183 -0.83205 -0.49424
vn -0.3709 -0.57668 -0.72792
vn -0.17141 -0.83205 -0.52755
vn -0.25246 -0.57668 -0.77698
vn -0.08677 -0.83205 -0.54787
vn -0.1278 -0.57668 -0.80691
vn -0.0 -0.83205 -0.5547
vn -0.0 -0.57668 -0.81697
vn 0.08677 -0.83205 -0.54787
vn 0.1278 -0.57668 -0.80691
vn 0.17141 -0.83205 -0.52755
vn 0.25246 -0.57668 -0.77698
vn 0.25183 -0.83205 -0.49424
vn 0.3709 -0.57668 -0.72792
vn 0.32604 -0.83205 -0.44876
vn 0.4802 -0.57668 -0.66094
vn 0.39223 -0.83205 -0.39223
vn 0.57768 -0.57668 -0.57768
vn 0.44876 -0.83205 -0.32604
vn 0.66094 -0.57668 -0.4802
vn 0.49424 -0.83205 -0.25183
vn 0.72792 -0.57668 -0.3709
vn 0.52755 -0.83205 -0.17141
vn 0.77698 -0.57668 -0.25246
vn 0.54787 -0.83205 -0.08677
vn 0.80691 -0.57668 -0.1278
vn 0.5547 -0.83205 -0.0
vn 0.81697 -0.57668 -0.0
vn 0.90256 0.40614 0.14295
vn 0.91381 0.40614 0.0
vn 0.86909 0.40614 0.28238
vn 0.81421 0.40614 0.41486
vn 0.73929 0.40614 0.53712
vn 0.64616 0.40614 0.64616
vn 0.53712 0.40614 0.73929
vn 0.41486 0.40614 0.81421
vn 0.28238 0.40614 0.86909
vn 0.14295 0.40614 0.90256
vn 0.0 0.40614 0.91381
vn -0.14295 0.40614 0.90256
vn -0.28238 0.40614 0.86909
vn -0.41486 0.40614 0.81421
vn -0.53712 0.40614 0.73929
vn -0.64616 0.40614 0.64616
vn -0.73929 0.40614 0.53712
vn -0.81421 0.40614 0.41486
vn -0.86909 0.40614 0.28238
vn -0.90256 0.40614 0.14295
vn -0.91381 0.40614 0.0
vn -0.90256 0.40614 -0.14295
vn -0.86909 0.40614 -0.28238
vn -0.81421 0.40614 -0.41486
vn -0.73929 0.40614 -0.53712
vn -0.64616 0.40614 -0.64616
vn -0.53712 0.40614 -0.73929
vn -0.41486 0.40614 -0.81421
vn -0.28238 0.40614 -0.86909
vn -0.14295 0.40614 -0.90256
vn -0.0 0.40614 -0.91381
vn 0.14295 0.40614 -0.90256
vn 0.28238 0.40614 -0.86909
vn 0.41486 0.40614 -0.81421
vn 0.53712 0.40614 -0.73929
vn 0.64616 0.40614 -0.64616
vn 0.73929 0.40614 -0.53712
vn 0.81421 0.40614 -0.41486
vn 0.86909 0.40614 -0.28238
vn 0.90256 0.40614 -0.14295
vn 0.91381 0.40614 -0.0
vn 0.54787 0.83205 0.08677
vn 0.5547 0.83205 0.0
vn 0.52755 0.83205 0.17141
vn 0.49424 0.83205 0.25183
vn 0.44876 0.83205 0.32604
vn 0.39223 0.83205 0.39223
vn 0.32604 0.83205 0.44876
vn 0.25183 0.83205 0.49424
vn 0.17141 0.83205 0.52755
vn 0.08677 0.83205 0.54787
vn 0.0 0.83205 0.5547
vn -0.08677 0.83205 0.54787
vn -0.17141 0.83205 0.52755
vn -0.25183 0.83205 0.49424
vn -0.32604 0.83205 0.44876
vn -0.39223 0.83205 0.39223
vn -0.44876 0.83205 0.32604
vn -0.49424 0.83205 0.25183
vn -0.52755 0.83205 0.17141
vn -0.54787 0.83205 0.08677
vn -0.5547 0.83205 0.0
vn -0.54787 0.83205 -0.08677
vn -0.52755 0.83205 -0.17141
vn -0.49424 0.83205 -0.25183
vn -0.44876 0.83205 -0.32604
vn -0.39223 0.83205 -0.39223
vn -0.32604 0.83205 -0.44876
vn -0.25183 0.83205 -0.49424
vn -0.17141 0.83205 -0.52755
vn -0.08677 0.83205 -0.54787
vn -0.0 0.83205 -0.5547
vn 0.08677 0.83205 -0.54787
vn 0.17141 0.83205 -0.52755
vn 0.25183 0.83205 -0.49424
vn 0.32604 0.83205 -0.44876
vn 0.39223 0.83205 -0.39223
vn 0.44876 0.83205 -0.32604
vn 0.49424 0.83205 -0.25183
vn 0.52755 0.83205 -0.17141
vn 0.54787 0.83205 -0.08677
vn 0.5547 0.83205 -0.0
vn 0.76512 0.63238 0.12118
vn 0.77466 0.63238 0.0
vn 0.73675 0.63238 0.23938
vn 0.69023 0.63238 0.35169
vn 0.62671 0.63238 0.45533
vn 0.54777 0.63238 0.54777
vn 0.45533 0.63238 0.62671
vn 0.35169 0.63238 0.69023
vn 0.23938 0.63238 0.73675
vn 0.12118 0.63238 0.76512
vn 0.0 0.63238 0.77466
vn -0.12118 0.63238 0.76512
vn -0.23938 0.63238 0.73675
vn -0.35169 0.63238 0.69023
vn -0.45533 0.63238 0.62671
vn -0.54777 0.63238 0.54777
vn -0.62671 0.63238 0.45533
vn -0.69023 0.63238 0.35169
vn -0.73675 0.63238 0.23938
vn -0.76512 0.63238 0.12118
vn -0.77466 0.63238 0.0
vn -0.76512 0.63238 -0.12118
vn -0.73675 0.63238 -0.23938
vn -0.69023 0.63238 -0.35169
vn -0.62671 0.63238 -0.45533
vn -0.54777 0.63238 -0.54777
vn -0.45533 0.63238 -0.62671
vn -0.35169 0.63238 -0.69023
vn -0.23938 0.63238 -0.73675
vn -0.12118 0.63238 -0.76512
vn -0.0 0.63238 -0.77466
vn 0.12118 0.63238 -0.76512
vn 0.23938 0.63238 -0.73675
vn 0.35169 0.63238 -0.69023
vn 0.45533 0.63238 -0.62671
vn 0.54777 0.63238 -0.54777
vn 0.62671 0.63238 -0.45533
vn 0.69023 0.63238 -0.35169
vn 0.73675 0.63238 -0.23938
vn 0.76512 0.63238 -0.12118
vn 0.77466 0.63238 -0.0
vn 0.90168 0.40813 0.14281
vn 0.91292 0.40813 0.0
vn 0.86824 0.40813 0.28211
vn 0.81342 0.40813 0.41446
vn 0.73857 0.40813 0.5366
vn 0.64553 0.40813 0.64553
vn 0.5366 0.40813 0.73857
vn 0.41446 0.40813 0.81342
vn 0.28211 0.40813 0.86824
vn 0.14281 0.40813 0.90168
vn 0.0 0.40813 0.91292
vn -0.14281 0.40813 0.90168
vn -0.28211 0.40813 0.86824
vn -0.41446 0.40813 0.81342
vn -0.5366 0.40813 0.73857
vn -0.64553 0.40813 0.64553
vn -0.73857 0.40813 0.5366
vn -0.81342 0.40813 0.41446
vn -0.86824 0.40813 0.28211
vn -0.90168 0.40813 0.14281
vn -0.91292 0.40813 0.0
vn -0.90168 0.40813 -0.14281
vn -0.86824 0.40813 -0.28211
vn -0.81342 0.40813 -0.41446
vn -0.73857 0.40813 -0.5366
vn -0.64553 0.40813 -0.64553
vn -0.5366 0.40813 -0.73857
vn -0.41446 0.40813 -0.81342
vn -0.28211 0.40813 -0.86824
vn -0.14281 0.40813 -0.90168
vn -0.0 0.40813 -0.91292
vn 0.14281 0.40813 -0.90168
vn 0.28211 0.40813 -0.86824
vn 0.41446 0.40813 -0.81342
vn 0.5366 0.40813 -0.73857
vn 0.64553 0.40813 -0.64553
vn 0.73857 0.40813 -0.5366
vn 0.81342 0.40813 -0.41446
vn 0.86824 0.40813 -0.28211
vn 0.90168 0.40813 -0.14281
vn 0.91292 0.40813 -0.0
vn 0.95925 0.23822 0.15193
vn 0.97121 0.23822 0.0
vn 0.92368 0.23822 0.30012
vn 0.86536 0.23822 0.44092
vn 0.78573 0.23822 0.57086
vn 0.68675 0.23822 0.68675
vn 0.57086 0.23822 0.78573
vn 0.44092 0.23822 0.86536
vn 0.30012 0.23822 0.92368
vn 0.15193 0.23822 0.95925
vn 0.0 0.23822 0.97121
vn -0.15193 0.23822 0.95925
vn -0.30012 0.23822 0.92368
vn -0.44092 0.23822 0.86536
vn -0.57086 0.23822 0.78573
vn -0.68675 0.23822 0.68675
vn -0.78573 0.23822 0.57086
vn -0.86536 0.23822 0.44092
vn -0.92368 0.23822 0.30012
vn -0.95925 0.23822 0.15193
vn -0.97121 0.23822 0.0
vn -0.95925 0.23822 -0.15193
vn -0.92368 0.23822 -0.30012
vn -0.86536 0.23822 -0.44092
vn -0.78573 0.23822 -0.57086
vn -0.68675 0.23822 -0.68675
vn -0.57086 0.23822 -0.78573
vn -0.44092 0.23822 -0.86536
vn -0.30012 0.23822 -0.92368
vn -0.15193 0.23822 -0.95925
vn -0.0 0.23822 -0.97121
vn 0.15193 0.23822 -0.95925
vn 0.30012 0.23822 -0.92368
vn 0.44092 0.23822 -0.86536
vn 0.57086 0.23822 -0.78573
vn 0.68675 0.23822 -0.68675
vn 0.78573 0.23822 -0.57086
vn 0.86536 0.23822 -0.44092
vn 0.92368 0.23822 -0.30012
vn 0.95925 0.23822 -0.15193
vn 0.97121 0.23822 -0.0
vn 0.95755 0.24516 0.15166
vn 0.96948 0.24516 0.0
vn 0.92203 0.24516 0.29959
vn 0.86382 0.24516 0.44014
vn 0.78433 0.24516 0.56985
vn 0.68553 0.24516 0.68553
vn 0.56985 0.24516 0.78433
vn 0.44014 0.24516 0.86382
vn 0.29959 0.24516 0.92203
vn 0.15166 0.24516 0.95755
vn 0.0 0.24516 0.96948
vn -0.15166 0.24516 0.95755
vn -0.29959 0.24516 0.92203
vn -0.44014 0.24516 0.86382
vn -0.56985 0.24516 0.78433
vn -0.68553 0.24516 0.68553
vn -0.78433 0.24516 0.56985
vn -0.86382 0.24516 0.44014
vn -0.92203 0.24516 0.29959
vn -0.95755 0.24516 0.15166
vn -0.96948 0.24516 0.0
vn -0.95755 0.24516 -0.15166
vn -0.92203 0.24516 -0.29959
vn -0.86382 0.24516 -0.44014
vn -0.78433 0.24516 -0.56985
vn -0.68553 0.24516 -0.68553
vn -0.56985 0.24516 -0.78433
vn -0.44014 0.24516 -0.86382
vn -0.29959 0.24516 -0.92203
vn -0.15166 0.24516 -0.95755
vn -0.0 0.24516 -0.96948
vn 0.15166 0.24516 -0.95755
vn 0.29959 0.24516 -0.92203
vn 0.44014 0.24516 -0.86382
vn 0.56985 0.24516 -0.78433
vn 0.68553 0.24516 -0.68553
vn 0.78433 0.24516 -0.56985
vn 0.86382 0.24516 -0.44014
vn 0.92203 0.24516 -0.29959
vn 0.95755 0.24516 -0.15166
vn 0.96948 0.24516 -0.0
vn 0.76836 0.62834 0.1217
vn 0.77794 0.62834 0.0
vn 0.73987 0.62834 0.2404
vn 0.69315 0.62834 0.35318
vn 0.62937 0.62834 0.45726
vn 0.55009 0.62834 0.55009
vn 0.45726 0.62834 0.62937
vn 0.35318 0.62834 0.69315
vn 0.2404 0.62834 0.73987
vn 0.1217 0.62834 0.76836
vn 0.0 0.62834 0.77794
vn -0.1217 0.62834 0.76836
vn -0.2404 0.62834 0.73987
vn -0.35318 0.62834 0.69315
vn -0.45726 0.62834 0.62937
vn -0.55009 0.62834 0.55009
vn -0.62937 0.62834 0.45726
vn -0.69315 0.62834 0.35318
vn -0.73987 0.62834 0.2404
vn -0.76836 0.62834 0.1217
vn -0.77794 0.62834 0.0
vn -0.76836 0.62834 -0.1217
vn -0.73987 0.62834 -0.2404
vn -0.69315 0.62834 -0.35318
vn -0.62937 0.62834 -0.45726
vn -0.55009 0.62834 -0.55009
vn -0.45726 0.62834 -0.62937
vn -0.35318 0.62834 -0.69315
vn -0.2404 0.62834 -0.73987
vn -0.1217 0.62834 -0.76836
vn -0.0 0.62834 -0.77794
vn 0.1217 0.62834 -0.76836
vn 0.2404 0.62834 -0.73987
vn 0.35318 0.62834 -0.69315
vn 0.45726 0.62834 -0.62937
vn 0.55009 0.62834 -0.55009
vn 0.62937 0.62834 -0.45726
vn 0.69315 0.62834 -0.35318
vn 0.73987 0.62834 -0.2404
vn 0.76836 0.62834 -0.1217
vn 0.77794 0.62834 -0.0
vn 0.29742 0.95358 0.04711
vn 0.30113 0.95358 0.0
vn 0.28639 0.95358 0.09305
vn 0.26831 0.95358 0.13671
vn 0.24362 0.95358 0.177
vn 0.21293 0.95358 0.21293
vn 0.177 0.95358 0.24362
vn 0.13671 0.95358 0.26831
vn 0.09305 0.95358 0.28639
vn 0.04711 0.95358 0.29742
vn 0.0 0.95358 0.30113
vn -0.04711 0.95358 0.29742
vn -0.09305 0.95358 0.28639
vn -0.13671 0.95358 0.26831
vn -0.177 0.95358 0.24362
vn -0.21293 0.95358 0.21293
vn -0.24362 0.95358 0.177
vn -0.26831 0.95358 0.13671
vn -0.28639 0.95358 0.09305
vn -0.29742 0.95358 0.04711
vn -0.30113 0.95358 0.0
vn -0.29742 0.95358 -0.04711
vn -0.28639 0.95358 -0.09305
vn -0.26831 0.95358 -0.13671
vn -0.24362 0.95358 -0.177
vn -0.21293 0.95358 -0.21293
vn -0.177 0.95358 -0.24362
vn -0.13671 0.95358 -0.26831
vn -0.09305 0.95358 -0.28639
vn -0.04711 0.95358 -0.29742
vn -0.0 0.95358 -0.30113
vn 0.04711 0.95358 -0.29742
vn 0.09305 0.95358 -0.28639
vn 0.13671 0.95358 -0.26831
vn 0.177 0.95358 -0.24362
vn 0.21293 0.95358 -0.21293
vn 0.24362 0.95358 -0.177
vn 0.26831 0.95358 -0.13671
vn 0.28639 0.95358 -0.09305
vn 0.29742 0.95358 -0.04711
vn 0.30113 0.95358 -0.0
vn 0.12251 0.99228 0.0194
vn 0.11796 0.99228 0.03833
vn 0.11052 0.99228 0.05631
vn 0.10035 0.99228 0.07291
vn 0.08771 0.99228 0.08771
vn 0.07291 0.99228 0.10035
vn 0.05631 0.99228 0.11052
vn 0.03833 0.99228 0.11796
vn 0.0194 0.99228 0.12251
vn 0.0 0.99228 0.12403
vn -0.0194 0.99228 0.12251
vn -0.03833 0.99228 0.11796
vn -0.05631 0.99228 0.11052
vn -0.07291 0.99228 0.10035
vn -0.08771 0.99228 0.08771
vn -0.10035 0.99228 0.07291
vn -0.11052 0.99228 0.05631
vn -0.11796 0.99228 0.03833
vn -0.12251 0.99228 0.0194
vn -0.12403 0.99228 0.0
vn -0.12251 0.99228 -0.0194
vn -0.11796 0.99228 -0.03833
vn -0.11052 0.99228 -0.05631
vn -0.10035 0.99228 -0.07291
vn -0.08771 0.99228 -0.08771
vn -0.07291 0.99228 -0.10035
vn -0.05631 0.99228 -0.11052
vn -0.03833 0.99228 -0.11796
vn -0.0194 0.99228 -0.12251
vn -0.0 0.99228 -0.12403
vn 0.0194 0.99228 -0.12251
vn 0.03833 0.99228 -0.11796
vn 0.05631 0.99228 -0.11052
vn 0.07291 0.99228 -0.10035
vn 0.08771 0.99228 -0.08771
vn 0.10035 0.99228 -0.07291
vn 0.11052 0.99228 -0.05631
vn 0.11796 0.99228 -0.03833
vn 0.12251 0.99228 -0.0194
vn 0.12403 0.99228 -0.0
vn -0.77396 -0.63324 -0.0
vn -0.76443 -0.63324 -0.12107
vn -0.91705 -0.37139 -0.14525
vn -0.92848 -0.37139 -0.0
vn -0.73608 -0.63324 -0.23917
vn -0.88303 -0.37139 -0.28692
vn -0.6896 -0.63324 -0.35137
vn -0.82728 -0.37139 -0.42152
vn -0.62614 -0.63324 -0.45492
vn -0.75115 -0.37139 -0.54574
vn -0.54727 -0.63324 -0.54727
vn -0.65653 -0.37139 -0.65653
vn -0.45492 -0.63324 -0.62614
vn -0.54574 -0.37139 -0.75115
vn -0.35137 -0.63324 -0.6896
vn -0.42152 -0.37139 -0.82728
vn -0.23917 -0.63324 -0.73608
vn -0.28692 -0.37139 -0.88303
vn -0.12107 -0.63324 -0.76443
vn -0.14525 -0.37139 -0.91705
vn -0.0 -0.63324 -0.77396
vn -0.0 -0.37139 -0.92848
vn 0.12107 -0.63324 -0.76443
vn 0.14525 -0.37139 -0.91705
vn 0.23917 -0.63324 -0.73608
vn 0.28692 -0.37139 -0.88303
vn 0.35137 -0.63324 -0.6896
vn 0.42152 -0.37139 -0.82728
vn 0.45492 -0.63324 -0.62614
vn 0.54574 -0.37139 -0.75115
vn 0.54727 -0.63324 -0.54727
vn 0.65653 -0.37139 -0.65653
vn 0.62614 -0.63324 -0.45492
vn 0.75115 -0.37139 -0.54574
vn 0.6896 -0.63324 -0.35137
vn 0.82728 -0.37139 -0.42152
vn 0.73608 -0.63324 -0.23917
vn 0.88303 -0.37139 -0.28692
vn 0.76443 -0.63324 -0.12107
vn 0.91705 -0.37139 -0.14525
vn 0.77396 -0.63324 -0.0
vn 0.92848 -0.37139 -0.0
vn 0.76443 -0.63324 0.12107
vn 0.91705 -0.37139 0.14525
vn 0.73608 -0.63324 0.23917
vn 0.88303 -0.37139 0.28692
vn 0.6896 -0.63324 0.35137
vn 0.82728 -0.37139 0.42152
vn 0.62614 -0.63324 0.45492
vn 0.75115 -0.37139 0.54574
vn 0.54727 -0.63324 0.54727
vn 0.65653 -0.37139 0.65653
vn 0.45492 -0.63324 0.62614
vn 0.54574 -0.37139 0.75115
vn 0.35137 -0.63324 0.6896
vn 0.42152 -0.37139 0.82728
vn 0.23917 -0.63324 0.73608
vn 0.28692 -0.37139 0.88303
vn 0.12107 -0.63324 0.76443
vn 0.14525 -0.37139 0.91705
vn 0.0 -0.63324 0.77396
vn 0.0 -0.37139 0.92848
vn -0.12107 -0.63324 0.76443
vn -0.14525 -0.37139 0.91705
vn -0.23917 -0.63324 0.73608
vn -0.28692 -0.37139 0.88303
vn -0.35137 -0.63324 0.6896
vn -0.42152 -0.37139 0.82728
vn -0.45492 -0.63324 0.62614
vn -0.54574 -0.37139 0.75115
vn -0.54727 -0.63324 0.54727
vn -0.65653 -0.37139 0.65653
vn -0.62614 -0.63324 0.45492
vn -0.75115 -0.37139 0.54574
vn -0.6896 -0.63324 0.35137
vn -0.82728 -0.37139 0.42152
vn -0.73608 -0.63324 0.23917
vn -0.88303 -0.37139 0.28692
vn -0.76443 -0.63324 0.12107
vn -0.91705 -0.37139 0.14525
vn -0.77396 -0.63324 0.0
vn -0.92848 -0.37139 0.0
vn -0.77611 -0.63059 -0.0
vn -0.76656 -0.63059 -0.12141
vn -0.73813 -0.63059 -0.23983
vn -0.69152 -0.63059 -0.35235
vn -0.62789 -0.63059 -0.45619
vn -0.5488 -0.63059 -0.5488
vn -0.45619 -0.63059 -0.62789
vn -0.35235 -0.63059 -0.69152
vn -0.23983 -0.63059 -0.73813
vn -0.12141 -0.63059 -0.76656
vn -0.0 -0.63059 -0.77611
vn 0.12141 -0.63059 -0.76656
vn 0.23983 -0.63059 -0.73813
vn 0.35235 -0.63059 -0.69152
vn 0.45619 -0.63059 -0.62789
vn 0.5488 -0.63059 -0.5488
vn 0.62789 -0.63059 -0.45619
vn 0.69152 -0.63059 -0.35235
vn 0.73813 -0.63059 -0.23983
vn 0.76656 -0.63059 -0.12141
vn 0.77611 -0.63059 -0.0
vn 0.76656 -0.63059 0.12141
vn 0.73813 -0.63059 0.23983
vn 0.69152 -0.63059 0.35235
vn 0.62789 -0.63059 0.45619
vn 0.5488 -0.63059 0.5488
vn 0.45619 -0.63059 0.62789
vn 0.35235 -0.63059 0.69152
vn 0.23983 -0.63059 0.73813
vn 0.12141 -0.63059 0.76656
vn 0.0 -0.63059 0.77611
vn -0.12141 -0.63059 0.76656
vn -0.23983 -0.63059 0.73813
vn -0.35235 -0.63059 0.69152
vn -0.45619 -0.63059 0.62789
vn -0.5488 -0.63059 0.5488
vn -0.62789 -0.63059 0.45619
vn -0.69152 -0.63059 0.35235
vn -0.73813 -0.63059 0.23983
vn -0.76656 -0.63059 0.12141
vn -0.77611 -0.63059 0.0
vn -0.94174 -0.33634 -0.0
vn -0.93015 -0.33634 -0.14732
vn -0.89565 -0.33634 -0.29101
vn -0.8391 -0.33634 -0.42754
vn -0.76189 -0.33634 -0.55354
vn -0.66591 -0.33634 -0.66591
vn -0.55354 -0.33634 -0.76189
vn -0.42754 -0.33634 -0.8391
vn -0.29101 -0.33634 -0.89565
vn -0.14732 -0.33634 -0.93015
vn -0.0 -0.33634 -0.94174
vn 0.14732 -0.33634 -0.93015
vn 0.29101 -0.33634 -0.89565
vn 0.42754 -0.33634 -0.8391
vn 0.55354 -0.33634 -0.76189
vn 0.66591 -0.33634 -0.66591
vn 0.76189 -0.33634 -0.55354
vn 0.8391 -0.33634 -0.42754
vn 0.89565 -0.33634 -0.29101
vn 0.93015 -0.33634 -0.14732
vn 0.94174 -0.33634 -0.0
vn 0.93015 -0.33634 0.14732
vn 0.89565 -0.33634 0.29101
vn 0.8391 -0.33634 0.42754
vn 0.76189 -0.33634 0.55354
vn 0.66591 -0.33634 0.66591
vn 0.55354 -0.33634 0.76189
vn 0.42754 -0.33634 0.8391
vn 0.29101 -0.33634 0.89565
vn 0.14732 -0.33634 0.93015
vn 0.0 -0.33634 0.94174
vn -0.14732 -0.33634 0.93015
vn -0.29101 -0.33634 0.89565
vn -0.42754 -0.33634 0.8391
vn -0.55354 -0.33634 0.76189
vn -0.66591 -0.33634 0.66591
vn -0.76189 -0.33634 0.55354
vn -0.8391 -0.33634 0.42754
vn -0.89565 -0.33634 0.29101
vn -0.93015 -0.33634 0.14732
vn -0.94174 -0.33634 0.0
vn -0.93449 -0.356 -0.0
vn -0.92298 -0.356 -0.14619
vn -0.88875 -0.356 -0.28877
vn -0.83263 -0.356 -0.42425
vn -0.75602 -0.356 -0.54928
vn -0.66078 -0.356 -0.66078
vn -0.54928 -0.356 -0.75602
vn -0.42425 -0.356 -0.83263
vn -0.28877 -0.356 -0.88875
vn -0.14619 -0.356 -0.92298
vn -0.0 -0.356 -0.93449
vn 0.14619 -0.356 -0.92298
vn 0.28877 -0.356 -0.88875
vn 0.42425 -0.356 -0.83263
vn 0.54928 -0.356 -0.75602
vn 0.66078 -0.356 -0.66078
vn 0.75602 -0.356 -0.54928
vn 0.83263 -0.356 -0.42425
vn 0.88875 -0.356 -0.28877
vn 0.92298 -0.356 -0.14619
vn 0.93449 -0.356 -0.0
vn 0.92298 -0.356 0.14619
vn 0.88875 -0.356 0.28877
vn 0.83263 -0.356 0.42425
vn 0.75602 -0.356 0.54928
vn 0.66078 -0.356 0.66078
vn 0.54928 -0.356 0.75602
vn 0.42425 -0.356 0.83263
vn 0.28877 -0.356 0.88875
vn 0.14619 -0.356 0.92298
vn 0.0 -0.356 0.93449
vn -0.14619 -0.356 0.92298
vn -0.28877 -0.356 0.88875
vn -0.42425 -0.356 0.83263
vn -0.54928 -0.356 0.75602
vn -0.66078 -0.356 0.66078
vn -0.75602 -0.356 0.54928
vn -0.83263 -0.356 0.42425
vn -0.88875 -0.356 0.28877
vn -0.92298 -0.356 0.14619
vn -0.93449 -0.356 0.0
vn -0.42046 -0.90731 -0.0
vn -0.41528 -0.90731 -0.06577
vn -0.39988 -0.90731 -0.12993
vn -0.37463 -0.90731 -0.19089
vn -0.34016 -0.90731 -0.24714
vn -0.29731 -0.90731 -0.29731
vn -0.24714 -0.90731 -0.34016
vn -0.19089 -0.90731 -0.37463
vn -0.12993 -0.90731 -0.39988
vn -0.06577 -0.90731 -0.41528
vn -0.0 -0.90731 -0.42046
vn 0.06577 -0.90731 -0.41528
vn 0.12993 -0.90731 -0.39988
vn 0.19089 -0.90731 -0.37463
vn 0.24714 -0.90731 -0.34016
vn 0.29731 -0.90731 -0.29731
vn 0.34016 -0.90731 -0.24714
vn 0.37463 -0.90731 -0.19089
vn 0.39988 -0.90731 -0.12993
vn 0.41528 -0.90731 -0.06577
vn 0.42046 -0.90731 -0.0
vn 0.41528 -0.90731 0.06577
vn 0.39988 -0.90731 0.12993
vn 0.37463 -0.90731 0.19089
vn 0.34016 -0.90731 0.24714
vn 0.29731 -0.90731 0.29731
vn 0.24714 -0.90731 0.34016
vn 0.19089 -0.90731 0.37463
vn 0.12993 -0.90731 0.39988
vn 0.06577 -0.90731 0.41528
vn 0.0 -0.90731 0.42046
vn -0.06577 -0.90731 0.41528
vn -0.12993 -0.90731 0.39988
vn -0.19089 -0.90731 0.37463
vn -0.24714 -0.90731 0.34016
vn -0.29731 -0.90731 0.29731
vn -0.34016 -0.90731 0.24714
vn -0.37463 -0.90731 0.19089
vn -0.39988 -0.90731 0.12993
vn -0.41528 -0.90731 0.06577
vn -0.42046 -0.90731 0.0
vn -0.1937 -0.98058 -0.03068
vn -0.18652 -0.98058 -0.0606
vn -0.17474 -0.98058 -0.08903
vn -0.15866 -0.98058 -0.11527
vn -0.13868 -0.98058 -0.13868
vn -0.11527 -0.98058 -0.15866
vn -0.08903 -0.98058 -0.17474
vn -0.0606 -0.98058 -0.18652
vn -0.03068 -0.98058 -0.1937
vn -0.0 -0.98058 -0.19612
vn 0.03068 -0.98058 -0.1937
vn 0.0606 -0.98058 -0.18652
vn 0.08903 -0.98058 -0.17474
vn 0.11527 -0.98058 -0.15866
vn 0.13868 -0.98058 -0.13868
vn 0.15866 -0.98058 -0.11527
vn 0.17474 -0.98058 -0.08903
vn 0.18652 -0.98058 -0.0606
vn 0.1937 -0.98058 -0.03068
vn 0.19612 -0.98058 -0.0
vn 0.1937 -0.98058 0.03068
vn 0.18652 -0.98058 0.0606
vn 0.17474 -0.98058 0.08903
vn 0.15866 -0.98058 0.11527
vn 0.13868 -0.98058 0.13868
vn 0.11527 -0.98058 0.15866
vn 0.08903 -0.98058 0.17474
vn 0.0606 -0.98058 0.18652
vn 0.03068 -0.98058 0.1937
vn 0.0 -0.98058 0.19612
vn -0.03068 -0.98058 0.1937
vn -0.0606 -0.98058 0.18652
vn -0.08903 -0.98058 0.17474
vn -0.11527 -0.98058 0.15866
vn -0.13868 -0.98058 0.13868
vn -0.15866 -0.98058 0.11527
vn -0.17474 -0.98058 0.08903
vn -0.18652 -0.98058 0.0606
vn -0.1937 -0.98058 0.03068
vn -0.19612 -0.98058 0.0
vn 1.0 0.0 0.0
vn 0.98769 0.0 0.15643
vn 0.6984 0.70711 0.11062
vn 0.70711 0.70711 0.0
vn 0.0 1.0 0.0
vn -0.6984 0.70711 -0.11062
vn -0.70711 0.70711 -0.0
vn -0.98769 0.0 -0.15643
vn -1.0 0.0 -0.0
vn -0.6984 -0.70711 -0.11062
vn -0.70711 -0.70711 -0.0
vn -0.0 -1.0 -0.0
vn 0.6984 -0.70711 0.11062
vn 0.70711 -0.70711 0.0
vn 0.98769 -0.0 0.15643
vn 1.0 -0.0 0.0
vn 0.95106 0.0 0.30902
vn 0.6725 0.70711 0.21851
vn -0.6725 0.70711 -0.21851
vn -0.95106 0.0 -0.30902
vn -0.6725 -0.70711 -0.21851
vn 0.6725 -0.70711 0.21851
vn 0.95106 -0.0 0.30902
vn 0.89101 0.0 0.45399
vn 0.63004 0.70711 0.32102
vn -0.63004 0.70711 -0.32102
vn -0.89101 0.0 -0.45399
vn -0.63004 -0.70711 -0.32102
vn 0.63004 -0.70711 0.32102
vn 0.89101 -0.0 0.45399
vn 0.80902 0.0 0.58779
vn 0.57206 0.70711 0.41563
vn -0.57206 0.70711 -0.41563
vn -0.80902 0.0 -0.58779
vn -0.57206 -0.70711 -0.41563
vn 0.57206 -0.70711 0.41563
vn 0.80902 -0.0 0.58779
vn 0.70711 0.0 0.70711
vn 0.5 0.70711 0.5
vn -0.5 0.70711 -0.5
vn -0.70711 0.0 -0.70711
vn -0.5 -0.70711 -0.5
vn 0.5 -0.70711 0.5
vn 0.70711 -0.0 0.70711
vn 0.58779 0.0 0.80902
vn 0.41563 0.70711 0.57206
vn -0.41563 0.70711 -0.57206
vn -0.58779 0.0 -0.80902
vn -0.41563 -0.70711 -0.57206
vn 0.41563 -0.70711 0.57206
vn 0.58779 -0.0 0.80902
vn 0.45399 0.0 0.89101
vn 0.32102 0.70711 0.63004
vn -0.32102 0.70711 -0.63004
vn -0.45399 0.0 -0.89101
vn -0.32102 -0.70711 -0.63004
vn 0.32102 -0.70711 0.63004
vn 0.45399 -0.0 0.89101
vn 0.30902 0.0 0.95106
vn 0.21851 0.70711 0.6725
vn -0.21851 0.70711 -0.6725
vn -0.30902 0.0 -0.95106
vn -0.21851 -0.70711 -0.6725
vn 0.21851 -0.70711 0.6725
vn 0.30902 -0.0 0.95106
vn 0.15643 0.0 0.98769
vn 0.11062 0.70711 0.6984
vn -0.11062 0.70711 -0.6984
vn -0.15643 0.0 -0.98769
vn -0.11062 -0.70711 -0.6984
vn 0.11062 -0.70711 0.6984
vn 0.15643 -0.0 0.98769
vn 0.0 0.0 1.0
vn 0.0 0.70711 0.70711
vn -0.0 0.70711 -0.70711
vn -0.0 0.0 -1.0
vn -0.0 -0.70711 -0.70711
vn 0.0 -0.70711 0.70711
vn 0.0 -0.0 1.0
vn -0.15643 0.0 0.98769
vn -0.11062 0.70711 0.6984
vn -0.0 1.0 0.0
vn 0.11062 0.70711 -0.6984
vn 0.15643 0.0 -0.98769
vn 0.11062 -0.70711 -0.6984
vn 0.0 -1.0 -0.0
vn -0.11062 -0.70711 0.6984
vn -0.15643 -0.0 0.98769
vn -0.30902 0.0 0.95106
vn -0.21851 0.70711 0.6725
vn 0.21851 0.70711 -0.6725
vn 0.30902 0.0 -0.95106
vn 0.21851 -0.70711 -0.6725
vn -0.21851 -0.70711 0.6725
vn -0.30902 -0.0 0.95106
vn -0.45399 0.0 0.89101
vn -0.32102 0.70711 0.63004
vn 0.32102 0.70711 -0.63004
vn 0.45399 0.0 -0.89101
vn 0.32102 -0.70711 -0.63004
vn -0.32102 -0.70711 0.63004
vn -0.45399 -0.0 0.89101
vn -0.58779 0.0 0.80902
vn -0.41563 0.70711 0.57206
vn 0.41563 0.70711 -0.57206
vn 0.58779 0.0 -0.80902
vn 0.41563 -0.70711 -0.57206
vn -0.41563 -0.70711 0.57206
vn -0.58779 -0.0 0.80902
vn -0.70711 0.0 0.70711
vn -0.5 0.70711 0.5
vn 0.5 0.70711 -0.5
vn 0.70711 0.0 -0.70711
vn 0.5 -0.70711 -0.5
vn -0.5 -0.70711 0.5
vn -0.70711 -0.0 0.70711
vn -0.80902 0.0 0.58779
vn -0.57206 0.70711 0.41563
vn 0.57206 0.70711 -0.41563
vn 0.80902 0.0 -0.58779
vn 0.57206 -0.70711 -0.41563
vn -0.57206 -0.70711 0.41563
vn -0.80902 -0.0 0.58779
vn -0.89101 0.0 0.45399
vn -0.63004 0.70711 0.32102
vn 0.63004 0.70711 -0.32102
vn 0.89101 0.0 -0.45399
vn 0.63004 -0.70711 -0.32102
vn -0.63004 -0.70711 0.32102
vn -0.89101 -0.0 0.45399
vn -0.95106 0.0 0.30902
vn -0.6725 0.70711 0.21851
vn 0.6725 0.70711 -0.21851
vn 0.95106 0.0 -0.30902
vn 0.6725 -0.70711 -0.21851
vn -0.6725 -0.70711 0.21851
vn -0.95106 -0.0 0.30902
vn -0.98769 0.0 0.15643
vn -0.6984 0.70711 0.11062
vn 0.6984 0.70711 -0.11062
vn 0.98769 0.0 -0.15643
vn 0.6984 -0.70711 -0.11062
vn -0.6984 -0.70711 0.11062
vn -0.98769 -0.0 0.15643
vn -1.0 0.0 0.0
vn -0.70711 0.70711 0.0
vn 0.70711 0.70711 -0.0
vn 1.0 0.0 -0.0
vn 0.70711 -0.70711 -0.0
vn -0.70711 -0.70711 0.0
vn -1.0 -0.0 0.0
vn -0.0 1.0 -0.0
vn 0.0 -1.0 0.0
vn -0.98769 -0.0 -0.15643
vn -0.95106 -0.0 -0.30902
vn -0.89101 -0.0 -0.45399
vn -0.80902 -0.0 -0.58779
vn -0.70711 -0.0 -0.70711
vn -0.58779 -0.0 -0.80902
vn -0.45399 -0.0 -0.89101
vn -0.30902 -0.0 -0.95106
vn -0.15643 -0.0 -0.98769
vn -0.0 -0.0 -1.0
vn 0.0 1.0 -0.0
vn -0.0 -1.0 0.0
vn 0.15643 -0.0 -0.98769
vn 0.30902 -0.0 -0.95106
vn 0.45399 -0.0 -0.89101
vn 0.58779 -0.0 -0.80902
vn 0.70711 -0.0 -0.70711
vn 0.80902 -0.0 -0.58779
vn 0.89101 -0.0 -0.45399
vn 0.95106 -0.0 -0.30902
vn 0.98769 -0.0 -0.15643
vn 1.0 -0.0 -0.0
vn 0.24119 0.97048 0.0
vn 0.23297 0.97048 0.06242
vn 0.5145 0.85749 0.0
vn 0.49696 0.85749 0.13316
vn 0.82294 0.56812 0.0
vn 0.7949 0.56812 0.21299
vn 0.96593 0.0 0.25882
vn 0.82294 -0.56812 0.0
vn 0.7949 -0.56812 0.21299
vn 0.5145 -0.85749 0.0
vn 0.49696 -0.85749 0.13316
vn 0.24119 -0.97048 0.0
vn 0.23297 -0.97048 0.06242
vn 0.20888 0.97048 0.1206
vn 0.44557 0.85749 0.25725
vn 0.71269 0.56812 0.41147
vn 0.86603 0.0 0.5
vn 0.71269 -0.56812 0.41147
vn 0.44557 -0.85749 0.25725
vn 0.20888 -0.97048 0.1206
vn 0.17055 0.97048 0.17055
vn 0.3638 0.85749 0.3638
vn 0.58191 0.56812 0.58191
vn 0.58191 -0.56812 0.58191
vn 0.3638 -0.85749 0.3638
vn 0.17055 -0.97048 0.17055
vn 0.1206 0.97048 0.20888
vn 0.25725 0.85749 0.44557
vn 0.41147 0.56812 0.71269
vn 0.5 0.0 0.86603
vn 0.41147 -0.56812 0.71269
vn 0.25725 -0.85749 0.44557
vn 0.1206 -0.97048 0.20888
vn 0.06242 0.97048 0.23297
vn 0.13316 0.85749 0.49696
vn 0.21299 0.56812 0.7949
vn 0.25882 0.0 0.96593
vn 0.21299 -0.56812 0.7949
vn 0.13316 -0.85749 0.49696
vn 0.06242 -0.97048 0.23297
vn 0.0 0.97048 0.24119
vn 0.0 0.85749 0.5145
vn 0.0 0.56812 0.82294
vn 0.0 -0.56812 0.82294
vn 0.0 -0.85749 0.5145
vn 0.0 -0.97048 0.24119
vn -0.06242 0.97048 0.23297
vn -0.13316 0.85749 0.49696
vn -0.21299 0.56812 0.7949
vn -0.25882 0.0 0.96593
vn -0.21299 -0.56812 0.7949
vn -0.13316 -0.85749 0.49696
vn -0.06242 -0.97048 0.23297
vn -0.1206 0.97048 0.20888
vn -0.25725 0.85749 0.44557
vn -0.41147 0.56812 0.71269
vn -0.5 0.0 0.86603
vn -0.41147 -0.56812 0.71269
vn -0.25725 -0.85749 0.44557
vn -0.1206 -0.97048 0.20888
vn -0.17055 0.97048 0.17055
vn -0.3638 0.85749 0.3638
vn -0.58191 0.56812 0.58191
vn -0.58191 -0.56812 0.58191
vn -0.3638 -0.85749 0.3638
vn -0.17055 -0.97048 0.17055
vn -0.20888 0.97048 0.1206
vn -0.44557 0.85749 0.25725
vn -0.71269 0.56812 0.41147
vn -0.86603 0.0 0.5
vn -0.71269 -0.56812 0.41147
vn -0.44557 -0.85749 0.25725
vn -0.20888 -0.97048 0.1206
vn -0.23297 0.97048 0.06242
vn -0.49696 0.85749 0.13316
vn -0.7949 0.56812 0.21299
vn -0.96593 0.0 0.25882
vn -0.7949 -0.56812 0.21299
vn -0.49696 -0.85749 0.13316
vn -0.23297 -0.97048 0.06242
vn -0.24119 0.97048 0.0
vn -0.5145 0.85749 0.0
vn -0.82294 0.56812 0.0
vn -0.82294 -0.56812 0.0
vn -0.5145 -0.85749 0.0
vn -0.24119 -0.97048 0.0
vn -0.23297 0.97048 -0.06242
vn -0.49696 0.85749 -0.13316
vn -0.7949 0.56812 -0.21299
vn -0.96593 0.0 -0.25882
vn -0.7949 -0.56812 -0.21299
vn -0.49696 -0.85749 -0.13316
vn -0.23297 -0.97048 -0.06242
vn -0.20888 0.97048 -0.1206
vn -0.44557 0.85749 -0.25725
vn -0.71269 0.56812 -0.41147
vn -0.86603 0.0 -0.5
vn -0.71269 -0.56812 -0.41147
vn -0.44557 -0.85749 -0.25725
vn -0.20888 -0.97048 -0.1206
vn -0.17055 0.97048 -0.17055
vn -0.3638 0.85749 -0.3638
vn -0.58191 0.56812 -0.58191
vn -0.58191 -0.56812 -0.58191
vn -0.3638 -0.85749 -0.3638
vn -0.17055 -0.97048 -0.17055
vn -0.1206 0.97048 -0.20888
vn -0.25725 0.85749 -0.44557
vn -0.41147 0.56812 -0.71269
vn -0.5 0.0 -0.86603
vn -0.41147 -0.56812 -0.71269
vn -0.25725 -0.85749 -0.44557
vn -0.1206 -0.97048 -0.20888
vn -0.06242 0.97048 -0.23297
vn -0.13316 0.85749 -0.49696
vn -0.21299 0.56812 -0.7949
vn -0.25882 0.0 -0.96593
vn -0.21299 -0.56812 -0.7949
vn -0.13316 -0.85749 -0.49696
vn -0.06242 -0.97048 -0.23297
vn -0.0 0.97048 -0.24119
vn -0.0 0.85749 -0.5145
vn -0.0 0.56812 -0.82294
vn -0.0 -0.56812 -0.82294
vn -0.0 -0.85749 -0.5145
vn -0.0 -0.97048 -0.24119
vn 0.06242 0.97048 -0.23297
vn 0.13316 0.85749 -0.49696
vn 0.21299 0.56812 -0.7949
vn 0.25882 0.0 -0.96593
vn 0.21299 -0.56812 -0.7949
vn 0.13316 -0.85749 -0.49696
vn 0.06242 -0.97048 -0.23297
vn 0.1206 0.97048 -0.20888
vn 0.25725 0.85749 -0.44557
vn 0.41147 0.56812 -0.71269
vn 0.5 0.0 -0.86603
vn 0.41147 -0.56812 -0.71269
vn 0.25725 -0.85749 -0.44557
vn 0.1206 -0.97048 -0.20888
vn 0.17055 0.97048 -0.17055
vn 0.3638 0.85749 -0.3638
vn 0.58191 0.56812 -0.58191
vn 0.58191 -0.56812 -0.58191
vn 0.3638 -0.85749 -0.3638
vn 0.17055 -0.97048 -0.17055
vn 0.20888 0.97048 -0.1206
vn 0.44557 0.85749 -0.25725
vn 0.71269 0.56812 -0.41147
vn 0.86603 0.0 -0.5
vn 0.71269 -0.56812 -0.41147
vn 0.44557 -0.85749 -0.25725
vn 0.20888 -0.97048 -0.1206
vn 0.23297 0.97048 -0.06242
vn 0.49696 0.85749 -0.13316
vn 0.7949 0.56812 -0.21299
vn 0.96593 0.0 -0.25882
vn 0.7949 -0.56812 -0.21299
vn 0.49696 -0.85749 -0.13316
vn 0.23297 -0.97048 -0.06242
vn 0.24119 0.97048 -0.0
vn 0.5145 0.85749 -0.0
vn 0.82294 0.56812 -0.0
vn 0.82294 -0.56812 -0.0
vn 0.5145 -0.85749 -0.0
vn 0.24119 -0.97048 -0.0
vn 0.68301 0.18301 0.70711
vn 0.96593 0.25882 0.0
vn -0.68301 -0.18301 0.70711
vn -0.96593 -0.25882 0.0
vn -0.68301 -0.18301 -0.70711
vn 0.68301 0.18301 -0.70711
vn 0.96593 0.25882 -0.0
vn 0.61237 0.35355 0.70711
vn 0.86603 0.5 0.0
vn -0.61237 -0.35355 0.70711
vn -0.86603 -0.5 0.0
vn -0.61237 -0.35355 -0.70711
vn 0.61237 0.35355 -0.70711
vn 0.86603 0.5 -0.0
vn 0.5 0.5 0.70711
vn -0.5 -0.5 0.70711
vn -0.5 -0.5 -0.70711
vn 0.5 0.5 -0.70711
vn 0.35355 0.61237 0.70711
vn 0.5 0.86603 0.0
vn -0.35355 -0.61237 0.70711
vn -0.5 -0.86603 0.0
vn -0.35355 -0.61237 -0.70711
vn 0.35355 0.61237 -0.70711
vn 0.5 0.86603 -0.0
vn 0.18301 0.68301 0.70711
vn 0.25882 0.96593 0.0
vn -0.18301 -0.68301 0.70711
vn -0.25882 -0.96593 0.0
vn -0.18301 -0.68301 -0.70711
vn 0.18301 0.68301 -0.70711
vn 0.25882 0.96593 -0.0
vn -0.0 -0.70711 0.70711
vn 0.0 0.70711 -0.70711
vn -0.18301 0.68301 0.70711
vn -0.25882 0.96593 0.0
vn -0.0 0.0 1.0
vn 0.18301 -0.68301 0.70711
vn 0.25882 -0.96593 0.0
vn 0.18301 -0.68301 -0.70711
vn 0.0 -0.0 -1.0
vn -0.18301 0.68301 -0.70711
vn -0.25882 0.96593 -0.0
vn -0.35355 0.61237 0.70711
vn -0.5 0.86603 0.0
vn 0.35355 -0.61237 0.70711
vn 0.5 -0.86603 0.0
vn 0.35355 -0.61237 -0.70711
vn -0.35355 0.61237 -0.70711
vn -0.5 0.86603 -0.0
vn -0.5 0.5 0.70711
vn 0.5 -0.5 0.70711
vn 0.5 -0.5 -0.70711
vn -0.5 0.5 -0.70711
vn -0.61237 0.35355 0.70711
vn -0.86603 0.5 0.0
vn 0.61237 -0.35355 0.70711
vn 0.86603 -0.5 0.0
vn 0.61237 -0.35355 -0.70711
vn -0.61237 0.35355 -0.70711
vn -0.86603 0.5 -0.0
vn -0.68301 0.18301 0.70711
vn -0.96593 0.25882 0.0
vn 0.68301 -0.18301 0.70711
vn 0.96593 -0.25882 0.0
vn 0.68301 -0.18301 -0.70711
vn -0.68301 0.18301 -0.70711
vn -0.96593 0.25882 -0.0
vn -0.0 -0.0 1.0
vn 0.0 0.0 -1.0
vn -0.96593 -0.25882 -0.0
vn -0.86603 -0.5 -0.0
vn -0.5 -0.86603 -0.0
vn -0.25882 -0.96593 -0.0
vn 0.25882 -0.96593 -0.0
vn 0.5 -0.86603 -0.0
vn 0.86603 -0.5 -0.0
vn 0.96593 -0.25882 -0.0
vn 0.25 0.96593 0.06699
vn 0.48296 0.86603 0.12941
vn 0.68301 0.70711 0.18301
vn 0.83652 0.5 0.22414
vn 0.93301 0.25882 0.25
vn 0.93301 -0.25882 0.25
vn 0.83652 -0.5 0.22414
vn 0.68301 -0.70711 0.18301
vn 0.48296 -0.86603 0.12941
vn 0.25 -0.96593 0.06699
vn 0.22414 0.96593 0.12941
vn 0.43301 0.86603 0.25
vn 0.61237 0.70711 0.35355
vn 0.75 0.5 0.43301
vn 0.83652 0.25882 0.48296
vn 0.83652 -0.25882 0.48296
vn 0.75 -0.5 0.43301
vn 0.61237 -0.70711 0.35355
vn 0.43301 -0.86603 0.25
vn 0.22414 -0.96593 0.12941
vn 0.18301 0.96593 0.18301
vn 0.35355 0.86603 0.35355
vn 0.61237 0.5 0.61237
vn 0.68301 0.25882 0.68301
vn 0.68301 -0.25882 0.68301
vn 0.61237 -0.5 0.61237
vn 0.35355 -0.86603 0.35355
vn 0.18301 -0.96593 0.18301
vn 0.12941 0.96593 0.22414
vn 0.25 0.86603 0.43301
vn 0.35355 0.70711 0.61237
vn 0.43301 0.5 0.75
vn 0.48296 0.25882 0.83652
vn 0.48296 -0.25882 0.83652
vn 0.43301 -0.5 0.75
vn 0.35355 -0.70711 0.61237
vn 0.25 -0.86603 0.43301
vn 0.12941 -0.96593 0.22414
vn 0.06699 0.96593 0.25
vn 0.12941 0.86603 0.48296
vn 0.18301 0.70711 0.68301
vn 0.22414 0.5 0.83652
vn 0.25 0.25882 0.93301
vn 0.25 -0.25882 0.93301
vn 0.22414 -0.5 0.83652
vn 0.18301 -0.70711 0.68301
vn 0.12941 -0.86603 0.48296
vn 0.06699 -0.96593 0.25
vn 0.0 0.96593 0.25882
vn 0.0 0.86603 0.5
vn 0.0 0.5 0.86603
vn 0.0 0.25882 0.96593
vn 0.0 -0.25882 0.96593
vn 0.0 -0.5 0.86603
vn 0.0 -0.86603 0.5
vn 0.0 -0.96593 0.25882
vn -0.06699 0.96593 0.25
vn -0.12941 0.86603 0.48296
vn -0.18301 0.70711 0.68301
vn -0.22414 0.5 0.83652
vn -0.25 0.25882 0.93301
vn -0.25 -0.25882 0.93301
vn -0.22414 -0.5 0.83652
vn -0.18301 -0.70711 0.68301
vn -0.12941 -0.86603 0.48296
vn -0.06699 -0.96593 0.25
vn -0.12941 0.96593 0.22414
vn -0.25 0.86603 0.43301
vn -0.35355 0.70711 0.61237
vn -0.43301 0.5 0.75
vn -0.48296 0.25882 0.83652
vn -0.48296 -0.25882 0.83652
vn -0.43301 -0.5 0.75
vn -0.35355 -0.70711 0.61237
vn -0.25 -0.86603 0.43301
vn -0.12941 -0.96593 0.22414
vn -0.18301 0.96593 0.18301
vn -0.35355 0.86603 0.35355
vn -0.61237 0.5 0.61237
vn -0.68301 0.25882 0.68301
vn -0.68301 -0.25882 0.68301
vn -0.61237 -0.5 0.61237
vn -0.35355 -0.86603 0.35355
vn -0.18301 -0.96593 0.18301
vn -0.22414 0.96593 0.12941
vn -0.43301 0.86603 0.25
vn -0.61237 0.70711 0.35355
vn -0.75 0.5 0.43301
vn -0.83652 0.25882 0.48296
vn -0.83652 -0.25882 0.48296
vn -0.75 -0.5 0.43301
vn -0.61237 -0.70711 0.35355
vn -0.43301 -0.86603 0.25
vn -0.22414 -0.96593 0.12941
vn -0.25 0.96593 0.06699
vn -0.48296 0.86603 0.12941
vn -0.68301 0.70711 0.18301
vn -0.83652 0.5 0.22414
vn -0.93301 0.25882 0.25
vn -0.93301 -0.25882 0.25
vn -0.83652 -0.5 0.22414
vn -0.68301 -0.70711 0.18301
vn -0.48296 -0.86603 0.12941
vn -0.25 -0.96593 0.06699
vn -0.25 0.96593 -0.06699
vn -0.48296 0.86603 -0.12941
vn -0.68301 0.70711 -0.18301
vn -0.83652 0.5 -0.22414
vn -0.93301 0.25882 -0.25
vn -0.93301 -0.25882 -0.25
vn -0.83652 -0.5 -0.22414
vn -0.68301 -0.70711 -0.18301
vn -0.48296 -0.86603 -0.12941
vn -0.25 -0.96593 -0.06699
vn -0.22414 0.96593 -0.12941
vn -0.43301 0.86603 -0.25
vn -0.61237 0.70711 -0.35355
vn -0.75 0.5 -0.43301
vn -0.83652 0.25882 -0.48296
vn -0.83652 -0.25882 -0.48296
vn -0.75 -0.5 -0.43301
vn -0.61237 -0.70711 -0.35355
vn -0.43301 -0.86603 -0.25
vn -0.22414 -0.96593 -0.12941
vn -0.18301 0.96593 -0.18301
vn -0.35355 0.86603 -0.35355
vn -0.61237 0.5 -0.61237
vn -0.68301 0.25882 -0.68301
vn -0.68301 -0.25882 -0.68301
vn -0.61237 -0.5 -0.61237
vn -0.35355 -0.86603 -0.35355
vn -0.18301 -0.96593 -0.18301
vn -0.12941 0.96593 -0.22414
vn -0.25 0.86603 -0.43301
vn -0.35355 0.70711 -0.61237
vn -0.43301 0.5 -0.75
vn -0.48296 0.25882 -0.83652
vn -0.48296 -0.25882 -0.83652
vn -0.43301 -0.5 -0.75
vn -0.35355 -0.70711 -0.61237
vn -0.25 -0.86603 -0.43301
vn -0.12941 -0.96593 -0.22414
vn -0.06699 0.96593 -0.25
vn -0.12941 0.86603 -0.48296
vn -0.18301 0.70711 -0.68301
vn -0.22414 0.5 -0.83652
vn -0.25 0.25882 -0.93301
vn -0.25 -0.25882 -0.93301
vn -0.22414 -0.5 -0.83652
vn -0.18301 -0.70711 -0.68301
vn -0.12941 -0.86603 -0.48296
vn -0.06699 -0.96593 -0.25
vn -0.0 0.96593 -0.25882
vn -0.0 0.86603 -0.5
vn -0.0 0.5 -0.86603
vn -0.0 0.25882 -0.96593
vn -0.0 -0.25882 -0.96593
vn -0.0 -0.5 -0.86603
vn -0.0 -0.86603 -0.5
vn -0.0 -0.96593 -0.25882
vn 0.06699 0.96593 -0.25
vn 0.12941 0.86603 -0.48296
vn 0.18301 0.70711 -0.68301
vn 0.22414 0.5 -0.83652
vn 0.25 0.25882 -0.93301
vn 0.25 -0.25882 -0.93301
vn 0.22414 -0.5 -0.83652
vn 0.18301 -0.70711 -0.68301
vn 0.12941 -0.86603 -0.48296
vn 0.06699 -0.96593 -0.25
vn 0.12941 0.96593 -0.22414
vn 0.25 0.86603 -0.43301
vn 0.35355 0.70711 -0.61237
vn 0.43301 0.5 -0.75
vn 0.48296 0.25882 -0.83652
vn 0.48296 -0.25882 -0.83652
vn 0.43301 -0.5 -0.75
vn 0.35355 -0.70711 -0.61237
vn 0.25 -0.86603 -0.43301
vn 0.12941 -0.96593 -0.22414
vn 0.18301 0.96593 -0.18301
vn 0.35355 0.86603 -0.35355
vn 0.61237 0.5 -0.61237
vn 0.68301 0.25882 -0.68301
vn 0.68301 -0.25882 -0.68301
vn 0.61237 -0.5 -0.61237
vn 0.35355 -0.86603 -0.35355
vn 0.18301 -0.96593 -0.18301
vn 0.22414 0.96593 -0.12941
vn 0.43301 0.86603 -0.25
vn 0.61237 0.70711 -0.35355
vn 0.75 0.5 -0.43301
vn 0.83652 0.25882 -0.48296
vn 0.83652 -0.25882 -0.48296
vn 0.75 -0.5 -0.43301
vn 0.61237 -0.70711 -0.35355
vn 0.43301 -0.86603 -0.25
vn 0.22414 -0.96593 -0.12941
vn 0.25 0.96593 -0.06699
vn 0.48296 0.86603 -0.12941
vn 0.68301 0.70711 -0.18301
vn 0.83652 0.5 -0.22414
vn 0.93301 0.25882 -0.25
vn 0.93301 -0.25882 -0.25
vn 0.83652 -0.5 -0.22414
vn 0.68301 -0.70711 -0.18301
vn 0.48296 -0.86603 -0.12941
vn 0.25 -0.96593 -0.06699
g
g bell_gold
f 1//1 3//3 2//2
f 2//2 6//6 5//5
f 5//5 8//8 7//7
f 7//7 10//10 9//9
f 9//9 12//12 11//11
f 11//11 14//14 13//13
f 13//13 16//16 15//15
f 15//15 18//18 17//17
f 17//17 20//20 19//19
f 19//19 22//22 21//21
f 21//21 24//24 23//23
f 23//23 26//26 25//25
f 25//25 28//28 27//27
f 27//27 30//30 29//29
f 29//29 32//32 31//31
f 31//31 34//34 33//33
f 33//33 36//36 35//35
f 35//35 38//38 37//37
f 37//37 40//40 39//39
f 39//39 42//42 41//41
f 41//41 44//44 43//43
f 43//43 46//46 45//45
f 45//45 48//48 47//47
f 47//47 50//50 49//49
f 49//49 52//52 51//51
f 51//51 54//54 53//53
f 53//53 56//56 55//55
f 55//55 58//58 57//57
f 57//57 60//60 59//59
f 59//59 62//62 61//61
f 61//61 64//64 63//63
f 63//63 66//66 65//65
f 65//65 68//68 67//67
f 67//67 70//70 69//69
f 69//69 72//72 71//71
f 71//71 74//74 73//73
f 73//73 76//76 75//75
f 75//75 78//78 77//77
f 77//77 80//80 79//79
f 79//79 82//82 81//81
f 4//4 83//83 3//3
f 3//3 85//85 6//6
f 6//6 86//86 8//8
f 8//8 87//87 10//10
f 10//10 88//88 12//12
f 12//12 89//89 14//14
f 14//14 90//90 16//16
f 16//16 91//91 18//18
f 18//18 92//92 20//20
f 20//20 93//93 22//22
f 22//22 94//94 24//24
f 24//24 95//95 26//26
f 26//26 96//96 28//28
f 28//28 97//97 30//30
f 30//30 98//98 32//32
f 32//32 99//99 34//34
f 34//34 100//100 36//36
f 36//36 101//101 38//38
f 38//38 102//102 40//40
f 40//40 103//103 42//42
f 42//42 104//104 44//44
f 44//44 105//105 46//46
f 46//46 106//106 48//48
f 48//48 107//107 50//50
f 50//50 108//108 52//52
f 52//52 109//109 54//54
f 54//54 110//110 56//56
f 56//56 111//111 58//58
f 58//58 112//112 60//60
f 60//60 113//113 62//62
f 62//62 114//114 64//64
f 64//64 115//115 66//66
f 66//66 116//116 68//68
f 68//68 117//117 70//70
f 70//70 118//118 72//72
f 72//72 119//119 74//74
f 74//74 120//120 76//76
f 76//76 121//121 78//78
f 78//78 122//122 80//80
f 80//80 123//123 82//82
f 84//84 124//124 83//83
f 83//83 126//126 85//85
f 85//85 127//127 86//86
f 86//86 128//128 87//87
f 87//87 129//129 88//88
f 88//88 130//130 89//89
f 89//89 131//131 90//90
f 90//90 132//132 91//91
f 91//91 133//133 92//92
f 92//92 134//134 93//93
f 93//93 135//135 94//94
f 94//94 136//136 95//95
f 95//95 137//137 96//96
f 96//96 138//138 97//97
f 97//97 139//139 98//98
f 98//98 140//140 99//99
f 99//99 141//141 100//100
f 100//100 142//142 101//101
f 101//101 143//143 102//102
f 102//102 144//144 103//103
f 103//103 145//145 104//104
f 104//104 146//146 105//105
f 105//105 147//147 106//106
f 106//106 148//148 107//107
f 107//107 149//149 108//108
f 108//108 150//150 109//109
f 109//109 151//151 110//110
f 110//110 152//152 111//111
f 111//111 153//153 112//112
f 112//112 154//154 113//113
f 113//113 155//155 114//114
f 114//114 156//156 115//115
f 115//115 157//157 116//116
f 116//116 158//158 117//117
f 117//117 159//159 118//118
f 118//118 160//160 119//119
f 119//119 161//161 120//120
f 120//120 162//162 121//121
f 121//121 163//163 122//122
f 122//122 164//164 123//123
f 125//125 165//124 124//124
f 124//124 167//126 126//126
f 126//126 168//127 127//127
f 127//127 169//128 128//128
f 128//128 170//129 129//129
f 129//129 171//130 130//130
f 130//130 172//131 131//131
f 131//131 173//132 132//132
f 132//132 174//133 133//133
f 133//133 175//134 134//134
f 134//134 176//135 135//135
f 135//135 177//136 136//136
f 136//136 178//137 137//137
f 137//137 179//138 138//138
f 138//138 180//139 139//139
f 139//139 181//140 140//140
f 140//140 182//141 141//141
f 141//141 183//142 142//142
f 142//142 184//143 143//143
f 143//143 185//144 144//144
f 144//144 186//145 145//145
f 145//145 187//146 146//146
f 146//146 188//147 147//147
f 147//147 189//148 148//148
f 148//148 190//149 149//149
f 149//149 191//150 150//150
f 150//150 192//151 151//151
f 151//151 193//152 152//152
f 152//152 194//153 153//153
f 153//153 195//154 154//154
f 154//154 196//155 155//155
f 155//155 197//156 156//156
f 156//156 198//157 157//157
f 157//157 199//158 158//158
f 158//158 200//159 159//159
f 159//159 201//160 160//160
f 160//160 202//161 161//161
f 161//161 203//162 162//162
f 162//162 204//163 163//163
f 163//163 205//164 164//164
f 166//125 206//165 165//124
f 165//124 208//167 167//126
f 167//126 209//168 168//127
f 168//127 210//169 169//128
f 169//128 211//170 170//129
f 170//129 212//171 171//130
f 171//130 213//172 172//131
f 172//131 214//173 173//132
f 173//132 215//174 174//133
f 174//133 216//175 175//134
f 175//134 217//176 176//135
f 176//135 218//177 177//136
f 177//136 219//178 178//137
f 178//137 220//179 179//138
f 179//138 221//180 180//139
f 180//139 222//181 181//140
f 181//140 223//182 182//141
f 182//141 224//183 183//142
f 183//142 225//184 184//143
f 184//143 226//185 185//144
f 185//144 227//186 186//145
f 186//145 228//187 187//146
f 187//146 229//188 188//147
f 188//147 230//189 189//148
f 189//148 231//190 190//149
f 190//149 232//191 191//150
f 191//150 233//192 192//151
f 192//151 234//193 193//152
f 193//152 235//194 194//153
f 194//153 236//195 195//154
f 195//154 237//196 196//155
f 196//155 238//197 197//156
f 197//156 239//198 198//157
f 198//157 240//199 199//158
f 199//158 241//200 200//159
f 200//159 242//201 201//160
f 201//160 243//202 202//161
f 202//161 244//203 203//162
f 203//162 245//204 204//163
f 204//163 246//205 205//164
f 207//166 247//206 206//165
f 206//165 249//208 208//167
f 208//167 250//209 209//168
f 209//168 251//210 210//169
f 210//169 252//211 211//170
f 211//170 253//212 212//171
f 212//171 254//213 213//172
f 213//172 255//214 214//173
f 214//173 256//215 215//174
f 215//174 257//216 216//175
f 216//175 258//217 217//176
f 217//176 259//218 218//177
f 218//177 260//219 219//178
f 219//178 261//220 220//179
f 220//179 262//221 221//180
f 221//180 263//222 222//181
f 222//181 264//223 223//182
f 223//182 265//224 224//183
f 224//183 266//225 225//184
f 225//184 267//226 226//185
f 226//185 268//227 227//186
f 227//186 269//228 228//187
f 228//187 270//229 229//188
f 229//188 271//230 230//189
f 230//189 272//231 231//190
f 231//190 273//232 232//191
f 232//191 274//233 233//192
f 233//192 275//234 234//193
f 234//193 276//235 235//194
f 235//194 277//236 236//195
f 236//195 278//237 237//196
f 237//196 279//238 238//197
f 238//197 280//239 239//198
f 239//198 281//240 240//199
f 240//199 282//241 241//200
f 241//200 283//242 242//201
f 242//201 284//243 243//202
f 243//202 285//244 244//203
f 244//203 286//245 245//204
f 245//204 287//246 246//205
f 248//207 288//247 247//206
f 247//206 290//249 249//208
f 249//208 291//250 250//209
f 250//209 292//251 251//210
f 251//210 293//252 252//211
f 252//211 294//253 253//212
f 253//212 295//254 254//213
f 254//213 296//255 255//214
f 255//214 297//256 256//215
f 256//215 298//257 257//216
f 257//216 299//258 258//217
f 258//217 300//259 259//218
f 259//218 301//260 260//219
f 260//219 302//261 261//220
f 261//220 303//262 262//221
f 262//221 304//263 263//222
f 263//222 305//264 264//223
f 264//223 306//265 265//224
f 265//224 307//266 266//225
f 266//225 308//267 267//226
f 267//226 309//268 268//227
f 268//227 310//269 269//228
f 269//228 311//270 270//229
f 270//229 312//271 271//230
f 271//230 313//272 272//231
f 272//231 314//273 273//232
f 273//232 315//274 274//233
f 274//233 316//275 275//234
f 275//234 317//276 276//235
f 276//235 318//277 277//236
f 277//236 319//278 278//237
f 278//237 320//279 279//238
f 279//238 321//280 280//239
f 280//239 322//281 281//240
f 281//240 323//282 282//241
f 282//241 324//283 283//242
f 283//242 325//284 284//243
f 284//243 326//285 285//244
f 285//244 327//286 286//245
f 286//245 328//287 287//246
f 289//248 329//288 288//247
f 288//247 331//290 290//249
f 290//249 332//291 291//250
f 291//250 333//292 292//251
f 292//251 334//293 293//252
f 293//252 335//294 294//253
f 294//253 336//295 295//254
f 295//254 337//296 296//255
f 296//255 338//297 297//256
f 297//256 339//298 298//257
f 298//257 340//299 299//258
f 299//258 341//300 300//259
f 300//259 342//301 301//260
f 301//260 343//302 302//261
f 302//261 344//303 303//262
f 303//262 345//304 304//263
f 304//263 346//305 305//264
f 305//264 347//306 306//265
f 306//265 348//307 307//266
f 307//266 349//308 308//267
f 308//267 350//309 309//268
f 309//268 351//310 310//269
f 310//269 352//311 311//270
f 311//270 353//312 312//271
f 312//271 354//313 313//272
f 313//272 355//314 314//273
f 314//273 356//315 315//274
f 315//274 357//316 316//275
f 316//275 358//317 317//276
f 317//276 359//318 318//277
f 318//277 360//319 319//278
f 319//278 361//320 320//279
f 320//279 362//321 321//280
f 321//280 363//322 322//281
f 322//281 364//323 323//282
f 323//282 365//324 324//283
f 324//283 366//325 325//284
f 325//284 367//326 326//285
f 326//285 368//327 327//286
f 327//286 369//328 328//287
f 330//289 370//329 329//288
f 329//288 372//331 331//290
f 331//290 373//332 332//291
f 332//291 374//333 333//292
f 333//292 375//334 334//293
f 334//293 376//335 335//294
f 335//294 377//336 336//295
f 336//295 378//337 337//296
f 337//296 379//338 338//297
f 338//297 380//339 339//298
f 339//298 381//340 340//299
f 340//299 382//341 341//300
f 341//300 383//342 342//301
f 342//301 384//343 343//302
f 343//302 385//344 344//303
f 344//303 386//345 345//304
f 345//304 387//346 346//305
f 346//305 388//347 347//306
f 347//306 389//348 348//307
f 348//307 390//349 349//308
f 349//308 391//350 350//309
f 350//309 392//351 351//310
f 351//310 393//352 352//311
f 352//311 394//353 353//312
f 353//312 395//354 354//313
f 354//313 396//355 355//314
f 355//314 397//356 356//315
f 356//315 398//357 357//316
f 357//316 399//358 358//317
f 358//317 400//359 359//318
f 359//318 401//360 360//319
f 360//319 402//361 361//320
f 361//320 403//362 362//321
f 362//321 404//363 363//322
f 363//322 405//364 364//323
f 364//323 406//365 365//324
f 365//324 407//366 366//325
f 366//325 408//367 367//326
f 367//326 409//368 368//327
f 368//327 410//369 369//328
f 371//330 411//370 370//329
f 370//329 413//372 372//331
f 372//331 414//373 373//332
f 373//332 415//374 374//333
f 374//333 416//375 375//334
f 375//334 417//376 376//335
f 376//335 418//377 377//336
f 377//336 419//378 378//337
f 378//337 420//379 379//338
f 379//338 421//380 380//339
f 380//339 422//381 381//340
f 381//340 423//382 382//341
f 382//341 424//383 383//342
f 383//342 425//384 384//343
f 384//343 426//385 385//344
f 385//344 427//386 386//345
f 386//345 428//387 387//346
f 387//346 429//388 388//347
f 388//347 430//389 389//348
f 389//348 431//390 390//349
f 390//349 432//391 391//350
f 391//350 433//392 392//351
f 392//351 434//393 393//352
f 393//352 435//394 394//353
f 394//353 436//395 395//354
f 395//354 437//396 396//355
f 396//355 438//397 397//356
f 397//356 439//398 398//357
f 398//357 440//399 399//358
f 399//358 441//400 400//359
f 400//359 442//401 401//360
f 401//360 443//402 402//361
f 402//361 444//403 403//362
f 403//362 445//404 404//363
f 404//363 446//405 405//364
f 405//364 447//406 406//365
f 406//365 448//407 407//366
f 407//366 449//408 408//367
f 408//367 450//409 409//368
f 409//368 451//410 410//369
f 412//371 452//411 411//370
f 411//370 452//412 413//372
f 413//372 452//413 414//373
f 414//373 452//414 415//374
f 415//374 452//415 416//375
f 416//375 452//416 417//376
f 417//376 452//417 418//377
f 418//377 452//418 419//378
f 419//378 452//419 420//379
f 420//379 452//420 421//380
f 421//380 453//421 422//381
f 422//381 453//422 423//382
f 423//382 453//423 424//383
f 424//383 453//424 425//384
f 425//384 453//425 426//385
f 426//385 453//426 427//386
f 427//386 453//427 428//387
f 428//387 453//428 429//388
f 429//388 453//429 430//389
f 430//389 453//430 431//390
f 431//390 454//431 432//391
f 432//391 454//432 433//392
f 433//392 454//433 434//393
f 434//393 454//434 435//394
f 435//394 454//435 436//395
f 436//395 454//436 437//396
f 437//396 454//437 438//397
f 438//397 454//438 439//398
f 439//398 454//439 440//399
f 440//399 454//440 441//400
f 441//400 455//441 442//401
f 442//401 455//442 443//402
f 443//402 455//443 444//403
f 444//403 455//444 445//404
f 445//404 455//445 446//405
f 446//405 455//446 447//406
f 447//406 455//447 448//407
f 448//407 455//448 449//408
f 449//408 455//449 450//409
f 450//409 455//450 451//410
f 451//410 409//368 450//409
f 450//409 408//367 449//408
f 449//408 407//366 448//407
f 448//407 406//365 447//406
f 447//406 405//364 446//405
f 446//405 404//363 445//404
f 445//404 403//362 444//403
f 444//403 402//361 443//402
f 443//402 401//360 442//401
f 442//401 400//359 441//400
f 441//400 399//358 440//399
f 440//399 398//357 439//398
f 439//398 397//356 438//397
f 438//397 396//355 437//396
f 437//396 395//354 436//395
f 436//395 394//353 435//394
f 435//394 393//352 434//393
f 434//393 392//351 433//392
f 433//392 391//350 432//391
f 432//391 390//349 431//390
f 431//390 389//348 430//389
f 430//389 388//347 429//388
f 429//388 387//346 428//387
f 428//387 386//345 427//386
f 427//386 385//344 426//385
f 426//385 384//343 425//384
f 425//384 383//342 424//383
f 424//383 382//341 423//382
f 423//382 381//340 422//381
f 422//381 380//339 421//380
f 421//380 379//338 420//379
f 420//379 378//337 419//378
f 419//378 377//336 418//377
f 418//377 376//335 417//376
f 417//376 375//334 416//375
f 416//375 374//333 415//374
f 415//374 373//332 414//373
f 414//373 372//331 413//372
f 413//372 370//329 411//370
f 411//370 371//330 412//371
f 410//369 368//327 409//368
f 409//368 367//326 408//367
f 408//367 366//325 407//366
f 407//366 365//324 406//365
f 406//365 364//323 405//364
f 405//364 363//322 404//363
f 404//363 362//321 403//362
f 403//362 361//320 402//361
f 402//361 360//319 401//360
f 401//360 359//318 400//359
f 400//359 358//317 399//358
f 399//358 357//316 398//357
f 398//357 356//315 397//356
f 397//356 355//314 396//355
f 396//355 354//313 395//354
f 395//354 353//312 394//353
f 394//353 352//311 393//352
f 393//352 351//310 392//351
f 392//351 350//309 391//350
f 391//350 349//308 390//349
f 390//349 348//307 389//348
f 389//348 347//306 388//347
f 388//347 346//305 387//346
f 387//346 345//304 386//345
f 386//345 344//303 385//344
f 385//344 343//302 384//343
f 384//343 342//301 383//342
f 383//342 341//300 382//341
f 382//341 340//299 381//340
f 381//340 339//298 380//339
f 380//339 338//297 379//338
f 379//338 337//296 378//337
f 378//337 336//295 377//336
f 377//336 335//294 376//335
f 376//335 334//293 375//334
f 375//334 333//292 374//333
f 374//333 332//291 373//332
f 373//332 331//290 372//331
f 372//331 329//288 370//329
f 370//329 330//289 371//330
f 369//328 327//286 368//327
f 368//327 326//285 367//326
f 367//326 325//284 366//325
f 366//325 324//283 365//324
f 365//324 323//282 364//323
f 364//323 322//281 363//322
f 363//322 321//280 362//321
f 362//321 320//279 361//320
f 361//320 319//278 360//319
f 360//319 318//277 359//318
f 359//318 317//276 358//317
f 358//317 316//275 357//316
f 357//316 315//274 356//315
f 356//315 314//273 355//314
f 355//314 313//272 354//313
f 354//313 312//271 353//312
f 353//312 311//270 352//311
f 352//311 310//269 351//310
f 351//310 309//268 350//309
f 350//309 308//267 349//308
f 349//308 307//266 348//307
f 348//307 306//265 347//306
f 347//306 305//264 346//305
f 346//305 304//263 345//304
f 345//304 303//262 344//303
f 344//303 302//261 343//302
f 343//302 301//260 342//301
f 342//301 300//259 341//300
f 341//300 299//258 340//299
f 340//299 298//257 339//298
f 339//298 297//256 338//297
f 338//297 296//255 337//296
f 337//296 295//254 336//295
f 336//295 294//253 335//294
f 335//294 293//252 334//293
f 334//293 292//251 333//292
f 333//292 291//250 332//291
f 332//291 290//249 331//290
f 331//290 288//247 329//288
f 329//288 289//248 330//289
f 328//287 286//245 327//286
f 327//286 285//244 326//285
f 326//285 284//243 325//284
f 325//284 283//242 324//283
f 324//283 282//241 323//282
f 323//282 281//240 322//281
f 322//281 280//239 321//280
f 321//280 279//238 320//279
f 320//279 278//237 319//278
f 319//278 277//236 318//277
f 318//277 276//235 317//276
f 317//276 275//234 316//275
f 316//275 274//233 315//274
f 315//274 273//232 314//273
f 314//273 272//231 313//272
f 313//272 271//230 312//271
f 312//271 270//229 311//270
f 311//270 269//228 310//269
f 310//269 268//227 309//268
f 309//268 267//226 308//267
f 308//267 266//225 307//266
f 307//266 265//224 306//265
f 306//265 264//223 305//264
f 305//264 263//222 304//263
f 304//263 262//221 303//262
f 303//262 261//220 302//261
f 302//261 260//219 301//260
f 301//260 259//218 300//259
f 300//259 258//217 299//258
f 299//258 257//216 298//257
f 298//257 256//215 297//256
f 297//256 255//214 296//255
f 296//255 254//213 295//254
f 295//254 253//212 294//253
f 294//253 252//211 293//252
f 293//252 251//210 292//251
f 292//251 250//209 291//250
f 291//250 249//208 290//249
f 290//249 247//206 288//247
f 288//247 248//207 289//248
f 287//246 245//204 286//245
f 286//245 244//203 285//244
f 285//244 243//202 284//243
f 284//243 242//201 283//242
f 283//242 241//200 282//241
f 282//241 240//199 281//240
f 281//240 239//198 280//239
f 280//239 238//197 279//238
f 279//238 237//196 278//237
f 278//237 236//195 277//236
f 277//236 235//194 276//235
f 276//235 234//193 275//234
f 275//234 233//192 274//233
f 274//233 232//191 273//232
f 273//232 231//190 272//231
f 272//231 230//189 271//230
f 271//230 229//188 270//229
f 270//229 228//187 269//228
f 269//228 227//186 268//227
f 268//227 226//185 267//226
f 267//226 225//184 266//225
f 266//225 224//183 265//224
f 265//224 223//182 264//223
f 264//223 222//181 263//222
f 263//222 221//180 262//221
f 262//221 220//179 261//220
f 261//220 219//178 260//219
f 260//219 218//177 259//218
f 259//218 217//176 258//217
f 258//217 216//175 257//216
f 257//216 215//174 256//215
f 256//215 214//173 255//214
f 255//214 213//172 254//213
f 254//213 212//171 253//212
f 253//212 211//170 252//211
f 252//211 210//169 251//210
f 251//210 209//168 250//209
f 250//209 208//167 249//208
f 249//208 206//165 247//206
f 247//206 207//166 248//207
f 246//205 204//163 245//204
f 245//204 203//162 244//203
f 244//203 202//161 243//202
f 243//202 201//160 242//201
f 242//201 200//159 241//200
f 241//200 199//158 240//199
f 240//199 198//157 239//198
f 239//198 197//156 238//197
f 238//197 196//155 237//196
f 237//196 195//154 236//195
f 236//195 194//153 235//194
f 235//194 193//152 234//193
f 234//193 192//151 233//192
f 233//192 191//150 232//191
f 232//191 190//149 231//190
f 231//190 189//148 230//189
f 230//189 188//147 229//188
f 229//188 187//146 228//187
f 228//187 186//145 227//186
f 227//186 185//144 226//185
f 226//185 184//143 225//184
f 225//184 183//142 224//183
f 224//183 182//141 223//182
f 223//182 181//140 222//181
f 222//181 180//139 221//180
f 221//180 179//138 220//179
f 220//179 178//137 219//178
f 219//178 177//136 218//177
f 218//177 176//135 217//176
f 217//176 175//134 216//175
f 216//175 174//133 215//174
f 215//174 173//132 214//173
f 214//173 172//131 213//172
f 213//172 171//130 212//171
f 212//171 170//129 211//170
f 211//170 169//128 210//169
f 210//169 168//127 209//168
f 209//168 167//126 208//167
f 208//167 165//124 206//165
f 206//165 166//125 207//166
f 205//164 163//163 204//163
f 204//163 162//162 203//162
f 203//162 161//161 202//161
f 202//161 160//160 201//160
f 201//160 159//159 200//159
f 200//159 158//158 199//158
f 199//158 157//157 198//157
f 198//157 156//156 197//156
f 197//156 155//155 196//155
f 196//155 154//154 195//154
f 195//154 153//153 194//153
f 194//153 152//152 193//152
f 193//152 151//151 192//151
f 192//151 150//150 191//150
f 191//150 149//149 190//149
f 190//149 148//148 189//148
f 189//148 147//147 188//147
f 188//147 146//146 187//146
f 187//146 145//145 186//145
f 186//145 144//144 185//144
f 185//144 143//143 184//143
f 184//143 142//142 183//142
f 183//142 141//141 182//141
f 182//141 140//140 181//140
f 181//140 139//139 180//139
f 180//139 138//138 179//138
f 179//138 137//137 178//137
f 178//137 136//136 177//136
f 177//136 135//135 176//135
f 176//135 134//134 175//134
f 175//134 133//133 174//133
f 174//133 132//132 173//132
f 173//132 131//131 172//131
f 172//131 130//130 171//130
f 171//130 129//129 170//129
f 170//129 128//128 169//128
f 169//128 127//127 168//127
f 168//127 126//126 167//126
f 167//126 124//124 165//124
f 165//124 125//125 166//125
f 164//164 122//122 163//163
f 163//163 121//121 162//162
f 162//162 120//120 161//161
f 161//161 119//119 160//160
f 160//160 118//118 159//159
f 159//159 117//117 158//158
f 158//158 116//116 157//157
f 157//157 115//115 156//156
f 156//156 114//114 155//155
f 155//155 113//113 154//154
f 154//154 112//112 153//153
f 153//153 111//111 152//152
f 152//152 110//110 151//151
f 151//151 109//109 150//150
f 150//150 108//108 149//149
f 149//149 107//107 148//148
f 148//148 106//106 147//147
f 147//147 105//105 146//146
f 146//146 104//104 145//145
f 145//145 103//103 144//144
f 144//144 102//102 143//143
f 143//143 101//101 142//142
f 142//142 100//100 141//141
f 141//141 99//99 140//140
f 140//140 98//98 139//139
f 139//139 97//97 138//138
f 138//138 96//96 137//137
f 137//137 95//95 136//136
f 136//136 94//94 135//135
f 135//135 93//93 134//134
f 134//134 92//92 133//133
f 133//133 91//91 132//132
f 132//132 90//90 131//131
f 131//131 89//89 130//130
f 130//130 88//88 129//129
f 129//129 87//87 128//128
f 128//128 86//86 127//127
f 127//127 85//85 126//126
f 126//126 83//83 124//124
f 124//124 84//84 125//125
f 123//123 80//80 122//122
f 122//122 78//78 121//121
f 121//121 76//76 120//120
f 120//120 74//74 119//119
f 119//119 72//72 118//118
f 118//118 70//70 117//117
f 117//117 68//68 116//116
f 116//116 66//66 115//115
f 115//115 64//64 114//114
f 114//114 62//62 113//113
f 113//113 60//60 112//112
f 112//112 58//58 111//111
f 111//111 56//56 110//110
f 110//110 54//54 109//109
f 109//109 52//52 108//108
f 108//108 50//50 107//107
f 107//107 48//48 106//106
f 106//106 46//46 105//105
f 105//105 44//44 104//104
f 104//104 42//42 103//103
f 103//103 40//40 102//102
f 102//102 38//38 101//101
f 101//101 36//36 100//100
f 100//100 34//34 99//99
f 99//99 32//32 98//98
f 98//98 30//30 97//97
f 97//97 28//28 96//96
f 96//96 26//26 95//95
f 95//95 24//24 94//94
f 94//94 22//22 93//93
f 93//93 20//20 92//92
f 92//92 18//18 91//91
f 91//91 16//16 90//90
f 90//90 14//14 89//89
f 89//89 12//12 88//88
f 88//88 10//10 87//87
f 87//87 8//8 86//86
f 86//86 6//6 85//85
f 85//85 3//3 83//83
f 83//83 4//4 84//84
f 82//82 79//79 80//80
f 80//80 77//77 78//78
f 78//78 75//75 76//76
f 76//76 73//73 74//74
f 74//74 71//71 72//72
f 72//72 69//69 70//70
f 70//70 67//67 68//68
f 68//68 65//65 66//66
f 66//66 63//63 64//64
f 64//64 61//61 62//62
f 62//62 59//59 60//60
f 60//60 57//57 58//58
f 58//58 55//55 56//56
f 56//56 53//53 54//54
f 54//54 51//51 52//52
f 52//52 49//49 50//50
f 50//50 47//47 48//48
f 48//48 45//45 46//46
f 46//46 43//43 44//44
f 44//44 41//41 42//42
f 42//42 39//39 40//40
f 40//40 37//37 38//38
f 38//38 35//35 36//36
f 36//36 33//33 34//34
f 34//34 31//31 32//32
f 32//32 29//29 30//30
f 30//30 27//27 28//28
f 28//28 25//25 26//26
f 26//26 23//23 24//24
f 24//24 21//21 22//22
f 22//22 19//19 20//20
f 20//20 17//17 18//18
f 18//18 15//15 16//16
f 16//16 13//13 14//14
f 14//14 11//11 12//12
f 12//12 9//9 10//10
f 10//10 7//7 8//8
f 8//8 5//5 6//6
f 6//6 2//2 3//3
f 3//3 1//1 4//4
g bell_inner
f 456//451 2//453 457//452
f 457//452 5//456 458//455
f 458//455 7//458 459//457
f 459//457 9//460 460//459
f 460//459 11//462 461//461
f 461//461 13//464 462//463
f 462//463 15//466 463//465
f 463//465 17//468 464//467
f 464//467 19//470 465//469
f 465//469 21//472 466//471
f 466//471 23//474 467//473
f 467//473 25//476 468//475
f 468//475 27//478 469//477
f 469//477 29//480 470//479
f 470//479 31//482 471//481
f 471//481 33//484 472//483
f 472//483 35//486 473//485
f 473//485 37//488 474//487
f 474//487 39//490 475//489
f 475//489 41//492 476//491
f 476//491 43//494 477//493
f 477//493 45//496 478//495
f 478//495 47//498 479//497
f 479//497 49//500 480//499
f 480//499 51//502 481//501
f 481//501 53//504 482//503
f 482//503 55//506 483//505
f 483//505 57//508 484//507
f 484//507 59//510 485//509
f 485//509 61//512 486//511
f 486//511 63//514 487//513
f 487//513 65//516 488//515
f 488//515 67//518 489//517
f 489//517 69//520 490//519
f 490//519 71//522 491//521
f 491//521 73//524 492//523
f 492//523 75//526 493//525
f 493//525 77//528 494//527
f 494//527 79//530 495//529
f 495//529 81//532 496//531
f 497//533 457//452 498//534
f 498//534 458//455 499//535
f 499//535 459//457 500//536
f 500//536 460//459 501//537
f 501//537 461//461 502//538
f 502//538 462//463 503//539
f 503//539 463//465 504//540
f 504//540 464//467 505//541
f 505//541 465//469 506//542
f 506//542 466//471 507//543
f 507//543 467//473 508//544
f 508//544 468//475 509//545
f 509//545 469//477 510//546
f 510//546 470//479 511//547
f 511//547 471//481 512//548
f 512//548 472//483 513//549
f 513//549 473//485 514//550
f 514//550 474//487 515//551
f 515//551 475//489 516//552
f 516//552 476//491 517//553
f 517//553 477//493 518//554
f 518//554 478//495 519//555
f 519//555 479//497 520//556
f 520//556 480//499 521//557
f 521//557 481//501 522//558
f 522//558 482//503 523//559
f 523//559 483//505 524//560
f 524//560 484//507 525//561
f 525//561 485//509 526//562
f 526//562 486//511 527//563
f 527//563 487//513 528//564
f 528//564 488//515 529//565
f 529//565 489//517 530//566
f 530//566 490//519 531//567
f 531//567 491//521 532//568
f 532//568 492//523 533//569
f 533//569 493//525 534//570
f 534//570 494//527 535//571
f 535//571 495//529 536//572
f 536//572 496//531 537//573
f 538//574 498//534 539//575
f 539//575 499//535 540//576
f 540//576 500//536 541//577
f 541//577 501//537 542//578
f 542//578 502//538 543//579
f 543//579 503//539 544//580
f 544//580 504//540 545//581
f 545//581 505//541 546//582
f 546//582 506//542 547//583
f 547//583 507//543 548//584
f 548//584 508//544 549//585
f 549//585 509//545 550//586
f 550//586 510//546 551//587
f 551//587 511//547 552//588
f 552//588 512//548 553//589
f 553//589 513//549 554//590
f 554//590 514//550 555//591
f 555//591 515//551 556//592
f 556//592 516//552 557//593
f 557//593 517//553 558//594
f 558//594 518//554 559//595
f 559//595 519//555 560//596
f 560//596 520//556 561//597
f 561//597 521//557 562//598
f 562//598 522//558 563//599
f 563//599 523//559 564//600
f 564//600 524//560 565//601
f 565//601 525//561 566//602
f 566//602 526//562 567//603
f 567//603 527//563 568//604
f 568//604 528//564 569//605
f 569//605 529//565 570//606
f 570//606 530//566 571//607
f 571//607 531//567 572//608
f 572//608 532//568 573//609
f 573//609 533//569 574//610
f 574//610 534//570 575//611
f 575//611 535//571 576//612
f 576//612 536//572 577//613
f 577//613 537//573 578//614
f 579//615 539//575 580//616
f 580//616 540//576 581//617
f 581//617 541//577 582//618
f 582//618 542//578 583//619
f 583//619 543//579 584//620
f 584//620 544//580 585//621
f 585//621 545//581 586//622
f 586//622 546//582 587//623
f 587//623 547//583 588//624
f 588//624 548//584 589//625
f 589//625 549//585 590//626
f 590//626 550//586 591//627
f 591//627 551//587 592//628
f 592//628 552//588 593//629
f 593//629 553//589 594//630
f 594//630 554//590 595//631
f 595//631 555//591 596//632
f 596//632 556//592 597//633
f 597//633 557//593 598//634
f 598//634 558//594 599//635
f 599//635 559//595 600//636
f 600//636 560//596 601//637
f 601//637 561//597 602//638
f 602//638 562//598 603//639
f 603//639 563//599 604//640
f 604//640 564//600 605//641
f 605//641 565//601 606//642
f 606//642 566//602 607//643
f 607//643 567//603 608//644
f 608//644 568//604 609//645
f 609//645 569//605 610//646
f 610//646 570//606 611//647
f 611//647 571//607 612//648
f 612//648 572//608 613//649
f 613//649 573//609 614//650
f 614//650 574//610 615//651
f 615//651 575//611 616//652
f 616//652 576//612 617//653
f 617//653 577//613 618//654
f 618//654 578//614 619//655
f 620//656 580//616 621//657
f 621//657 581//617 622//658
f 622//658 582//618 623//659
f 623//659 583//619 624//660
f 624//660 584//620 625//661
f 625//661 585//621 626//662
f 626//662 586//622 627//663
f 627//663 587//623 628//664
f 628//664 588//624 629//665
f 629//665 589//625 630//666
f 630//666 590//626 631//667
f 631//667 591//627 632//668
f 632//668 592//628 633//669
f 633//669 593//629 634//670
f 634//670 594//630 635//671
f 635//671 595//631 636//672
f 636//672 596//632 637//673
f 637//673 597//633 638//674
f 638//674 598//634 639//675
f 639//675 599//635 640//676
f 640//676 600//636 641//677
f 641//677 601//637 642//678
f 642//678 602//638 643//679
f 643//679 603//639 644//680
f 644//680 604//640 645//681
f 645//681 605//641 646//682
f 646//682 606//642 647//683
f 647//683 607//643 648//684
f 648//684 608//644 649//685
f 649//685 609//645 650//686
f 650//686 610//646 651//687
f 651//687 611//647 652//688
f 652//688 612//648 653//689
f 653//689 613//649 654//690
f 654//690 614//650 655//691
f 655//691 615//651 656//692
f 656//692 616//652 657//693
f 657//693 617//653 658//694
f 658//694 618//654 659//695
f 659//695 619//655 660//696
f 661//697 620//656 621//657
f 661//698 621//657 622//658
f 661//699 622//658 623//659
f 661//700 623//659 624//660
f 661//701 624//660 625//661
f 661//702 625//661 626//662
f 661//703 626//662 627//663
f 661//704 627//663 628//664
f 661//705 628//664 629//665
f 661//706 629//665 630//666
f 662//707 630//666 631//667
f 662//708 631//667 632//668
f 662//709 632//668 633//669
f 662//710 633//669 634//670
f 662//711 634//670 635//671
f 662//712 635//671 636//672
f 662//713 636//672 637//673
f 662//714 637//673 638//674
f 662//715 638//674 639//675
f 662//716 639//675 640//676
f 663//717 640//676 641//677
f 663//718 641//677 642//678
f 663//719 642//678 643//679
f 663//720 643//679 644//680
f 663//721 644//680 645//681
f 663//722 645//681 646//682
f 663//723 646//682 647//683
f 663//724 647//683 648//684
f 663//725 648//684 649//685
f 663//726 649//685 650//686
f 664//727 650//686 651//687
f 664//728 651//687 652//688
f 664//729 652//688 653//689
f 664//730 653//689 654//690
f 664//731 654//690 655//691
f 664//732 655//691 656//692
f 664//733 656//692 657//693
f 664//734 657//693 658//694
f 664//735 658//694 659//695
f 664//736 659//695 660//696
f 1717//881 1719//777 1718//881
f 1720//777 1721//812 1719//777
f 1722//812 1723//906 1721//812
f 1724//906 1725//911 1723//906
f 1726//911 1727//774 1725//911
f 1728//774 1729//809 1727//774
f 1730//809 1731//846 1729//809
f 1732//846 1718//881 1731//846
f 1718//881 1734//777 1733//881
f 1719//777 1735//812 1734//777
f 1721//812 1736//906 1735//812
f 1723//906 1737//911 1736//906
f 1725//911 1738//774 1737//911
f 1727//774 1739//809 1738//774
f 1729//809 1740//846 1739//809
f 1731//846 1733//881 1740//846
f 1733//881 1742//777 1741//881
f 1734//777 1743//812 1742//777
f 1735//812 1744//906 1743//812
f 1736//906 1745//911 1744//906
f 1737//911 1746//774 1745//911
f 1738//774 1747//809 1746//774
f 1739//809 1748//846 1747//809
f 1740//846 1741//881 1748//846
f 1741//881 1750//777 1749//881
f 1742//777 1751//812 1750//777
f 1743//812 1752//906 1751//812
f 1744//906 1753//911 1752//906
f 1745//911 1754//774 1753//911
f 1746//774 1755//809 1754//774
f 1747//809 1756//846 1755//809
f 1748//846 1749//881 1756//846
f 1749//881 1748//846 1741//881
f 1756//846 1747//809 1748//846
f 1755//809 1746//774 1747//809
f 1754//774 1745//911 1746//774
f 1753//911 1744//906 1745//911
f 1752//906 1743//812 1744//906
f 1751//812 1742//777 1743//812
f 1750//777 1741//881 1742//777
f 1741//881 1740//846 1733//881
f 1748//846 1739//809 1740//846
f 1747//809 1738//774 1739//809
f 1746//774 1737//911 1738//774
f 1745//911 1736//906 1737//911
f 1744//906 1735//812 1736//906
f 1743//812 1734//777 1735//812
f 1742//777 1733//881 1734//777
f 1733//881 1731//846 1718//881
f 1740//846 1729//809 1731//846
f 1739//809 1727//774 1729//809
f 1738//774 1725//911 1727//774
f 1737//911 1723//906 1725//911
f 1736//906 1721//812 1723//906
f 1735//812 1719//777 1721//812
f 1734//777 1718//881 1719//777
f 1718//881 1732//846 1717//881
f 1731//846 1730//809 1732//846
f 1729//809 1728//774 1730//809
f 1727//774 1726//911 1728//774
f 1725//911 1724//906 1726//911
f 1723//906 1722//812 1724//906
f 1721//812 1720//777 1722//812
f 1719//777 1717//881 1720//777
f 619//655 659//695 618//654
f 618//654 658//694 617//653
f 617//653 657//693 616//652
f 616//652 656//692 615//651
f 615//651 655//691 614//650
f 614//650 654//690 613//649
f 613//649 653//689 612//648
f 612//648 652//688 611//647
f 611//647 651//687 610//646
f 610//646 650//686 609//645
f 609//645 649//685 608//644
f 608//644 648//684 607//643
f 607//643 647//683 606//642
f 606//642 646//682 605//641
f 605//641 645//681 604//640
f 604//640 644//680 603//639
f 603//639 643//679 602//638
f 602//638 642//678 601//637
f 601//637 641//677 600//636
f 600//636 640//676 599//635
f 599//635 639//675 598//634
f 598//634 638//674 597//633
f 597//633 637//673 596//632
f 596//632 636//672 595//631
f 595//631 635//671 594//630
f 594//630 634//670 593//629
f 593//629 633//669 592//628
f 592//628 632//668 591//627
f 591//627 631//667 590//626
f 590//626 630//666 589//625
f 589//625 629//665 588//624
f 588//624 628//664 587//623
f 587//623 627//663 586//622
f 586//622 626//662 585//621
f 585//621 625//661 584//620
f 584//620 624//660 583//619
f 583//619 623//659 582//618
f 582//618 622//658 581//617
f 581//617 621//657 580//616
f 580//616 620//656 579//615
f 578//614 618//654 577//613
f 577//613 617//653 576//612
f 576//612 616//652 575//611
f 575//611 615//651 574//610
f 574//610 614//650 573//609
f 573//609 613//649 572//608
f 572//608 612//648 571//607
f 571//607 611//647 570//606
f 570//606 610//646 569//605
f 569//605 609//645 568//604
f 568//604 608//644 567//603
f 567//603 607//643 566//602
f 566//602 606//642 565//601
f 565//601 605//641 564//600
f 564//600 604//640 563//599
f 563//599 603//639 562//598
f 562//598 602//638 561//597
f 561//597 601//637 560//596
f 560//596 600//636 559//595
f 559//595 599//635 558//594
f 558//594 598//634 557//593
f 557//593 597//633 556//592
f 556//592 596//632 555//591
f 555//591 595//631 554//590
f 554//590 594//630 553//589
f 553//589 593//629 552//588
f 552//588 592//628 551//587
f 551//587 591//627 550//586
f 550//586 590//626 549//585
f 549//585 589//625 548//584
f 548//584 588//624 547//583
f 547//583 587//623 546//582
f 546//582 586//622 545//581
f 545//581 585//621 544//580
f 544//580 584//620 543//579
f 543//579 583//619 542//578
f 542//578 582//618 541//577
f 541//577 581//617 540//576
f 540//576 580//616 539//575
f 539//575 579//615 538//574
f 537//573 577//613 536//572
f 536//572 576//612 535//571
f 535//571 575//611 534//570
f 534//570 574//610 533//569
f 533//569 573//609 532//568
f 532//568 572//608 531//567
f 531//567 571//607 530//566
f 530//566 570//606 529//565
f 529//565 569//605 528//564
f 528//564 568//604 527//563
f 527//563 567//603 526//562
f 526//562 566//602 525//561
f 525//561 565//601 524//560
f 524//560 564//600 523//559
f 523//559 563//599 522//558
f 522//558 562//598 521//557
f 521//557 561//597 520//556
f 520//556 560//596 519//555
f 519//555 559//595 518//554
f 518//554 558//594 517//553
f 517//553 557//593 516//552
f 516//552 556//592 515//551
f 515//551 555//591 514//550
f 514//550 554//590 513//549
f 513//549 553//589 512//548
f 512//548 552//588 511//547
f 511//547 551//587 510//546
f 510//546 550//586 509//545
f 509//545 549//585 508//544
f 508//544 548//584 507//543
f 507//543 547//583 506//542
f 506//542 546//582 505//541
f 505//541 545//581 504//540
f 504//540 544//580 503//539
f 503//539 543//579 502//538
f 502//538 542//578 501//537
f 501//537 541//577 500//536
f 500//536 540//576 499//535
f 499//535 539//575 498//534
f 498//534 538//574 497//533
f 496//531 536//572 495//529
f 495//529 535//571 494//527
f 494//527 534//570 493//525
f 493//525 533//569 492//523
f 492//523 532//568 491//521
f 491//521 531//567 490//519
f 490//519 530//566 489//517
f 489//517 529//565 488//515
f 488//515 528//564 487//513
f 487//513 527//563 486//511
f 486//511 526//562 485//509
f 485//509 525//561 484//507
f 484//507 524//560 483//505
f 483//505 523//559 482//503
f 482//503 522//558 481//501
f 481//501 521//557 480//499
f 480//499 520//556 479//497
f 479//497 519//555 478//495
f 478//495 518//554 477//493
f 477//493 517//553 476//491
f 476//491 516//552 475//489
f 475//489 515//551 474//487
f 474//487 514//550 473//485
f 473//485 513//549 472//483
f 472//483 512//548 471//481
f 471//481 511//547 470//479
f 470//479 510//546 469//477
f 469//477 509//545 468//475
f 468//475 508//544 467//473
f 467//473 507//543 466//471
f 466//471 506//542 465//469
f 465//469 505//541 464//467
f 464//467 504//540 463//465
f 463//465 503//539 462//463
f 462//463 502//538 461//461
f 461//461 501//537 460//459
f 460//459 500//536 459//457
f 459//457 499//535 458//455
f 458//455 498//534 457//452
f 457//452 497//533 456//451
f 81//532 495//529 79//530
f 79//530 494//527 77//528
f 77//528 493//525 75//526
f 75//526 492//523 73//524
f 73//524 491//521 71//522
f 71//522 490//519 69//520
f 69//520 489//517 67//518
f 67//518 488//515 65//516
f 65//516 487//513 63//514
f 63//514 486//511 61//512
f 61//512 485//509 59//510
f 59//510 484//507 57//508
f 57//508 483//505 55//506
f 55//506 482//503 53//504
f 53//504 481//501 51//502
f 51//502 480//499 49//500
f 49//500 479//497 47//498
f 47//498 478//495 45//496
f 45//496 477//493 43//494
f 43//494 476//491 41//492
f 41//492 475//489 39//490
f 39//490 474//487 37//488
f 37//488 473//485 35//486
f 35//486 472//483 33//484
f 33//484 471//481 31//482
f 31//482 470//479 29//480
f 29//480 469//477 27//478
f 27//478 468//475 25//476
f 25//476 467//473 23//474
f 23//474 466//471 21//472
f 21//472 465//469 19//470
f 19//470 464//467 17//468
f 17//468 463//465 15//466
f 15//466 462//463 13//464
f 13//464 461//461 11//462
f 11//462 460//459 9//460
f 9//460 459//457 7//458
f 7//458 458//455 5//456
f 5//456 457//452 2//453
f 2//453 456//451 1//454
g bell_trim
f 665//737 667//739 666//738
f 668//740 669//741 667//739
f 670//741 671//742 669//741
f 672//743 673//744 671//742
f 674//745 675//746 673//744
f 676//747 677//748 675//746
f 678//748 679//749 677//748
f 680//750 666//751 679//749
f 666//738 682//754 681//753
f 667//739 683//741 682//754
f 669//741 684//755 683//741
f 671//742 685//756 684//755
f 673//744 686//757 685//756
f 675//746 687//748 686//757
f 677//748 688//758 687//748
f 679//749 681//759 688//758
f 681//753 690//761 689//760
f 682//754 691//741 690//761
f 683//741 692//762 691//741
f 684//755 693//763 692//762
f 685//756 694//764 693//763
f 686//757 695//748 694//764
f 687//748 696//765 695//748
f 688//758 689//766 696//765
f 689//760 698//768 697//767
f 690//761 699//741 698//768
f 691//741 700//769 699//741
f 692//762 701//770 700//769
f 693//763 702//771 701//770
f 694//764 703//748 702//771
f 695//748 704//772 703//748
f 696//765 697//773 704//772
f 697//767 706//775 705//774
f 698//768 707//741 706//775
f 699//741 708//776 707//741
f 700//769 709//777 708//776
f 701//770 710//778 709//777
f 702//771 711//748 710//778
f 703//748 712//779 711//748
f 704//772 705//780 712//779
f 705//774 714//782 713//781
f 706//775 715//741 714//782
f 707//741 716//783 715//741
f 708//776 717//784 716//783
f 709//777 718//785 717//784
f 710//778 719//748 718//785
f 711//748 720//786 719//748
f 712//779 713//787 720//786
f 713//781 722//789 721//788
f 714//782 723//741 722//789
f 715//741 724//790 723//741
f 716//783 725//791 724//790
f 717//784 726//792 725//791
f 718//785 727//748 726//792
f 719//748 728//793 727//748
f 720//786 721//794 728//793
f 721//788 730//796 729//795
f 722//789 731//741 730//796
f 723//741 732//797 731//741
f 724//790 733//798 732//797
f 725//791 734//799 733//798
f 726//792 735//748 734//799
f 727//748 736//800 735//748
f 728//793 729//801 736//800
f 729//795 738//803 737//802
f 730//796 739//741 738//803
f 731//741 740//804 739//741
f 732//797 741//805 740//804
f 733//798 742//806 741//805
f 734//799 743//748 742//806
f 735//748 744//807 743//748
f 736//800 737//808 744//807
f 737//802 746//810 745//809
f 738//803 747//741 746//810
f 739//741 748//811 747//741
f 740//804 749//812 748//811
f 741//805 750//813 749//812
f 742//806 751//748 750//813
f 743//748 752//814 751//748
f 744//807 745//815 752//814
f 745//809 754//817 753//816
f 746//810 755//818 754//817
f 747//741 756//819 755//818
f 748//811 757//820 756//819
f 749//812 758//821 757//820
f 750//813 759//822 758//821
f 751//748 760//823 759//822
f 752//814 753//824 760//823
f 753//816 762//826 761//825
f 754//817 763//818 762//826
f 755//818 764//827 763//818
f 756//819 765//828 764//827
f 757//820 766//829 765//828
f 758//821 767//822 766//829
f 759//822 768//830 767//822
f 760//823 761//831 768//830
f 761//825 770//833 769//832
f 762//826 771//818 770//833
f 763//818 772//834 771//818
f 764//827 773//835 772//834
f 765//828 774//836 773//835
f 766//829 775//822 774//836
f 767//822 776//837 775//822
f 768//830 769//838 776//837
f 769//832 778//840 777//839
f 770//833 779//818 778//840
f 771//818 780//841 779//818
f 772//834 781//842 780//841
f 773//835 782//843 781//842
f 774//836 783//822 782//843
f 775//822 784//844 783//822
f 776//837 777//845 784//844
f 777//839 786//847 785//846
f 778//840 787//818 786//847
f 779//818 788//848 787//818
f 780//841 789//849 788//848
f 781//842 790//850 789//849
f 782//843 791//822 790//850
f 783//822 792//851 791//822
f 784//844 785//852 792//851
f 785//846 794//854 793//853
f 786//847 795//818 794//854
f 787//818 796//855 795//818
f 788//848 797//856 796//855
f 789//849 798//857 797//856
f 790//850 799//822 798//857
f 791//822 800//858 799//822
f 792//851 793//859 800//858
f 793//853 802//861 801//860
f 794//854 803//818 802//861
f 795//818 804//862 803//818
f 796//855 805//863 804//862
f 797//856 806//864 805//863
f 798//857 807//822 806//864
f 799//822 808//865 807//822
f 800//858 801//866 808//865
f 801//860 810//868 809//867
f 802//861 811//818 810//868
f 803//818 812//869 811//818
f 804//862 813//870 812//869
f 805//863 814//871 813//870
f 806//864 815//822 814//871
f 807//822 816//872 815//822
f 808//865 809//873 816//872
f 809//867 818//875 817//874
f 810//868 819//818 818//875
f 811//818 820//876 819//818
f 812//869 821//877 820//876
f 813//870 822//878 821//877
f 814//871 823//822 822//878
f 815//822 824//879 823//822
f 816//872 817//880 824//879
f 817//874 826//882 825//881
f 818//875 827//818 826//882
f 819//818 828//883 827//818
f 820//876 829//884 828//883
f 821//877 830//885 829//884
f 822//878 831//822 830//885
f 823//822 832//886 831//822
f 824//879 825//887 832//886
f 825//881 834//742 833//744
f 826//882 835//888 834//742
f 827//818 836//739 835//888
f 828//883 837//738 836//739
f 829//884 838//749 837//738
f 830//885 839//889 838//749
f 831//822 840//746 839//889
f 832//886 833//890 840//746
f 833//744 842//755 841//756
f 834//742 843//888 842//755
f 835//888 844//754 843//888
f 836//739 845//753 844//754
f 837//738 846//758 845//753
f 838//749 847//889 846//758
f 839//889 848//757 847//889
f 840//746 841//891 848//757
f 841//756 850//762 849//763
f 842//755 851//888 850//762
f 843//888 852//761 851//888
f 844//754 853//760 852//761
f 845//753 854//765 853//760
f 846//758 855//889 854//765
f 847//889 856//764 855//889
f 848//757 849//892 856//764
f 849//763 858//769 857//770
f 850//762 859//888 858//769
f 851//888 860//768 859//888
f 852//761 861//767 860//768
f 853//760 862//772 861//767
f 854//765 863//889 862//772
f 855//889 864//771 863//889
f 856//764 857//893 864//771
f 857//770 866//776 865//777
f 858//769 867//888 866//776
f 859//888 868//775 867//888
f 860//768 869//774 868//775
f 861//767 870//779 869//774
f 862//772 871//889 870//779
f 863//889 872//778 871//889
f 864//771 865//894 872//778
f 865//777 874//783 873//784
f 866//776 875//888 874//783
f 867//888 876//782 875//888
f 868//775 877//781 876//782
f 869//774 878//786 877//781
f 870//779 879//889 878//786
f 871//889 880//785 879//889
f 872//778 873//895 880//785
f 873//784 882//790 881//791
f 874//783 883//888 882//790
f 875//888 884//789 883//888
f 876//782 885//788 884//789
f 877//781 886//793 885//788
f 878//786 887//889 886//793
f 879//889 888//792 887//889
f 880//785 881//896 888//792
f 881//791 890//797 889//798
f 882//790 891//888 890//797
f 883//888 892//796 891//888
f 884//789 893//795 892//796
f 885//788 894//800 893//795
f 886//793 895//889 894//800
f 887//889 896//799 895//889
f 888//792 889//897 896//799
f 889//798 898//804 897//805
f 890//797 899//888 898//804
f 891//888 900//803 899//888
f 892//796 901//802 900//803
f 893//795 902//807 901//802
f 894//800 903//889 902//807
f 895//889 904//806 903//889
f 896//799 897//898 904//806
f 897//805 906//811 905//812
f 898//804 907//888 906//811
f 899//888 908//810 907//888
f 900//803 909//809 908//810
f 901//802 910//814 909//809
f 902//807 911//889 910//814
f 903//889 912//813 911//889
f 904//806 905//899 912//813
f 905//812 914//819 913//820
f 906//811 915//900 914//819
f 907//888 916//817 915//900
f 908//810 917//816 916//817
f 909//809 918//823 917//816
f 910//814 919//901 918//823
f 911//889 920//821 919//901
f 912//813 913//902 920//821
f 913//820 922//827 921//828
f 914//819 923//900 922//827
f 915//900 924//826 923//900
f 916//817 925//825 924//826
f 917//816 926//830 925//825
f 918//823 927//901 926//830
f 919//901 928//829 927//901
f 920//821 921//903 928//829
f 921//828 930//834 929//835
f 922//827 931//900 930//834
f 923//900 932//833 931//900
f 924//826 933//832 932//833
f 925//825 934//837 933//832
f 926//830 935//901 934//837
f 927//901 936//836 935//901
f 928//829 929//904 936//836
f 929//835 938//841 937//842
f 930//834 939//900 938//841
f 931//900 940//840 939//900
f 932//833 941//839 940//840
f 933//832 942//844 941//839
f 934//837 943//901 942//844
f 935//901 944//843 943//901
f 936//836 937//905 944//843
f 937//842 946//848 945//849
f 938//841 947//900 946//848
f 939//900 948//847 947//900
f 940//840 949//846 948//847
f 941//839 950//851 949//846
f 942//844 951//901 950//851
f 943//901 952//850 951//901
f 944//843 945//906 952//850
f 945//849 954//855 953//856
f 946//848 955//900 954//855
f 947//900 956//854 955//900
f 948//847 957//853 956//854
f 949//846 958//858 957//853
f 950//851 959//901 958//858
f 951//901 960//857 959//901
f 952//850 953//907 960//857
f 953//856 962//862 961//863
f 954//855 963//900 962//862
f 955//900 964//861 963//900
f 956//854 965//860 964//861
f 957//853 966//865 965//860
f 958//858 967//901 966//865
f 959//901 968//864 967//901
f 960//857 961//908 968//864
f 961//863 970//869 969//870
f 962//862 971//900 970//869
f 963//900 972//868 971//900
f 964//861 973//867 972//868
f 965//860 974//872 973//867
f 966//865 975//901 974//872
f 967//901 976//871 975//901
f 968//864 969//909 976//871
f 969//870 978//876 977//877
f 970//869 979//900 978//876
f 971//900 980//875 979//900
f 972//868 981//874 980//875
f 973//867 982//879 981//874
f 974//872 983//901 982//879
f 975//901 984//878 983//901
f 976//871 977//910 984//878
f 977//877 986//883 985//884
f 978//876 987//900 986//883
f 979//900 988//882 987//900
f 980//875 989//881 988//882
f 981//874 990//886 989//881
f 982//879 991//901 990//886
f 983//901 992//885 991//901
f 984//878 985//911 992//885
f 993//737 995//739 994//738
f 996//740 997//741 995//739
f 998//741 999//742 997//741
f 1000//743 1001//744 999//742
f 1002//745 1003//746 1001//744
f 1004//747 1005//748 1003//746
f 1006//748 1007//749 1005//748
f 1008//750 994//751 1007//749
f 994//738 1010//754 1009//753
f 995//739 1011//741 1010//754
f 997//741 1012//755 1011//741
f 999//742 1013//756 1012//755
f 1001//744 1014//757 1013//756
f 1003//746 1015//748 1014//757
f 1005//748 1016//758 1015//748
f 1007//749 1009//759 1016//758
f 1009//753 1018//761 1017//760
f 1010//754 1019//741 1018//761
f 1011//741 1020//762 1019//741
f 1012//755 1021//763 1020//762
f 1013//756 1022//764 1021//763
f 1014//757 1023//748 1022//764
f 1015//748 1024//765 1023//748
f 1016//758 1017//766 1024//765
f 1017//760 1026//768 1025//767
f 1018//761 1027//741 1026//768
f 1019//741 1028//769 1027//741
f 1020//762 1029//770 1028//769
f 1021//763 1030//771 1029//770
f 1022//764 1031//748 1030//771
f 1023//748 1032//772 1031//748
f 1024//765 1025//773 1032//772
f 1025//767 1034//775 1033//774
f 1026//768 1035//741 1034//775
f 1027//741 1036//776 1035//741
f 1028//769 1037//777 1036//776
f 1029//770 1038//778 1037//777
f 1030//771 1039//748 1038//778
f 1031//748 1040//779 1039//748
f 1032//772 1033//780 1040//779
f 1033//774 1042//782 1041//781
f 1034//775 1043//741 1042//782
f 1035//741 1044//783 1043//741
f 1036//776 1045//784 1044//783
f 1037//777 1046//785 1045//784
f 1038//778 1047//748 1046//785
f 1039//748 1048//786 1047//748
f 1040//779 1041//787 1048//786
f 1041//781 1050//789 1049//788
f 1042//782 1051//741 1050//789
f 1043//741 1052//790 1051//741
f 1044//783 1053//791 1052//790
f 1045//784 1054//792 1053//791
f 1046//785 1055//748 1054//792
f 1047//748 1056//793 1055//748
f 1048//786 1049//794 1056//793
f 1049//788 1058//796 1057//795
f 1050//789 1059//741 1058//796
f 1051//741 1060//797 1059//741
f 1052//790 1061//798 1060//797
f 1053//791 1062//799 1061//798
f 1054//792 1063//748 1062//799
f 1055//748 1064//800 1063//748
f 1056//793 1057//801 1064//800
f 1057//795 1066//803 1065//802
f 1058//796 1067//741 1066//803
f 1059//741 1068//804 1067//741
f 1060//797 1069//805 1068//804
f 1061//798 1070//806 1069//805
f 1062//799 1071//748 1070//806
f 1063//748 1072//807 1071//748
f 1064//800 1065//808 1072//807
f 1065//802 1074//810 1073//809
f 1066//803 1075//741 1074//810
f 1067//741 1076//811 1075//741
f 1068//804 1077//812 1076//811
f 1069//805 1078//813 1077//812
f 1070//806 1079//748 1078//813
f 1071//748 1080//814 1079//748
f 1072//807 1073//815 1080//814
f 1073//809 1082//817 1081//816
f 1074//810 1083//818 1082//817
f 1075//741 1084//819 1083//818
f 1076//811 1085//820 1084//819
f 1077//812 1086//821 1085//820
f 1078//813 1087//822 1086//821
f 1079//748 1088//823 1087//822
f 1080//814 1081//824 1088//823
f 1081//816 1090//826 1089//825
f 1082//817 1091//818 1090//826
f 1083//818 1092//827 1091//818
f 1084//819 1093//828 1092//827
f 1085//820 1094//829 1093//828
f 1086//821 1095//822 1094//829
f 1087//822 1096//830 1095//822
f 1088//823 1089//831 1096//830
f 1089//825 1098//833 1097//832
f 1090//826 1099//818 1098//833
f 1091//818 1100//834 1099//818
f 1092//827 1101//835 1100//834
f 1093//828 1102//836 1101//835
f 1094//829 1103//822 1102//836
f 1095//822 1104//837 1103//822
f 1096//830 1097//838 1104//837
f 1097//832 1106//840 1105//839
f 1098//833 1107//818 1106//840
f 1099//818 1108//841 1107//818
f 1100//834 1109//842 1108//841
f 1101//835 1110//843 1109//842
f 1102//836 1111//822 1110//843
f 1103//822 1112//844 1111//822
f 1104//837 1105//845 1112//844
f 1105//839 1114//847 1113//846
f 1106//840 1115//818 1114//847
f 1107//818 1116//848 1115//818
f 1108//841 1117//849 1116//848
f 1109//842 1118//850 1117//849
f 1110//843 1119//822 1118//850
f 1111//822 1120//851 1119//822
f 1112//844 1113//852 1120//851
f 1113//846 1122//854 1121//853
f 1114//847 1123//818 1122//854
f 1115//818 1124//855 1123//818
f 1116//848 1125//856 1124//855
f 1117//849 1126//857 1125//856
f 1118//850 1127//822 1126//857
f 1119//822 1128//858 1127//822
f 1120//851 1121//859 1128//858
f 1121//853 1130//861 1129//860
f 1122//854 1131//818 1130//861
f 1123//818 1132//862 1131//818
f 1124//855 1133//863 1132//862
f 1125//856 1134//864 1133//863
f 1126//857 1135//822 1134//864
f 1127//822 1136//865 1135//822
f 1128//858 1129//866 1136//865
f 1129//860 1138//868 1137//867
f 1130//861 1139//818 1138//868
f 1131//818 1140//869 1139//818
f 1132//862 1141//870 1140//869
f 1133//863 1142//871 1141//870
f 1134//864 1143//822 1142//871
f 1135//822 1144//872 1143//822
f 1136//865 1137//873 1144//872
f 1137//867 1146//875 1145//874
f 1138//868 1147//818 1146//875
f 1139//818 1148//876 1147//818
f 1140//869 1149//877 1148//876
f 1141//870 1150//878 1149//877
f 1142//871 1151//822 1150//878
f 1143//822 1152//879 1151//822
f 1144//872 1145//880 1152//879
f 1145//874 1154//882 1153//881
f 1146//875 1155//818 1154//882
f 1147//818 1156//883 1155//818
f 1148//876 1157//884 1156//883
f 1149//877 1158//885 1157//884
f 1150//878 1159//822 1158//885
f 1151//822 1160//886 1159//822
f 1152//879 1153//887 1160//886
f 1153//881 1162//742 1161//744
f 1154//882 1163//888 1162//742
f 1155//818 1164//739 1163//888
f 1156//883 1165//738 1164//739
f 1157//884 1166//749 1165//738
f 1158//885 1167//889 1166//749
f 1159//822 1168//746 1167//889
f 1160//886 1161//890 1168//746
f 1161//744 1170//755 1169//756
f 1162//742 1171//888 1170//755
f 1163//888 1172//754 1171//888
f 1164//739 1173//753 1172//754
f 1165//738 1174//758 1173//753
f 1166//749 1175//889 1174//758
f 1167//889 1176//757 1175//889
f 1168//746 1169//891 1176//757
f 1169//756 1178//762 1177//763
f 1170//755 1179//888 1178//762
f 1171//888 1180//761 1179//888
f 1172//754 1181//760 1180//761
f 1173//753 1182//765 1181//760
f 1174//758 1183//889 1182//765
f 1175//889 1184//764 1183//889
f 1176//757 1177//892 1184//764
f 1177//763 1186//769 1185//770
f 1178//762 1187//888 1186//769
f 1179//888 1188//768 1187//888
f 1180//761 1189//767 1188//768
f 1181//760 1190//772 1189//767
f 1182//765 1191//889 1190//772
f 1183//889 1192//771 1191//889
f 1184//764 1185//893 1192//771
f 1185//770 1194//776 1193//777
f 1186//769 1195//888 1194//776
f 1187//888 1196//775 1195//888
f 1188//768 1197//774 1196//775
f 1189//767 1198//779 1197//774
f 1190//772 1199//889 1198//779
f 1191//889 1200//778 1199//889
f 1192//771 1193//894 1200//778
f 1193//777 1202//783 1201//784
f 1194//776 1203//888 1202//783
f 1195//888 1204//782 1203//888
f 1196//775 1205//781 1204//782
f 1197//774 1206//786 1205//781
f 1198//779 1207//889 1206//786
f 1199//889 1208//785 1207//889
f 1200//778 1201//895 1208//785
f 1201//784 1210//790 1209//791
f 1202//783 1211//888 1210//790
f 1203//888 1212//789 1211//888
f 1204//782 1213//788 1212//789
f 1205//781 1214//793 1213//788
f 1206//786 1215//889 1214//793
f 1207//889 1216//792 1215//889
f 1208//785 1209//896 1216//792
f 1209//791 1218//797 1217//798
f 1210//790 1219//888 1218//797
f 1211//888 1220//796 1219//888
f 1212//789 1221//795 1220//796
f 1213//788 1222//800 1221//795
f 1214//793 1223//889 1222//800
f 1215//889 1224//799 1223//889
f 1216//792 1217//897 1224//799
f 1217//798 1226//804 1225//805
f 1218//797 1227//888 1226//804
f 1219//888 1228//803 1227//888
f 1220//796 1229//802 1228//803
f 1221//795 1230//807 1229//802
f 1222//800 1231//889 1230//807
f 1223//889 1232//806 1231//889
f 1224//799 1225//898 1232//806
f 1225//805 1234//811 1233//812
f 1226//804 1235//888 1234//811
f 1227//888 1236//810 1235//888
f 1228//803 1237//809 1236//810
f 1229//802 1238//814 1237//809
f 1230//807 1239//889 1238//814
f 1231//889 1240//813 1239//889
f 1232//806 1233//899 1240//813
f 1233//812 1242//819 1241//820
f 1234//811 1243//900 1242//819
f 1235//888 1244//817 1243//900
f 1236//810 1245//816 1244//817
f 1237//809 1246//823 1245//816
f 1238//814 1247//901 1246//823
f 1239//889 1248//821 1247//901
f 1240//813 1241//902 1248//821
f 1241//820 1250//827 1249//828
f 1242//819 1251//900 1250//827
f 1243//900 1252//826 1251//900
f 1244//817 1253//825 1252//826
f 1245//816 1254//830 1253//825
f 1246//823 1255//901 1254//830
f 1247//901 1256//829 1255//901
f 1248//821 1249//903 1256//829
f 1249//828 1258//834 1257//835
f 1250//827 1259//900 1258//834
f 1251//900 1260//833 1259//900
f 1252//826 1261//832 1260//833
f 1253//825 1262//837 1261//832
f 1254//830 1263//901 1262//837
f 1255//901 1264//836 1263//901
f 1256//829 1257//904 1264//836
f 1257//835 1266//841 1265//842
f 1258//834 1267//900 1266//841
f 1259//900 1268//840 1267//900
f 1260//833 1269//839 1268//840
f 1261//832 1270//844 1269//839
f 1262//837 1271//901 1270//844
f 1263//901 1272//843 1271//901
f 1264//836 1265//905 1272//843
f 1265//842 1274//848 1273//849
f 1266//841 1275//900 1274//848
f 1267//900 1276//847 1275//900
f 1268//840 1277//846 1276//847
f 1269//839 1278//851 1277//846
f 1270//844 1279//901 1278//851
f 1271//901 1280//850 1279//901
f 1272//843 1273//906 1280//850
f 1273//849 1282//855 1281//856
f 1274//848 1283//900 1282//855
f 1275//900 1284//854 1283//900
f 1276//847 1285//853 1284//854
f 1277//846 1286//858 1285//853
f 1278//851 1287//901 1286//858
f 1279//901 1288//857 1287//901
f 1280//850 1281//907 1288//857
f 1281//856 1290//862 1289//863
f 1282//855 1291//900 1290//862
f 1283//900 1292//861 1291//900
f 1284//854 1293//860 1292//861
f 1285//853 1294//865 1293//860
f 1286//858 1295//901 1294//865
f 1287//901 1296//864 1295//901
f 1288//857 1289//908 1296//864
f 1289//863 1298//869 1297//870
f 1290//862 1299//900 1298//869
f 1291//900 1300//868 1299//900
f 1292//861 1301//867 1300//868
f 1293//860 1302//872 1301//867
f 1294//865 1303//901 1302//872
f 1295//901 1304//871 1303//901
f 1296//864 1297//909 1304//871
f 1297//870 1306//876 1305//877
f 1298//869 1307//900 1306//876
f 1299//900 1308//875 1307//900
f 1300//868 1309//874 1308//875
f 1301//867 1310//879 1309//874
f 1302//872 1311//901 1310//879
f 1303//901 1312//878 1311//901
f 1304//871 1305//910 1312//878
f 1305//877 1314//883 1313//884
f 1306//876 1315//900 1314//883
f 1307//900 1316//882 1315//900
f 1308//875 1317//881 1316//882
f 1309//874 1318//886 1317//881
f 1310//879 1319//901 1318//886
f 1311//901 1320//885 1319//901
f 1312//878 1313//911 1320//885
f 1321//912 1323//741 1322//913
f 1324//914 1322//913 1325//915
f 1326//916 1325//915 1327//917
f 1328//737 1327//917 1329//918
f 1330//919 1329//918 1331//920
f 1332//921 1331//920 1333//922
f 1334//923 1333//922 1335//924
f 1336//889 1334//923 1335//924
f 1322//913 1323//741 1337//925
f 1325//915 1337//925 1338//926
f 1327//917 1338//926 1339//927
f 1329//918 1339//927 1340//928
f 1331//920 1340//928 1341//929
f 1333//922 1341//929 1342//930
f 1335//924 1342//930 1343//931
f 1336//889 1335//924 1343//931
f 1337//925 1323//741 1344//932
f 1338//926 1344//932 1345//933
f 1339//927 1345//933 1346//934
f 1340//928 1346//934 1347//774
f 1341//929 1347//774 1348//935
f 1342//930 1348//935 1349//936
f 1343//931 1349//936 1350//937
f 1336//889 1343//931 1350//937
f 1344//932 1323//741 1351//938
f 1345//933 1351//938 1352//939
f 1346//934 1352//939 1353//940
f 1347//774 1353//940 1354//941
f 1348//935 1354//941 1355//942
f 1349//936 1355//942 1356//943
f 1350//937 1356//943 1357//944
f 1336//889 1350//937 1357//944
f 1351//938 1323//741 1358//945
f 1352//939 1358//945 1359//946
f 1353//940 1359//946 1360//947
f 1354//941 1360//947 1361//948
f 1355//942 1361//948 1362//949
f 1356//943 1362//949 1363//950
f 1357//944 1363//950 1364//951
f 1336//889 1357//944 1364//951
f 1358//945 1323//741 1365//952
f 1359//946 1365//952 1366//953
f 1360//947 1366//953 1367//954
f 1361//948 1367//954 1368//809
f 1362//949 1368//809 1369//955
f 1363//950 1369//955 1370//956
f 1364//951 1370//956 1371//957
f 1336//889 1364//951 1371//957
f 1365//952 1323//741 1372//958
f 1366//953 1372//958 1373//959
f 1367//954 1373//959 1374//960
f 1368//809 1374//960 1375//961
f 1369//955 1375//961 1376//962
f 1370//956 1376//962 1377//963
f 1371//957 1377//963 1378//964
f 1379//901 1371//957 1378//964
f 1372//958 1323//818 1380//965
f 1373//959 1380//965 1381//966
f 1374//960 1381//966 1382//967
f 1375//961 1382//967 1383//968
f 1376//962 1383//968 1384//969
f 1377//963 1384//969 1385//970
f 1378//964 1385//970 1386//971
f 1379//901 1378//964 1386//971
f 1380//965 1323//818 1387//972
f 1381//966 1387//972 1388//973
f 1382//967 1388//973 1389//974
f 1383//968 1389//974 1390//846
f 1384//969 1390//846 1391//975
f 1385//970 1391//975 1392//976
f 1386//971 1392//976 1393//977
f 1379//901 1386//971 1393//977
f 1387//972 1323//818 1394//978
f 1388//973 1394//978 1395//979
f 1389//974 1395//979 1396//980
f 1390//846 1396//980 1397//981
f 1391//975 1397//981 1398//982
f 1392//976 1398//982 1399//983
f 1393//977 1399//983 1400//984
f 1379//901 1393//977 1400//984
f 1394//978 1323//818 1401//985
f 1395//979 1401//985 1402//986
f 1396//980 1402//986 1403//987
f 1397//981 1403//987 1404//988
f 1398//982 1404//988 1405//989
f 1399//983 1405//989 1406//990
f 1400//984 1406//990 1407//991
f 1379//901 1400//984 1407//991
f 1401//985 1323//818 1408//992
f 1402//986 1408//992 1409//993
f 1403//987 1409//993 1410//994
f 1404//988 1410//994 1411//881
f 1405//989 1411//881 1412//995
f 1406//990 1412//995 1413//996
f 1407//991 1413//996 1414//997
f 1379//901 1407//991 1414//997
f 1408//992 1323//818 1415//998
f 1409//993 1415//998 1416//999
f 1410//994 1416//999 1417//1000
f 1411//881 1417//1000 1418//1001
f 1412//995 1418//1001 1419//1002
f 1413//996 1419//1002 1420//1003
f 1414//997 1420//1003 1421//1004
f 1422//748 1414//997 1421//1004
f 1415//998 1323//888 1423//1005
f 1416//999 1423//1005 1424//1006
f 1417//1000 1424//1006 1425//1007
f 1418//1001 1425//1007 1426//1008
f 1419//1002 1426//1008 1427//1009
f 1420//1003 1427//1009 1428//1010
f 1421//1004 1428//1010 1429//1011
f 1422//748 1421//1004 1429//1011
f 1423//1005 1323//888 1430//1012
f 1424//1006 1430//1012 1431//1013
f 1425//1007 1431//1013 1432//1014
f 1426//1008 1432//1014 1433//777
f 1427//1009 1433//777 1434//1015
f 1428//1010 1434//1015 1435//1016
f 1429//1011 1435//1016 1436//1017
f 1422//748 1429//1011 1436//1017
f 1430//1012 1323//888 1437//1018
f 1431//1013 1437//1018 1438//1019
f 1432//1014 1438//1019 1439//1020
f 1433//777 1439//1020 1440//1021
f 1434//1015 1440//1021 1441//1022
f 1435//1016 1441//1022 1442//1023
f 1436//1017 1442//1023 1443//1024
f 1422//748 1436//1017 1443//1024
f 1437//1018 1323//888 1444//1025
f 1438//1019 1444//1025 1445//1026
f 1439//1020 1445//1026 1446//1027
f 1440//1021 1446//1027 1447//1028
f 1441//1022 1447//1028 1448//1029
f 1442//1023 1448//1029 1449//1030
f 1443//1024 1449//1030 1450//1031
f 1422//748 1443//1024 1450//1031
f 1444//1025 1323//888 1451//1032
f 1445//1026 1451//1032 1452//1033
f 1446//1027 1452//1033 1453//1034
f 1447//1028 1453//1034 1454//812
f 1448//1029 1454//812 1455//1035
f 1449//1030 1455//1035 1456//1036
f 1450//1031 1456//1036 1457//1037
f 1422//748 1450//1031 1457//1037
f 1451//1032 1323//888 1458//1038
f 1452//1033 1458//1038 1459//1039
f 1453//1034 1459//1039 1460//1040
f 1454//812 1460//1040 1461//1041
f 1455//1035 1461//1041 1462//1042
f 1456//1036 1462//1042 1463//1043
f 1457//1037 1463//1043 1464//1044
f 1465//822 1457//1037 1464//1044
f 1458//1038 1323//900 1466//1045
f 1459//1039 1466//1045 1467//1046
f 1460//1040 1467//1046 1468//1047
f 1461//1041 1468//1047 1469//1048
f 1462//1042 1469//1048 1470//1049
f 1463//1043 1470//1049 1471//1050
f 1464//1044 1471//1050 1472//1051
f 1465//822 1464//1044 1472//1051
f 1466//1045 1323//900 1473//1052
f 1467//1046 1473//1052 1474//1053
f 1468//1047 1474//1053 1475//1054
f 1469//1048 1475//1054 1476//849
f 1470//1049 1476//849 1477//1055
f 1471//1050 1477//1055 1478//1056
f 1472//1051 1478//1056 1479//1057
f 1465//822 1472//1051 1479//1057
f 1473//1052 1323//900 1480//1058
f 1474//1053 1480//1058 1481//1059
f 1475//1054 1481//1059 1482//1060
f 1476//849 1482//1060 1483//1061
f 1477//1055 1483//1061 1484//1062
f 1478//1056 1484//1062 1485//1063
f 1479//1057 1485//1063 1486//1064
f 1465//822 1479//1057 1486//1064
f 1480//1058 1323//900 1487//1065
f 1481//1059 1487//1065 1488//1066
f 1482//1060 1488//1066 1489//1067
f 1483//1061 1489//1067 1490//1068
f 1484//1062 1490//1068 1491//1069
f 1485//1063 1491//1069 1492//1070
f 1486//1064 1492//1070 1493//1071
f 1465//822 1486//1064 1493//1071
f 1487//1065 1323//900 1494//1072
f 1488//1066 1494//1072 1495//1073
f 1489//1067 1495//1073 1496//1074
f 1490//1068 1496//1074 1497//884
f 1491//1069 1497//884 1498//1075
f 1492//1070 1498//1075 1499//1076
f 1493//1071 1499//1076 1500//1077
f 1465//822 1493//1071 1500//1077
f 1501//774 1503//1079 1502//1078
f 1505//809 1502//1078 1506//809
f 1507//852 1506//809 1508//1080
f 1509//887 1508//1080 1510//1081
f 1511//894 1510//1081 1512//1082
f 1513//899 1512//1082 1514//899
f 1515//849 1514//899 1516//1083
f 1517//884 1516//1083 1518//1084
f 1502//1078 1520//1086 1519//1085
f 1506//809 1519//1085 1521//809
f 1508//1080 1521//809 1522//1087
f 1510//1081 1522//1087 1523//1088
f 1512//1082 1523//1088 1524//1089
f 1514//899 1524//1089 1525//899
f 1516//1083 1525//899 1526//1090
f 1518//1084 1526//1090 1527//1091
f 1519//1085 1529//740 1528//1092
f 1521//809 1528//1092 1530//809
f 1522//1087 1530//809 1531//1093
f 1523//1088 1531//1093 1532//886
f 1524//1089 1532//886 1533//1094
f 1525//899 1533//1094 1534//899
f 1526//1090 1534//899 1535//1095
f 1527//1091 1535//1095 1536//883
f 1528//1092 1538//1097 1537//1096
f 1530//809 1537//1096 1539//809
f 1531//1093 1539//809 1540//1098
f 1532//886 1540//1098 1541//1099
f 1533//1094 1541//1099 1542//1100
f 1534//899 1542//1100 1543//899
f 1535//1095 1543//899 1544//1101
f 1536//883 1544//1101 1545//1102
f 1537//1096 1547//1104 1546//1103
f 1539//809 1546//1103 1548//809
f 1540//1098 1548//809 1549//1105
f 1541//1099 1549//1105 1550//1106
f 1542//1100 1550//1106 1551//1107
f 1543//899 1551//1107 1552//899
f 1544//1101 1552//899 1553//1108
f 1545//1102 1553//1108 1554//1109
f 1546//1103 1556//741 1555//810
f 1548//809 1555//810 1557//809
f 1549//1105 1557//809 1558//1110
f 1550//1106 1558//1110 1559//901
f 1551//1107 1559//901 1560//813
f 1552//899 1560//813 1561//899
f 1553//1108 1561//899 1562//1111
f 1554//1109 1562//1111 1563//900
f 1555//810 1565//1113 1564//1112
f 1557//809 1564//1112 1566//1114
f 1558//1110 1566//1114 1567//1115
f 1559//901 1567//1115 1568//1116
f 1560//813 1568//1116 1569//1117
f 1561//899 1569//1117 1570//1118
f 1562//1111 1570//1118 1571//1119
f 1563//900 1571//1119 1572//1120
f 1564//1112 1574//1122 1573//1121
f 1566//1114 1573//1121 1575//1114
f 1567//1115 1575//1114 1576//1123
f 1568//1116 1576//1123 1577//1124
f 1569//1117 1577//1124 1578//1125
f 1570//1118 1578//1125 1579//1118
f 1571//1119 1579//1118 1580//1126
f 1572//1120 1580//1126 1581//1127
f 1573//1121 1583//882 1582//1128
f 1575//1114 1582//1128 1584//1114
f 1576//1123 1584//1114 1585//1129
f 1577//1124 1585//1129 1586//750
f 1578//1125 1586//750 1587//1130
f 1579//1118 1587//1130 1588//1118
f 1580//1126 1588//1118 1589//1131
f 1581//1127 1589//1131 1590//743
f 1582//1128 1592//1133 1591//1132
f 1584//1114 1591//1132 1593//1114
f 1585//1129 1593//1114 1594//1134
f 1586//750 1594//1134 1595//1135
f 1587//1130 1595//1135 1596//1136
f 1588//1118 1596//1136 1597//1118
f 1589//1131 1597//1118 1598//1137
f 1590//743 1598//1137 1599//1138
f 1591//1132 1601//1140 1600//1139
f 1593//1114 1600//1139 1602//1114
f 1594//1134 1602//1114 1603//1141
f 1595//1135 1603//1141 1604//1142
f 1596//1136 1604//1142 1605//1143
f 1597//1118 1605//1143 1606//1118
f 1598//1137 1606//1118 1607//1144
f 1599//1138 1607//1144 1608//1145
f 1600//1139 1610//881 1609//846
f 1602//1114 1609//846 1611//1114
f 1603//1141 1611//1114 1612//780
f 1604//1142 1612//780 1613//752
f 1605//1143 1613//752 1614//906
f 1606//1118 1614//906 1615//1118
f 1607//1144 1615//1118 1616//777
f 1608//1145 1616//777 1617//745
f 1609//846 1619//1081 1618//1080
f 1611//1114 1618//1080 1620//1146
f 1612//780 1620//1146 1621//1078
f 1613//752 1621//1078 1622//1079
f 1614//906 1622//1079 1623//1083
f 1615//1118 1623//1083 1624//1147
f 1616//777 1624//1147 1625//1082
f 1617//745 1625//1082 1626//1148
f 1618//1080 1628//1088 1627//1087
f 1620//1146 1627//1087 1629//1146
f 1621//1078 1629//1146 1630//1085
f 1622//1079 1630//1085 1631//1086
f 1623//1083 1631//1086 1632//1090
f 1624//1147 1632//1090 1633//1147
f 1625//1082 1633//1147 1634//1089
f 1626//1148 1634//1089 1635//1149
f 1627//1087 1637//886 1636//1093
f 1629//1146 1636//1093 1638//1146
f 1630//1085 1638//1146 1639//1092
f 1631//1086 1639//1092 1640//740
f 1632//1090 1640//740 1641//1095
f 1633//1147 1641//1095 1642//1147
f 1634//1089 1642//1147 1643//1094
f 1635//1149 1643//1094 1644//747
f 1636//1093 1646//1099 1645//1098
f 1638//1146 1645//1098 1647//1146
f 1639//1092 1647//1146 1648//1096
f 1640//740 1648//1096 1649//1097
f 1641//1095 1649//1097 1650//1101
f 1642//1147 1650//1101 1651//1147
f 1643//1094 1651//1147 1652//1100
f 1644//747 1652//1100 1653//1150
f 1645//1098 1655//1106 1654//1105
f 1647//1146 1654//1105 1656//1146
f 1648//1096 1656//1146 1657//1103
f 1649//1097 1657//1103 1658//1104
f 1650//1101 1658//1104 1659//1108
f 1651//1147 1659//1108 1660//1147
f 1652//1100 1660//1147 1661//1107
f 1653//1150 1661//1107 1662//1151
f 1654//1105 1664//901 1663//1110
f 1656//1146 1663//1110 1665//1146
f 1657//1103 1665//1146 1666//810
f 1658//1104 1666//810 1667//741
f 1659//1108 1667//741 1668//1111
f 1660//1147 1668//1111 1669//1147
f 1661//1107 1669//1147 1670//813
f 1662//1151 1670//813 1671//748
f 1663//1110 1673//1116 1672//1115
f 1665//1146 1672//1115 1674//815
f 1666//810 1674//815 1675//1112
f 1667//741 1675//1112 1676//1113
f 1668//1111 1676//1113 1677//1119
f 1669//1147 1677//1119 1678//812
f 1670//813 1678//812 1679//1117
f 1671//748 1679//1117 1680//1152
f 1672//1115 1682//1124 1681//1123
f 1674//815 1681//1123 1683//815
f 1675//1112 1683//815 1684//1121
f 1676//1113 1684//1121 1685//1122
f 1677//1119 1685//1122 1686//1126
f 1678//812 1686//1126 1687//812
f 1679//1117 1687//812 1688//1125
f 1680//1152 1688//1125 1689//1153
f 1681//1123 1691//750 1690//1129
f 1683//815 1690//1129 1692//815
f 1684//1121 1692//815 1693//1128
f 1685//1122 1693//1128 1694//882
f 1686//1126 1694//882 1695//1131
f 1687//812 1695//1131 1696//812
f 1688//1125 1696//812 1697//1130
f 1689//1153 1697//1130 1698//885
f 1690//1129 1700//1135 1699//1134
f 1692//815 1699//1134 1701//815
f 1693//1128 1701//815 1702//1132
f 1694//882 1702//1132 1703//1133
f 1695//1131 1703//1133 1704//1137
f 1696//812 1704//1137 1705//812
f 1697//1130 1705//812 1706//1136
f 1698//885 1706//1136 1707//1154
f 1699//1134 1709//1142 1708//1141
f 1701//815 1708//1141 1710//815
f 1702//1132 1710//815 1711//1139
f 1703//1133 1711//1139 1712//1140
f 1704//1137 1712//1140 1713//1144
f 1705//812 1713//1144 1714//812
f 1706//1136 1714//812 1715//1143
f 1707//1154 1715//1143 1716//1155
f 1708//1141 1504//752 1501//780
f 1710//815 1501//780 1505//815
f 1711//1139 1505//815 1507//846
f 1712//1140 1507//846 1509//881
f 1713//1144 1509//881 1511//777
f 1714//812 1511//777 1513//812
f 1715//1143 1513//812 1515//906
f 1716//1155 1515//906 1517//911
f 1757//1104 1759//741 1758//1156
f 1760//1097 1758//1156 1761//1157
f 1762//740 1761//1157 1763//1158
f 1764//1086 1763//1158 1765//1159
f 1766//1079 1765//1159 1767//1160
f 1768//737 1767//1160 1769//918
f 1770//1142 1769//918 1771//1161
f 1772//1135 1771//1161 1773//1162
f 1774//750 1773//1162 1775//1163
f 1776//1124 1775//1163 1777//1164
f 1778//1116 1777//1164 1779//1165
f 1780//889 1778//1116 1779//1165
f 1758//1156 1759//741 1781//1166
f 1761//1157 1781//1166 1782//1167
f 1763//1158 1782//1167 1783//1168
f 1765//1159 1783//1168 1784//1169
f 1767//1160 1784//1169 1785//1170
f 1769//918 1785//1170 1786//928
f 1771//1161 1786//928 1787//1171
f 1773//1162 1787//1171 1788//1172
f 1775//1163 1788//1172 1789//1173
f 1777//1164 1789//1173 1790//1174
f 1779//1165 1790//1174 1791//1175
f 1780//889 1779//1165 1791//1175
f 1781//1166 1759//741 1792//1176
f 1782//1167 1792//1176 1793//1177
f 1783//1168 1793//1177 1794//775
f 1784//1169 1794//775 1795//1178
f 1785//1170 1795//1178 1796//1179
f 1786//928 1796//1179 1797//774
f 1787//1171 1797//774 1798//1180
f 1788//1172 1798//1180 1799//1181
f 1789//1173 1799//1181 1800//779
f 1790//1174 1800//779 1801//1182
f 1791//1175 1801//1182 1802//1183
f 1780//889 1791//1175 1802//1183
f 1792//1176 1759//741 1803//1184
f 1793//1177 1803//1184 1804//1185
f 1794//775 1804//1185 1805//1186
f 1795//1178 1805//1186 1806//1187
f 1796//1179 1806//1187 1807//1188
f 1797//774 1807//1188 1808//941
f 1798//1180 1808//941 1809//1189
f 1799//1181 1809//1189 1810//1190
f 1800//779 1810//1190 1811//1191
f 1801//1182 1811//1191 1812//1192
f 1802//1183 1812//1192 1813//1193
f 1780//889 1802//1183 1813//1193
f 1803//1184 1759//741 1814//1194
f 1804//1185 1814//1194 1815//1195
f 1805//1186 1815//1195 1816//1196
f 1806//1187 1816//1196 1817//1197
f 1807//1188 1817//1197 1818//1198
f 1808//941 1818//1198 1819//948
f 1809//1189 1819//948 1820//1199
f 1810//1190 1820//1199 1821//1200
f 1811//1191 1821//1200 1822//1201
f 1812//1192 1822//1201 1823//1202
f 1813//1193 1823//1202 1824//1203
f 1780//889 1813//1193 1824//1203
f 1814//1194 1759//741 1825//1204
f 1815//1195 1825//1204 1826//1205
f 1816//1196 1826//1205 1827//810
f 1817//1197 1827//810 1828//1206
f 1818//1198 1828//1206 1829//1207
f 1819//948 1829//1207 1830//809
f 1820//1199 1830//809 1831//1208
f 1821//1200 1831//1208 1832//1209
f 1822//1201 1832//1209 1833//814
f 1823//1202 1833//814 1834//1210
f 1824//1203 1834//1210 1835//1211
f 1780//889 1824//1203 1835//1211
f 1825//1204 1759//741 1836//1212
f 1826//1205 1836//1212 1837//1213
f 1827//810 1837//1213 1838//1214
f 1828//1206 1838//1214 1839//1215
f 1829//1207 1839//1215 1840//1216
f 1830//809 1840//1216 1841//961
f 1831//1208 1841//961 1842//1217
f 1832//1209 1842//1217 1843//1218
f 1833//814 1843//1218 1844//1219
f 1834//1210 1844//1219 1845//1220
f 1835//1211 1845//1220 1846//1221
f 1847//901 1835//1211 1846//1221
f 1836//1212 1759//818 1848//1222
f 1837//1213 1848//1222 1849//1223
f 1838//1214 1849//1223 1850//1224
f 1839//1215 1850//1224 1851//1225
f 1840//1216 1851//1225 1852//1226
f 1841//961 1852//1226 1853//968
f 1842//1217 1853//968 1854//1227
f 1843//1218 1854//1227 1855//1228
f 1844//1219 1855//1228 1856//1229
f 1845//1220 1856//1229 1857//1230
f 1846//1221 1857//1230 1858//1231
f 1847//901 1846//1221 1858//1231
f 1848//1222 1759//818 1859//1232
f 1849//1223 1859//1232 1860//1233
f 1850//1224 1860//1233 1861//847
f 1851//1225 1861//847 1862//1234
f 1852//1226 1862//1234 1863//1235
f 1853//968 1863//1235 1864//846
f 1854//1227 1864//846 1865//1236
f 1855//1228 1865//1236 1866//1237
f 1856//1229 1866//1237 1867//851
f 1857//1230 1867//851 1868//1238
f 1858//1231 1868//1238 1869//1239
f 1847//901 1858//1231 1869//1239
f 1859//1232 1759//818 1870//1240
f 1860//1233 1870//1240 1871//1241
f 1861//847 1871//1241 1872//1242
f 1862//1234 1872//1242 1873//1243
f 1863//1235 1873//1243 1874//1244
f 1864//846 1874//1244 1875//981
f 1865//1236 1875//981 1876//1245
f 1866//1237 1876//1245 1877//1246
f 1867//851 1877//1246 1878//1247
f 1868//1238 1878//1247 1879//1248
f 1869//1239 1879//1248 1880//1249
f 1847//901 1869//1239 1880//1249
f 1870//1240 1759//818 1881//1250
f 1871//1241 1881//1250 1882//1251
f 1872//1242 1882//1251 1883//1252
f 1873//1243 1883//1252 1884//1253
f 1874//1244 1884//1253 1885//1254
f 1875//981 1885//1254 1886//988
f 1876//1245 1886//988 1887//1255
f 1877//1246 1887//1255 1888//1256
f 1878//1247 1888//1256 1889//1257
f 1879//1248 1889//1257 1890//1258
f 1880//1249 1890//1258 1891//1259
f 1847//901 1880//1249 1891//1259
f 1881//1250 1759//818 1892//1113
f 1882//1251 1892//1113 1893//1122
f 1883//1252 1893//1122 1894//882
f 1884//1253 1894//882 1895//1133
f 1885//1254 1895//1133 1896//1140
f 1886//988 1896//1140 1897//881
f 1887//1255 1897//881 1898//1081
f 1888//1256 1898//1081 1899//1088
f 1889//1257 1899//1088 1900//886
f 1890//1258 1900//886 1901//1099
f 1891//1259 1901//1099 1902//1106
f 1847//901 1891//1259 1902//1106
f 1892//1113 1759//818 1903//1260
f 1893//1122 1903//1260 1904//1261
f 1894//882 1904//1261 1905//1262
f 1895//1133 1905//1262 1906//1263
f 1896//1140 1906//1263 1907//1264
f 1897//881 1907//1264 1908//1001
f 1898//1081 1908//1001 1909//1265
f 1899//1088 1909//1265 1910//1266
f 1900//886 1910//1266 1911//1267
f 1901//1099 1911//1267 1912//1268
f 1902//1106 1912//1268 1913//1269
f 1914//748 1902//1106 1913//1269
f 1903//1260 1759//888 1915//1270
f 1904//1261 1915//1270 1916//1271
f 1905//1262 1916//1271 1917//1272
f 1906//1263 1917//1272 1918//1273
f 1907//1264 1918//1273 1919//1274
f 1908//1001 1919//1274 1920//1008
f 1909//1265 1920//1008 1921//1275
f 1910//1266 1921//1275 1922//1276
f 1911//1267 1922//1276 1923//1277
f 1912//1268 1923//1277 1924//1278
f 1913//1269 1924//1278 1925//1279
f 1914//748 1913//1269 1925//1279
f 1915//1270 1759//888 1926//1280
f 1916//1271 1926//1280 1927//1281
f 1917//1272 1927//1281 1928//776
f 1918//1273 1928//776 1929//1282
f 1919//1274 1929//1282 1930//1283
f 1920//1008 1930//1283 1931//777
f 1921//1275 1931//777 1932//1284
f 1922//1276 1932//1284 1933//1285
f 1923//1277 1933//1285 1934//778
f 1924//1278 1934//778 1935//1286
f 1925//1279 1935//1286 1936//1287
f 1914//748 1925//1279 1936//1287
f 1926//1280 1759//888 1937//1288
f 1927//1281 1937//1288 1938//1289
f 1928//776 1938//1289 1939//1290
f 1929//1282 1939//1290 1940//1291
f 1930//1283 1940//1291 1941//1292
f 1931//777 1941//1292 1942//1021
f 1932//1284 1942//1021 1943//1293
f 1933//1285 1943//1293 1944//1294
f 1934//778 1944//1294 1945//1295
f 1935//1286 1945//1295 1946//1296
f 1936//1287 1946//1296 1947//1297
f 1914//748 1936//1287 1947//1297
f 1937//1288 1759//888 1948//1298
f 1938//1289 1948//1298 1949//1299
f 1939//1290 1949//1299 1950//1300
f 1940//1291 1950//1300 1951//1301
f 1941//1292 1951//1301 1952//1302
f 1942//1021 1952//1302 1953//1028
f 1943//1293 1953//1028 1954//1303
f 1944//1294 1954//1303 1955//1304
f 1945//1295 1955//1304 1956//1305
f 1946//1296 1956//1305 1957//1306
f 1947//1297 1957//1306 1958//1307
f 1914//748 1947//1297 1958//1307
f 1948//1298 1759//888 1959//1308
f 1949//1299 1959//1308 1960//1309
f 1950//1300 1960//1309 1961//811
f 1951//1301 1961//811 1962//1310
f 1952//1302 1962//1310 1963//1311
f 1953//1028 1963//1311 1964//812
f 1954//1303 1964//812 1965//1312
f 1955//1304 1965//1312 1966//1313
f 1956//1305 1966//1313 1967//813
f 1957//1306 1967//813 1968//1314
f 1958//1307 1968//1314 1969//1315
f 1914//748 1958//1307 1969//1315
f 1959//1308 1759//888 1970//1316
f 1960//1309 1970//1316 1971//1317
f 1961//811 1971//1317 1972//1318
f 1962//1310 1972//1318 1973//1319
f 1963//1311 1973//1319 1974//1320
f 1964//812 1974//1320 1975//1041
f 1965//1312 1975//1041 1976//1321
f 1966//1313 1976//1321 1977//1322
f 1967//813 1977//1322 1978//1323
f 1968//1314 1978//1323 1979//1324
f 1969//1315 1979//1324 1980//1325
f 1981//822 1969//1315 1980//1325
f 1970//1316 1759//900 1982//1326
f 1971//1317 1982//1326 1983//1327
f 1972//1318 1983//1327 1984//1328
f 1973//1319 1984//1328 1985//1329
f 1974//1320 1985//1329 1986//1330
f 1975//1041 1986//1330 1987//1048
f 1976//1321 1987//1048 1988//1331
f 1977//1322 1988//1331 1989//1332
f 1978//1323 1989//1332 1990//1333
f 1979//1324 1990//1333 1991//1334
f 1980//1325 1991//1334 1992//1335
f 1981//822 1980//1325 1992//1335
f 1982//1326 1759//900 1993//1336
f 1983//1327 1993//1336 1994//1337
f 1984//1328 1994//1337 1995//848
f 1985//1329 1995//848 1996//1338
f 1986//1330 1996//1338 1997//1339
f 1987//1048 1997//1339 1998//849
f 1988//1331 1998//849 1999//1340
f 1989//1332 1999//1340 2000//1341
f 1990//1333 2000//1341 2001//850
f 1991//1334 2001//850 2002//1342
f 1992//1335 2002//1342 2003//1343
f 1981//822 1992//1335 2003//1343
f 1993//1336 1759//900 2004//1344
f 1994//1337 2004//1344 2005//1345
f 1995//848 2005//1345 2006//1346
f 1996//1338 2006//1346 2007//1347
f 1997//1339 2007//1347 2008//1348
f 1998//849 2008//1348 2009//1061
f 1999//1340 2009//1061 2010//1349
f 2000//1341 2010//1349 2011//1350
f 2001//850 2011//1350 2012//1351
f 2002//1342 2012//1351 2013//1352
f 2003//1343 2013//1352 2014//1353
f 1981//822 2003//1343 2014//1353
f 2004//1344 1759//900 2015//1354
f 2005//1345 2015//1354 2016//1355
f 2006//1346 2016//1355 2017//1356
f 2007//1347 2017//1356 2018//1357
f 2008//1348 2018//1357 2019//1358
f 2009//1061 2019//1358 2020//1068
f 2010//1349 2020//1068 2021//1359
f 2011//1350 2021//1359 2022//1360
f 2012//1351 2022//1360 2023//1361
f 2013//1352 2023//1361 2024//1362
f 2014//1353 2024//1362 2025//1363
f 1981//822 2014//1353 2025//1363
f 2015//1354 1759//900 2026//1109
f 2016//1355 2026//1109 2027//1102
f 2017//1356 2027//1102 2028//883
f 2018//1357 2028//883 2029//1091
f 2019//1358 2029//1091 2030//1084
f 2020//1068 2030//1084 2031//884
f 2021//1359 2031//884 2032//1155
f 2022//1360 2032//1155 2033//1154
f 2023//1361 2033//1154 2034//885
f 2024//1362 2034//885 2035//1153
f 2025//1363 2035//1153 2036//1152
f 1981//822 2025//1363 2036//1152
f 2035//1153 2025//1363 2024//1362
f 2034//885 2024//1362 2023//1361
f 2033//1154 2023//1361 2022//1360
f 2032//1155 2022//1360 2021//1359
f 2031//884 2021//1359 2020//1068
f 2030//1084 2020//1068 2019//1358
f 2029//1091 2019//1358 2018//1357
f 2028//883 2018//1357 2017//1356
f 2027//1102 2017//1356 2016//1355
f 2026//1109 2016//1355 2015//1354
f 2024//1362 2014//1353 2013//1352
f 2023//1361 2013//1352 2012//1351
f 2022//1360 2012//1351 2011//1350
f 2021//1359 2011//1350 2010//1349
f 2020//1068 2010//1349 2009//1061
f 2019//1358 2009//1061 2008//1348
f 2018//1357 2008//1348 2007//1347
f 2017//1356 2007//1347 2006//1346
f 2016//1355 2006//1346 2005//1345
f 2015//1354 2005//1345 2004//1344
f 2013//1352 2003//1343 2002//1342
f 2012//1351 2002//1342 2001//850
f 2011//1350 2001//850 2000//1341
f 2010//1349 2000//1341 1999//1340
f 2009//1061 1999//1340 1998//849
f 2008//1348 1998//849 1997//1339
f 2007//1347 1997//1339 1996//1338
f 2006//1346 1996//1338 1995//848
f 2005//1345 1995//848 1994//1337
f 2004//1344 1994//1337 1993//1336
f 2002//1342 1992//1335 1991//1334
f 2001//850 1991//1334 1990//1333
f 2000//1341 1990//1333 1989//1332
f 1999//1340 1989//1332 1988//1331
f 1998//849 1988//1331 1987//1048
f 1997//1339 1987//1048 1986//1330
f 1996//1338 1986//1330 1985//1329
f 1995//848 1985//1329 1984//1328
f 1994//1337 1984//1328 1983//1327
f 1993//1336 1983//1327 1982//1326
f 1991//1334 1980//1325 1979//1324
f 1990//1333 1979//1324 1978//1323
f 1989//1332 1978//1323 1977//1322
f 1988//1331 1977//1322 1976//1321
f 1987//1048 1976//1321 1975//1041
f 1986//1330 1975//1041 1974//1320
f 1985//1329 1974//1320 1973//1319
f 1984//1328 1973//1319 1972//1318
f 1983//1327 1972//1318 1971//1317
f 1982//1326 1971//1317 1970//1316
f 1979//1324 1969//1315 1968//1314
f 1978//1323 1968//1314 1967//813
f 1977//1322 1967//813 1966//1313
f 1976//1321 1966//1313 1965//1312
f 1975//1041 1965//1312 1964//812
f 1974//1320 1964//812 1963//1311
f 1973//1319 1963//1311 1962//1310
f 1972//1318 1962//1310 1961//811
f 1971//1317 1961//811 1960//1309
f 1970//1316 1960//1309 1959//1308
f 1968//1314 1958//1307 1957//1306
f 1967//813 1957//1306 1956//1305
f 1966//1313 1956//1305 1955//1304
f 1965//1312 1955//1304 1954//1303
f 1964//812 1954//1303 1953//1028
f 1963//1311 1953//1028 1952//1302
f 1962//1310 1952//1302 1951//1301
f 1961//811 1951//1301 1950//1300
f 1960//1309 1950//1300 1949//1299
f 1959//1308 1949//1299 1948//1298
f 1957//1306 1947//1297 1946//1296
f 1956//1305 1946//1296 1945//1295
f 1955//1304 1945//1295 1944//1294
f 1954//1303 1944//1294 1943//1293
f 1953//1028 1943//1293 1942//1021
f 1952//1302 1942//1021 1941//1292
f 1951//1301 1941//1292 1940//1291
f 1950//1300 1940//1291 1939//1290
f 1949//1299 1939//1290 1938//1289
f 1948//1298 1938//1289 1937//1288
f 1946//1296 1936//1287 1935//1286
f 1945//1295 1935//1286 1934//778
f 1944//1294 1934//778 1933//1285
f 1943//1293 1933//1285 1932//1284
f 1942//1021 1932//1284 1931//777
f 1941//1292 1931//777 1930//1283
f 1940//1291 1930//1283 1929//1282
f 1939//1290 1929//1282 1928//776
f 1938//1289 1928//776 1927//1281
f 1937//1288 1927//1281 1926//1280
f 1935//1286 1925//1279 1924//1278
f 1934//778 1924//1278 1923//1277
f 1933//1285 1923//1277 1922//1276
f 1932//1284 1922//1276 1921//1275
f 1931//777 1921//1275 1920//1008
f 1930//1283 1920//1008 1919//1274
f 1929//1282 1919//1274 1918//1273
f 1928//776 1918//1273 1917//1272
f 1927//1281 1917//1272 1916//1271
f 1926//1280 1916//1271 1915//1270
f 1924//1278 1913//1269 1912//1268
f 1923//1277 1912//1268 1911//1267
f 1922//1276 1911//1267 1910//1266
f 1921//1275 1910//1266 1909//1265
f 1920//1008 1909//1265 1908//1001
f 1919//1274 1908//1001 1907//1264
f 1918//1273 1907//1264 1906//1263
f 1917//1272 1906//1263 1905//1262
f 1916//1271 1905//1262 1904//1261
f 1915//1270 1904//1261 1903//1260
f 1912//1268 1902//1106 1901//1099
f 1911//1267 1901//1099 1900//886
f 1910//1266 1900//886 1899//1088
f 1909//1265 1899//1088 1898//1081
f 1908//1001 1898//1081 1897//881
f 1907//1264 1897//881 1896//1140
f 1906//1263 1896//1140 1895//1133
f 1905//1262 1895//1133 1894//882
f 1904//1261 1894//882 1893//1122
f 1903//1260 1893//1122 1892//1113
f 1901//1099 1891//1259 1890//1258
f 1900//886 1890//1258 1889//1257
f 1899//1088 1889//1257 1888//1256
f 1898//1081 1888//1256 1887//1255
f 1897//881 1887//1255 1886//988
f 1896//1140 1886//988 1885//1254
f 1895//1133 1885//1254 1884//1253
f 1894//882 1884//1253 1883//1252
f 1893//1122 1883//1252 1882//1251
f 1892//1113 1882//1251 1881//1250
f 1890//1258 1880//1249 1879//1248
f 1889//1257 1879//1248 1878//1247
f 1888//1256 1878//1247 1877//1246
f 1887//1255 1877//1246 1876//1245
f 1886//988 1876//1245 1875//981
f 1885//1254 1875//981 1874//1244
f 1884//1253 1874//1244 1873//1243
f 1883//1252 1873//1243 1872//1242
f 1882//1251 1872//1242 1871//1241
f 1881//1250 1871//1241 1870//1240
f 1879//1248 1869//1239 1868//1238
f 1878//1247 1868//1238 1867//851
f 1877//1246 1867//851 1866//1237
f 1876//1245 1866//1237 1865//1236
f 1875//981 1865//1236 1864//846
f 1874//1244 1864//846 1863//1235
f 1873//1243 1863//1235 1862//1234
f 1872//1242 1862//1234 1861//847
f 1871//1241 1861//847 1860//1233
f 1870//1240 1860//1233 1859//1232
f 1868//1238 1858//1231 1857//1230
f 1867//851 1857//1230 1856//1229
f 1866//1237 1856//1229 1855//1228
f 1865//1236 1855//1228 1854//1227
f 1864//846 1854//1227 1853//968
f 1863//1235 1853//968 1852//1226
f 1862//1234 1852//1226 1851//1225
f 1861//847 1851//1225 1850//1224
f 1860//1233 1850//1224 1849//1223
f 1859//1232 1849//1223 1848//1222
f 1857//1230 1846//1221 1845//1220
f 1856//1229 1845//1220 1844//1219
f 1855//1228 1844//1219 1843//1218
f 1854//1227 1843//1218 1842//1217
f 1853//968 1842//1217 1841//961
f 1852//1226 1841//961 1840//1216
f 1851//1225 1840//1216 1839//1215
f 1850//1224 1839//1215 1838//1214
f 1849//1223 1838//1214 1837//1213
f 1848//1222 1837//1213 1836//1212
f 1845//1220 1835//1211 1834//1210
f 1844//1219 1834//1210 1833//814
f 1843//1218 1833//814 1832//1209
f 1842//1217 1832//1209 1831//1208
f 1841//961 1831//1208 1830//809
f 1840//1216 1830//809 1829//1207
f 1839//1215 1829//1207 1828//1206
f 1838//1214 1828//1206 1827//810
f 1837//1213 1827//810 1826//1205
f 1836//1212 1826//1205 1825//1204
f 1834//1210 1824//1203 1823//1202
f 1833//814 1823//1202 1822//1201
f 1832//1209 1822//1201 1821//1200
f 1831//1208 1821//1200 1820//1199
f 1830//809 1820//1199 1819//948
f 1829//1207 1819//948 1818//1198
f 1828//1206 1818//1198 1817//1197
f 1827//810 1817//1197 1816//1196
f 1826//1205 1816//1196 1815//1195
f 1825//1204 1815//1195 1814//1194
f 1823//1202 1813//1193 1812//1192
f 1822//1201 1812//1192 1811//1191
f 1821//1200 1811//1191 1810//1190
f 1820//1199 1810//1190 1809//1189
f 1819//948 1809//1189 1808//941
f 1818//1198 1808//941 1807//1188
f 1817//1197 1807//1188 1806//1187
f 1816//1196 1806//1187 1805//1186
f 1815//1195 1805//1186 1804//1185
f 1814//1194 1804//1185 1803//1184
f 1812//1192 1802//1183 1801//1182
f 1811//1191 1801//1182 1800//779
f 1810//1190 1800//779 1799//1181
f 1809//1189 1799//1181 1798//1180
f 1808//941 1798//1180 1797//774
f 1807//1188 1797//774 1796//1179
f 1806//1187 1796//1179 1795//1178
f 1805//1186 1795//1178 1794//775
f 1804//1185 1794//775 1793//1177
f 1803//1184 1793//1177 1792//1176
f 1801//1182 1791//1175 1790//1174
f 1800//779 1790//1174 1789//1173
f 1799//1181 1789//1173 1788//1172
f 1798//1180 1788//1172 1787//1171
f 1797//774 1787//1171 1786//928
f 1796//1179 1786//928 1785//1170
f 1795//1178 1785//1170 1784//1169
f 1794//775 1784//1169 1783//1168
f 1793//1177 1783//1168 1782//1167
f 1792//1176 1782//1167 1781//1166
f 1790//1174 1779//1165 1777//1164
f 1789//1173 1777//1164 1775//1163
f 1788//1172 1775//1163 1773//1162
f 1787//1171 1773//1162 1771//1161
f 1786//928 1771//1161 1769//918
f 1785//1170 1769//918 1767//1160
f 1784//1169 1767//1160 1765//1159
f 1783//1168 1765//1159 1763//1158
f 1782//1167 1763//1158 1761//1157
f 1781//1166 1761//1157 1758//1156
f 1777//1164 1778//1116 1776//1124
f 1775//1163 1776//1124 1774//750
f 1773//1162 1774//750 1772//1135
f 1771//1161 1772//1135 1770//1142
f 1769//918 1770//1142 1768//737
f 1767//1160 1768//737 1766//1079
f 1765//1159 1766//1079 1764//1086
f 1763//1158 1764//1086 1762//740
f 1761//1157 1762//740 1760//1097
f 1758//1156 1760//1097 1757//1104
f 1515//906 1716//1155 1715//1143
f 1513//812 1715//1143 1714//812
f 1511//777 1714//812 1713//1144
f 1509//881 1713//1144 1712//1140
f 1507//846 1712//1140 1711//1139
f 1505//815 1711//1139 1710//815
f 1501//780 1710//815 1708//1141
f 1504//752 1708//1141 1709//1142
f 1715//1143 1707//1154 1706//1136
f 1714//812 1706//1136 1705//812
f 1713//1144 1705//812 1704//1137
f 1712//1140 1704//1137 1703//1133
f 1711//1139 1703//1133 1702//1132
f 1710//815 1702//1132 1701//815
f 1708//1141 1701//815 1699//1134
f 1709//1142 1699//1134 1700//1135
f 1706//1136 1698//885 1697//1130
f 1705//812 1697//1130 1696//812
f 1704//1137 1696//812 1695//1131
f 1703//1133 1695//1131 1694//882
f 1702//1132 1694//882 1693//1128
f 1701//815 1693//1128 1692//815
f 1699//1134 1692//815 1690//1129
f 1700//1135 1690//1129 1691//750
f 1697//1130 1689//1153 1688//1125
f 1696//812 1688//1125 1687//812
f 1695//1131 1687//812 1686//1126
f 1694//882 1686//1126 1685//1122
f 1693//1128 1685//1122 1684//1121
f 1692//815 1684//1121 1683//815
f 1690//1129 1683//815 1681//1123
f 1691//750 1681//1123 1682//1124
f 1688//1125 1680//1152 1679//1117
f 1687//812 1679//1117 1678//812
f 1686//1126 1678//812 1677//1119
f 1685//1122 1677//1119 1676//1113
f 1684//1121 1676//1113 1675//1112
f 1683//815 1675//1112 1674//815
f 1681//1123 1674//815 1672//1115
f 1682//1124 1672//1115 1673//1116
f 1679//1117 1671//748 1670//813
f 1678//812 1670//813 1669//1147
f 1677//1119 1669//1147 1668//1111
f 1676//1113 1668//1111 1667//741
f 1675//1112 1667//741 1666//810
f 1674//815 1666//810 1665//1146
f 1672//1115 1665//1146 1663//1110
f 1673//1116 1663//1110 1664//901
f 1670//813 1662//1151 1661//1107
f 1669//1147 1661//1107 1660//1147
f 1668//1111 1660//1147 1659//1108
f 1667//741 1659//1108 1658//1104
f 1666//810 1658//1104 1657//1103
f 1665//1146 1657//1103 1656//1146
f 1663//1110 1656//1146 1654//1105
f 1664//901 1654//1105 1655//1106
f 1661//1107 1653//1150 1652//1100
f 1660//1147 1652//1100 1651//1147
f 1659//1108 1651//1147 1650//1101
f 1658//1104 1650//1101 1649//1097
f 1657//1103 1649//1097 1648//1096
f 1656//1146 1648//1096 1647//1146
f 1654//1105 1647//1146 1645//1098
f 1655//1106 1645//1098 1646//1099
f 1652//1100 1644//747 1643//1094
f 1651//1147 1643//1094 1642//1147
f 1650//1101 1642//1147 1641//1095
f 1649//1097 1641//1095 1640//740
f 1648//1096 1640//740 1639//1092
f 1647//1146 1639//1092 1638//1146
f 1645//1098 1638//1146 1636//1093
f 1646//1099 1636//1093 1637//886
f 1643//1094 1635//1149 1634//1089
f 1642//1147 1634//1089 1633//1147
f 1641//1095 1633//1147 1632//1090
f 1640//740 1632//1090 1631//1086
f 1639//1092 1631//1086 1630//1085
f 1638//1146 1630//1085 1629//1146
f 1636//1093 1629//1146 1627//1087
f 1637//886 1627//1087 1628//1088
f 1634//1089 1626//1148 1625//1082
f 1633//1147 1625//1082 1624//1147
f 1632//1090 1624//1147 1623//1083
f 1631//1086 1623//1083 1622//1079
f 1630//1085 1622//1079 1621//1078
f 1629//1146 1621//1078 1620//1146
f 1627//1087 1620//1146 1618//1080
f 1628//1088 1618//1080 1619//1081
f 1625//1082 1617//745 1616//777
f 1624//1147 1616//777 1615//1118
f 1623//1083 1615//1118 1614//906
f 1622//1079 1614//906 1613//752
f 1621//1078 1613//752 1612//780
f 1620//1146 1612//780 1611//1114
f 1618//1080 1611//1114 1609//846
f 1619//1081 1609//846 1610//881
f 1616//777 1608//1145 1607//1144
f 1615//1118 1607//1144 1606//1118
f 1614//906 1606//1118 1605//1143
f 1613//752 1605//1143 1604//1142
f 1612//780 1604//1142 1603//1141
f 1611//1114 1603//1141 1602//1114
f 1609//846 1602//1114 1600//1139
f 1610//881 1600//1139 1601//1140
f 1607//1144 1599//1138 1598//1137
f 1606//1118 1598//1137 1597//1118
f 1605//1143 1597//1118 1596//1136
f 1604//1142 1596//1136 1595//1135
f 1603//1141 1595//1135 1594//1134
f 1602//1114 1594//1134 1593//1114
f 1600//1139 1593//1114 1591//1132
f 1601//1140 1591//1132 1592//1133
f 1598//1137 1590//743 1589//1131
f 1597//1118 1589//1131 1588//1118
f 1596//1136 1588//1118 1587//1130
f 1595//1135 1587//1130 1586//750
f 1594//1134 1586//750 1585//1129
f 1593//1114 1585//1129 1584//1114
f 1591//1132 1584//1114 1582//1128
f 1592//1133 1582//1128 1583//882
f 1589//1131 1581//1127 1580//1126
f 1588//1118 1580//1126 1579//1118
f 1587//1130 1579//1118 1578//1125
f 1586//750 1578//1125 1577//1124
f 1585//1129 1577//1124 1576//1123
f 1584//1114 1576//1123 1575//1114
f 1582//1128 1575//1114 1573//1121
f 1583//882 1573//1121 1574//1122
f 1580//1126 1572//1120 1571//1119
f 1579//1118 1571//1119 1570//1118
f 1578//1125 1570//1118 1569//1117
f 1577//1124 1569//1117 1568//1116
f 1576//1123 1568//1116 1567//1115
f 1575//1114 1567//1115 1566//1114
f 1573//1121 1566//1114 1564//1112
f 1574//1122 1564//1112 1565//1113
f 1571//1119 1563//900 1562//1111
f 1570//1118 1562//1111 1561//899
f 1569//1117 1561//899 1560//813
f 1568//1116 1560//813 1559//901
f 1567//1115 1559//901 1558//1110
f 1566//1114 1558//1110 1557//809
f 1564//1112 1557//809 1555//810
f 1565//1113 1555//810 1556//741
f 1562//1111 1554//1109 1553//1108
f 1561//899 1553//1108 1552//899
f 1560//813 1552//899 1551//1107
f 1559//901 1551//1107 1550//1106
f 1558//1110 1550//1106 1549//1105
f 1557//809 1549//1105 1548//809
f 1555//810 1548//809 1546//1103
f 1556//741 1546//1103 1547//1104
f 1553//1108 1545//1102 1544//1101
f 1552//899 1544//1101 1543//899
f 1551//1107 1543//899 1542//1100
f 1550//1106 1542//1100 1541//1099
f 1549//1105 1541//1099 1540//1098
f 1548//809 1540//1098 1539//809
f 1546//1103 1539//809 1537//1096
f 1547//1104 1537//1096 1538//1097
f 1544//1101 1536//883 1535//1095
f 1543//899 1535//1095 1534//899
f 1542//1100 1534//899 1533//1094
f 1541//1099 1533//1094 1532//886
f 1540//1098 1532//886 1531//1093
f 1539//809 1531//1093 1530//809
f 1537//1096 1530//809 1528//1092
f 1538//1097 1528//1092 1529//740
f 1535//1095 1527//1091 1526//1090
f 1534//899 1526//1090 1525//899
f 1533//1094 1525//899 1524//1089
f 1532//886 1524//1089 1523//1088
f 1531//1093 1523//1088 1522//1087
f 1530//809 1522//1087 1521//809
f 1528//1092 1521//809 1519//1085
f 1529//740 1519//1085 1520//1086
f 1526//1090 1518//1084 1516//1083
f 1525//899 1516//1083 1514//899
f 1524//1089 1514//899 1512//1082
f 1523//1088 1512//1082 1510//1081
f 1522//1087 1510//1081 1508//1080
f 1521//809 1508//1080 1506//809
f 1519//1085 1506//809 1502//1078
f 1520//1086 1502//1078 1503//1079
f 1516//1083 1517//884 1515//849
f 1514//899 1515//849 1513//899
f 1512//1082 1513//899 1511//894
f 1510//1081 1511//894 1509//887
f 1508//1080 1509//887 1507//852
f 1506//809 1507//852 1505//809
f 1502//1078 1505//809 1501//774
f 1503//1079 1501//774 1504//737
f 1499//1076 1493//1071 1492//1070
f 1498//1075 1492//1070 1491//1069
f 1497//884 1491//1069 1490//1068
f 1496//1074 1490//1068 1489//1067
f 1495//1073 1489//1067 1488//1066
f 1494//1072 1488//1066 1487//1065
f 1492//1070 1486//1064 1485//1063
f 1491//1069 1485//1063 1484//1062
f 1490//1068 1484//1062 1483//1061
f 1489//1067 1483//1061 1482//1060
f 1488//1066 1482//1060 1481//1059
f 1487//1065 1481//1059 1480//1058
f 1485//1063 1479//1057 1478//1056
f 1484//1062 1478//1056 1477//1055
f 1483//1061 1477//1055 1476//849
f 1482//1060 1476//849 1475//1054
f 1481//1059 1475//1054 1474//1053
f 1480//1058 1474//1053 1473//1052
f 1478//1056 1472//1051 1471//1050
f 1477//1055 1471//1050 1470//1049
f 1476//849 1470//1049 1469//1048
f 1475//1054 1469//1048 1468//1047
f 1474//1053 1468//1047 1467//1046
f 1473//1052 1467//1046 1466//1045
f 1471//1050 1464//1044 1463//1043
f 1470//1049 1463//1043 1462//1042
f 1469//1048 1462//1042 1461//1041
f 1468//1047 1461//1041 1460//1040
f 1467//1046 1460//1040 1459//1039
f 1466//1045 1459//1039 1458//1038
f 1463//1043 1457//1037 1456//1036
f 1462//1042 1456//1036 1455//1035
f 1461//1041 1455//1035 1454//812
f 1460//1040 1454//812 1453//1034
f 1459//1039 1453//1034 1452//1033
f 1458//1038 1452//1033 1451//1032
f 1456//1036 1450//1031 1449//1030
f 1455//1035 1449//1030 1448//1029
f 1454//812 1448//1029 1447//1028
f 1453//1034 1447//1028 1446//1027
f 1452//1033 1446//1027 1445//1026
f 1451//1032 1445//1026 1444//1025
f 1449//1030 1443//1024 1442//1023
f 1448//1029 1442//1023 1441//1022
f 1447//1028 1441//1022 1440//1021
f 1446//1027 1440//1021 1439//1020
f 1445//1026 1439//1020 1438//1019
f 1444//1025 1438//1019 1437//1018
f 1442//1023 1436//1017 1435//1016
f 1441//1022 1435//1016 1434//1015
f 1440//1021 1434//1015 1433//777
f 1439//1020 1433//777 1432//1014
f 1438//1019 1432//1014 1431//1013
f 1437//1018 1431//1013 1430//1012
f 1435//1016 1429//1011 1428//1010
f 1434//1015 1428//1010 1427//1009
f 1433//777 1427//1009 1426//1008
f 1432//1014 1426//1008 1425//1007
f 1431//1013 1425//1007 1424//1006
f 1430//1012 1424//1006 1423//1005
f 1428//1010 1421//1004 1420//1003
f 1427//1009 1420//1003 1419//1002
f 1426//1008 1419//1002 1418//1001
f 1425//1007 1418//1001 1417//1000
f 1424//1006 1417//1000 1416//999
f 1423//1005 1416//999 1415//998
f 1420//1003 1414//997 1413//996
f 1419//1002 1413//996 1412//995
f 1418//1001 1412//995 1411//881
f 1417//1000 1411//881 1410//994
f 1416//999 1410//994 1409//993
f 1415//998 1409//993 1408//992
f 1413//996 1407//991 1406//990
f 1412//995 1406//990 1405//989
f 1411//881 1405//989 1404//988
f 1410//994 1404//988 1403//987
f 1409//993 1403//987 1402//986
f 1408//992 1402//986 1401//985
f 1406//990 1400//984 1399//983
f 1405//989 1399//983 1398//982
f 1404//988 1398//982 1397//981
f 1403//987 1397//981 1396//980
f 1402//986 1396//980 1395//979
f 1401//985 1395//979 1394//978
f 1399//983 1393//977 1392//976
f 1398//982 1392//976 1391//975
f 1397//981 1391//975 1390//846
f 1396//980 1390//846 1389//974
f 1395//979 1389//974 1388//973
f 1394//978 1388//973 1387//972
f 1392//976 1386//971 1385//970
f 1391//975 1385//970 1384//969
f 1390//846 1384//969 1383//968
f 1389//974 1383//968 1382//967
f 1388//973 1382//967 1381//966
f 1387//972 1381//966 1380//965
f 1385//970 1378//964 1377//963
f 1384//969 1377//963 1376//962
f 1383//968 1376//962 1375//961
f 1382//967 1375//961 1374//960
f 1381//966 1374//960 1373//959
f 1380//965 1373//959 1372//958
f 1377//963 1371//957 1370//956
f 1376//962 1370//956 1369//955
f 1375//961 1369//955 1368//809
f 1374//960 1368//809 1367//954
f 1373//959 1367//954 1366//953
f 1372//958 1366//953 1365//952
f 1370//956 1364//951 1363//950
f 1369//955 1363//950 1362//949
f 1368//809 1362//949 1361//948
f 1367//954 1361//948 1360//947
f 1366//953 1360//947 1359//946
f 1365//952 1359//946 1358//945
f 1363//950 1357//944 1356//943
f 1362//949 1356//943 1355//942
f 1361//948 1355//942 1354//941
f 1360//947 1354//941 1353//940
f 1359//946 1353//940 1352//939
f 1358//945 1352//939 1351//938
f 1356//943 1350//937 1349//936
f 1355//942 1349//936 1348//935
f 1354//941 1348//935 1347//774
f 1353//940 1347//774 1346//934
f 1352//939 1346//934 1345//933
f 1351//938 1345//933 1344//932
f 1349//936 1343//931 1342//930
f 1348//935 1342//930 1341//929
f 1347//774 1341//929 1340//928
f 1346//934 1340//928 1339//927
f 1345//933 1339//927 1338//926
f 1344//932 1338//926 1337//925
f 1342//930 1335//924 1333//922
f 1341//929 1333//922 1331//920
f 1340//928 1331//920 1329//918
f 1339//927 1329//918 1327//917
f 1338//926 1327//917 1325//915
f 1337//925 1325//915 1322//913
f 1333//922 1334//923 1332//921
f 1331//920 1332//921 1330//919
f 1329//918 1330//919 1328//737
f 1327//917 1328//737 1326//916
f 1325//915 1326//916 1324//914
f 1322//913 1324//914 1321//912
f 1313//911 1312//878 1305//910
f 1320//885 1311//901 1312//878
f 1319//901 1310//879 1311//901
f 1318//886 1309//874 1310//879
f 1317//881 1308//875 1309//874
f 1316//882 1307//900 1308//875
f 1315//900 1306//876 1307//900
f 1314//883 1305//877 1306//876
f 1305//910 1304//871 1297//909
f 1312//878 1303//901 1304//871
f 1311//901 1302//872 1303//901
f 1310//879 1301//867 1302//872
f 1309//874 1300//868 1301//867
f 1308//875 1299//900 1300//868
f 1307//900 1298//869 1299//900
f 1306//876 1297//870 1298//869
f 1297//909 1296//864 1289//908
f 1304//871 1295//901 1296//864
f 1303//901 1294//865 1295//901
f 1302//872 1293//860 1294//865
f 1301//867 1292//861 1293//860
f 1300//868 1291//900 1292//861
f 1299//900 1290//862 1291//900
f 1298//869 1289//863 1290//862
f 1289//908 1288//857 1281//907
f 1296//864 1287//901 1288//857
f 1295//901 1286//858 1287//901
f 1294//865 1285//853 1286//858
f 1293//860 1284//854 1285//853
f 1292//861 1283//900 1284//854
f 1291//900 1282//855 1283//900
f 1290//862 1281//856 1282//855
f 1281//907 1280//850 1273//906
f 1288//857 1279//901 1280//850
f 1287//901 1278//851 1279//901
f 1286//858 1277//846 1278//851
f 1285//853 1276//847 1277//846
f 1284//854 1275//900 1276//847
f 1283//900 1274//848 1275//900
f 1282//855 1273//849 1274//848
f 1273//906 1272//843 1265//905
f 1280//850 1271//901 1272//843
f 1279//901 1270//844 1271//901
f 1278//851 1269//839 1270//844
f 1277//846 1268//840 1269//839
f 1276//847 1267//900 1268//840
f 1275//900 1266//841 1267//900
f 1274//848 1265//842 1266//841
f 1265//905 1264//836 1257//904
f 1272//843 1263//901 1264//836
f 1271//901 1262//837 1263//901
f 1270//844 1261//832 1262//837
f 1269//839 1260//833 1261//832
f 1268//840 1259//900 1260//833
f 1267//900 1258//834 1259//900
f 1266//841 1257//835 1258//834
f 1257//904 1256//829 1249//903
f 1264//836 1255//901 1256//829
f 1263//901 1254//830 1255//901
f 1262//837 1253//825 1254//830
f 1261//832 1252//826 1253//825
f 1260//833 1251//900 1252//826
f 1259//900 1250//827 1251//900
f 1258//834 1249//828 1250//827
f 1249//903 1248//821 1241//902
f 1256//829 1247//901 1248//821
f 1255//901 1246//823 1247//901
f 1254//830 1245//816 1246//823
f 1253//825 1244//817 1245//816
f 1252//826 1243//900 1244//817
f 1251//900 1242//819 1243//900
f 1250//827 1241//820 1242//819
f 1241//902 1240//813 1233//899
f 1248//821 1239//889 1240//813
f 1247//901 1238//814 1239//889
f 1246//823 1237//809 1238//814
f 1245//816 1236//810 1237//809
f 1244//817 1235//888 1236//810
f 1243//900 1234//811 1235//888
f 1242//819 1233//812 1234//811
f 1233//899 1232//806 1225//898
f 1240//813 1231//889 1232//806
f 1239//889 1230//807 1231//889
f 1238//814 1229//802 1230//807
f 1237//809 1228//803 1229//802
f 1236//810 1227//888 1228//803
f 1235//888 1226//804 1227//888
f 1234//811 1225//805 1226//804
f 1225//898 1224//799 1217//897
f 1232//806 1223//889 1224//799
f 1231//889 1222//800 1223//889
f 1230//807 1221//795 1222//800
f 1229//802 1220//796 1221//795
f 1228//803 1219//888 1220//796
f 1227//888 1218//797 1219//888
f 1226//804 1217//798 1218//797
f 1217//897 1216//792 1209//896
f 1224//799 1215//889 1216//792
f 1223//889 1214//793 1215//889
f 1222//800 1213//788 1214//793
f 1221//795 1212//789 1213//788
f 1220//796 1211//888 1212//789
f 1219//888 1210//790 1211//888
f 1218//797 1209//791 1210//790
f 1209//896 1208//785 1201//895
f 1216//792 1207//889 1208//785
f 1215//889 1206//786 1207//889
f 1214//793 1205//781 1206//786
f 1213//788 1204//782 1205//781
f 1212//789 1203//888 1204//782
f 1211//888 1202//783 1203//888
f 1210//790 1201//784 1202//783
f 1201//895 1200//778 1193//894
f 1208//785 1199//889 1200//778
f 1207//889 1198//779 1199//889
f 1206//786 1197//774 1198//779
f 1205//781 1196//775 1197//774
f 1204//782 1195//888 1196//775
f 1203//888 1194//776 1195//888
f 1202//783 1193//777 1194//776
f 1193//894 1192//771 1185//893
f 1200//778 1191//889 1192//771
f 1199//889 1190//772 1191//889
f 1198//779 1189//767 1190//772
f 1197//774 1188//768 1189//767
f 1196//775 1187//888 1188//768
f 1195//888 1186//769 1187//888
f 1194//776 1185//770 1186//769
f 1185//893 1184//764 1177//892
f 1192//771 1183//889 1184//764
f 1191//889 1182//765 1183//889
f 1190//772 1181//760 1182//765
f 1189//767 1180//761 1181//760
f 1188//768 1179//888 1180//761
f 1187//888 1178//762 1179//888
f 1186//769 1177//763 1178//762
f 1177//892 1176//757 1169//891
f 1184//764 1175//889 1176//757
f 1183//889 1174//758 1175//889
f 1182//765 1173//753 1174//758
f 1181//760 1172//754 1173//753
f 1180//761 1171//888 1172//754
f 1179//888 1170//755 1171//888
f 1178//762 1169//756 1170//755
f 1169//891 1168//746 1161//890
f 1176//757 1167//889 1168//746
f 1175//889 1166//749 1167//889
f 1174//758 1165//738 1166//749
f 1173//753 1164//739 1165//738
f 1172//754 1163//888 1164//739
f 1171//888 1162//742 1163//888
f 1170//755 1161//744 1162//742
f 1161//890 1160//886 1153//887
f 1168//746 1159//822 1160//886
f 1167//889 1158//885 1159//822
f 1166//749 1157//884 1158//885
f 1165//738 1156//883 1157//884
f 1164//739 1155//818 1156//883
f 1163//888 1154//882 1155//818
f 1162//742 1153//881 1154//882
f 1153//887 1152//879 1145//880
f 1160//886 1151//822 1152//879
f 1159//822 1150//878 1151//822
f 1158//885 1149//877 1150//878
f 1157//884 1148//876 1149//877
f 1156//883 1147//818 1148//876
f 1155//818 1146//875 1147//818
f 1154//882 1145//874 1146//875
f 1145//880 1144//872 1137//873
f 1152//879 1143//822 1144//872
f 1151//822 1142//871 1143//822
f 1150//878 1141//870 1142//871
f 1149//877 1140//869 1141//870
f 1148//876 1139//818 1140//869
f 1147//818 1138//868 1139//818
f 1146//875 1137//867 1138//868
f 1137//873 1136//865 1129//866
f 1144//872 1135//822 1136//865
f 1143//822 1134//864 1135//822
f 1142//871 1133//863 1134//864
f 1141//870 1132//862 1133//863
f 1140//869 1131//818 1132//862
f 1139//818 1130//861 1131//818
f 1138//868 1129//860 1130//861
f 1129//866 1128//858 1121//859
f 1136//865 1127//822 1128//858
f 1135//822 1126//857 1127//822
f 1134//864 1125//856 1126//857
f 1133//863 1124//855 1125//856
f 1132//862 1123//818 1124//855
f 1131//818 1122//854 1123//818
f 1130//861 1121//853 1122//854
f 1121//859 1120//851 1113//852
f 1128//858 1119//822 1120//851
f 1127//822 1118//850 1119//822
f 1126//857 1117//849 1118//850
f 1125//856 1116//848 1117//849
f 1124//855 1115//818 1116//848
f 1123//818 1114//847 1115//818
f 1122//854 1113//846 1114//847
f 1113//852 1112//844 1105//845
f 1120//851 1111//822 1112//844
f 1119//822 1110//843 1111//822
f 1118//850 1109//842 1110//843
f 1117//849 1108//841 1109//842
f 1116//848 1107//818 1108//841
f 1115//818 1106//840 1107//818
f 1114//847 1105//839 1106//840
f 1105//845 1104//837 1097//838
f 1112//844 1103//822 1104//837
f 1111//822 1102//836 1103//822
f 1110//843 1101//835 1102//836
f 1109//842 1100//834 1101//835
f 1108//841 1099//818 1100//834
f 1107//818 1098//833 1099//818
f 1106//840 1097//832 1098//833
f 1097//838 1096//830 1089//831
f 1104//837 1095//822 1096//830
f 1103//822 1094//829 1095//822
f 1102//836 1093//828 1094//829
f 1101//835 1092//827 1093//828
f 1100//834 1091//818 1092//827
f 1099//818 1090//826 1091//818
f 1098//833 1089//825 1090//826
f 1089//831 1088//823 1081//824
f 1096//830 1087//822 1088//823
f 1095//822 1086//821 1087//822
f 1094//829 1085//820 1086//821
f 1093//828 1084//819 1085//820
f 1092//827 1083//818 1084//819
f 1091//818 1082//817 1083//818
f 1090//826 1081//816 1082//817
f 1081//824 1080//814 1073//815
f 1088//823 1079//748 1080//814
f 1087//822 1078//813 1079//748
f 1086//821 1077//812 1078//813
f 1085//820 1076//811 1077//812
f 1084//819 1075//741 1076//811
f 1083//818 1074//810 1075//741
f 1082//817 1073//809 1074//810
f 1073//815 1072//807 1065//808
f 1080//814 1071//748 1072//807
f 1079//748 1070//806 1071//748
f 1078//813 1069//805 1070//806
f 1077//812 1068//804 1069//805
f 1076//811 1067//741 1068//804
f 1075//741 1066//803 1067//741
f 1074//810 1065//802 1066//803
f 1065//808 1064//800 1057//801
f 1072//807 1063//748 1064//800
f 1071//748 1062//799 1063//748
f 1070//806 1061//798 1062//799
f 1069//805 1060//797 1061//798
f 1068//804 1059//741 1060//797
f 1067//741 1058//796 1059//741
f 1066//803 1057//795 1058//796
f 1057//801 1056//793 1049//794
f 1064//800 1055//748 1056//793
f 1063//748 1054//792 1055//748
f 1062//799 1053//791 1054//792
f 1061//798 1052//790 1053//791
f 1060//797 1051//741 1052//790
f 1059//741 1050//789 1051//741
f 1058//796 1049//788 1050//789
f 1049//794 1048//786 1041//787
f 1056//793 1047//748 1048//786
f 1055//748 1046//785 1047//748
f 1054//792 1045//784 1046//785
f 1053//791 1044//783 1045//784
f 1052//790 1043//741 1044//783
f 1051//741 1042//782 1043//741
f 1050//789 1041//781 1042//782
f 1041//787 1040//779 1033//780
f 1048//786 1039//748 1040//779
f 1047//748 1038//778 1039//748
f 1046//785 1037//777 1038//778
f 1045//784 1036//776 1037//777
f 1044//783 1035//741 1036//776
f 1043//741 1034//775 1035//741
f 1042//782 1033//774 1034//775
f 1033//780 1032//772 1025//773
f 1040//779 1031//748 1032//772
f 1039//748 1030//771 1031//748
f 1038//778 1029//770 1030//771
f 1037//777 1028//769 1029//770
f 1036//776 1027//741 1028//769
f 1035//741 1026//768 1027//741
f 1034//775 1025//767 1026//768
f 1025//773 1024//765 1017//766
f 1032//772 1023//748 1024//765
f 1031//748 1022//764 1023//748
f 1030//771 1021//763 1022//764
f 1029//770 1020//762 1021//763
f 1028//769 1019//741 1020//762
f 1027//741 1018//761 1019//741
f 1026//768 1017//760 1018//761
f 1017//766 1016//758 1009//759
f 1024//765 1015//748 1016//758
f 1023//748 1014//757 1015//748
f 1022//764 1013//756 1014//757
f 1021//763 1012//755 1013//756
f 1020//762 1011//741 1012//755
f 1019//741 1010//754 1011//741
f 1018//761 1009//753 1010//754
f 1009//759 1007//749 994//751
f 1016//758 1005//748 1007//749
f 1015//748 1003//746 1005//748
f 1014//757 1001//744 1003//746
f 1013//756 999//742 1001//744
f 1012//755 997//741 999//742
f 1011//741 995//739 997//741
f 1010//754 994//738 995//739
f 994//751 1008//750 993//752
f 1007//749 1006//748 1008//750
f 1005//748 1004//747 1006//748
f 1003//746 1002//745 1004//747
f 1001//744 1000//743 1002//745
f 999//742 998//741 1000//743
f 997//741 996//740 998//741
f 995//739 993//737 996//740
f 985//911 984//878 977//910
f 992//885 983//901 984//878
f 991//901 982//879 983//901
f 990//886 981//874 982//879
f 989//881 980//875 981//874
f 988//882 979//900 980//875
f 987//900 978//876 979//900
f 986//883 977//877 978//876
f 977//910 976//871 969//909
f 984//878 975//901 976//871
f 983//901 974//872 975//901
f 982//879 973//867 974//872
f 981//874 972//868 973//867
f 980//875 971//900 972//868
f 979//900 970//869 971//900
f 978//876 969//870 970//869
f 969//909 968//864 961//908
f 976//871 967//901 968//864
f 975//901 966//865 967//901
f 974//872 965//860 966//865
f 973//867 964//861 965//860
f 972//868 963//900 964//861
f 971//900 962//862 963//900
f 970//869 961//863 962//862
f 961//908 960//857 953//907
f 968//864 959//901 960//857
f 967//901 958//858 959//901
f 966//865 957//853 958//858
f 965//860 956//854 957//853
f 964//861 955//900 956//854
f 963//900 954//855 955//900
f 962//862 953//856 954//855
f 953//907 952//850 945//906
f 960//857 951//901 952//850
f 959//901 950//851 951//901
f 958//858 949//846 950//851
f 957//853 948//847 949//846
f 956//854 947//900 948//847
f 955//900 946//848 947//900
f 954//855 945//849 946//848
f 945//906 944//843 937//905
f 952//850 943//901 944//843
f 951//901 942//844 943//901
f 950//851 941//839 942//844
f 949//846 940//840 941//839
f 948//847 939//900 940//840
f 947//900 938//841 939//900
f 946//848 937//842 938//841
f 937//905 936//836 929//904
f 944//843 935//901 936//836
f 943//901 934//837 935//901
f 942//844 933//832 934//837
f 941//839 932//833 933//832
f 940//840 931//900 932//833
f 939//900 930//834 931//900
f 938//841 929//835 930//834
f 929//904 928//829 921//903
f 936//836 927//901 928//829
f 935//901 926//830 927//901
f 934//837 925//825 926//830
f 933//832 924//826 925//825
f 932//833 923//900 924//826
f 931//900 922//827 923//900
f 930//834 921//828 922//827
f 921//903 920//821 913//902
f 928//829 919//901 920//821
f 927//901 918//823 919//901
f 926//830 917//816 918//823
f 925//825 916//817 917//816
f 924//826 915//900 916//817
f 923//900 914//819 915//900
f 922//827 913//820 914//819
f 913//902 912//813 905//899
f 920//821 911//889 912//813
f 919//901 910//814 911//889
f 918//823 909//809 910//814
f 917//816 908//810 909//809
f 916//817 907//888 908//810
f 915//900 906//811 907//888
f 914//819 905//812 906//811
f 905//899 904//806 897//898
f 912//813 903//889 904//806
f 911//889 902//807 903//889
f 910//814 901//802 902//807
f 909//809 900//803 901//802
f 908//810 899//888 900//803
f 907//888 898//804 899//888
f 906//811 897//805 898//804
f 897//898 896//799 889//897
f 904//806 895//889 896//799
f 903//889 894//800 895//889
f 902//807 893//795 894//800
f 901//802 892//796 893//795
f 900//803 891//888 892//796
f 899//888 890//797 891//888
f 898//804 889//798 890//797
f 889//897 888//792 881//896
f 896//799 887//889 888//792
f 895//889 886//793 887//889
f 894//800 885//788 886//793
f 893//795 884//789 885//788
f 892//796 883//888 884//789
f 891//888 882//790 883//888
f 890//797 881//791 882//790
f 881//896 880//785 873//895
f 888//792 879//889 880//785
f 887//889 878//786 879//889
f 886//793 877//781 878//786
f 885//788 876//782 877//781
f 884//789 875//888 876//782
f 883//888 874//783 875//888
f 882//790 873//784 874//783
f 873//895 872//778 865//894
f 880//785 871//889 872//778
f 879//889 870//779 871//889
f 878//786 869//774 870//779
f 877//781 868//775 869//774
f 876//782 867//888 868//775
f 875//888 866//776 867//888
f 874//783 865//777 866//776
f 865//894 864//771 857//893
f 872//778 863//889 864//771
f 871//889 862//772 863//889
f 870//779 861//767 862//772
f 869//774 860//768 861//767
f 868//775 859//888 860//768
f 867//888 858//769 859//888
f 866//776 857//770 858//769
f 857//893 856//764 849//892
f 864//771 855//889 856//764
f 863//889 854//765 855//889
f 862//772 853//760 854//765
f 861//767 852//761 853//760
f 860//768 851//888 852//761
f 859//888 850//762 851//888
f 858//769 849//763 850//762
f 849//892 848//757 841//891
f 856//764 847//889 848//757
f 855//889 846//758 847//889
f 854//765 845//753 846//758
f 853//760 844//754 845//753
f 852//761 843//888 844//754
f 851//888 842//755 843//888
f 850//762 841//756 842//755
f 841//891 840//746 833//890
f 848//757 839//889 840//746
f 847//889 838//749 839//889
f 846//758 837//738 838//749
f 845//753 836//739 837//738
f 844//754 835//888 836//739
f 843//888 834//742 835//888
f 842//755 833//744 834//742
f 833//890 832//886 825//887
f 840//746 831//822 832//886
f 839//889 830//885 831//822
f 838//749 829//884 830//885
f 837//738 828//883 829//884
f 836//739 827//818 828//883
f 835//888 826//882 827//818
f 834//742 825//881 826//882
f 825//887 824//879 817//880
f 832//886 823//822 824//879
f 831//822 822//878 823//822
f 830//885 821//877 822//878
f 829//884 820//876 821//877
f 828//883 819//818 820//876
f 827//818 818//875 819//818
f 826//882 817//874 818//875
f 817//880 816//872 809//873
f 824//879 815//822 816//872
f 823//822 814//871 815//822
f 822//878 813//870 814//871
f 821//877 812//869 813//870
f 820//876 811//818 812//869
f 819//818 810//868 811//818
f 818//875 809//867 810//868
f 809//873 808//865 801//866
f 816//872 807//822 808//865
f 815//822 806//864 807//822
f 814//871 805//863 806//864
f 813//870 804//862 805//863
f 812//869 803//818 804//862
f 811//818 802//861 803//818
f 810//868 801//860 802//861
f 801//866 800//858 793//859
f 808//865 799//822 800//858
f 807//822 798//857 799//822
f 806//864 797//856 798//857
f 805//863 796//855 797//856
f 804//862 795//818 796//855
f 803//818 794//854 795//818
f 802//861 793//853 794//854
f 793//859 792//851 785//852
f 800//858 791//822 792//851
f 799//822 790//850 791//822
f 798//857 789//849 790//850
f 797//856 788//848 789//849
f 796//855 787//818 788//848
f 795//818 786//847 787//818
f 794//854 785//846 786//847
f 785//852 784//844 777//845
f 792//851 783//822 784//844
f 791//822 782//843 783//822
f 790//850 781//842 782//843
f 789//849 780//841 781//842
f 788//848 779//818 780//841
f 787//818 778//840 779//818
f 786//847 777//839 778//840
f 777//845 776//837 769//838
f 784//844 775//822 776//837
f 783//822 774//836 775//822
f 782//843 773//835 774//836
f 781//842 772//834 773//835
f 780//841 771//818 772//834
f 779//818 770//833 771//818
f 778//840 769//832 770//833
f 769//838 768//830 761//831
f 776//837 767//822 768//830
f 775//822 766//829 767//822
f 774//836 765//828 766//829
f 773//835 764//827 765//828
f 772//834 763//818 764//827
f 771//818 762//826 763//818
f 770//833 761//825 762//826
f 761//831 760//823 753//824
f 768//830 759//822 760//823
f 767//822 758//821 759//822
f 766//829 757//820 758//821
f 765//828 756//819 757//820
f 764//827 755//818 756//819
f 763//818 754//817 755//818
f 762//826 753//816 754//817
f 753//824 752//814 745//815
f 760//823 751//748 752//814
f 759//822 750//813 751//748
f 758//821 749//812 750//813
f 757//820 748//811 749//812
f 756//819 747//741 748//811
f 755//818 746//810 747//741
f 754//817 745//809 746//810
f 745//815 744//807 737//808
f 752//814 743//748 744//807
f 751//748 742//806 743//748
f 750//813 741//805 742//806
f 749//812 740//804 741//805
f 748//811 739//741 740//804
f 747//741 738//803 739//741
f 746//810 737//802 738//803
f 737//808 736//800 729//801
f 744//807 735//748 736//800
f 743//748 734//799 735//748
f 742//806 733//798 734//799
f 741//805 732//797 733//798
f 740//804 731//741 732//797
f 739//741 730//796 731//741
f 738//803 729//795 730//796
f 729//801 728//793 721//794
f 736//800 727//748 728//793
f 735//748 726//792 727//748
f 734//799 725//791 726//792
f 733//798 724//790 725//791
f 732//797 723//741 724//790
f 731//741 722//789 723//741
f 730//796 721//788 722//789
f 721//794 720//786 713//787
f 728//793 719//748 720//786
f 727//748 718//785 719//748
f 726//792 717//784 718//785
f 725//791 716//783 717//784
f 724//790 715//741 716//783
f 723//741 714//782 715//741
f 722//789 713//781 714//782
f 713//787 712//779 705//780
f 720//786 711//748 712//779
f 719//748 710//778 711//748
f 718//785 709//777 710//778
f 717//784 708//776 709//777
f 716//783 707//741 708//776
f 715//741 706//775 707//741
f 714//782 705//774 706//775
f 705//780 704//772 697//773
f 712//779 703//748 704//772
f 711//748 702//771 703//748
f 710//778 701//770 702//771
f 709//777 700//769 701//770
f 708//776 699//741 700//769
f 707//741 698//768 699//741
f 706//775 697//767 698//768
f 697//773 696//765 689//766
f 704//772 695//748 696//765
f 703//748 694//764 695//748
f 702//771 693//763 694//764
f 701//770 692//762 693//763
f 700//769 691//741 692//762
f 699//741 690//761 691//741
f 698//768 689//760 690//761
f 689//766 688//758 681//759
f 696//765 687//748 688//758
f 695//748 686//757 687//748
f 694//764 685//756 686//757
f 693//763 684//755 685//756
f 692//762 683//741 684//755
f 691//741 682//754 683//741
f 690//761 681//753 682//754
f 681//759 679//749 666//751
f 688//758 677//748 679//749
f 687//748 675//746 677//748
f 686//757 673//744 675//746
f 685//756 671//742 673//744
f 684//755 669//741 671//742
f 683//741 667//739 669//741
f 682//754 666//738 667//739
f 666//751 680//750 665//752
f 679//749 678//748 680//750
f 677//748 676//747 678//748
f 675//746 674//745 676//747
f 673//744 672//743 674//745
f 671//742 670//741 672//743
f 669//741 668//740 670//741
f 667//739 665//737 668//740
