# Houdini Apprentice / Slot-chan non-commercial demo
v -0.3163 0.04666 -0.025
v -0.31794 0.04666 -0.01043
v -0.4 0.0348 -0.025
v -0.23448 0.05188 -0.025
v -0.23776 0.05188 0.00369
v -0.15712 0.02709 -0.025
v -0.162 0.02709 0.01694
v -0.0867 -0.01769 -0.025
v -0.09308 -0.01769 0.02892
v -0.02554 -0.07432 -0.025
v -0.03324 -0.07432 0.03926
v 0.02433 -0.14 -0.025
v 0.01553 -0.14 0.04765
v 0.06122 -0.21267 -0.025
v 0.0516 -0.21267 0.05383
v 0.08388 -0.29012 -0.025
v 0.07375 -0.29012 0.05761
v 0.09152 -0.37 -0.025
v 0.08122 -0.37 0.05889
v 0.08388 -0.44988 -0.025
v 0.07375 -0.44988 0.05761
v 0.06122 -0.52733 -0.025
v 0.0516 -0.52733 0.05383
v 0.02433 -0.6 -0.025
v 0.01553 -0.6 0.04765
v -0.02554 -0.66568 -0.025
v -0.03324 -0.66568 0.03926
v -0.0867 -0.72238 -0.025
v -0.09308 -0.72238 0.02892
v -0.15712 -0.76837 -0.025
v -0.162 -0.76837 0.01694
v -0.23448 -0.80226 -0.025
v -0.23776 -0.80226 0.00369
v -0.3163 -0.82301 -0.025
v -0.31794 -0.82301 -0.01043
v -0.4 -0.83 -0.025
v -0.32277 0.04666 0.00357
v -0.24745 0.05188 0.03128
v -0.17639 0.02709 0.05728
v -0.11184 -0.01769 0.08077
v -0.05587 -0.07432 0.10106
v -0.01031 -0.14 0.11751
v 0.02336 -0.21267 0.12963
v 0.04402 -0.29012 0.13705
v 0.05099 -0.37 0.13955
v 0.04402 -0.44988 0.13705
v 0.02336 -0.52733 0.12963
v -0.01031 -0.6 0.11751
v -0.05587 -0.66568 0.10106
v -0.11184 -0.72238 0.08077
v -0.17639 -0.76837 0.05728
v -0.24745 -0.80226 0.03128
v -0.32277 -0.82301 0.00357
v -0.33059 0.04666 0.01648
v -0.26307 0.05188 0.05671
v -0.19953 0.02709 0.09445
v -0.14195 -0.01769 0.12856
v -0.09212 -0.07432 0.158
v -0.05162 -0.14 0.18189
v -0.02173 -0.21267 0.19949
v -0.0034 -0.29012 0.21027
v 0.00277 -0.37 0.2139
v -0.0034 -0.44988 0.21027
v -0.02173 -0.52733 0.19949
v -0.05162 -0.6 0.18189
v -0.09212 -0.66568 0.158
v -0.14195 -0.72238 0.12856
v -0.19953 -0.76837 0.09445
v -0.26307 -0.80226 0.05671
v -0.33059 -0.82301 0.01648
v -0.34106 0.04666 0.0278
v -0.28391 0.05188 0.07899
v -0.23029 0.02709 0.12703
v -0.18183 -0.01769 0.17044
v -0.14 -0.07432 0.20792
v -0.10606 -0.14 0.23832
v -0.08106 -0.21267 0.26072
v -0.06575 -0.29012 0.27444
v -0.06059 -0.37 0.27906
v -0.06575 -0.44988 0.27444
v -0.08106 -0.52733 0.26072
v -0.10606 -0.6 0.23832
v -0.14 -0.66568 0.20792
v -0.18183 -0.72238 0.17044
v -0.23029 -0.76837 0.12703
v -0.28391 -0.80226 0.07899
v -0.34106 -0.82301 0.0278
v -0.35377 0.04666 0.03708
v -0.30908 0.05188 0.09728
v -0.26728 0.02709 0.15377
v -0.2296 -0.01769 0.20482
v -0.19715 -0.07432 0.24889
v -0.17089 -0.14 0.28463
v -0.15157 -0.21267 0.31097
v -0.13975 -0.29012 0.3271
v -0.13578 -0.37 0.33253
v -0.13975 -0.44988 0.3271
v -0.15157 -0.52733 0.31097
v -0.17089 -0.6 0.28463
v -0.19715 -0.66568 0.24889
v -0.2296 -0.72238 0.20482
v -0.26728 -0.76837 0.15377
v -0.30908 -0.80226 0.09728
v -0.35377 -0.82301 0.03708
v -0.3682 0.04666 0.04398
v -0.33754 0.05188 0.11087
v -0.30894 0.02709 0.17363
v -0.28322 -0.01769 0.23036
v -0.26112 -0.07432 0.27933
v -0.24326 -0.14 0.31904
v -0.23014 -0.21267 0.34831
v -0.22213 -0.29012 0.36623
v -0.21943 -0.37 0.37227
v -0.22213 -0.44988 0.36623
v -0.23014 -0.52733 0.34831
v -0.24326 -0.6 0.31904
v -0.26112 -0.66568 0.27933
v -0.28322 -0.72238 0.23036
v -0.30894 -0.76837 0.17363
v -0.33754 -0.80226 0.11087
v -0.3682 -0.82301 0.04398
v -0.3838 0.04666 0.04823
v -0.36821 0.05188 0.11924
v -0.3537 0.02709 0.18587
v -0.34067 -0.01769 0.24609
v -0.32948 -0.07432 0.29807
v -0.32046 -0.14 0.34024
v -0.31384 -0.21267 0.3713
v -0.30979 -0.29012 0.39033
v -0.30843 -0.37 0.39674
v -0.30979 -0.44988 0.39033
v -0.31384 -0.52733 0.3713
v -0.32046 -0.6 0.34024
v -0.32948 -0.66568 0.29807
v -0.34067 -0.72238 0.24609
v -0.3537 -0.76837 0.18587
v -0.36821 -0.80226 0.11924
v -0.3838 -0.82301 0.04823
v -0.4 0.04666 0.04967
v -0.4 0.05188 0.12207
v -0.4 0.02709 0.19
v -0.4 -0.01769 0.2514
v -0.4 -0.07432 0.3044
v -0.4 -0.14 0.34739
v -0.4 -0.21267 0.37907
v -0.4 -0.29012 0.39847
v -0.4 -0.37 0.405
v -0.4 -0.44988 0.39847
v -0.4 -0.52733 0.37907
v -0.4 -0.6 0.34739
v -0.4 -0.66568 0.3044
v -0.4 -0.72238 0.2514
v -0.4 -0.76837 0.19
v -0.4 -0.80226 0.12207
v -0.4 -0.82301 0.04967
v -0.4162 0.04666 0.04823
v -0.43179 0.05188 0.11924
v -0.4463 0.02709 0.18587
v -0.45933 -0.01769 0.24609
v -0.47052 -0.07432 0.29807
v -0.47954 -0.14 0.34024
v -0.48616 -0.21267 0.3713
v -0.49021 -0.29012 0.39033
v -0.49157 -0.37 0.39674
v -0.49021 -0.44988 0.39033
v -0.48616 -0.52733 0.3713
v -0.47954 -0.6 0.34024
v -0.47052 -0.66568 0.29807
v -0.45933 -0.72238 0.24609
v -0.4463 -0.76837 0.18587
v -0.43179 -0.80226 0.11924
v -0.4162 -0.82301 0.04823
v -0.4318 0.04666 0.04398
v -0.46246 0.05188 0.11087
v -0.49106 0.02709 0.17363
v -0.51678 -0.01769 0.23036
v -0.53888 -0.07432 0.27933
v -0.55674 -0.14 0.31904
v -0.56986 -0.21267 0.34831
v -0.57787 -0.29012 0.36623
v -0.58057 -0.37 0.37227
v -0.57787 -0.44988 0.36623
v -0.56986 -0.52733 0.34831
v -0.55674 -0.6 0.31904
v -0.53888 -0.66568 0.27933
v -0.51678 -0.72238 0.23036
v -0.49106 -0.76837 0.17363
v -0.46246 -0.80226 0.11087
v -0.4318 -0.82301 0.04398
v -0.44623 0.04666 0.03708
v -0.49092 0.05188 0.09728
v -0.53272 0.02709 0.15377
v -0.5704 -0.01769 0.20482
v -0.60285 -0.07432 0.24889
v -0.62911 -0.14 0.28463
v -0.64843 -0.21267 0.31097
v -0.66025 -0.29012 0.3271
v -0.66422 -0.37 0.33253
v -0.66025 -0.44988 0.3271
v -0.64843 -0.52733 0.31097
v -0.62911 -0.6 0.28463
v -0.60285 -0.66568 0.24889
v -0.5704 -0.72238 0.20482
v -0.53272 -0.76837 0.15377
v -0.49092 -0.80226 0.09728
v -0.44623 -0.82301 0.03708
v -0.45894 0.04666 0.0278
v -0.51609 0.05188 0.07899
v -0.56971 0.02709 0.12703
v -0.61817 -0.01769 0.17044
v -0.66 -0.07432 0.20792
v -0.69394 -0.14 0.23832
v -0.71894 -0.21267 0.26072
v -0.73425 -0.29012 0.27444
v -0.73941 -0.37 0.27906
v -0.73425 -0.44988 0.27444
v -0.71894 -0.52733 0.26072
v -0.69394 -0.6 0.23832
v -0.66 -0.66568 0.20792
v -0.61817 -0.72238 0.17044
v -0.56971 -0.76837 0.12703
v -0.51609 -0.80226 0.07899
v -0.45894 -0.82301 0.0278
v -0.46941 0.04666 0.01648
v -0.53693 0.05188 0.05671
v -0.60047 0.02709 0.09445
v -0.65805 -0.01769 0.12856
v -0.70788 -0.07432 0.158
v -0.74838 -0.14 0.18189
v -0.77827 -0.21267 0.19949
v -0.7966 -0.29012 0.21027
v -0.80277 -0.37 0.2139
v -0.7966 -0.44988 0.21027
v -0.77827 -0.52733 0.19949
v -0.74838 -0.6 0.18189
v -0.70788 -0.66568 0.158
v -0.65805 -0.72238 0.12856
v -0.60047 -0.76837 0.09445
v -0.53693 -0.80226 0.05671
v -0.46941 -0.82301 0.01648
v -0.47723 0.04666 0.00357
v -0.55255 0.05188 0.03128
v -0.62361 0.02709 0.05728
v -0.68816 -0.01769 0.08077
v -0.74413 -0.07432 0.10106
v -0.78969 -0.14 0.11751
v -0.82336 -0.21267 0.12963
v -0.84402 -0.29012 0.13705
v -0.85099 -0.37 0.13955
v -0.84402 -0.44988 0.13705
v -0.82336 -0.52733 0.12963
v -0.78969 -0.6 0.11751
v -0.74413 -0.66568 0.10106
v -0.68816 -0.72238 0.08077
v -0.62361 -0.76837 0.05728
v -0.55255 -0.80226 0.03128
v -0.47723 -0.82301 0.00357
v -0.48206 0.04666 -0.01043
v -0.56224 0.05188 0.00369
v -0.638 0.02709 0.01694
v -0.70692 -0.01769 0.02892
v -0.76676 -0.07432 0.03926
v -0.81553 -0.14 0.04765
v -0.8516 -0.21267 0.05383
v -0.87375 -0.29012 0.05761
v -0.88122 -0.37 0.05889
v -0.87375 -0.44988 0.05761
v -0.8516 -0.52733 0.05383
v -0.81553 -0.6 0.04765
v -0.76676 -0.66568 0.03926
v -0.70692 -0.72238 0.02892
v -0.638 -0.76837 0.01694
v -0.56224 -0.80226 0.00369
v -0.48206 -0.82301 -0.01043
v -0.4837 0.04666 -0.025
v -0.56552 0.05188 -0.025
v -0.64288 0.02709 -0.025
v -0.7133 -0.01769 -0.025
v -0.77446 -0.07432 -0.025
v -0.82433 -0.14 -0.025
v -0.86122 -0.21267 -0.025
v -0.88388 -0.29012 -0.025
v -0.89152 -0.37 -0.025
v -0.88388 -0.44988 -0.025
v -0.86122 -0.52733 -0.025
v -0.82433 -0.6 -0.025
v -0.77446 -0.66568 -0.025
v -0.7133 -0.72238 -0.025
v -0.64288 -0.76837 -0.025
v -0.56552 -0.80226 -0.025
v -0.4837 -0.82301 -0.025
v -0.48206 0.04666 -0.03957
v -0.56224 0.05188 -0.05369
v -0.638 0.02709 -0.06694
v -0.70692 -0.01769 -0.07892
v -0.76676 -0.07432 -0.08926
v -0.81553 -0.14 -0.09765
v -0.8516 -0.21267 -0.10383
v -0.87375 -0.29012 -0.10761
v -0.88122 -0.37 -0.10889
v -0.87375 -0.44988 -0.10761
v -0.8516 -0.52733 -0.10383
v -0.81553 -0.6 -0.09765
v -0.76676 -0.66568 -0.08926
v -0.70692 -0.72238 -0.07892
v -0.638 -0.76837 -0.06694
v -0.56224 -0.80226 -0.05369
v -0.48206 -0.82301 -0.03957
v -0.47723 0.04666 -0.05357
v -0.55255 0.05188 -0.08128
v -0.62361 0.02709 -0.10728
v -0.68816 -0.01769 -0.13077
v -0.74413 -0.07432 -0.15106
v -0.78969 -0.14 -0.16751
v -0.82336 -0.21267 -0.17963
v -0.84402 -0.29012 -0.18705
v -0.85099 -0.37 -0.18955
v -0.84402 -0.44988 -0.18705
v -0.82336 -0.52733 -0.17963
v -0.78969 -0.6 -0.16751
v -0.74413 -0.66568 -0.15106
v -0.68816 -0.72238 -0.13077
v -0.62361 -0.76837 -0.10728
v -0.55255 -0.80226 -0.08128
v -0.47723 -0.82301 -0.05357
v -0.46941 0.04666 -0.06648
v -0.53693 0.05188 -0.10671
v -0.60047 0.02709 -0.14445
v -0.65805 -0.01769 -0.17856
v -0.70788 -0.07432 -0.208
v -0.74838 -0.14 -0.23189
v -0.77827 -0.21267 -0.24949
v -0.7966 -0.29012 -0.26027
v -0.80277 -0.37 -0.2639
v -0.7966 -0.44988 -0.26027
v -0.77827 -0.52733 -0.24949
v -0.74838 -0.6 -0.23189
v -0.70788 -0.66568 -0.208
v -0.65805 -0.72238 -0.17856
v -0.60047 -0.76837 -0.14445
v -0.53693 -0.80226 -0.10671
v -0.46941 -0.82301 -0.06648
v -0.45894 0.04666 -0.0778
v -0.51609 0.05188 -0.12899
v -0.56971 0.02709 -0.17703
v -0.61817 -0.01769 -0.22044
v -0.66 -0.07432 -0.25792
v -0.69394 -0.14 -0.28832
v -0.71894 -0.21267 -0.31072
v -0.73425 -0.29012 -0.32444
v -0.73941 -0.37 -0.32906
v -0.73425 -0.44988 -0.32444
v -0.71894 -0.52733 -0.31072
v -0.69394 -0.6 -0.28832
v -0.66 -0.66568 -0.25792
v -0.61817 -0.72238 -0.22044
v -0.56971 -0.76837 -0.17703
v -0.51609 -0.80226 -0.12899
v -0.45894 -0.82301 -0.0778
v -0.44623 0.04666 -0.08708
v -0.49092 0.05188 -0.14728
v -0.53272 0.02709 -0.20377
v -0.5704 -0.01769 -0.25482
v -0.60285 -0.07432 -0.29889
v -0.62911 -0.14 -0.33463
v -0.64843 -0.21267 -0.36097
v -0.66025 -0.29012 -0.3771
v -0.66422 -0.37 -0.38253
v -0.66025 -0.44988 -0.3771
v -0.64843 -0.52733 -0.36097
v -0.62911 -0.6 -0.33463
v -0.60285 -0.66568 -0.29889
v -0.5704 -0.72238 -0.25482
v -0.53272 -0.76837 -0.20377
v -0.49092 -0.80226 -0.14728
v -0.44623 -0.82301 -0.08708
v -0.4318 0.04666 -0.09398
v -0.46246 0.05188 -0.16087
v -0.49106 0.02709 -0.22363
v -0.51678 -0.01769 -0.28036
v -0.53888 -0.07432 -0.32933
v -0.55674 -0.14 -0.36904
v -0.56986 -0.21267 -0.39831
v -0.57787 -0.29012 -0.41623
v -0.58057 -0.37 -0.42227
v -0.57787 -0.44988 -0.41623
v -0.56986 -0.52733 -0.39831
v -0.55674 -0.6 -0.36904
v -0.53888 -0.66568 -0.32933
v -0.51678 -0.72238 -0.28036
v -0.49106 -0.76837 -0.22363
v -0.46246 -0.80226 -0.16087
v -0.4318 -0.82301 -0.09398
v -0.4162 0.04666 -0.09823
v -0.43179 0.05188 -0.16924
v -0.4463 0.02709 -0.23587
v -0.45933 -0.01769 -0.29609
v -0.47052 -0.07432 -0.34807
v -0.47954 -0.14 -0.39024
v -0.48616 -0.21267 -0.4213
v -0.49021 -0.29012 -0.44033
v -0.49157 -0.37 -0.44674
v -0.49021 -0.44988 -0.44033
v -0.48616 -0.52733 -0.4213
v -0.47954 -0.6 -0.39024
v -0.47052 -0.66568 -0.34807
v -0.45933 -0.72238 -0.29609
v -0.4463 -0.76837 -0.23587
v -0.43179 -0.80226 -0.16924
v -0.4162 -0.82301 -0.09823
v -0.4 0.04666 -0.09967
v -0.4 0.05188 -0.17207
v -0.4 0.02709 -0.24
v -0.4 -0.01769 -0.3014
v -0.4 -0.07432 -0.3544
v -0.4 -0.14 -0.39739
v -0.4 -0.21267 -0.42907
v -0.4 -0.29012 -0.44847
v -0.4 -0.37 -0.455
v -0.4 -0.44988 -0.44847
v -0.4 -0.52733 -0.42907
v -0.4 -0.6 -0.39739
v -0.4 -0.66568 -0.3544
v -0.4 -0.72238 -0.3014
v -0.4 -0.76837 -0.24
v -0.4 -0.80226 -0.17207
v -0.4 -0.82301 -0.09967
v -0.3838 0.04666 -0.09823
v -0.36821 0.05188 -0.16924
v -0.3537 0.02709 -0.23587
v -0.34067 -0.01769 -0.29609
v -0.32948 -0.07432 -0.34807
v -0.32046 -0.14 -0.39024
v -0.31384 -0.21267 -0.4213
v -0.30979 -0.29012 -0.44033
v -0.30843 -0.37 -0.44674
v -0.30979 -0.44988 -0.44033
v -0.31384 -0.52733 -0.4213
v -0.32046 -0.6 -0.39024
v -0.32948 -0.66568 -0.34807
v -0.34067 -0.72238 -0.29609
v -0.3537 -0.76837 -0.23587
v -0.36821 -0.80226 -0.16924
v -0.3838 -0.82301 -0.09823
v -0.3682 0.04666 -0.09398
v -0.33754 0.05188 -0.16087
v -0.30894 0.02709 -0.22363
v -0.28322 -0.01769 -0.28036
v -0.26112 -0.07432 -0.32933
v -0.24326 -0.14 -0.36904
v -0.23014 -0.21267 -0.39831
v -0.22213 -0.29012 -0.41623
v -0.21943 -0.37 -0.42227
v -0.22213 -0.44988 -0.41623
v -0.23014 -0.52733 -0.39831
v -0.24326 -0.6 -0.36904
v -0.26112 -0.66568 -0.32933
v -0.28322 -0.72238 -0.28036
v -0.30894 -0.76837 -0.22363
v -0.33754 -0.80226 -0.16087
v -0.3682 -0.82301 -0.09398
v -0.35377 0.04666 -0.08708
v -0.30908 0.05188 -0.14728
v -0.26728 0.02709 -0.20377
v -0.2296 -0.01769 -0.25482
v -0.19715 -0.07432 -0.29889
v -0.17089 -0.14 -0.33463
v -0.15157 -0.21267 -0.36097
v -0.13975 -0.29012 -0.3771
v -0.13578 -0.37 -0.38253
v -0.13975 -0.44988 -0.3771
v -0.15157 -0.52733 -0.36097
v -0.17089 -0.6 -0.33463
v -0.19715 -0.66568 -0.29889
v -0.2296 -0.72238 -0.25482
v -0.26728 -0.76837 -0.20377
v -0.30908 -0.80226 -0.14728
v -0.35377 -0.82301 -0.08708
v -0.34106 0.04666 -0.0778
v -0.28391 0.05188 -0.12899
v -0.23029 0.02709 -0.17703
v -0.18183 -0.01769 -0.22044
v -0.14 -0.07432 -0.25792
v -0.10606 -0.14 -0.28832
v -0.08106 -0.21267 -0.31072
v -0.06575 -0.29012 -0.32444
v -0.06059 -0.37 -0.32906
v -0.06575 -0.44988 -0.32444
v -0.08106 -0.52733 -0.31072
v -0.10606 -0.6 -0.28832
v -0.14 -0.66568 -0.25792
v -0.18183 -0.72238 -0.22044
v -0.23029 -0.76837 -0.17703
v -0.28391 -0.80226 -0.12899
v -0.34106 -0.82301 -0.0778
v -0.33059 0.04666 -0.06648
v -0.26307 0.05188 -0.10671
v -0.19953 0.02709 -0.14445
v -0.14195 -0.01769 -0.17856
v -0.09212 -0.07432 -0.208
v -0.05162 -0.14 -0.23189
v -0.02173 -0.21267 -0.24949
v -0.0034 -0.29012 -0.26027
v 0.00277 -0.37 -0.2639
v -0.0034 -0.44988 -0.26027
v -0.02173 -0.52733 -0.24949
v -0.05162 -0.6 -0.23189
v -0.09212 -0.66568 -0.208
v -0.14195 -0.72238 -0.17856
v -0.19953 -0.76837 -0.14445
v -0.26307 -0.80226 -0.10671
v -0.33059 -0.82301 -0.06648
v -0.32277 0.04666 -0.05357
v -0.24745 0.05188 -0.08128
v -0.17639 0.02709 -0.10728
v -0.11184 -0.01769 -0.13077
v -0.05587 -0.07432 -0.15106
v -0.01031 -0.14 -0.16751
v 0.02336 -0.21267 -0.17963
v 0.04402 -0.29012 -0.18705
v 0.05099 -0.37 -0.18955
v 0.04402 -0.44988 -0.18705
v 0.02336 -0.52733 -0.17963
v -0.01031 -0.6 -0.16751
v -0.05587 -0.66568 -0.15106
v -0.11184 -0.72238 -0.13077
v -0.17639 -0.76837 -0.10728
v -0.24745 -0.80226 -0.08128
v -0.32277 -0.82301 -0.05357
v -0.31794 0.04666 -0.03957
v -0.23776 0.05188 -0.05369
v -0.162 0.02709 -0.06694
v -0.09308 -0.01769 -0.07892
v -0.03324 -0.07432 -0.08926
v 0.01553 -0.14 -0.09765
v 0.0516 -0.21267 -0.10383
v 0.07375 -0.29012 -0.10761
v 0.08122 -0.37 -0.10889
v 0.07375 -0.44988 -0.10761
v 0.0516 -0.52733 -0.10383
v 0.01553 -0.6 -0.09765
v -0.03324 -0.66568 -0.08926
v -0.09308 -0.72238 -0.07892
v -0.162 -0.76837 -0.06694
v -0.23776 -0.80226 -0.05369
v -0.31794 -0.82301 -0.03957
v 0.47893 -0.01616 0.16
v 0.47719 -0.01616 0.17558
v 0.39 -0.0288 0.16
v 0.56586 -0.0106 0.16
v 0.56238 -0.0106 0.19069
v 0.64806 -0.03702 0.16
v 0.64287 -0.03702 0.20487
v 0.72288 -0.08471 0.16
v 0.71611 -0.08471 0.21768
v 0.78787 -0.14504 0.16
v 0.77968 -0.14504 0.22875
v 0.84085 -0.215 0.16
v 0.8315 -0.215 0.23772
v 0.88005 -0.29241 0.16
v 0.86983 -0.29241 0.24433
v 0.90412 -0.37491 0.16
v 0.89336 -0.37491 0.24838
v 0.91224 -0.46 0.16
v 0.90129 -0.46 0.24974
v 0.90412 -0.54509 0.16
v 0.89336 -0.54509 0.24838
v 0.88005 -0.62759 0.16
v 0.86983 -0.62759 0.24433
v 0.84085 -0.705 0.16
v 0.8315 -0.705 0.23772
v 0.78787 -0.77497 0.16
v 0.77968 -0.77497 0.22875
v 0.72288 -0.83536 0.16
v 0.71611 -0.83536 0.21768
v 0.64806 -0.88435 0.16
v 0.64287 -0.88435 0.20487
v 0.56586 -0.92045 0.16
v 0.56238 -0.92045 0.19069
v 0.47893 -0.94256 0.16
v 0.47719 -0.94256 0.17558
v 0.39 -0.95 0.16
v 0.47206 -0.01616 0.19057
v 0.55209 -0.0106 0.22021
v 0.62759 -0.03702 0.24802
v 0.69617 -0.08471 0.27315
v 0.75564 -0.14504 0.29485
v 0.80405 -0.215 0.31245
v 0.83982 -0.29241 0.32542
v 0.86178 -0.37491 0.33336
v 0.86917 -0.46 0.33603
v 0.86178 -0.54509 0.33336
v 0.83982 -0.62759 0.32542
v 0.80405 -0.705 0.31245
v 0.75564 -0.77497 0.29485
v 0.69617 -0.83536 0.27315
v 0.62759 -0.88435 0.24802
v 0.55209 -0.92045 0.22021
v 0.47206 -0.94256 0.19057
v 0.46375 -0.01616 0.20438
v 0.53549 -0.0106 0.24741
v 0.603 -0.03702 0.28778
v 0.66418 -0.08471 0.32427
v 0.71713 -0.14504 0.35577
v 0.76016 -0.215 0.38132
v 0.79192 -0.29241 0.40015
v 0.81138 -0.37491 0.41168
v 0.81794 -0.46 0.41556
v 0.81138 -0.54509 0.41168
v 0.79192 -0.62759 0.40015
v 0.76016 -0.705 0.38132
v 0.71713 -0.77497 0.35577
v 0.66418 -0.83536 0.32427
v 0.603 -0.88435 0.28778
v 0.53549 -0.92045 0.24741
v 0.46375 -0.94256 0.20438
v 0.45262 -0.01616 0.21648
v 0.51334 -0.0106 0.27125
v 0.57031 -0.03702 0.32263
v 0.6218 -0.08471 0.36908
v 0.66625 -0.14504 0.40917
v 0.70231 -0.215 0.44169
v 0.72888 -0.29241 0.46565
v 0.74515 -0.37491 0.48033
v 0.75062 -0.46 0.48527
v 0.74515 -0.54509 0.48033
v 0.72888 -0.62759 0.46565
v 0.70231 -0.705 0.44169
v 0.66625 -0.77497 0.40917
v 0.6218 -0.83536 0.36908
v 0.57031 -0.88435 0.32263
v 0.51334 -0.92045 0.27125
v 0.45262 -0.94256 0.21648
v 0.43912 -0.01616 0.22642
v 0.4866 -0.0106 0.29081
v 0.53102 -0.03702 0.35124
v 0.57105 -0.08471 0.40585
v 0.60552 -0.14504 0.45299
v 0.63343 -0.215 0.49123
v 0.65396 -0.29241 0.51941
v 0.66651 -0.37491 0.53667
v 0.67074 -0.46 0.54248
v 0.66651 -0.54509 0.53667
v 0.65396 -0.62759 0.51941
v 0.63343 -0.705 0.49123
v 0.60552 -0.77497 0.45299
v 0.57105 -0.83536 0.40585
v 0.53102 -0.88435 0.35124
v 0.4866 -0.92045 0.29081
v 0.43912 -0.94256 0.22642
v 0.42379 -0.01616 0.2338
v 0.45636 -0.0106 0.30535
v 0.48676 -0.03702 0.37249
v 0.51408 -0.08471 0.43317
v 0.53756 -0.14504 0.48556
v 0.55654 -0.215 0.52805
v 0.57047 -0.29241 0.55935
v 0.57899 -0.37491 0.57853
v 0.58186 -0.46 0.58498
v 0.57899 -0.54509 0.57853
v 0.57047 -0.62759 0.55935
v 0.55654 -0.705 0.52805
v 0.53756 -0.77497 0.48556
v 0.51408 -0.83536 0.43317
v 0.48676 -0.88435 0.37249
v 0.45636 -0.92045 0.30535
v 0.42379 -0.94256 0.2338
v 0.40721 -0.01616 0.23834
v 0.42377 -0.0106 0.31431
v 0.4392 -0.03702 0.38558
v 0.45304 -0.08471 0.45
v 0.46492 -0.14504 0.50561
v 0.47451 -0.215 0.55072
v 0.48155 -0.29241 0.58395
v 0.48584 -0.37491 0.60431
v 0.48729 -0.46 0.61116
v 0.48584 -0.54509 0.60431
v 0.48155 -0.62759 0.58395
v 0.47451 -0.705 0.55072
v 0.46492 -0.77497 0.50561
v 0.45304 -0.83536 0.45
v 0.4392 -0.88435 0.38558
v 0.42377 -0.92045 0.31431
v 0.40721 -0.94256 0.23834
v 0.39 -0.01616 0.23988
v 0.39 -0.0106 0.31733
v 0.39 -0.03702 0.39
v 0.39 -0.08471 0.45568
v 0.39 -0.14504 0.51238
v 0.39 -0.215 0.55837
v 0.39 -0.29241 0.59226
v 0.39 -0.37491 0.61301
v 0.39 -0.46 0.62
v 0.39 -0.54509 0.61301
v 0.39 -0.62759 0.59226
v 0.39 -0.705 0.55837
v 0.39 -0.77497 0.51238
v 0.39 -0.83536 0.45568
v 0.39 -0.88435 0.39
v 0.39 -0.92045 0.31733
v 0.39 -0.94256 0.23988
v 0.37279 -0.01616 0.23834
v 0.35623 -0.0106 0.31431
v 0.3408 -0.03702 0.38558
v 0.32696 -0.08471 0.45
v 0.31508 -0.14504 0.50561
v 0.30549 -0.215 0.55072
v 0.29845 -0.29241 0.58395
v 0.29416 -0.37491 0.60431
v 0.29271 -0.46 0.61116
v 0.29416 -0.54509 0.60431
v 0.29845 -0.62759 0.58395
v 0.30549 -0.705 0.55072
v 0.31508 -0.77497 0.50561
v 0.32696 -0.83536 0.45
v 0.3408 -0.88435 0.38558
v 0.35623 -0.92045 0.31431
v 0.37279 -0.94256 0.23834
v 0.35621 -0.01616 0.2338
v 0.32364 -0.0106 0.30535
v 0.29324 -0.03702 0.37249
v 0.26592 -0.08471 0.43317
v 0.24244 -0.14504 0.48556
v 0.22346 -0.215 0.52805
v 0.20953 -0.29241 0.55935
v 0.20101 -0.37491 0.57853
v 0.19814 -0.46 0.58498
v 0.20101 -0.54509 0.57853
v 0.20953 -0.62759 0.55935
v 0.22346 -0.705 0.52805
v 0.24244 -0.77497 0.48556
v 0.26592 -0.83536 0.43317
v 0.29324 -0.88435 0.37249
v 0.32364 -0.92045 0.30535
v 0.35621 -0.94256 0.2338
v 0.34088 -0.01616 0.22642
v 0.2934 -0.0106 0.29081
v 0.24898 -0.03702 0.35124
v 0.20895 -0.08471 0.40585
v 0.17448 -0.14504 0.45299
v 0.14657 -0.215 0.49123
v 0.12604 -0.29241 0.51941
v 0.11349 -0.37491 0.53667
v 0.10926 -0.46 0.54248
v 0.11349 -0.54509 0.53667
v 0.12604 -0.62759 0.51941
v 0.14657 -0.705 0.49123
v 0.17448 -0.77497 0.45299
v 0.20895 -0.83536 0.40585
v 0.24898 -0.88435 0.35124
v 0.2934 -0.92045 0.29081
v 0.34088 -0.94256 0.22642
v 0.32738 -0.01616 0.21648
v 0.26666 -0.0106 0.27125
v 0.20969 -0.03702 0.32263
v 0.1582 -0.08471 0.36908
v 0.11375 -0.14504 0.40917
v 0.07769 -0.215 0.44169
v 0.05112 -0.29241 0.46565
v 0.03485 -0.37491 0.48033
v 0.02938 -0.46 0.48527
v 0.03485 -0.54509 0.48033
v 0.05112 -0.62759 0.46565
v 0.07769 -0.705 0.44169
v 0.11375 -0.77497 0.40917
v 0.1582 -0.83536 0.36908
v 0.20969 -0.88435 0.32263
v 0.26666 -0.92045 0.27125
v 0.32738 -0.94256 0.21648
v 0.31625 -0.01616 0.20438
v 0.24451 -0.0106 0.24741
v 0.177 -0.03702 0.28778
v 0.11582 -0.08471 0.32427
v 0.06287 -0.14504 0.35577
v 0.01984 -0.215 0.38132
v -0.01192 -0.29241 0.40015
v -0.03138 -0.37491 0.41168
v -0.03794 -0.46 0.41556
v -0.03138 -0.54509 0.41168
v -0.01192 -0.62759 0.40015
v 0.01984 -0.705 0.38132
v 0.06287 -0.77497 0.35577
v 0.11582 -0.83536 0.32427
v 0.177 -0.88435 0.28778
v 0.24451 -0.92045 0.24741
v 0.31625 -0.94256 0.20438
v 0.30794 -0.01616 0.19057
v 0.22791 -0.0106 0.22021
v 0.15241 -0.03702 0.24802
v 0.08383 -0.08471 0.27315
v 0.02436 -0.14504 0.29485
v -0.02405 -0.215 0.31245
v -0.05982 -0.29241 0.32542
v -0.08178 -0.37491 0.33336
v -0.08917 -0.46 0.33603
v -0.08178 -0.54509 0.33336
v -0.05982 -0.62759 0.32542
v -0.02405 -0.705 0.31245
v 0.02436 -0.77497 0.29485
v 0.08383 -0.83536 0.27315
v 0.15241 -0.88435 0.24802
v 0.22791 -0.92045 0.22021
v 0.30794 -0.94256 0.19057
v 0.30281 -0.01616 0.17558
v 0.21762 -0.0106 0.19069
v 0.13713 -0.03702 0.20487
v 0.06389 -0.08471 0.21768
v 0.00032 -0.14504 0.22875
v -0.0515 -0.215 0.23772
v -0.08983 -0.29241 0.24433
v -0.11336 -0.37491 0.24838
v -0.12129 -0.46 0.24974
v -0.11336 -0.54509 0.24838
v -0.08983 -0.62759 0.24433
v -0.0515 -0.705 0.23772
v 0.00032 -0.77497 0.22875
v 0.06389 -0.83536 0.21768
v 0.13713 -0.88435 0.20487
v 0.21762 -0.92045 0.19069
v 0.30281 -0.94256 0.17558
v 0.30107 -0.01616 0.16
v 0.21414 -0.0106 0.16
v 0.13194 -0.03702 0.16
v 0.05712 -0.08471 0.16
v -0.00787 -0.14504 0.16
v -0.06085 -0.215 0.16
v -0.10005 -0.29241 0.16
v -0.12412 -0.37491 0.16
v -0.13224 -0.46 0.16
v -0.12412 -0.54509 0.16
v -0.10005 -0.62759 0.16
v -0.06085 -0.705 0.16
v -0.00787 -0.77497 0.16
v 0.05712 -0.83536 0.16
v 0.13194 -0.88435 0.16
v 0.21414 -0.92045 0.16
v 0.30107 -0.94256 0.16
v 0.30281 -0.01616 0.14442
v 0.21762 -0.0106 0.12931
v 0.13713 -0.03702 0.11513
v 0.06389 -0.08471 0.10232
v 0.00032 -0.14504 0.09125
v -0.0515 -0.215 0.08228
v -0.08983 -0.29241 0.07567
v -0.11336 -0.37491 0.07162
v -0.12129 -0.46 0.07026
v -0.11336 -0.54509 0.07162
v -0.08983 -0.62759 0.07567
v -0.0515 -0.705 0.08228
v 0.00032 -0.77497 0.09125
v 0.06389 -0.83536 0.10232
v 0.13713 -0.88435 0.11513
v 0.21762 -0.92045 0.12931
v 0.30281 -0.94256 0.14442
v 0.30794 -0.01616 0.12943
v 0.22791 -0.0106 0.09979
v 0.15241 -0.03702 0.07198
v 0.08383 -0.08471 0.04685
v 0.02436 -0.14504 0.02515
v -0.02405 -0.215 0.00755
v -0.05982 -0.29241 -0.00542
v -0.08178 -0.37491 -0.01336
v -0.08917 -0.46 -0.01603
v -0.08178 -0.54509 -0.01336
v -0.05982 -0.62759 -0.00542
v -0.02405 -0.705 0.00755
v 0.02436 -0.77497 0.02515
v 0.08383 -0.83536 0.04685
v 0.15241 -0.88435 0.07198
v 0.22791 -0.92045 0.09979
v 0.30794 -0.94256 0.12943
v 0.31625 -0.01616 0.11562
v 0.24451 -0.0106 0.07259
v 0.177 -0.03702 0.03222
v 0.11582 -0.08471 -0.00427
v 0.06287 -0.14504 -0.03577
v 0.01984 -0.215 -0.06132
v -0.01192 -0.29241 -0.08015
v -0.03138 -0.37491 -0.09168
v -0.03794 -0.46 -0.09556
v -0.03138 -0.54509 -0.09168
v -0.01192 -0.62759 -0.08015
v 0.01984 -0.705 -0.06132
v 0.06287 -0.77497 -0.03577
v 0.11582 -0.83536 -0.00427
v 0.177 -0.88435 0.03222
v 0.24451 -0.92045 0.07259
v 0.31625 -0.94256 0.11562
v 0.32738 -0.01616 0.10352
v 0.26666 -0.0106 0.04875
v 0.20969 -0.03702 -0.00263
v 0.1582 -0.08471 -0.04908
v 0.11375 -0.14504 -0.08917
v 0.07769 -0.215 -0.12169
v 0.05112 -0.29241 -0.14565
v 0.03485 -0.37491 -0.16033
v 0.02938 -0.46 -0.16527
v 0.03485 -0.54509 -0.16033
v 0.05112 -0.62759 -0.14565
v 0.07769 -0.705 -0.12169
v 0.11375 -0.77497 -0.08917
v 0.1582 -0.83536 -0.04908
v 0.20969 -0.88435 -0.00263
v 0.26666 -0.92045 0.04875
v 0.32738 -0.94256 0.10352
v 0.34088 -0.01616 0.09358
v 0.2934 -0.0106 0.02919
v 0.24898 -0.03702 -0.03124
v 0.20895 -0.08471 -0.08585
v 0.17448 -0.14504 -0.13299
v 0.14657 -0.215 -0.17123
v 0.12604 -0.29241 -0.19941
v 0.11349 -0.37491 -0.21667
v 0.10926 -0.46 -0.22248
v 0.11349 -0.54509 -0.21667
v 0.12604 -0.62759 -0.19941
v 0.14657 -0.705 -0.17123
v 0.17448 -0.77497 -0.13299
v 0.20895 -0.83536 -0.08585
v 0.24898 -0.88435 -0.03124
v 0.2934 -0.92045 0.02919
v 0.34088 -0.94256 0.09358
v 0.35621 -0.01616 0.0862
v 0.32364 -0.0106 0.01465
v 0.29324 -0.03702 -0.05249
v 0.26592 -0.08471 -0.11317
v 0.24244 -0.14504 -0.16556
v 0.22346 -0.215 -0.20805
v 0.20953 -0.29241 -0.23935
v 0.20101 -0.37491 -0.25853
v 0.19814 -0.46 -0.26498
v 0.20101 -0.54509 -0.25853
v 0.20953 -0.62759 -0.23935
v 0.22346 -0.705 -0.20805
v 0.24244 -0.77497 -0.16556
v 0.26592 -0.83536 -0.11317
v 0.29324 -0.88435 -0.05249
v 0.32364 -0.92045 0.01465
v 0.35621 -0.94256 0.0862
v 0.37279 -0.01616 0.08166
v 0.35623 -0.0106 0.00569
v 0.3408 -0.03702 -0.06558
v 0.32696 -0.08471 -0.13
v 0.31508 -0.14504 -0.18561
v 0.30549 -0.215 -0.23072
v 0.29845 -0.29241 -0.26395
v 0.29416 -0.37491 -0.28431
v 0.29271 -0.46 -0.29116
v 0.29416 -0.54509 -0.28431
v 0.29845 -0.62759 -0.26395
v 0.30549 -0.705 -0.23072
v 0.31508 -0.77497 -0.18561
v 0.32696 -0.83536 -0.13
v 0.3408 -0.88435 -0.06558
v 0.35623 -0.92045 0.00569
v 0.37279 -0.94256 0.08166
v 0.39 -0.01616 0.08012
v 0.39 -0.0106 0.00267
v 0.39 -0.03702 -0.07
v 0.39 -0.08471 -0.13568
v 0.39 -0.14504 -0.19238
v 0.39 -0.215 -0.23837
v 0.39 -0.29241 -0.27226
v 0.39 -0.37491 -0.29301
v 0.39 -0.46 -0.3
v 0.39 -0.54509 -0.29301
v 0.39 -0.62759 -0.27226
v 0.39 -0.705 -0.23837
v 0.39 -0.77497 -0.19238
v 0.39 -0.83536 -0.13568
v 0.39 -0.88435 -0.07
v 0.39 -0.92045 0.00267
v 0.39 -0.94256 0.08012
v 0.40721 -0.01616 0.08166
v 0.42377 -0.0106 0.00569
v 0.4392 -0.03702 -0.06558
v 0.45304 -0.08471 -0.13
v 0.46492 -0.14504 -0.18561
v 0.47451 -0.215 -0.23072
v 0.48155 -0.29241 -0.26395
v 0.48584 -0.37491 -0.28431
v 0.48729 -0.46 -0.29116
v 0.48584 -0.54509 -0.28431
v 0.48155 -0.62759 -0.26395
v 0.47451 -0.705 -0.23072
v 0.46492 -0.77497 -0.18561
v 0.45304 -0.83536 -0.13
v 0.4392 -0.88435 -0.06558
v 0.42377 -0.92045 0.00569
v 0.40721 -0.94256 0.08166
v 0.42379 -0.01616 0.0862
v 0.45636 -0.0106 0.01465
v 0.48676 -0.03702 -0.05249
v 0.51408 -0.08471 -0.11317
v 0.53756 -0.14504 -0.16556
v 0.55654 -0.215 -0.20805
v 0.57047 -0.29241 -0.23935
v 0.57899 -0.37491 -0.25853
v 0.58186 -0.46 -0.26498
v 0.57899 -0.54509 -0.25853
v 0.57047 -0.62759 -0.23935
v 0.55654 -0.705 -0.20805
v 0.53756 -0.77497 -0.16556
v 0.51408 -0.83536 -0.11317
v 0.48676 -0.88435 -0.05249
v 0.45636 -0.92045 0.01465
v 0.42379 -0.94256 0.0862
v 0.43912 -0.01616 0.09358
v 0.4866 -0.0106 0.02919
v 0.53102 -0.03702 -0.03124
v 0.57105 -0.08471 -0.08585
v 0.60552 -0.14504 -0.13299
v 0.63343 -0.215 -0.17123
v 0.65396 -0.29241 -0.19941
v 0.66651 -0.37491 -0.21667
v 0.67074 -0.46 -0.22248
v 0.66651 -0.54509 -0.21667
v 0.65396 -0.62759 -0.19941
v 0.63343 -0.705 -0.17123
v 0.60552 -0.77497 -0.13299
v 0.57105 -0.83536 -0.08585
v 0.53102 -0.88435 -0.03124
v 0.4866 -0.92045 0.02919
v 0.43912 -0.94256 0.09358
v 0.45262 -0.01616 0.10352
v 0.51334 -0.0106 0.04875
v 0.57031 -0.03702 -0.00263
v 0.6218 -0.08471 -0.04908
v 0.66625 -0.14504 -0.08917
v 0.70231 -0.215 -0.12169
v 0.72888 -0.29241 -0.14565
v 0.74515 -0.37491 -0.16033
v 0.75062 -0.46 -0.16527
v 0.74515 -0.54509 -0.16033
v 0.72888 -0.62759 -0.14565
v 0.70231 -0.705 -0.12169
v 0.66625 -0.77497 -0.08917
v 0.6218 -0.83536 -0.04908
v 0.57031 -0.88435 -0.00263
v 0.51334 -0.92045 0.04875
v 0.45262 -0.94256 0.10352
v 0.46375 -0.01616 0.11562
v 0.53549 -0.0106 0.07259
v 0.603 -0.03702 0.03222
v 0.66418 -0.08471 -0.00427
v 0.71713 -0.14504 -0.03577
v 0.76016 -0.215 -0.06132
v 0.79192 -0.29241 -0.08015
v 0.81138 -0.37491 -0.09168
v 0.81794 -0.46 -0.09556
v 0.81138 -0.54509 -0.09168
v 0.79192 -0.62759 -0.08015
v 0.76016 -0.705 -0.06132
v 0.71713 -0.77497 -0.03577
v 0.66418 -0.83536 -0.00427
v 0.603 -0.88435 0.03222
v 0.53549 -0.92045 0.07259
v 0.46375 -0.94256 0.11562
v 0.47206 -0.01616 0.12943
v 0.55209 -0.0106 0.09979
v 0.62759 -0.03702 0.07198
v 0.69617 -0.08471 0.04685
v 0.75564 -0.14504 0.02515
v 0.80405 -0.215 0.00755
v 0.83982 -0.29241 -0.00542
v 0.86178 -0.37491 -0.01336
v 0.86917 -0.46 -0.01603
v 0.86178 -0.54509 -0.01336
v 0.83982 -0.62759 -0.00542
v 0.80405 -0.705 0.00755
v 0.75564 -0.77497 0.02515
v 0.69617 -0.83536 0.04685
v 0.62759 -0.88435 0.07198
v 0.55209 -0.92045 0.09979
v 0.47206 -0.94256 0.12943
v 0.47719 -0.01616 0.14442
v 0.56238 -0.0106 0.12931
v 0.64287 -0.03702 0.11513
v 0.71611 -0.08471 0.10232
v 0.77968 -0.14504 0.09125
v 0.8315 -0.215 0.08228
v 0.86983 -0.29241 0.07567
v 0.89336 -0.37491 0.07162
v 0.90129 -0.46 0.07026
v 0.89336 -0.54509 0.07162
v 0.86983 -0.62759 0.07567
v 0.8315 -0.705 0.08228
v 0.77968 -0.77497 0.09125
v 0.71611 -0.83536 0.10232
v 0.64287 -0.88435 0.11513
v 0.56238 -0.92045 0.12931
v 0.47719 -0.94256 0.14442
v -0.36101 0.04418 -0.025
v -0.3559 0.13186 -0.0239
v -0.36704 0.13347 -0.05104
v -0.37242 0.0447 -0.05258
v -0.394 0.1366 -0.06228
v -0.39999 0.0454 -0.064
v -0.421 0.13942 -0.05104
v -0.42757 0.04586 -0.05258
v -0.43222 0.14028 -0.0239
v -0.43899 0.04582 -0.025
v -0.42108 0.13867 0.00325
v -0.42758 0.0453 0.00258
v -0.39412 0.13553 0.01449
v -0.40001 0.0446 0.014
v -0.36712 0.13271 0.00325
v -0.37243 0.04414 0.00258
v -0.34354 0.21614 -0.02249
v -0.35431 0.21875 -0.0492
v -0.38048 0.22412 -0.06027
v -0.40672 0.22911 -0.0492
v -0.41767 0.2308 -0.02249
v -0.4069 0.22819 0.00422
v -0.38073 0.22281 0.01529
v -0.35449 0.21782 0.00422
v -0.32479 0.2968 -0.02084
v -0.33512 0.30029 -0.04711
v -0.36035 0.30767 -0.058
v -0.3857 0.31461 -0.04711
v -0.39633 0.31705 -0.02084
v -0.386 0.31356 0.00544
v -0.36077 0.30618 0.01633
v -0.33542 0.29924 0.00544
v -0.30051 0.37359 -0.01898
v -0.31036 0.37785 -0.04483
v -0.33455 0.38698 -0.05554
v -0.35891 0.39564 -0.04483
v -0.36917 0.39875 -0.01898
v -0.35933 0.3945 0.00686
v -0.33514 0.38536 0.01757
v -0.31078 0.3767 0.00686
v -0.27158 0.44621 -0.01699
v -0.28092 0.45112 -0.0424
v -0.304 0.46178 -0.05293
v -0.3273 0.47195 -0.0424
v -0.33718 0.47566 -0.01699
v -0.32784 0.47075 0.00843
v -0.30476 0.46009 0.01896
v -0.28146 0.44992 0.00843
v -0.23889 0.51436 -0.01489
v -0.2477 0.51983 -0.03987
v -0.26964 0.53181 -0.05022
v -0.29184 0.54329 -0.03987
v -0.30131 0.54753 -0.01489
v -0.29249 0.54206 0.01009
v -0.27056 0.53008 0.02044
v -0.24835 0.51861 0.01009
v -0.20332 0.57775 -0.01276
v -0.21161 0.58369 -0.03731
v -0.23238 0.5968 -0.04747
v -0.25346 0.6094 -0.03731
v -0.26251 0.61412 -0.01276
v -0.25422 0.60818 0.0118
v -0.23344 0.59507 0.02196
v -0.21236 0.58246 0.0118
v -0.16579 0.63606 -0.01063
v -0.17356 0.64239 -0.03474
v -0.19316 0.65647 -0.04473
v -0.2131 0.67006 -0.03474
v -0.22171 0.67519 -0.01063
v -0.21394 0.66886 0.01349
v -0.19434 0.65478 0.02348
v -0.1744 0.64119 0.01349
v -0.12722 0.68899 -0.00855
v -0.13447 0.69565 -0.03224
v -0.15289 0.71057 -0.04205
v -0.17168 0.72501 -0.03224
v -0.17984 0.73051 -0.00855
v -0.17259 0.72385 0.01513
v -0.15418 0.70893 0.02495
v -0.13538 0.69449 0.01513
v -0.08855 0.73622 -0.00659
v -0.09528 0.74315 -0.02985
v -0.1125 0.75881 -0.03948
v -0.13012 0.77401 -0.02985
v -0.13782 0.77986 -0.00659
v -0.13108 0.77292 0.01667
v -0.11386 0.75727 0.0263
v -0.09625 0.74206 0.01667
v -0.05074 0.77743 -0.00479
v -0.05694 0.78461 -0.02762
v -0.07292 0.80092 -0.03707
v -0.08931 0.81683 -0.02762
v -0.09652 0.823 -0.00479
v -0.09031 0.81583 0.01804
v -0.07433 0.79951 0.02749
v -0.05794 0.7836 0.01804
v -0.01476 0.8123 -0.0032
v -0.02042 0.81969 -0.0256
v -0.03507 0.83664 -0.03488
v -0.05014 0.85323 -0.0256
v -0.0568 0.85973 -0.0032
v -0.05115 0.85234 0.01919
v -0.03649 0.83539 0.02847
v -0.02142 0.81881 0.01919
v 0.01833 0.8405 -0.00188
v 0.01328 0.84809 -0.02385
v 0.00011 0.86569 -0.03294
v -0.01346 0.88298 -0.02385
v -0.01948 0.88983 -0.00188
v -0.01442 0.88224 0.02009
v -0.00126 0.86464 0.02919
v 0.01231 0.84735 0.02009
v 0.04735 0.86163 -0.00087
v 0.04302 0.86945 -0.02241
v 0.03169 0.88778 -0.03133
v 0.02 0.90588 -0.02241
v 0.0148 0.91315 -0.00087
v 0.01913 0.90533 0.02067
v 0.03046 0.887 0.02959
v 0.04215 0.8689 0.02067
v 0.07074 0.87531 -0.00023
v 0.06739 0.8834 -0.02134
v 0.05868 0.90263 -0.03008
v 0.04971 0.92175 -0.02134
v 0.04574 0.92954 -0.00023
v 0.04909 0.92146 0.02089
v 0.0578 0.90222 0.02963
v 0.06677 0.88311 0.02089
v 0.08581 0.88133 0.0
v 0.08411 0.88973 -0.02068
v 0.08001 0.91 -0.02925
v 0.07589 0.93027 -0.02068
v 0.07419 0.93867 -0.0
v 0.07589 0.93027 0.02068
v 0.07999 0.91 0.02925
v 0.08411 0.88973 0.02068
v 0.42867 -0.03007 0.16
v 0.43596 0.05681 0.15178
v 0.42458 0.05445 0.12479
v 0.41703 -0.03097 0.13253
v 0.39741 0.05459 0.11361
v 0.38956 -0.02836 0.12115
v 0.37036 0.05716 0.12479
v 0.36235 -0.02379 0.13253
v 0.35927 0.06064 0.15178
v 0.35133 -0.01993 0.16
v 0.37065 0.063 0.17876
v 0.36297 -0.01903 0.18747
v 0.39782 0.06285 0.18994
v 0.39044 -0.02164 0.19885
v 0.42487 0.06029 0.17876
v 0.41765 -0.02621 0.18747
v 0.43618 0.14038 0.14226
v 0.42522 0.13666 0.11576
v 0.39856 0.13446 0.10478
v 0.37182 0.13506 0.11576
v 0.36065 0.13811 0.14226
v 0.37161 0.14183 0.16876
v 0.39827 0.14404 0.17973
v 0.42502 0.14344 0.16876
v 0.43006 0.22052 0.13167
v 0.41964 0.2156 0.10565
v 0.39367 0.21122 0.09488
v 0.36737 0.20996 0.10565
v 0.35614 0.21255 0.13167
v 0.36656 0.21747 0.15768
v 0.39253 0.22184 0.16845
v 0.41883 0.22311 0.15768
v 0.41831 0.29713 0.12023
v 0.40851 0.29118 0.09471
v 0.38338 0.28486 0.08413
v 0.35765 0.28187 0.09471
v 0.34638 0.28397 0.12023
v 0.35618 0.28991 0.14576
v 0.3813 0.29623 0.15634
v 0.40704 0.29922 0.14576
v 0.40168 0.37015 0.10819
v 0.39254 0.36336 0.08313
v 0.36836 0.35533 0.07276
v 0.34328 0.35077 0.08313
v 0.33201 0.35235 0.10819
v 0.34114 0.35914 0.13324
v 0.36533 0.36716 0.14362
v 0.39041 0.37173 0.13324
v 0.3809 0.43953 0.09575
v 0.37243 0.43208 0.07116
v 0.34924 0.42259 0.06098
v 0.3249 0.41662 0.07116
v 0.31367 0.41767 0.09575
v 0.32214 0.42512 0.12034
v 0.34533 0.43462 0.13053
v 0.36967 0.44058 0.12034
v 0.3567 0.50524 0.08316
v 0.34889 0.49729 0.05902
v 0.3267 0.48659 0.04902
v 0.30315 0.47938 0.05902
v 0.29201 0.47991 0.08316
v 0.29983 0.48785 0.10729
v 0.32201 0.49856 0.11729
v 0.34557 0.50577 0.10729
v 0.32982 0.56724 0.07062
v 0.3226 0.55896 0.04693
v 0.30141 0.54726 0.03711
v 0.27866 0.539 0.04693
v 0.26768 0.53901 0.07062
v 0.2749 0.54729 0.09432
v 0.29609 0.55899 0.10414
v 0.31884 0.56725 0.09432
v 0.30098 0.6255 0.05839
v 0.29429 0.61703 0.03512
v 0.27405 0.60456 0.02548
v 0.25211 0.59541 0.03512
v 0.24132 0.59493 0.05839
v 0.24801 0.60341 0.08166
v 0.26825 0.61588 0.09129
v 0.29019 0.62503 0.08166
v 0.27089 0.68002 0.04667
v 0.26465 0.67147 0.02382
v 0.24529 0.65844 0.01435
v 0.22414 0.64856 0.02382
v 0.21361 0.64762 0.04667
v 0.21984 0.65616 0.06952
v 0.2392 0.66919 0.07899
v 0.26035 0.67908 0.06952
v 0.24026 0.73076 0.0357
v 0.23438 0.72227 0.01325
v 0.21581 0.70886 0.00395
v 0.19544 0.6984 0.01325
v 0.18519 0.69701 0.0357
v 0.19108 0.70551 0.05815
v 0.20964 0.71892 0.06745
v 0.23002 0.72938 0.05815
v 0.20982 0.77771 0.0257
v 0.20418 0.76937 0.00364
v 0.18629 0.75577 -0.0055
v 0.16665 0.74488 0.00364
v 0.15675 0.74307 0.0257
v 0.16239 0.75141 0.04777
v 0.18027 0.76501 0.05691
v 0.19991 0.7759 0.04777
v 0.18026 0.82082 0.01691
v 0.17474 0.81277 -0.00478
v 0.15742 0.79916 -0.01376
v 0.13845 0.78797 -0.00478
v 0.12894 0.78576 0.01691
v 0.13446 0.79381 0.0386
v 0.15177 0.80742 0.04758
v 0.17074 0.81861 0.0386
v 0.1523 0.86006 0.00954
v 0.14676 0.85242 -0.01178
v 0.12986 0.839 -0.02062
v 0.11149 0.82766 -0.01178
v 0.10243 0.82504 0.00954
v 0.10797 0.83268 0.03087
v 0.12487 0.8461 0.0397
v 0.14323 0.85744 0.03087
v 0.12667 0.89534 0.00383
v 0.12093 0.88831 -0.01714
v 0.10426 0.87531 -0.02583
v 0.08642 0.86396 -0.01714
v 0.07787 0.86092 0.00383
v 0.08361 0.86796 0.0248
v 0.10028 0.88095 0.03349
v 0.11811 0.8923 0.0248
v 0.1041 0.92658 0.0
v 0.09795 0.9204 -0.02062
v 0.08128 0.90813 -0.02916
v 0.06387 0.89696 -0.02062
v 0.0559 0.89342 -0.0
v 0.06205 0.8996 0.02062
v 0.07872 0.91187 0.02916
v 0.09613 0.92304 0.02062
v 0.09201 0.87198 0.0
v 0.10982 0.92958 0.0
v 0.10146 0.93338 -0.02217
v 0.08264 0.87433 -0.02333
v 0.08128 0.94256 -0.03135
v 0.06 0.88 -0.033
v 0.0611 0.95174 -0.02217
v 0.03736 0.88567 -0.02333
v 0.05274 0.95554 -0.0
v 0.02799 0.88802 -0.0
v 0.0611 0.95174 0.02217
v 0.03736 0.88567 0.02333
v 0.08128 0.94256 0.03135
v 0.06 0.88 0.033
v 0.10146 0.93338 0.02217
v 0.08264 0.87433 0.02333
v 0.13099 0.96827 0.0
v 0.12421 0.97372 -0.021
v 0.10784 0.98688 -0.0297
v 0.09147 1.00004 -0.021
v 0.08469 1.00549 -0.0
v 0.09147 1.00004 0.021
v 0.10784 0.98688 0.0297
v 0.12421 0.97372 0.021
v 0.15227 0.98992 0.0
v 0.14802 0.99695 -0.01983
v 0.13776 1.01392 -0.02805
v 0.1275 1.03089 -0.01983
v 0.12325 1.03792 -0.0
v 0.1275 1.03089 0.01983
v 0.13776 1.01392 0.02805
v 0.14802 0.99695 0.01983
v 0.17153 0.99835 0.0
v 0.17082 1.00605 -0.01867
v 0.16912 1.02464 -0.0264
v 0.16742 1.04323 -0.01867
v 0.16671 1.05093 -0.0
v 0.16742 1.04323 0.01867
v 0.16912 1.02464 0.0264
v 0.17082 1.00605 0.01867
v 0.19083 0.99701 0.0
v 0.19352 1.00374 -0.0175
v 0.2 1.02 -0.02475
v 0.20648 1.03626 -0.0175
v 0.20917 1.04299 -0.0
v 0.20648 1.03626 0.0175
v 0.2 1.02 0.02475
v 0.19352 1.00374 0.0175
v 0.15384 0.77945 0.03598
v 0.15384 0.75265 0.02232
v 0.12 0.83 0.035
v 0.15384 0.80625 0.04963
v 0.15384 0.83305 0.03598
v 0.15384 0.85985 0.02232
v 0.18821 0.73499 0.03691
v 0.18821 0.68747 0.01013
v 0.18821 0.7825 0.0637
v 0.18821 0.83001 0.03691
v 0.18821 0.87753 0.01013
v 0.22361 0.69352 0.03778
v 0.22361 0.62829 -0.00111
v 0.22361 0.75875 0.07667
v 0.22361 0.82398 0.03778
v 0.22361 0.88921 -0.00111
v 0.2605 0.65493 0.03854
v 0.2605 0.57486 -0.01096
v 0.2605 0.735 0.08803
v 0.2605 0.81507 0.03854
v 0.2605 0.89514 -0.01096
v 0.2993 0.61936 0.03916
v 0.2993 0.52747 -0.01905
v 0.2993 0.71125 0.09736
v 0.2993 0.80314 0.03916
v 0.2993 0.89503 -0.01905
v 0.34033 0.587 0.03962
v 0.34033 0.48649 -0.02505
v 0.34033 0.6875 0.10429
v 0.34033 0.788 0.03962
v 0.34033 0.88851 -0.02505
v 0.38385 0.55801 0.0399
v 0.38385 0.45227 -0.02875
v 0.38385 0.66375 0.10856
v 0.38385 0.76949 0.0399
v 0.38385 0.87523 -0.02875
v 0.43 0.5325 0.04
v 0.43 0.425 -0.03
v 0.43 0.64 0.11
v 0.43 0.7475 0.04
v 0.43 0.855 -0.03
v 0.47885 0.51051 0.0399
v 0.47885 0.40477 -0.02875
v 0.47885 0.61625 0.10856
v 0.47885 0.72199 0.0399
v 0.47885 0.82773 -0.02875
v 0.53033 0.492 0.03962
v 0.53033 0.39149 -0.02505
v 0.53033 0.5925 0.10429
v 0.53033 0.693 0.03962
v 0.53033 0.79351 -0.02505
v 0.5843 0.47686 0.03916
v 0.5843 0.38497 -0.01905
v 0.5843 0.56875 0.09736
v 0.5843 0.66064 0.03916
v 0.5843 0.75253 -0.01905
v 0.6405 0.46493 0.03854
v 0.6405 0.38486 -0.01096
v 0.6405 0.545 0.08803
v 0.6405 0.62507 0.03854
v 0.6405 0.70514 -0.01096
v 0.69861 0.45602 0.03778
v 0.69861 0.39079 -0.00111
v 0.69861 0.52125 0.07667
v 0.69861 0.58648 0.03778
v 0.69861 0.65171 -0.00111
v 0.75821 0.44999 0.03691
v 0.75821 0.40247 0.01013
v 0.75821 0.4975 0.0637
v 0.75821 0.54501 0.03691
v 0.75821 0.59253 0.01013
v 0.81884 0.44695 0.03598
v 0.81884 0.42015 0.02232
v 0.81884 0.47375 0.04963
v 0.81884 0.50055 0.03598
v 0.81884 0.52735 0.02232
v 0.88 0.45 0.035
v 0.12 0.83 0.029
v 0.15384 0.75265 0.01632
v 0.15384 0.77945 0.02998
v 0.15384 0.80625 0.04363
v 0.15384 0.83305 0.02998
v 0.15384 0.85985 0.01632
v 0.18821 0.68747 0.00413
v 0.18821 0.73499 0.03091
v 0.18821 0.7825 0.0577
v 0.18821 0.83001 0.03091
v 0.18821 0.87753 0.00413
v 0.22361 0.62829 -0.00711
v 0.22361 0.69352 0.03178
v 0.22361 0.75875 0.07067
v 0.22361 0.82398 0.03178
v 0.22361 0.88921 -0.00711
v 0.2605 0.57486 -0.01696
v 0.2605 0.65493 0.03254
v 0.2605 0.735 0.08203
v 0.2605 0.81507 0.03254
v 0.2605 0.89514 -0.01696
v 0.2993 0.52747 -0.02505
v 0.2993 0.61936 0.03316
v 0.2993 0.71125 0.09136
v 0.2993 0.80314 0.03316
v 0.2993 0.89503 -0.02505
v 0.34033 0.48649 -0.03105
v 0.34033 0.587 0.03362
v 0.34033 0.6875 0.09829
v 0.34033 0.788 0.03362
v 0.34033 0.88851 -0.03105
v 0.38385 0.45227 -0.03475
v 0.38385 0.55801 0.0339
v 0.38385 0.66375 0.10256
v 0.38385 0.76949 0.0339
v 0.38385 0.87523 -0.03475
v 0.43 0.425 -0.036
v 0.43 0.5325 0.034
v 0.43 0.64 0.104
v 0.43 0.7475 0.034
v 0.43 0.855 -0.036
v 0.47885 0.40477 -0.03475
v 0.47885 0.51051 0.0339
v 0.47885 0.61625 0.10256
v 0.47885 0.72199 0.0339
v 0.47885 0.82773 -0.03475
v 0.53033 0.39149 -0.03105
v 0.53033 0.492 0.03362
v 0.53033 0.5925 0.09829
v 0.53033 0.693 0.03362
v 0.53033 0.79351 -0.03105
v 0.5843 0.38497 -0.02505
v 0.5843 0.47686 0.03316
v 0.5843 0.56875 0.09136
v 0.5843 0.66064 0.03316
v 0.5843 0.75253 -0.02505
v 0.6405 0.38486 -0.01696
v 0.6405 0.46493 0.03254
v 0.6405 0.545 0.08203
v 0.6405 0.62507 0.03254
v 0.6405 0.70514 -0.01696
v 0.69861 0.39079 -0.00711
v 0.69861 0.45602 0.03178
v 0.69861 0.52125 0.07067
v 0.69861 0.58648 0.03178
v 0.69861 0.65171 -0.00711
v 0.75821 0.40247 0.00413
v 0.75821 0.44999 0.03091
v 0.75821 0.4975 0.0577
v 0.75821 0.54501 0.03091
v 0.75821 0.59253 0.00413
v 0.81884 0.42015 0.01632
v 0.81884 0.44695 0.02998
v 0.81884 0.47375 0.04363
v 0.81884 0.50055 0.02998
v 0.81884 0.52735 0.01632
v 0.88 0.45 0.029
v 0.1167 0.81846 0.055
v 0.16173 0.80438 0.07177
v 0.16522 0.80682 0.06382
v 0.12062 0.821 0.04709
v 0.16894 0.81435 0.06053
v 0.12418 0.8288 0.04381
v 0.1707 0.82256 0.06382
v 0.12529 0.83731 0.04709
v 0.16948 0.82664 0.07177
v 0.1233 0.84154 0.055
v 0.16599 0.8242 0.07972
v 0.11938 0.839 0.06291
v 0.16227 0.81667 0.08302
v 0.11582 0.8312 0.06619
v 0.16051 0.80846 0.07972
v 0.11471 0.82269 0.06291
v 0.20808 0.78719 0.0857
v 0.21115 0.78961 0.07775
v 0.21495 0.7969 0.07446
v 0.21725 0.8048 0.07775
v 0.2167 0.80867 0.0857
v 0.21363 0.80625 0.09365
v 0.20983 0.79896 0.09694
v 0.20753 0.79106 0.09365
v 0.25568 0.76719 0.09685
v 0.25836 0.76963 0.08895
v 0.26219 0.77671 0.08568
v 0.26492 0.78429 0.08895
v 0.26495 0.78792 0.09685
v 0.26226 0.78548 0.10475
v 0.25843 0.77839 0.10802
v 0.25571 0.77082 0.10475
v 0.30446 0.74464 0.10529
v 0.3068 0.74714 0.09748
v 0.31061 0.75404 0.09424
v 0.31368 0.76131 0.09748
v 0.3142 0.76469 0.10529
v 0.31186 0.76219 0.11311
v 0.30805 0.75529 0.11634
v 0.30498 0.74802 0.11311
v 0.35438 0.71984 0.11109
v 0.35639 0.7224 0.10338
v 0.36016 0.72915 0.10019
v 0.36348 0.73613 0.10338
v 0.36441 0.73925 0.11109
v 0.3624 0.73669 0.11879
v 0.35863 0.72994 0.12198
v 0.35531 0.72296 0.11879
v 0.40536 0.69306 0.1143
v 0.40708 0.6957 0.10673
v 0.41078 0.70231 0.10359
v 0.4143 0.70902 0.10673
v 0.41557 0.7119 0.1143
v 0.41386 0.70926 0.12187
v 0.41015 0.70265 0.12501
v 0.40664 0.69594 0.12187
v 0.45736 0.66459 0.115
v 0.45881 0.66731 0.10758
v 0.46242 0.6738 0.1045
v 0.46608 0.68026 0.10758
v 0.46764 0.68291 0.115
v 0.46619 0.68019 0.12242
v 0.46258 0.6737 0.1255
v 0.45892 0.66724 0.12242
v 0.51033 0.63473 0.11325
v 0.51152 0.63751 0.10599
v 0.51503 0.64389 0.10298
v 0.51878 0.65012 0.10599
v 0.52058 0.65256 0.11325
v 0.51938 0.64978 0.12052
v 0.51588 0.6434 0.12352
v 0.51213 0.63717 0.12052
v 0.5642 0.60375 0.10912
v 0.56517 0.6066 0.10202
v 0.56855 0.61287 0.09908
v 0.57235 0.6189 0.10202
v 0.57435 0.62114 0.10912
v 0.57338 0.61829 0.11621
v 0.57001 0.61202 0.11915
v 0.56621 0.60599 0.11621
v 0.61895 0.57194 0.10267
v 0.6197 0.57484 0.09575
v 0.62293 0.58103 0.09288
v 0.62675 0.58686 0.09575
v 0.62893 0.58894 0.10267
v 0.62817 0.58603 0.10959
v 0.62494 0.57985 0.11246
v 0.62112 0.57401 0.10959
v 0.67451 0.53958 0.09397
v 0.67505 0.54254 0.08722
v 0.67813 0.54864 0.08443
v 0.68195 0.5543 0.08722
v 0.68425 0.55622 0.09397
v 0.68371 0.55327 0.10071
v 0.68063 0.54717 0.1035
v 0.67682 0.5415 0.10071
v 0.73084 0.50698 0.08308
v 0.73119 0.50997 0.07652
v 0.7341 0.51598 0.0738
v 0.73788 0.5215 0.07652
v 0.7403 0.52329 0.08308
v 0.73995 0.5203 0.08963
v 0.73704 0.51428 0.09235
v 0.73326 0.50876 0.08963
v 0.78789 0.4744 0.07007
v 0.78805 0.47741 0.06369
v 0.79079 0.48335 0.06105
v 0.7945 0.48874 0.06369
v 0.79702 0.49041 0.07007
v 0.79686 0.48739 0.07644
v 0.79413 0.48145 0.07908
v 0.79041 0.47607 0.07644
v 0.84563 0.44213 0.055
v 0.8456 0.44517 0.04882
v 0.84815 0.45103 0.04625
v 0.85178 0.45629 0.04882
v 0.85437 0.45787 0.055
v 0.8544 0.45483 0.06118
v 0.85185 0.44897 0.06375
v 0.84822 0.44371 0.06118
vn 0.16729 0.98591 0.0
vn 0.16401 0.98579 0.03628
vn 0.0 1.0 0.0
vn 0.33175 0.94337 0.0
vn 0.32504 0.94298 0.07163
vn 0.48856 0.87253 0.0
vn 0.47837 0.87185 0.10505
vn 0.63248 0.77458 0.0
vn 0.6189 0.7737 0.13549
vn 0.75827 0.65194 0.0
vn 0.74161 0.651 0.16192
vn 0.8612 0.50827 0.0
vn 0.84195 0.50743 0.18343
vn 0.93743 0.34818 0.0
vn 0.91624 0.34756 0.19929
vn 0.98423 0.17691 0.0
vn 0.96184 0.17658 0.209
vn 1.0 0.0 0.0
vn 0.97721 0.0 0.21227
vn 0.98423 -0.17691 0.0
vn 0.96184 -0.17658 0.209
vn 0.93743 -0.34818 0.0
vn 0.91624 -0.34756 0.19929
vn 0.8612 -0.50827 0.0
vn 0.84195 -0.50743 0.18343
vn 0.75827 -0.65194 0.0
vn 0.74161 -0.651 0.16192
vn 0.63248 -0.77458 0.0
vn 0.6189 -0.7737 0.13549
vn 0.48856 -0.87253 0.0
vn 0.47837 -0.87185 0.10505
vn 0.33175 -0.94337 0.0
vn 0.32504 -0.94298 0.07163
vn 0.16729 -0.98591 0.0
vn 0.16401 -0.98579 0.03628
vn 0.0 -1.0 0.0
vn 0.1543 0.98546 0.07114
vn 0.30528 0.94186 0.14034
vn 0.44842 0.86985 0.2056
vn 0.57908 0.77105 0.26486
vn 0.69277 0.64813 0.31621
vn 0.78552 0.50481 0.35795
vn 0.85409 0.34559 0.38871
vn 0.89615 0.17554 0.40755
vn 0.91033 0.0 0.41389
vn 0.89615 -0.17554 0.40755
vn 0.85409 -0.34559 0.38871
vn 0.78552 -0.50481 0.35795
vn 0.69277 -0.64813 0.31621
vn 0.57908 -0.77105 0.26486
vn 0.44842 -0.86985 0.2056
vn 0.30528 -0.94186 0.14034
vn 0.1543 -0.98546 0.07114
vn 0.13861 0.98495 0.10322
vn 0.27351 0.94012 0.20337
vn 0.40054 0.86668 0.29739
vn 0.51567 0.76673 0.38237
vn 0.61522 0.64333 0.45567
vn 0.696 0.50032 0.51503
vn 0.75551 0.34215 0.55869
vn 0.79193 0.17367 0.58539
vn 0.80419 0.0 0.59437
vn 0.79193 -0.17367 0.58539
vn 0.75551 -0.34215 0.55869
vn 0.696 -0.50032 0.51503
vn 0.61522 -0.64333 0.45567
vn 0.51567 -0.76673 0.38237
vn 0.40054 -0.86668 0.29739
vn 0.27351 -0.94012 0.20337
vn 0.13861 -0.98495 0.10322
vn 0.11762 0.98434 0.13129
vn 0.23134 0.93797 0.25824
vn 0.3375 0.86265 0.37674
vn 0.43278 0.76112 0.48311
vn 0.51439 0.63695 0.5742
vn 0.58007 0.49421 0.64752
vn 0.62813 0.33737 0.70117
vn 0.65741 0.17106 0.73386
vn 0.66725 0.0 0.74484
vn 0.65741 -0.17106 0.73386
vn 0.62813 -0.33737 0.70117
vn 0.58007 -0.49421 0.64752
vn 0.51439 -0.63695 0.5742
vn 0.43278 -0.76112 0.48311
vn 0.3375 -0.86265 0.37674
vn 0.23134 -0.93797 0.25824
vn 0.11762 -0.98434 0.13129
vn 0.0922 0.98371 0.15428
vn 0.18076 0.93571 0.30293
vn 0.26263 0.85833 0.44079
vn 0.33531 0.755 0.56351
vn 0.39684 0.62986 0.66768
vn 0.44584 0.48734 0.75081
vn 0.48139 0.33195 0.81122
vn 0.50291 0.16807 0.84784
vn 0.51011 0.0 0.86011
vn 0.50291 -0.16807 0.84784
vn 0.48139 -0.33195 0.81122
vn 0.44584 -0.48734 0.75081
vn 0.39684 -0.62986 0.66768
vn 0.33531 -0.755 0.56351
vn 0.26263 -0.85833 0.44079
vn 0.18076 -0.93571 0.30293
vn 0.0922 -0.98371 0.15428
vn 0.06339 0.98317 0.17134
vn 0.12391 0.93372 0.33588
vn 0.17938 0.85446 0.48757
vn 0.22811 0.74945 0.62153
vn 0.26891 0.62337 0.73424
vn 0.30105 0.48101 0.82341
vn 0.32415 0.32692 0.88772
vn 0.33805 0.16529 0.9265
vn 0.34268 0.0 0.93945
vn 0.33805 -0.16529 0.9265
vn 0.32415 -0.32692 0.88772
vn 0.30105 -0.48101 0.82341
vn 0.26891 -0.62337 0.73424
vn 0.22811 -0.74945 0.62153
vn 0.17938 -0.85446 0.48757
vn 0.12391 -0.93372 0.33588
vn 0.06339 -0.98317 0.17134
vn 0.03227 0.9828 0.18182
vn 0.06296 0.93234 0.35605
vn 0.09092 0.85177 0.51597
vn 0.1153 0.74556 0.65639
vn 0.13554 0.61881 0.77376
vn 0.15136 0.47655 0.86602
vn 0.16265 0.32337 0.93219
vn 0.16941 0.16334 0.97192
vn 0.17166 0.0 0.98516
vn 0.16941 -0.16334 0.97192
vn 0.16265 -0.32337 0.93219
vn 0.15136 -0.47655 0.86602
vn 0.13554 -0.61881 0.77376
vn 0.1153 -0.74556 0.65639
vn 0.09092 -0.85177 0.51597
vn 0.06296 -0.93234 0.35605
vn 0.03227 -0.9828 0.18182
vn 0.0 0.98267 0.18536
vn 0.0 0.93186 0.36283
vn 0.0 0.8508 0.52548
vn 0.0 0.74417 0.66799
vn 0.0 0.61717 0.78683
vn 0.0 0.47494 0.88002
vn 0.0 0.3221 0.94671
vn 0.0 0.16263 0.98669
vn 0.0 0.0 1.0
vn 0.0 -0.16263 0.98669
vn 0.0 -0.3221 0.94671
vn 0.0 -0.47494 0.88002
vn 0.0 -0.61717 0.78683
vn 0.0 -0.74417 0.66799
vn 0.0 -0.8508 0.52548
vn 0.0 -0.93186 0.36283
vn 0.0 -0.98267 0.18536
vn -0.03227 0.9828 0.18182
vn -0.06296 0.93234 0.35605
vn -0.09092 0.85177 0.51597
vn -0.1153 0.74556 0.65639
vn -0.13554 0.61881 0.77376
vn -0.15136 0.47655 0.86602
vn -0.16265 0.32337 0.93219
vn -0.16941 0.16334 0.97192
vn -0.17166 0.0 0.98516
vn -0.16941 -0.16334 0.97192
vn -0.16265 -0.32337 0.93219
vn -0.15136 -0.47655 0.86602
vn -0.13554 -0.61881 0.77376
vn -0.1153 -0.74556 0.65639
vn -0.09092 -0.85177 0.51597
vn -0.06296 -0.93234 0.35605
vn -0.03227 -0.9828 0.18182
vn -0.0 -1.0 0.0
vn -0.06339 0.98317 0.17134
vn -0.0 1.0 0.0
vn -0.12391 0.93372 0.33588
vn -0.17938 0.85446 0.48757
vn -0.22811 0.74945 0.62153
vn -0.26891 0.62337 0.73424
vn -0.30105 0.48101 0.82341
vn -0.32415 0.32692 0.88772
vn -0.33805 0.16529 0.9265
vn -0.34268 0.0 0.93945
vn -0.33805 -0.16529 0.9265
vn -0.32415 -0.32692 0.88772
vn -0.30105 -0.48101 0.82341
vn -0.26891 -0.62337 0.73424
vn -0.22811 -0.74945 0.62153
vn -0.17938 -0.85446 0.48757
vn -0.12391 -0.93372 0.33588
vn -0.06339 -0.98317 0.17134
vn -0.0922 0.98371 0.15428
vn -0.18076 0.93571 0.30293
vn -0.26263 0.85833 0.44079
vn -0.33531 0.755 0.56351
vn -0.39684 0.62986 0.66768
vn -0.44584 0.48734 0.75081
vn -0.48139 0.33195 0.81122
vn -0.50291 0.16807 0.84784
vn -0.51011 0.0 0.86011
vn -0.50291 -0.16807 0.84784
vn -0.48139 -0.33195 0.81122
vn -0.44584 -0.48734 0.75081
vn -0.39684 -0.62986 0.66768
vn -0.33531 -0.755 0.56351
vn -0.26263 -0.85833 0.44079
vn -0.18076 -0.93571 0.30293
vn -0.0922 -0.98371 0.15428
vn -0.11762 0.98434 0.13129
vn -0.23134 0.93797 0.25824
vn -0.3375 0.86265 0.37674
vn -0.43278 0.76112 0.48311
vn -0.51439 0.63695 0.5742
vn -0.58007 0.49421 0.64752
vn -0.62813 0.33737 0.70117
vn -0.65741 0.17106 0.73386
vn -0.66725 0.0 0.74484
vn -0.65741 -0.17106 0.73386
vn -0.62813 -0.33737 0.70117
vn -0.58007 -0.49421 0.64752
vn -0.51439 -0.63695 0.5742
vn -0.43278 -0.76112 0.48311
vn -0.3375 -0.86265 0.37674
vn -0.23134 -0.93797 0.25824
vn -0.11762 -0.98434 0.13129
vn -0.13861 0.98495 0.10322
vn -0.27351 0.94012 0.20337
vn -0.40054 0.86668 0.29739
vn -0.51567 0.76673 0.38237
vn -0.61522 0.64333 0.45567
vn -0.696 0.50032 0.51503
vn -0.75551 0.34215 0.55869
vn -0.79193 0.17367 0.58539
vn -0.80419 0.0 0.59437
vn -0.79193 -0.17367 0.58539
vn -0.75551 -0.34215 0.55869
vn -0.696 -0.50032 0.51503
vn -0.61522 -0.64333 0.45567
vn -0.51567 -0.76673 0.38237
vn -0.40054 -0.86668 0.29739
vn -0.27351 -0.94012 0.20337
vn -0.13861 -0.98495 0.10322
vn -0.1543 0.98546 0.07114
vn -0.30528 0.94186 0.14034
vn -0.44842 0.86985 0.2056
vn -0.57908 0.77105 0.26486
vn -0.69277 0.64813 0.31621
vn -0.78552 0.50481 0.35795
vn -0.85409 0.34559 0.38871
vn -0.89615 0.17554 0.40755
vn -0.91033 0.0 0.41389
vn -0.89615 -0.17554 0.40755
vn -0.85409 -0.34559 0.38871
vn -0.78552 -0.50481 0.35795
vn -0.69277 -0.64813 0.31621
vn -0.57908 -0.77105 0.26486
vn -0.44842 -0.86985 0.2056
vn -0.30528 -0.94186 0.14034
vn -0.1543 -0.98546 0.07114
vn -0.16401 0.98579 0.03628
vn -0.32504 0.94298 0.07163
vn -0.47837 0.87185 0.10505
vn -0.6189 0.7737 0.13549
vn -0.74161 0.651 0.16192
vn -0.84195 0.50743 0.18343
vn -0.91624 0.34756 0.19929
vn -0.96184 0.17658 0.209
vn -0.97721 0.0 0.21227
vn -0.96184 -0.17658 0.209
vn -0.91624 -0.34756 0.19929
vn -0.84195 -0.50743 0.18343
vn -0.74161 -0.651 0.16192
vn -0.6189 -0.7737 0.13549
vn -0.47837 -0.87185 0.10505
vn -0.32504 -0.94298 0.07163
vn -0.16401 -0.98579 0.03628
vn -0.16729 0.98591 0.0
vn -0.33175 0.94337 0.0
vn -0.48856 0.87253 0.0
vn -0.63248 0.77458 0.0
vn -0.75827 0.65194 0.0
vn -0.8612 0.50827 0.0
vn -0.93743 0.34818 0.0
vn -0.98423 0.17691 0.0
vn -1.0 0.0 0.0
vn -0.98423 -0.17691 0.0
vn -0.93743 -0.34818 0.0
vn -0.8612 -0.50827 0.0
vn -0.75827 -0.65194 0.0
vn -0.63248 -0.77458 0.0
vn -0.48856 -0.87253 0.0
vn -0.33175 -0.94337 0.0
vn -0.16729 -0.98591 0.0
vn -0.16401 0.98579 -0.03628
vn -0.32504 0.94298 -0.07163
vn -0.47837 0.87185 -0.10505
vn -0.6189 0.7737 -0.13549
vn -0.74161 0.651 -0.16192
vn -0.84195 0.50743 -0.18343
vn -0.91624 0.34756 -0.19929
vn -0.96184 0.17658 -0.209
vn -0.97721 0.0 -0.21227
vn -0.96184 -0.17658 -0.209
vn -0.91624 -0.34756 -0.19929
vn -0.84195 -0.50743 -0.18343
vn -0.74161 -0.651 -0.16192
vn -0.6189 -0.7737 -0.13549
vn -0.47837 -0.87185 -0.10505
vn -0.32504 -0.94298 -0.07163
vn -0.16401 -0.98579 -0.03628
vn -0.0 -1.0 -0.0
vn -0.1543 0.98546 -0.07114
vn -0.0 1.0 -0.0
vn -0.30528 0.94186 -0.14034
vn -0.44842 0.86985 -0.2056
vn -0.57908 0.77105 -0.26486
vn -0.69277 0.64813 -0.31621
vn -0.78552 0.50481 -0.35795
vn -0.85409 0.34559 -0.38871
vn -0.89615 0.17554 -0.40755
vn -0.91033 0.0 -0.41389
vn -0.89615 -0.17554 -0.40755
vn -0.85409 -0.34559 -0.38871
vn -0.78552 -0.50481 -0.35795
vn -0.69277 -0.64813 -0.31621
vn -0.57908 -0.77105 -0.26486
vn -0.44842 -0.86985 -0.2056
vn -0.30528 -0.94186 -0.14034
vn -0.1543 -0.98546 -0.07114
vn -0.13861 0.98495 -0.10322
vn -0.27351 0.94012 -0.20337
vn -0.40054 0.86668 -0.29739
vn -0.51567 0.76673 -0.38237
vn -0.61522 0.64333 -0.45567
vn -0.696 0.50032 -0.51503
vn -0.75551 0.34215 -0.55869
vn -0.79193 0.17367 -0.58539
vn -0.80419 0.0 -0.59437
vn -0.79193 -0.17367 -0.58539
vn -0.75551 -0.34215 -0.55869
vn -0.696 -0.50032 -0.51503
vn -0.61522 -0.64333 -0.45567
vn -0.51567 -0.76673 -0.38237
vn -0.40054 -0.86668 -0.29739
vn -0.27351 -0.94012 -0.20337
vn -0.13861 -0.98495 -0.10322
vn -0.11762 0.98434 -0.13129
vn -0.23134 0.93797 -0.25824
vn -0.3375 0.86265 -0.37674
vn -0.43278 0.76112 -0.48311
vn -0.51439 0.63695 -0.5742
vn -0.58007 0.49421 -0.64752
vn -0.62813 0.33737 -0.70117
vn -0.65741 0.17106 -0.73386
vn -0.66725 0.0 -0.74484
vn -0.65741 -0.17106 -0.73386
vn -0.62813 -0.33737 -0.70117
vn -0.58007 -0.49421 -0.64752
vn -0.51439 -0.63695 -0.5742
vn -0.43278 -0.76112 -0.48311
vn -0.3375 -0.86265 -0.37674
vn -0.23134 -0.93797 -0.25824
vn -0.11762 -0.98434 -0.13129
vn -0.0922 0.98371 -0.15428
vn -0.18076 0.93571 -0.30293
vn -0.26263 0.85833 -0.44079
vn -0.33531 0.755 -0.56351
vn -0.39684 0.62986 -0.66768
vn -0.44584 0.48734 -0.75081
vn -0.48139 0.33195 -0.81122
vn -0.50291 0.16807 -0.84784
vn -0.51011 0.0 -0.86011
vn -0.50291 -0.16807 -0.84784
vn -0.48139 -0.33195 -0.81122
vn -0.44584 -0.48734 -0.75081
vn -0.39684 -0.62986 -0.66768
vn -0.33531 -0.755 -0.56351
vn -0.26263 -0.85833 -0.44079
vn -0.18076 -0.93571 -0.30293
vn -0.0922 -0.98371 -0.15428
vn -0.06339 0.98317 -0.17134
vn -0.12391 0.93372 -0.33588
vn -0.17938 0.85446 -0.48757
vn -0.22811 0.74945 -0.62153
vn -0.26891 0.62337 -0.73424
vn -0.30105 0.48101 -0.82341
vn -0.32415 0.32692 -0.88772
vn -0.33805 0.16529 -0.9265
vn -0.34268 0.0 -0.93945
vn -0.33805 -0.16529 -0.9265
vn -0.32415 -0.32692 -0.88772
vn -0.30105 -0.48101 -0.82341
vn -0.26891 -0.62337 -0.73424
vn -0.22811 -0.74945 -0.62153
vn -0.17938 -0.85446 -0.48757
vn -0.12391 -0.93372 -0.33588
vn -0.06339 -0.98317 -0.17134
vn -0.03227 0.9828 -0.18182
vn -0.06296 0.93234 -0.35605
vn -0.09092 0.85177 -0.51597
vn -0.1153 0.74556 -0.65639
vn -0.13554 0.61881 -0.77376
vn -0.15136 0.47655 -0.86602
vn -0.16265 0.32337 -0.93219
vn -0.16941 0.16334 -0.97192
vn -0.17166 0.0 -0.98516
vn -0.16941 -0.16334 -0.97192
vn -0.16265 -0.32337 -0.93219
vn -0.15136 -0.47655 -0.86602
vn -0.13554 -0.61881 -0.77376
vn -0.1153 -0.74556 -0.65639
vn -0.09092 -0.85177 -0.51597
vn -0.06296 -0.93234 -0.35605
vn -0.03227 -0.9828 -0.18182
vn -0.0 0.98267 -0.18536
vn -0.0 0.93186 -0.36283
vn -0.0 0.8508 -0.52548
vn -0.0 0.74417 -0.66799
vn -0.0 0.61717 -0.78683
vn -0.0 0.47494 -0.88002
vn -0.0 0.3221 -0.94671
vn -0.0 0.16263 -0.98669
vn -0.0 0.0 -1.0
vn -0.0 -0.16263 -0.98669
vn -0.0 -0.3221 -0.94671
vn -0.0 -0.47494 -0.88002
vn -0.0 -0.61717 -0.78683
vn -0.0 -0.74417 -0.66799
vn -0.0 -0.8508 -0.52548
vn -0.0 -0.93186 -0.36283
vn -0.0 -0.98267 -0.18536
vn 0.03227 0.9828 -0.18182
vn 0.06296 0.93234 -0.35605
vn 0.09092 0.85177 -0.51597
vn 0.1153 0.74556 -0.65639
vn 0.13554 0.61881 -0.77376
vn 0.15136 0.47655 -0.86602
vn 0.16265 0.32337 -0.93219
vn 0.16941 0.16334 -0.97192
vn 0.17166 0.0 -0.98516
vn 0.16941 -0.16334 -0.97192
vn 0.16265 -0.32337 -0.93219
vn 0.15136 -0.47655 -0.86602
vn 0.13554 -0.61881 -0.77376
vn 0.1153 -0.74556 -0.65639
vn 0.09092 -0.85177 -0.51597
vn 0.06296 -0.93234 -0.35605
vn 0.03227 -0.9828 -0.18182
vn 0.0 -1.0 -0.0
vn 0.06339 0.98317 -0.17134
vn 0.0 1.0 -0.0
vn 0.12391 0.93372 -0.33588
vn 0.17938 0.85446 -0.48757
vn 0.22811 0.74945 -0.62153
vn 0.26891 0.62337 -0.73424
vn 0.30105 0.48101 -0.82341
vn 0.32415 0.32692 -0.88772
vn 0.33805 0.16529 -0.9265
vn 0.34268 0.0 -0.93945
vn 0.33805 -0.16529 -0.9265
vn 0.32415 -0.32692 -0.88772
vn 0.30105 -0.48101 -0.82341
vn 0.26891 -0.62337 -0.73424
vn 0.22811 -0.74945 -0.62153
vn 0.17938 -0.85446 -0.48757
vn 0.12391 -0.93372 -0.33588
vn 0.06339 -0.98317 -0.17134
vn 0.0922 0.98371 -0.15428
vn 0.18076 0.93571 -0.30293
vn 0.26263 0.85833 -0.44079
vn 0.33531 0.755 -0.56351
vn 0.39684 0.62986 -0.66768
vn 0.44584 0.48734 -0.75081
vn 0.48139 0.33195 -0.81122
vn 0.50291 0.16807 -0.84784
vn 0.51011 0.0 -0.86011
vn 0.50291 -0.16807 -0.84784
vn 0.48139 -0.33195 -0.81122
vn 0.44584 -0.48734 -0.75081
vn 0.39684 -0.62986 -0.66768
vn 0.33531 -0.755 -0.56351
vn 0.26263 -0.85833 -0.44079
vn 0.18076 -0.93571 -0.30293
vn 0.0922 -0.98371 -0.15428
vn 0.11762 0.98434 -0.13129
vn 0.23134 0.93797 -0.25824
vn 0.3375 0.86265 -0.37674
vn 0.43278 0.76112 -0.48311
vn 0.51439 0.63695 -0.5742
vn 0.58007 0.49421 -0.64752
vn 0.62813 0.33737 -0.70117
vn 0.65741 0.17106 -0.73386
vn 0.66725 0.0 -0.74484
vn 0.65741 -0.17106 -0.73386
vn 0.62813 -0.33737 -0.70117
vn 0.58007 -0.49421 -0.64752
vn 0.51439 -0.63695 -0.5742
vn 0.43278 -0.76112 -0.48311
vn 0.3375 -0.86265 -0.37674
vn 0.23134 -0.93797 -0.25824
vn 0.11762 -0.98434 -0.13129
vn 0.13861 0.98495 -0.10322
vn 0.27351 0.94012 -0.20337
vn 0.40054 0.86668 -0.29739
vn 0.51567 0.76673 -0.38237
vn 0.61522 0.64333 -0.45567
vn 0.696 0.50032 -0.51503
vn 0.75551 0.34215 -0.55869
vn 0.79193 0.17367 -0.58539
vn 0.80419 0.0 -0.59437
vn 0.79193 -0.17367 -0.58539
vn 0.75551 -0.34215 -0.55869
vn 0.696 -0.50032 -0.51503
vn 0.61522 -0.64333 -0.45567
vn 0.51567 -0.76673 -0.38237
vn 0.40054 -0.86668 -0.29739
vn 0.27351 -0.94012 -0.20337
vn 0.13861 -0.98495 -0.10322
vn 0.1543 0.98546 -0.07114
vn 0.30528 0.94186 -0.14034
vn 0.44842 0.86985 -0.2056
vn 0.57908 0.77105 -0.26486
vn 0.69277 0.64813 -0.31621
vn 0.78552 0.50481 -0.35795
vn 0.85409 0.34559 -0.38871
vn 0.89615 0.17554 -0.40755
vn 0.91033 0.0 -0.41389
vn 0.89615 -0.17554 -0.40755
vn 0.85409 -0.34559 -0.38871
vn 0.78552 -0.50481 -0.35795
vn 0.69277 -0.64813 -0.31621
vn 0.57908 -0.77105 -0.26486
vn 0.44842 -0.86985 -0.2056
vn 0.30528 -0.94186 -0.14034
vn 0.1543 -0.98546 -0.07114
vn 0.16401 0.98579 -0.03628
vn 0.32504 0.94298 -0.07163
vn 0.47837 0.87185 -0.10505
vn 0.6189 0.7737 -0.13549
vn 0.74161 0.651 -0.16192
vn 0.84195 0.50743 -0.18343
vn 0.91624 0.34756 -0.19929
vn 0.96184 0.17658 -0.209
vn 0.97721 0.0 -0.21227
vn 0.96184 -0.17658 -0.209
vn 0.91624 -0.34756 -0.19929
vn 0.84195 -0.50743 -0.18343
vn 0.74161 -0.651 -0.16192
vn 0.6189 -0.7737 -0.13549
vn 0.47837 -0.87185 -0.10505
vn 0.32504 -0.94298 -0.07163
vn 0.16401 -0.98579 -0.03628
vn 0.16729 0.98591 -0.0
vn 0.33175 0.94337 -0.0
vn 0.48856 0.87253 -0.0
vn 0.63248 0.77458 -0.0
vn 0.75827 0.65194 -0.0
vn 0.8612 0.50827 -0.0
vn 0.93743 0.34818 -0.0
vn 0.98423 0.17691 -0.0
vn 1.0 0.0 -0.0
vn 0.98423 -0.17691 -0.0
vn 0.93743 -0.34818 -0.0
vn 0.8612 -0.50827 -0.0
vn 0.75827 -0.65194 -0.0
vn 0.63248 -0.77458 -0.0
vn 0.48856 -0.87253 -0.0
vn 0.33175 -0.94337 -0.0
vn 0.16729 -0.98591 -0.0
vn 0.16771 0.98584 0.0
vn 0.16442 0.98573 0.03612
vn 0.33251 0.9431 0.0
vn 0.32579 0.94275 0.07131
vn 0.48951 0.872 0.0
vn 0.47933 0.87138 0.10455
vn 0.63345 0.77379 0.0
vn 0.61992 0.773 0.13479
vn 0.75909 0.65098 0.0
vn 0.74254 0.65016 0.16102
vn 0.86177 0.5073 0.0
vn 0.84269 0.50658 0.18234
vn 0.93772 0.3474 0.0
vn 0.91676 0.34687 0.19805
vn 0.98431 0.17647 0.0
vn 0.9622 0.1762 0.20766
vn 0.97751 0.0 0.2109
vn 0.98431 -0.17647 0.0
vn 0.9622 -0.1762 0.20766
vn 0.93772 -0.3474 0.0
vn 0.91676 -0.34687 0.19805
vn 0.86177 -0.5073 0.0
vn 0.84269 -0.50658 0.18234
vn 0.75909 -0.65098 0.0
vn 0.74254 -0.65016 0.16102
vn 0.63345 -0.77379 0.0
vn 0.61992 -0.773 0.13479
vn 0.48951 -0.872 0.0
vn 0.47933 -0.87138 0.10455
vn 0.33251 -0.9431 0.0
vn 0.32579 -0.94275 0.07131
vn 0.16771 -0.98584 0.0
vn 0.16442 -0.98573 0.03612
vn 0.15469 0.98542 0.07083
vn 0.30601 0.94172 0.13972
vn 0.44942 0.86956 0.20465
vn 0.58024 0.77061 0.26359
vn 0.69399 0.64761 0.31461
vn 0.78671 0.50429 0.35605
vn 0.85522 0.34517 0.38659
vn 0.89723 0.1753 0.40527
vn 0.91138 0.0 0.41156
vn 0.89723 -0.1753 0.40527
vn 0.85522 -0.34517 0.38659
vn 0.78671 -0.50429 0.35605
vn 0.69399 -0.64761 0.31461
vn 0.58024 -0.77061 0.26359
vn 0.44942 -0.86956 0.20465
vn 0.30601 -0.94172 0.13972
vn 0.15469 -0.98542 0.07083
vn 0.13896 0.98495 0.10278
vn 0.27421 0.94011 0.2025
vn 0.40155 0.86664 0.29611
vn 0.51696 0.76668 0.38072
vn 0.61674 0.64327 0.45369
vn 0.6977 0.50026 0.51278
vn 0.75734 0.3421 0.55624
vn 0.79384 0.17365 0.58281
vn 0.80612 0.0 0.59175
vn 0.79384 -0.17365 0.58281
vn 0.75734 -0.3421 0.55624
vn 0.6977 -0.50026 0.51278
vn 0.61674 -0.64327 0.45369
vn 0.51696 -0.76668 0.38072
vn 0.40155 -0.86664 0.29611
vn 0.27421 -0.94011 0.2025
vn 0.13896 -0.98495 0.10278
vn 0.11792 0.98438 0.13074
vn 0.23197 0.93811 0.25718
vn 0.33847 0.86291 0.37526
vn 0.43411 0.76151 0.4813
vn 0.51608 0.63741 0.57217
vn 0.58208 0.49467 0.64535
vn 0.63041 0.33774 0.69894
vn 0.65987 0.17126 0.7316
vn 0.66977 0.0 0.74257
vn 0.65987 -0.17126 0.7316
vn 0.63041 -0.33774 0.69894
vn 0.58208 -0.49467 0.64535
vn 0.51608 -0.63741 0.57217
vn 0.43411 -0.76151 0.4813
vn 0.33847 -0.86291 0.37526
vn 0.23197 -0.93811 0.25718
vn 0.11792 -0.98438 0.13074
vn 0.09245 0.98379 0.15364
vn 0.18128 0.936 0.30174
vn 0.26348 0.85889 0.4392
vn 0.33652 0.7558 0.5617
vn 0.39845 0.6308 0.66583
vn 0.44783 0.48826 0.74903
vn 0.48368 0.33268 0.80955
vn 0.50541 0.16848 0.84627
vn 0.51269 0.0 0.85858
vn 0.50541 -0.16848 0.84627
vn 0.48368 -0.33268 0.80955
vn 0.44783 -0.48826 0.74903
vn 0.39845 -0.6308 0.66583
vn 0.33652 -0.7558 0.5617
vn 0.26348 -0.85889 0.4392
vn 0.18128 -0.936 0.30174
vn 0.09245 -0.98379 0.15364
vn 0.06356 0.98328 0.17063
vn 0.12428 0.93413 0.3346
vn 0.18001 0.85525 0.48594
vn 0.22904 0.75058 0.61982
vn 0.27016 0.62468 0.73265
vn 0.30262 0.48228 0.82208
vn 0.32598 0.32793 0.88668
vn 0.34005 0.16585 0.92567
vn 0.34475 0.0 0.93869
vn 0.34005 -0.16585 0.92567
vn 0.32598 -0.32793 0.88668
vn 0.30262 -0.48228 0.82208
vn 0.27016 -0.62468 0.73265
vn 0.22904 -0.75058 0.61982
vn 0.18001 -0.85525 0.48594
vn 0.12428 -0.93413 0.3346
vn 0.06356 -0.98328 0.17063
vn 0.03236 0.98294 0.18107
vn 0.06316 0.93284 0.35472
vn 0.09126 0.85271 0.51435
vn 0.1158 0.7469 0.65477
vn 0.13622 0.62036 0.7724
vn 0.15222 0.47804 0.86505
vn 0.16366 0.32455 0.9316
vn 0.17051 0.16398 0.97161
vn 0.17279 0.0 0.98496
vn 0.17051 -0.16398 0.97161
vn 0.16366 -0.32455 0.9316
vn 0.15222 -0.47804 0.86505
vn 0.13622 -0.62036 0.7724
vn 0.1158 -0.7469 0.65477
vn 0.09126 -0.85271 0.51435
vn 0.06316 -0.93284 0.35472
vn 0.03236 -0.98294 0.18107
vn 0.0 0.98281 0.1846
vn 0.0 0.93238 0.36149
vn 0.0 0.8518 0.52386
vn 0.0 0.74558 0.66642
vn 0.0 0.6188 0.78555
vn 0.0 0.47651 0.87917
vn 0.0 0.32333 0.94629
vn 0.0 0.16331 0.98657
vn 0.0 -0.16331 0.98657
vn 0.0 -0.32333 0.94629
vn 0.0 -0.47651 0.87917
vn 0.0 -0.6188 0.78555
vn 0.0 -0.74558 0.66642
vn 0.0 -0.8518 0.52386
vn 0.0 -0.93238 0.36149
vn 0.0 -0.98281 0.1846
vn -0.03236 0.98294 0.18107
vn -0.06316 0.93284 0.35472
vn -0.09126 0.85271 0.51435
vn -0.1158 0.7469 0.65477
vn -0.13622 0.62036 0.7724
vn -0.15222 0.47804 0.86505
vn -0.16366 0.32455 0.9316
vn -0.17051 0.16398 0.97161
vn -0.17279 0.0 0.98496
vn -0.17051 -0.16398 0.97161
vn -0.16366 -0.32455 0.9316
vn -0.15222 -0.47804 0.86505
vn -0.13622 -0.62036 0.7724
vn -0.1158 -0.7469 0.65477
vn -0.09126 -0.85271 0.51435
vn -0.06316 -0.93284 0.35472
vn -0.03236 -0.98294 0.18107
vn -0.06356 0.98328 0.17063
vn -0.12428 0.93413 0.3346
vn -0.18001 0.85525 0.48594
vn -0.22904 0.75058 0.61982
vn -0.27016 0.62468 0.73265
vn -0.30262 0.48228 0.82208
vn -0.32598 0.32793 0.88668
vn -0.34005 0.16585 0.92567
vn -0.34475 0.0 0.93869
vn -0.34005 -0.16585 0.92567
vn -0.32598 -0.32793 0.88668
vn -0.30262 -0.48228 0.82208
vn -0.27016 -0.62468 0.73265
vn -0.22904 -0.75058 0.61982
vn -0.18001 -0.85525 0.48594
vn -0.12428 -0.93413 0.3346
vn -0.06356 -0.98328 0.17063
vn -0.09245 0.98379 0.15364
vn -0.18128 0.936 0.30174
vn -0.26348 0.85889 0.4392
vn -0.33652 0.7558 0.5617
vn -0.39845 0.6308 0.66583
vn -0.44783 0.48826 0.74903
vn -0.48368 0.33268 0.80955
vn -0.50541 0.16848 0.84627
vn -0.51269 0.0 0.85858
vn -0.50541 -0.16848 0.84627
vn -0.48368 -0.33268 0.80955
vn -0.44783 -0.48826 0.74903
vn -0.39845 -0.6308 0.66583
vn -0.33652 -0.7558 0.5617
vn -0.26348 -0.85889 0.4392
vn -0.18128 -0.936 0.30174
vn -0.09245 -0.98379 0.15364
vn -0.11792 0.98438 0.13074
vn -0.23197 0.93811 0.25718
vn -0.33847 0.86291 0.37526
vn -0.43411 0.76151 0.4813
vn -0.51608 0.63741 0.57217
vn -0.58208 0.49467 0.64535
vn -0.63041 0.33774 0.69894
vn -0.65987 0.17126 0.7316
vn -0.66977 0.0 0.74257
vn -0.65987 -0.17126 0.7316
vn -0.63041 -0.33774 0.69894
vn -0.58208 -0.49467 0.64535
vn -0.51608 -0.63741 0.57217
vn -0.43411 -0.76151 0.4813
vn -0.33847 -0.86291 0.37526
vn -0.23197 -0.93811 0.25718
vn -0.11792 -0.98438 0.13074
vn -0.13896 0.98495 0.10278
vn -0.27421 0.94011 0.2025
vn -0.40155 0.86664 0.29611
vn -0.51696 0.76668 0.38072
vn -0.61674 0.64327 0.45369
vn -0.6977 0.50026 0.51278
vn -0.75734 0.3421 0.55624
vn -0.79384 0.17365 0.58281
vn -0.80612 0.0 0.59175
vn -0.79384 -0.17365 0.58281
vn -0.75734 -0.3421 0.55624
vn -0.6977 -0.50026 0.51278
vn -0.61674 -0.64327 0.45369
vn -0.51696 -0.76668 0.38072
vn -0.40155 -0.86664 0.29611
vn -0.27421 -0.94011 0.2025
vn -0.13896 -0.98495 0.10278
vn -0.15469 0.98542 0.07083
vn -0.30601 0.94172 0.13972
vn -0.44942 0.86956 0.20465
vn -0.58024 0.77061 0.26359
vn -0.69399 0.64761 0.31461
vn -0.78671 0.50429 0.35605
vn -0.85522 0.34517 0.38659
vn -0.89723 0.1753 0.40527
vn -0.91138 0.0 0.41156
vn -0.89723 -0.1753 0.40527
vn -0.85522 -0.34517 0.38659
vn -0.78671 -0.50429 0.35605
vn -0.69399 -0.64761 0.31461
vn -0.58024 -0.77061 0.26359
vn -0.44942 -0.86956 0.20465
vn -0.30601 -0.94172 0.13972
vn -0.15469 -0.98542 0.07083
vn -0.16442 0.98573 0.03612
vn -0.32579 0.94275 0.07131
vn -0.47933 0.87138 0.10455
vn -0.61992 0.773 0.13479
vn -0.74254 0.65016 0.16102
vn -0.84269 0.50658 0.18234
vn -0.91676 0.34687 0.19805
vn -0.9622 0.1762 0.20766
vn -0.97751 0.0 0.2109
vn -0.9622 -0.1762 0.20766
vn -0.91676 -0.34687 0.19805
vn -0.84269 -0.50658 0.18234
vn -0.74254 -0.65016 0.16102
vn -0.61992 -0.773 0.13479
vn -0.47933 -0.87138 0.10455
vn -0.32579 -0.94275 0.07131
vn -0.16442 -0.98573 0.03612
vn -0.16771 0.98584 0.0
vn -0.33251 0.9431 0.0
vn -0.48951 0.872 0.0
vn -0.63345 0.77379 0.0
vn -0.75909 0.65098 0.0
vn -0.86177 0.5073 0.0
vn -0.93772 0.3474 0.0
vn -0.98431 0.17647 0.0
vn -0.98431 -0.17647 0.0
vn -0.93772 -0.3474 0.0
vn -0.86177 -0.5073 0.0
vn -0.75909 -0.65098 0.0
vn -0.63345 -0.77379 0.0
vn -0.48951 -0.872 0.0
vn -0.33251 -0.9431 0.0
vn -0.16771 -0.98584 0.0
vn -0.16442 0.98573 -0.03612
vn -0.32579 0.94275 -0.07131
vn -0.47933 0.87138 -0.10455
vn -0.61992 0.773 -0.13479
vn -0.74254 0.65016 -0.16102
vn -0.84269 0.50658 -0.18234
vn -0.91676 0.34687 -0.19805
vn -0.9622 0.1762 -0.20766
vn -0.97751 0.0 -0.2109
vn -0.9622 -0.1762 -0.20766
vn -0.91676 -0.34687 -0.19805
vn -0.84269 -0.50658 -0.18234
vn -0.74254 -0.65016 -0.16102
vn -0.61992 -0.773 -0.13479
vn -0.47933 -0.87138 -0.10455
vn -0.32579 -0.94275 -0.07131
vn -0.16442 -0.98573 -0.03612
vn -0.15469 0.98542 -0.07083
vn -0.30601 0.94172 -0.13972
vn -0.44942 0.86956 -0.20465
vn -0.58024 0.77061 -0.26359
vn -0.69399 0.64761 -0.31461
vn -0.78671 0.50429 -0.35605
vn -0.85522 0.34517 -0.38659
vn -0.89723 0.1753 -0.40527
vn -0.91138 0.0 -0.41156
vn -0.89723 -0.1753 -0.40527
vn -0.85522 -0.34517 -0.38659
vn -0.78671 -0.50429 -0.35605
vn -0.69399 -0.64761 -0.31461
vn -0.58024 -0.77061 -0.26359
vn -0.44942 -0.86956 -0.20465
vn -0.30601 -0.94172 -0.13972
vn -0.15469 -0.98542 -0.07083
vn -0.13896 0.98495 -0.10278
vn -0.27421 0.94011 -0.2025
vn -0.40155 0.86664 -0.29611
vn -0.51696 0.76668 -0.38072
vn -0.61674 0.64327 -0.45369
vn -0.6977 0.50026 -0.51278
vn -0.75734 0.3421 -0.55624
vn -0.79384 0.17365 -0.58281
vn -0.80612 0.0 -0.59175
vn -0.79384 -0.17365 -0.58281
vn -0.75734 -0.3421 -0.55624
vn -0.6977 -0.50026 -0.51278
vn -0.61674 -0.64327 -0.45369
vn -0.51696 -0.76668 -0.38072
vn -0.40155 -0.86664 -0.29611
vn -0.27421 -0.94011 -0.2025
vn -0.13896 -0.98495 -0.10278
vn -0.11792 0.98438 -0.13074
vn -0.23197 0.93811 -0.25718
vn -0.33847 0.86291 -0.37526
vn -0.43411 0.76151 -0.4813
vn -0.51608 0.63741 -0.57217
vn -0.58208 0.49467 -0.64535
vn -0.63041 0.33774 -0.69894
vn -0.65987 0.17126 -0.7316
vn -0.66977 0.0 -0.74257
vn -0.65987 -0.17126 -0.7316
vn -0.63041 -0.33774 -0.69894
vn -0.58208 -0.49467 -0.64535
vn -0.51608 -0.63741 -0.57217
vn -0.43411 -0.76151 -0.4813
vn -0.33847 -0.86291 -0.37526
vn -0.23197 -0.93811 -0.25718
vn -0.11792 -0.98438 -0.13074
vn -0.09245 0.98379 -0.15364
vn -0.18128 0.936 -0.30174
vn -0.26348 0.85889 -0.4392
vn -0.33652 0.7558 -0.5617
vn -0.39845 0.6308 -0.66583
vn -0.44783 0.48826 -0.74903
vn -0.48368 0.33268 -0.80955
vn -0.50541 0.16848 -0.84627
vn -0.51269 0.0 -0.85858
vn -0.50541 -0.16848 -0.84627
vn -0.48368 -0.33268 -0.80955
vn -0.44783 -0.48826 -0.74903
vn -0.39845 -0.6308 -0.66583
vn -0.33652 -0.7558 -0.5617
vn -0.26348 -0.85889 -0.4392
vn -0.18128 -0.936 -0.30174
vn -0.09245 -0.98379 -0.15364
vn -0.06356 0.98328 -0.17063
vn -0.12428 0.93413 -0.3346
vn -0.18001 0.85525 -0.48594
vn -0.22904 0.75058 -0.61982
vn -0.27016 0.62468 -0.73265
vn -0.30262 0.48228 -0.82208
vn -0.32598 0.32793 -0.88668
vn -0.34005 0.16585 -0.92567
vn -0.34475 0.0 -0.93869
vn -0.34005 -0.16585 -0.92567
vn -0.32598 -0.32793 -0.88668
vn -0.30262 -0.48228 -0.82208
vn -0.27016 -0.62468 -0.73265
vn -0.22904 -0.75058 -0.61982
vn -0.18001 -0.85525 -0.48594
vn -0.12428 -0.93413 -0.3346
vn -0.06356 -0.98328 -0.17063
vn -0.03236 0.98294 -0.18107
vn -0.06316 0.93284 -0.35472
vn -0.09126 0.85271 -0.51435
vn -0.1158 0.7469 -0.65477
vn -0.13622 0.62036 -0.7724
vn -0.15222 0.47804 -0.86505
vn -0.16366 0.32455 -0.9316
vn -0.17051 0.16398 -0.97161
vn -0.17279 0.0 -0.98496
vn -0.17051 -0.16398 -0.97161
vn -0.16366 -0.32455 -0.9316
vn -0.15222 -0.47804 -0.86505
vn -0.13622 -0.62036 -0.7724
vn -0.1158 -0.7469 -0.65477
vn -0.09126 -0.85271 -0.51435
vn -0.06316 -0.93284 -0.35472
vn -0.03236 -0.98294 -0.18107
vn -0.0 0.98281 -0.1846
vn -0.0 0.93238 -0.36149
vn -0.0 0.8518 -0.52386
vn -0.0 0.74558 -0.66642
vn -0.0 0.6188 -0.78555
vn -0.0 0.47651 -0.87917
vn -0.0 0.32333 -0.94629
vn -0.0 0.16331 -0.98657
vn -0.0 -0.16331 -0.98657
vn -0.0 -0.32333 -0.94629
vn -0.0 -0.47651 -0.87917
vn -0.0 -0.6188 -0.78555
vn -0.0 -0.74558 -0.66642
vn -0.0 -0.8518 -0.52386
vn -0.0 -0.93238 -0.36149
vn -0.0 -0.98281 -0.1846
vn 0.03236 0.98294 -0.18107
vn 0.06316 0.93284 -0.35472
vn 0.09126 0.85271 -0.51435
vn 0.1158 0.7469 -0.65477
vn 0.13622 0.62036 -0.7724
vn 0.15222 0.47804 -0.86505
vn 0.16366 0.32455 -0.9316
vn 0.17051 0.16398 -0.97161
vn 0.17279 0.0 -0.98496
vn 0.17051 -0.16398 -0.97161
vn 0.16366 -0.32455 -0.9316
vn 0.15222 -0.47804 -0.86505
vn 0.13622 -0.62036 -0.7724
vn 0.1158 -0.7469 -0.65477
vn 0.09126 -0.85271 -0.51435
vn 0.06316 -0.93284 -0.35472
vn 0.03236 -0.98294 -0.18107
vn 0.06356 0.98328 -0.17063
vn 0.12428 0.93413 -0.3346
vn 0.18001 0.85525 -0.48594
vn 0.22904 0.75058 -0.61982
vn 0.27016 0.62468 -0.73265
vn 0.30262 0.48228 -0.82208
vn 0.32598 0.32793 -0.88668
vn 0.34005 0.16585 -0.92567
vn 0.34475 0.0 -0.93869
vn 0.34005 -0.16585 -0.92567
vn 0.32598 -0.32793 -0.88668
vn 0.30262 -0.48228 -0.82208
vn 0.27016 -0.62468 -0.73265
vn 0.22904 -0.75058 -0.61982
vn 0.18001 -0.85525 -0.48594
vn 0.12428 -0.93413 -0.3346
vn 0.06356 -0.98328 -0.17063
vn 0.09245 0.98379 -0.15364
vn 0.18128 0.936 -0.30174
vn 0.26348 0.85889 -0.4392
vn 0.33652 0.7558 -0.5617
vn 0.39845 0.6308 -0.66583
vn 0.44783 0.48826 -0.74903
vn 0.48368 0.33268 -0.80955
vn 0.50541 0.16848 -0.84627
vn 0.51269 0.0 -0.85858
vn 0.50541 -0.16848 -0.84627
vn 0.48368 -0.33268 -0.80955
vn 0.44783 -0.48826 -0.74903
vn 0.39845 -0.6308 -0.66583
vn 0.33652 -0.7558 -0.5617
vn 0.26348 -0.85889 -0.4392
vn 0.18128 -0.936 -0.30174
vn 0.09245 -0.98379 -0.15364
vn 0.11792 0.98438 -0.13074
vn 0.23197 0.93811 -0.25718
vn 0.33847 0.86291 -0.37526
vn 0.43411 0.76151 -0.4813
vn 0.51608 0.63741 -0.57217
vn 0.58208 0.49467 -0.64535
vn 0.63041 0.33774 -0.69894
vn 0.65987 0.17126 -0.7316
vn 0.66977 0.0 -0.74257
vn 0.65987 -0.17126 -0.7316
vn 0.63041 -0.33774 -0.69894
vn 0.58208 -0.49467 -0.64535
vn 0.51608 -0.63741 -0.57217
vn 0.43411 -0.76151 -0.4813
vn 0.33847 -0.86291 -0.37526
vn 0.23197 -0.93811 -0.25718
vn 0.11792 -0.98438 -0.13074
vn 0.13896 0.98495 -0.10278
vn 0.27421 0.94011 -0.2025
vn 0.40155 0.86664 -0.29611
vn 0.51696 0.76668 -0.38072
vn 0.61674 0.64327 -0.45369
vn 0.6977 0.50026 -0.51278
vn 0.75734 0.3421 -0.55624
vn 0.79384 0.17365 -0.58281
vn 0.80612 0.0 -0.59175
vn 0.79384 -0.17365 -0.58281
vn 0.75734 -0.3421 -0.55624
vn 0.6977 -0.50026 -0.51278
vn 0.61674 -0.64327 -0.45369
vn 0.51696 -0.76668 -0.38072
vn 0.40155 -0.86664 -0.29611
vn 0.27421 -0.94011 -0.2025
vn 0.13896 -0.98495 -0.10278
vn 0.15469 0.98542 -0.07083
vn 0.30601 0.94172 -0.13972
vn 0.44942 0.86956 -0.20465
vn 0.58024 0.77061 -0.26359
vn 0.69399 0.64761 -0.31461
vn 0.78671 0.50429 -0.35605
vn 0.85522 0.34517 -0.38659
vn 0.89723 0.1753 -0.40527
vn 0.91138 0.0 -0.41156
vn 0.89723 -0.1753 -0.40527
vn 0.85522 -0.34517 -0.38659
vn 0.78671 -0.50429 -0.35605
vn 0.69399 -0.64761 -0.31461
vn 0.58024 -0.77061 -0.26359
vn 0.44942 -0.86956 -0.20465
vn 0.30601 -0.94172 -0.13972
vn 0.15469 -0.98542 -0.07083
vn 0.16442 0.98573 -0.03612
vn 0.32579 0.94275 -0.07131
vn 0.47933 0.87138 -0.10455
vn 0.61992 0.773 -0.13479
vn 0.74254 0.65016 -0.16102
vn 0.84269 0.50658 -0.18234
vn 0.91676 0.34687 -0.19805
vn 0.9622 0.1762 -0.20766
vn 0.97751 0.0 -0.2109
vn 0.9622 -0.1762 -0.20766
vn 0.91676 -0.34687 -0.19805
vn 0.84269 -0.50658 -0.18234
vn 0.74254 -0.65016 -0.16102
vn 0.61992 -0.773 -0.13479
vn 0.47933 -0.87138 -0.10455
vn 0.32579 -0.94275 -0.07131
vn 0.16442 -0.98573 -0.03612
vn 0.16771 0.98584 -0.0
vn 0.33251 0.9431 -0.0
vn 0.48951 0.872 -0.0
vn 0.63345 0.77379 -0.0
vn 0.75909 0.65098 -0.0
vn 0.86177 0.5073 -0.0
vn 0.93772 0.3474 -0.0
vn 0.98431 0.17647 -0.0
vn 0.98431 -0.17647 -0.0
vn 0.93772 -0.3474 -0.0
vn 0.86177 -0.5073 -0.0
vn 0.75909 -0.65098 -0.0
vn 0.63345 -0.77379 -0.0
vn 0.48951 -0.872 -0.0
vn 0.33251 -0.9431 -0.0
vn 0.16771 -0.98584 -0.0
vn 0.99978 -0.02093 0.0
vn 0.99397 -0.10967 0.0
vn 0.70393 -0.06767 -0.70704
vn 0.7071 -0.00764 -0.70707
vn 0.00154 0.01398 -0.9999
vn 0.00021 0.01013 -0.99995
vn -0.70175 0.08744 -0.70704
vn -0.7068 0.02196 -0.70707
vn -0.99397 0.10967 -0.0
vn -0.99978 0.02093 -0.0
vn -0.70393 0.06767 0.70704
vn -0.7071 0.00764 0.70707
vn -0.00154 -0.01398 0.9999
vn -0.00021 -0.01013 0.99995
vn 0.70175 -0.08744 0.70704
vn 0.7068 -0.02196 0.70707
vn 0.981 -0.19401 0.0
vn 0.69609 -0.12495 -0.707
vn 0.00342 0.01731 -0.99984
vn -0.69125 0.14943 -0.707
vn -0.981 0.19401 -0.0
vn -0.69609 0.12495 0.707
vn -0.00342 -0.01731 0.99984
vn 0.69125 -0.14943 0.707
vn 0.96221 -0.2723 0.0
vn 0.6844 -0.17838 -0.70695
vn 0.00567 0.02003 -0.99978
vn -0.67638 0.20671 -0.70695
vn -0.96221 0.2723 -0.0
vn -0.6844 0.17838 0.70695
vn -0.00567 -0.02003 0.99978
vn 0.67638 -0.20671 0.70695
vn 0.93891 -0.34415 0.0
vn 0.66965 -0.22771 -0.70691
vn 0.00811 0.02212 -0.99972
vn -0.65818 0.25899 -0.70691
vn -0.93891 0.34415 -0.0
vn -0.66965 0.22771 0.70691
vn -0.00811 -0.02212 0.99972
vn 0.65818 -0.25899 0.70691
vn 0.91224 -0.40965 0.0
vn 0.65254 -0.27298 -0.70687
vn 0.0106 0.0236 -0.99967
vn -0.63756 0.30635 -0.70687
vn -0.91224 0.40965 -0.0
vn -0.65254 0.27298 0.70687
vn -0.0106 -0.0236 0.99967
vn 0.63756 -0.30635 0.70687
vn 0.88308 -0.46922 0.0
vn 0.63364 -0.31445 -0.70683
vn 0.01303 0.02451 -0.99961
vn -0.61522 0.34912 -0.70683
vn -0.88308 0.46922 -0.0
vn -0.63364 0.31445 0.70683
vn -0.01303 -0.02451 0.99961
vn 0.61522 -0.34912 0.70683
vn 0.85204 -0.52348 0.0
vn 0.61331 -0.35253 -0.7068
vn 0.01531 0.02492 -0.99957
vn -0.59166 0.38778 -0.7068
vn -0.85204 0.52348 -0.0
vn -0.61331 0.35253 0.7068
vn -0.01531 -0.02492 0.99957
vn 0.59166 -0.38778 0.7068
vn 0.81939 -0.57324 0.0
vn 0.59169 -0.38776 -0.70678
vn 0.01739 0.02486 -0.99954
vn -0.5671 0.42291 -0.70678
vn -0.81939 0.57324 -0.0
vn -0.59169 0.38776 0.70678
vn -0.01739 -0.02486 0.99954
vn 0.5671 -0.42291 0.70678
vn 0.78507 -0.61941 0.0
vn 0.56871 -0.42078 -0.70677
vn 0.01921 0.02434 -0.99952
vn -0.54154 0.4552 -0.70677
vn -0.78507 0.61941 -0.0
vn -0.56871 0.42078 0.70677
vn -0.01921 -0.02434 0.99952
vn 0.54154 -0.4552 0.70677
vn 0.74856 -0.66307 0.0
vn 0.54395 -0.45233 -0.70676
vn 0.0207 0.02337 -0.99951
vn -0.51467 0.48539 -0.70676
vn -0.74856 0.66307 -0.0
vn -0.54395 0.45233 0.70676
vn -0.0207 -0.02337 0.99951
vn 0.51467 -0.48539 0.70676
vn 0.70873 -0.70548 0.0
vn 0.51657 -0.48336 -0.70677
vn 0.0218 0.0219 -0.99952
vn -0.48573 0.51433 -0.70677
vn -0.70873 0.70548 -0.0
vn -0.51657 0.48336 0.70677
vn -0.0218 -0.0219 0.99952
vn 0.48573 -0.51433 0.70677
vn 0.6634 -0.74827 0.0
vn 0.4849 -0.51509 -0.70679
vn 0.02235 0.01982 -0.99955
vn -0.45329 0.54312 -0.70679
vn -0.6634 0.74827 -0.0
vn -0.4849 0.51509 0.70679
vn -0.02235 -0.01982 0.99955
vn 0.45329 -0.54312 0.70679
vn 0.60825 -0.79375 0.0
vn 0.44569 -0.54932 -0.70683
vn 0.02205 0.01689 -0.99961
vn -0.41451 0.57321 -0.70683
vn -0.60825 0.79375 -0.0
vn -0.44569 0.54932 0.70683
vn -0.02205 -0.01689 0.99961
vn 0.41451 -0.57321 0.70683
vn 0.53414 -0.8454 0.0
vn 0.39196 -0.58877 -0.70691
vn 0.02018 0.01275 -0.99972
vn -0.36342 0.6068 -0.70691
vn -0.53414 0.8454 -0.0
vn -0.39196 0.58877 0.70691
vn -0.02018 -0.01275 0.99972
vn 0.36342 -0.6068 0.70691
vn 0.41867 -0.90814 0.0
vn 0.30654 -0.63731 -0.70701
vn 0.01484 0.00684 -0.99987
vn -0.28555 0.64699 -0.70701
vn -0.41867 0.90814 -0.0
vn -0.30654 0.63731 0.70701
vn -0.01484 -0.00684 0.99987
vn 0.28555 -0.64699 0.70701
vn 0.19871 -0.98006 0.0
vn 0.14064 -0.69298 -0.70711
vn 0.00019 4e-05 -1.0
vn -0.14037 0.69303 -0.70711
vn -0.19871 0.98006 -0.0
vn -0.14064 0.69298 0.70711
vn -0.00019 -4e-05 1.0
vn 0.14037 -0.69303 0.70711
vn 0.9915 -0.13009 0.0
vn 0.99876 -0.04979 0.0
vn 0.70244 -0.11128 -0.70299
vn 0.6931 -0.15298 -0.70443
vn -0.00536 -0.10759 -0.99418
vn -0.01132 -0.08626 -0.99621
vn -0.71002 -0.04087 -0.70299
vn -0.7091 0.03099 -0.70443
vn -0.99876 0.04979 -0.0
vn -0.9915 0.13009 -0.0
vn -0.70244 0.11128 0.70299
vn -0.6931 0.15298 0.70443
vn 0.00536 0.10759 0.99418
vn 0.01132 0.08626 0.99621
vn 0.71002 0.04087 0.70299
vn 0.7091 -0.03099 0.70443
vn 0.99955 0.03006 -0.0
vn 0.70948 -0.06837 -0.7014
vn 0.00381 -0.12675 -0.99193
vn -0.70409 -0.11088 -0.7014
vn -0.99955 -0.03006 -0.0
vn -0.70948 0.06837 0.7014
vn -0.00381 0.12675 0.99193
vn 0.70409 0.11088 0.7014
vn 0.99955 0.03006 0.0
vn 0.99425 0.10713 -0.0
vn 0.71392 -0.02527 -0.69977
vn 0.01539 -0.14286 -0.98962
vn -0.69215 -0.17677 -0.69977
vn -0.99425 -0.10713 -0.0
vn -0.71392 0.02527 0.69977
vn -0.01539 0.14286 0.98962
vn 0.69215 0.17677 0.69977
vn 0.99425 0.10713 0.0
vn 0.98367 0.18001 -0.0
vn 0.71568 0.01733 -0.69822
vn 0.02846 -0.1555 -0.98743
vn -0.67544 -0.23724 -0.69822
vn -0.98367 -0.18001 -0.0
vn -0.71568 -0.01733 0.69822
vn -0.02846 0.1555 0.98743
vn 0.67544 0.23724 0.69822
vn 0.98367 0.18001 0.0
vn 0.96886 0.24762 -0.0
vn 0.71482 0.05875 -0.69684
vn 0.04205 -0.16454 -0.98547
vn -0.65535 -0.29144 -0.69684
vn -0.96886 -0.24762 -0.0
vn -0.71482 -0.05875 0.69684
vn -0.04205 0.16454 0.98547
vn 0.65535 0.29144 0.69684
vn 0.96886 0.24762 0.0
vn 0.95097 0.30928 -0.0
vn 0.71155 0.09842 -0.6957
vn 0.05532 -0.17009 -0.98387
vn -0.63332 -0.33897 -0.6957
vn -0.95097 -0.30928 -0.0
vn -0.71155 -0.09842 0.6957
vn -0.05532 0.17009 0.98387
vn 0.63332 0.33897 0.6957
vn 0.95097 0.30928 0.0
vn 0.93116 0.36462 -0.0
vn 0.70617 0.13589 -0.69488
vn 0.06752 -0.17244 -0.9827
vn -0.61068 -0.37976 -0.69488
vn -0.93116 -0.36462 -0.0
vn -0.70617 -0.13589 0.69488
vn -0.06752 0.17244 0.9827
vn 0.61068 0.37976 0.69488
vn 0.93116 0.36462 0.0
vn 0.91049 0.41353 -0.0
vn 0.69902 0.17086 -0.69439
vn 0.07807 -0.1719 -0.98202
vn -0.58861 -0.41396 -0.69439
vn -0.91049 -0.41353 -0.0
vn -0.69902 -0.17086 0.69439
vn -0.07807 0.1719 0.98202
vn 0.58861 0.41396 0.69439
vn 0.91049 0.41353 0.0
vn 0.88994 0.45607 -0.0
vn 0.69045 0.20313 -0.69427
vn 0.0865 -0.1688 -0.98185
vn -0.56812 -0.44185 -0.69427
vn -0.88994 -0.45607 -0.0
vn -0.69045 -0.20313 0.69427
vn -0.0865 0.1688 0.98185
vn 0.56812 0.44185 0.69427
vn 0.88994 0.45607 0.0
vn 0.87038 0.49237 -0.0
vn 0.6808 0.23264 -0.69454
vn 0.09242 -0.16337 -0.98223
vn -0.55011 -0.46368 -0.69454
vn -0.87038 -0.49237 -0.0
vn -0.6808 -0.23264 0.69454
vn -0.09242 0.16337 0.98223
vn 0.55011 0.46368 0.69454
vn 0.87038 0.49237 0.0
vn 0.85261 0.52255 -0.0
vn 0.67037 0.25939 -0.69521
vn 0.09543 -0.15571 -0.98318
vn -0.53541 -0.4796 -0.69521
vn -0.85261 -0.52255 -0.0
vn -0.67037 -0.25939 0.69521
vn -0.09543 0.15571 0.98318
vn 0.53541 0.4796 0.69521
vn 0.85261 0.52255 0.0
vn 0.83741 0.54657 -0.0
vn 0.65939 0.28345 -0.69632
vn 0.09511 -0.14572 -0.98474
vn -0.52489 -0.48952 -0.69632
vn -0.83741 -0.54657 -0.0
vn -0.65939 -0.28345 0.69632
vn -0.09511 0.14572 0.98474
vn 0.52489 0.48952 0.69632
vn 0.83741 0.54657 0.0
vn 0.82566 0.56417 -0.0
vn 0.64807 0.30492 -0.69788
vn 0.09085 -0.13295 -0.98695
vn -0.51959 -0.49294 -0.69788
vn -0.82566 -0.56417 -0.0
vn -0.64807 -0.30492 0.69788
vn -0.09085 0.13295 0.98695
vn 0.51959 0.49294 0.69788
vn 0.82566 0.56417 0.0
vn 0.8184 0.57464 -0.0
vn 0.63654 0.32395 -0.69991
vn 0.0818 -0.1165 -0.98982
vn -0.52085 -0.48872 -0.69991
vn -0.8184 -0.57464 -0.0
vn -0.63654 -0.32395 0.69991
vn -0.0818 0.1165 0.98982
vn 0.52085 0.48872 0.69991
vn 0.8184 0.57464 0.0
vn 0.81713 0.57645 -0.0
vn 0.62496 0.34076 -0.70236
vn 0.06669 -0.09454 -0.99328
vn -0.53064 -0.47446 -0.70236
vn -0.81713 -0.57645 -0.0
vn -0.62496 -0.34076 0.70236
vn -0.06669 0.09454 0.99328
vn 0.53064 0.47446 0.70236
vn 0.81713 0.57645 0.0
vn 0.82395 0.56667 -0.0
vn 0.61363 0.3556 -0.70499
vn 0.04386 -0.06377 -0.997
vn -0.55161 -0.44579 -0.70499
vn -0.82395 -0.56667 -0.0
vn -0.61363 -0.3556 0.70499
vn -0.04386 0.06377 0.997
vn 0.55161 0.44579 0.70499
vn 0.82395 0.56667 0.0
vn 0.97005 -0.24292 0.0
vn 0.91023 -0.41411 0.0
vn 0.64363 -0.29282 -0.70711
vn 0.68593 -0.17177 -0.70711
vn 0.0 -0.0 -1.0
vn -0.64363 0.29282 -0.70711
vn -0.68593 0.17177 -0.70711
vn -0.91023 0.41411 -0.0
vn -0.97005 0.24292 -0.0
vn -0.64363 0.29282 0.70711
vn -0.68593 0.17177 0.70711
vn -0.0 0.0 1.0
vn 0.64363 -0.29282 0.70711
vn 0.68593 -0.17177 0.70711
vn 0.77933 -0.62662 0.0
vn 0.55107 -0.44309 -0.70711
vn -0.55107 0.44309 -0.70711
vn -0.77933 0.62662 -0.0
vn -0.55107 0.44309 0.70711
vn 0.55107 -0.44309 0.70711
vn 0.51742 -0.85573 0.0
vn 0.36587 -0.60509 -0.70711
vn -0.36587 0.60509 -0.70711
vn -0.51742 0.85573 -0.0
vn -0.36587 0.60509 0.70711
vn 0.36587 -0.60509 0.70711
vn 0.09122 -0.99583 0.0
vn 0.0645 -0.70416 -0.70711
vn -0.0645 0.70416 -0.70711
vn -0.09122 0.99583 -0.0
vn -0.0645 0.70416 0.70711
vn 0.0645 -0.70416 0.70711
vn -0.37037 -0.92889 0.0
vn -0.26189 -0.65682 -0.70711
vn -0.0 -0.0 -1.0
vn 0.26189 0.65682 -0.70711
vn 0.37037 0.92889 -0.0
vn 0.26189 0.65682 0.70711
vn -0.26189 -0.65682 0.70711
vn 0.14652 -0.15629 0.97678
vn 0.14652 0.15629 0.97678
vn -0.14652 0.15629 -0.97678
vn -0.14652 -0.15629 -0.97678
vn -0.27514 -0.9614 0.0
vn -0.32874 -0.94442 0.0
vn -0.03266 -0.73735 -0.67472
vn 0.0517 -0.75029 -0.65908
vn 0.28255 -0.09835 -0.9542
vn 0.34826 -0.09967 -0.93209
vn 0.43225 0.59826 -0.67472
vn 0.44081 0.60934 -0.65908
vn 0.32874 0.94442 -0.0
vn 0.27514 0.9614 -0.0
vn 0.03266 0.73735 0.67472
vn -0.0517 0.75029 0.65908
vn -0.28255 0.09835 0.9542
vn -0.34826 0.09967 0.93209
vn -0.43225 -0.59826 0.67472
vn -0.44081 -0.60934 0.65908
vn -0.37272 -0.92794 0.0
vn -0.10712 -0.71899 -0.68672
vn 0.22122 -0.08886 -0.97117
vn 0.41998 0.59332 -0.68672
vn 0.37272 0.92794 -0.0
vn 0.10712 0.71899 0.68672
vn -0.22122 0.08886 0.97117
vn -0.41998 -0.59332 0.68672
vn -0.40826 -0.91287 0.0
vn -0.17171 -0.69781 -0.6954
vn 0.16542 -0.07398 -0.98344
vn 0.40565 0.59318 -0.6954
vn 0.40826 0.91287 -0.0
vn 0.17171 0.69781 0.6954
vn -0.16542 0.07398 0.98344
vn -0.40565 -0.59318 0.6954
vn -0.4367 -0.89961 0.0
vn -0.22739 -0.67563 -0.70129
vn 0.11512 -0.05588 -0.99178
vn 0.3902 0.5966 -0.70129
vn 0.4367 0.89961 -0.0
vn 0.22739 0.67563 0.70129
vn -0.11512 0.05588 0.99178
vn -0.3902 -0.5966 0.70129
vn -0.45916 -0.88836 0.0
vn -0.27525 -0.65371 -0.70491
vn 0.0699 -0.03613 -0.9969
vn 0.3741 0.60262 -0.70491
vn 0.45916 0.88836 -0.0
vn 0.27525 0.65371 0.70491
vn -0.0699 0.03613 0.9969
vn -0.3741 -0.60262 0.70491
vn -0.4765 -0.87917 0.0
vn -0.31632 -0.63285 -0.70672
vn 0.02916 -0.0158 -0.99945
vn 0.35755 0.6105 -0.70672
vn 0.4765 0.87917 -0.0
vn 0.31632 0.63285 0.70672
vn -0.02916 0.0158 0.99945
vn -0.35755 -0.6105 0.70672
vn -0.48942 -0.87205 0.0
vn -0.35156 -0.61355 -0.70708
vn -0.00776 0.00435 -0.99996
vn 0.34058 0.61971 -0.70708
vn 0.48942 0.87205 -0.0
vn 0.35156 0.61355 0.70708
vn 0.00776 -0.00435 0.99996
vn -0.34058 -0.61971 0.70708
vn -0.49843 -0.86693 0.0
vn -0.38179 -0.59614 -0.7063
vn -0.0415 0.02386 -0.99885
vn 0.3231 0.62988 -0.7063
vn 0.49843 0.86693 -0.0
vn 0.38179 0.59614 0.7063
vn 0.0415 -0.02386 0.99885
vn -0.3231 -0.62988 0.7063
vn -0.50394 -0.86374 0.0
vn -0.40772 -0.58078 -0.7046
vn -0.07266 0.04239 -0.99646
vn 0.30496 0.64073 -0.7046
vn 0.50394 0.86374 -0.0
vn 0.40772 0.58078 0.7046
vn 0.07266 -0.04239 0.99646
vn -0.30496 -0.64073 0.7046
vn -0.50621 -0.86241 0.0
vn -0.42991 -0.56757 -0.70217
vn -0.10178 0.05974 -0.99301
vn 0.28598 0.65206 -0.70217
vn 0.50621 0.86241 -0.0
vn 0.42991 0.56757 0.70217
vn 0.10178 -0.05974 0.99301
vn -0.28598 -0.65206 0.70217
vn -0.50545 -0.86286 0.0
vn -0.44885 -0.55657 -0.69912
vn -0.12932 0.07575 -0.98871
vn 0.26596 0.6637 -0.69912
vn 0.50545 0.86286 -0.0
vn 0.44885 0.55657 0.69912
vn 0.12932 -0.07575 0.98871
vn -0.26596 -0.6637 0.69912
vn -0.50175 -0.86501 0.0
vn -0.46488 -0.5478 -0.69556
vn -0.15569 0.09031 -0.98367
vn 0.2447 0.67551 -0.69556
vn 0.50175 0.86501 -0.0
vn 0.46488 0.5478 0.69556
vn 0.15569 -0.09031 0.98367
vn -0.2447 -0.67551 0.69556
vn -0.49516 -0.8688 0.0
vn -0.47828 -0.5413 -0.69155
vn -0.18124 0.10329 -0.978
vn 0.22197 0.68738 -0.69155
vn 0.49516 0.8688 -0.0
vn 0.47828 0.5413 0.69155
vn 0.18124 -0.10329 0.978
vn -0.22197 -0.68738 0.69155
vn -0.48572 -0.87411 0.0
vn -0.48919 -0.53711 -0.68717
vn -0.2061 0.11452 -0.97181
vn 0.19772 0.69907 -0.68717
vn 0.48572 0.87411 -0.0
vn 0.48919 0.53711 0.68717
vn 0.2061 -0.11452 0.97181
vn -0.19772 -0.69907 0.68717
g
g cherry_fruit
f 1//1 3//3 2//2
f 4//4 2//2 5//5
f 6//6 5//5 7//7
f 8//8 7//7 9//9
f 10//10 9//9 11//11
f 12//12 11//11 13//13
f 14//14 13//13 15//15
f 16//16 15//15 17//17
f 18//18 17//17 19//19
f 20//20 19//19 21//21
f 22//22 21//21 23//23
f 24//24 23//23 25//25
f 26//26 25//25 27//27
f 28//28 27//27 29//29
f 30//30 29//29 31//31
f 32//32 31//31 33//33
f 34//34 33//33 35//35
f 36//36 34//34 35//35
f 2//2 3//3 37//37
f 5//5 37//37 38//38
f 7//7 38//38 39//39
f 9//9 39//39 40//40
f 11//11 40//40 41//41
f 13//13 41//41 42//42
f 15//15 42//42 43//43
f 17//17 43//43 44//44
f 19//19 44//44 45//45
f 21//21 45//45 46//46
f 23//23 46//46 47//47
f 25//25 47//47 48//48
f 27//27 48//48 49//49
f 29//29 49//49 50//50
f 31//31 50//50 51//51
f 33//33 51//51 52//52
f 35//35 52//52 53//53
f 36//36 35//35 53//53
f 37//37 3//3 54//54
f 38//38 54//54 55//55
f 39//39 55//55 56//56
f 40//40 56//56 57//57
f 41//41 57//57 58//58
f 42//42 58//58 59//59
f 43//43 59//59 60//60
f 44//44 60//60 61//61
f 45//45 61//61 62//62
f 46//46 62//62 63//63
f 47//47 63//63 64//64
f 48//48 64//64 65//65
f 49//49 65//65 66//66
f 50//50 66//66 67//67
f 51//51 67//67 68//68
f 52//52 68//68 69//69
f 53//53 69//69 70//70
f 36//36 53//53 70//70
f 54//54 3//3 71//71
f 55//55 71//71 72//72
f 56//56 72//72 73//73
f 57//57 73//73 74//74
f 58//58 74//74 75//75
f 59//59 75//75 76//76
f 60//60 76//76 77//77
f 61//61 77//77 78//78
f 62//62 78//78 79//79
f 63//63 79//79 80//80
f 64//64 80//80 81//81
f 65//65 81//81 82//82
f 66//66 82//82 83//83
f 67//67 83//83 84//84
f 68//68 84//84 85//85
f 69//69 85//85 86//86
f 70//70 86//86 87//87
f 36//36 70//70 87//87
f 71//71 3//3 88//88
f 72//72 88//88 89//89
f 73//73 89//89 90//90
f 74//74 90//90 91//91
f 75//75 91//91 92//92
f 76//76 92//92 93//93
f 77//77 93//93 94//94
f 78//78 94//94 95//95
f 79//79 95//95 96//96
f 80//80 96//96 97//97
f 81//81 97//97 98//98
f 82//82 98//98 99//99
f 83//83 99//99 100//100
f 84//84 100//100 101//101
f 85//85 101//101 102//102
f 86//86 102//102 103//103
f 87//87 103//103 104//104
f 36//36 87//87 104//104
f 88//88 3//3 105//105
f 89//89 105//105 106//106
f 90//90 106//106 107//107
f 91//91 107//107 108//108
f 92//92 108//108 109//109
f 93//93 109//109 110//110
f 94//94 110//110 111//111
f 95//95 111//111 112//112
f 96//96 112//112 113//113
f 97//97 113//113 114//114
f 98//98 114//114 115//115
f 99//99 115//115 116//116
f 100//100 116//116 117//117
f 101//101 117//117 118//118
f 102//102 118//118 119//119
f 103//103 119//119 120//120
f 104//104 120//120 121//121
f 36//36 104//104 121//121
f 105//105 3//3 122//122
f 106//106 122//122 123//123
f 107//107 123//123 124//124
f 108//108 124//124 125//125
f 109//109 125//125 126//126
f 110//110 126//126 127//127
f 111//111 127//127 128//128
f 112//112 128//128 129//129
f 113//113 129//129 130//130
f 114//114 130//130 131//131
f 115//115 131//131 132//132
f 116//116 132//132 133//133
f 117//117 133//133 134//134
f 118//118 134//134 135//135
f 119//119 135//135 136//136
f 120//120 136//136 137//137
f 121//121 137//137 138//138
f 36//36 121//121 138//138
f 122//122 3//3 139//139
f 123//123 139//139 140//140
f 124//124 140//140 141//141
f 125//125 141//141 142//142
f 126//126 142//142 143//143
f 127//127 143//143 144//144
f 128//128 144//144 145//145
f 129//129 145//145 146//146
f 130//130 146//146 147//147
f 131//131 147//147 148//148
f 132//132 148//148 149//149
f 133//133 149//149 150//150
f 134//134 150//150 151//151
f 135//135 151//151 152//152
f 136//136 152//152 153//153
f 137//137 153//153 154//154
f 138//138 154//154 155//155
f 36//36 138//138 155//155
f 139//139 3//3 156//156
f 140//140 156//156 157//157
f 141//141 157//157 158//158
f 142//142 158//158 159//159
f 143//143 159//159 160//160
f 144//144 160//160 161//161
f 145//145 161//161 162//162
f 146//146 162//162 163//163
f 147//147 163//163 164//164
f 148//148 164//164 165//165
f 149//149 165//165 166//166
f 150//150 166//166 167//167
f 151//151 167//167 168//168
f 152//152 168//168 169//169
f 153//153 169//169 170//170
f 154//154 170//170 171//171
f 155//155 171//171 172//172
f 36//173 155//155 172//172
f 156//156 3//175 173//174
f 157//157 173//174 174//176
f 158//158 174//176 175//177
f 159//159 175//177 176//178
f 160//160 176//178 177//179
f 161//161 177//179 178//180
f 162//162 178//180 179//181
f 163//163 179//181 180//182
f 164//164 180//182 181//183
f 165//165 181//183 182//184
f 166//166 182//184 183//185
f 167//167 183//185 184//186
f 168//168 184//186 185//187
f 169//169 185//187 186//188
f 170//170 186//188 187//189
f 171//171 187//189 188//190
f 172//172 188//190 189//191
f 36//173 172//172 189//191
f 173//174 3//175 190//192
f 174//176 190//192 191//193
f 175//177 191//193 192//194
f 176//178 192//194 193//195
f 177//179 193//195 194//196
f 178//180 194//196 195//197
f 179//181 195//197 196//198
f 180//182 196//198 197//199
f 181//183 197//199 198//200
f 182//184 198//200 199//201
f 183//185 199//201 200//202
f 184//186 200//202 201//203
f 185//187 201//203 202//204
f 186//188 202//204 203//205
f 187//189 203//205 204//206
f 188//190 204//206 205//207
f 189//191 205//207 206//208
f 36//173 189//191 206//208
f 190//192 3//175 207//209
f 191//193 207//209 208//210
f 192//194 208//210 209//211
f 193//195 209//211 210//212
f 194//196 210//212 211//213
f 195//197 211//213 212//214
f 196//198 212//214 213//215
f 197//199 213//215 214//216
f 198//200 214//216 215//217
f 199//201 215//217 216//218
f 200//202 216//218 217//219
f 201//203 217//219 218//220
f 202//204 218//220 219//221
f 203//205 219//221 220//222
f 204//206 220//222 221//223
f 205//207 221//223 222//224
f 206//208 222//224 223//225
f 36//173 206//208 223//225
f 207//209 3//175 224//226
f 208//210 224//226 225//227
f 209//211 225//227 226//228
f 210//212 226//228 227//229
f 211//213 227//229 228//230
f 212//214 228//230 229//231
f 213//215 229//231 230//232
f 214//216 230//232 231//233
f 215//217 231//233 232//234
f 216//218 232//234 233//235
f 217//219 233//235 234//236
f 218//220 234//236 235//237
f 219//221 235//237 236//238
f 220//222 236//238 237//239
f 221//223 237//239 238//240
f 222//224 238//240 239//241
f 223//225 239//241 240//242
f 36//173 223//225 240//242
f 224//226 3//175 241//243
f 225//227 241//243 242//244
f 226//228 242//244 243//245
f 227//229 243//245 244//246
f 228//230 244//246 245//247
f 229//231 245//247 246//248
f 230//232 246//248 247//249
f 231//233 247//249 248//250
f 232//234 248//250 249//251
f 233//235 249//251 250//252
f 234//236 250//252 251//253
f 235//237 251//253 252//254
f 236//238 252//254 253//255
f 237//239 253//255 254//256
f 238//240 254//256 255//257
f 239//241 255//257 256//258
f 240//242 256//258 257//259
f 36//173 240//242 257//259
f 241//243 3//175 258//260
f 242//244 258//260 259//261
f 243//245 259//261 260//262
f 244//246 260//262 261//263
f 245//247 261//263 262//264
f 246//248 262//264 263//265
f 247//249 263//265 264//266
f 248//250 264//266 265//267
f 249//251 265//267 266//268
f 250//252 266//268 267//269
f 251//253 267//269 268//270
f 252//254 268//270 269//271
f 253//255 269//271 270//272
f 254//256 270//272 271//273
f 255//257 271//273 272//274
f 256//258 272//274 273//275
f 257//259 273//275 274//276
f 36//173 257//259 274//276
f 258//260 3//175 275//277
f 259//261 275//277 276//278
f 260//262 276//278 277//279
f 261//263 277//279 278//280
f 262//264 278//280 279//281
f 263//265 279//281 280//282
f 264//266 280//282 281//283
f 265//267 281//283 282//284
f 266//268 282//284 283//285
f 267//269 283//285 284//286
f 268//270 284//286 285//287
f 269//271 285//287 286//288
f 270//272 286//288 287//289
f 271//273 287//289 288//290
f 272//274 288//290 289//291
f 273//275 289//291 290//292
f 274//276 290//292 291//293
f 36//173 274//276 291//293
f 275//277 3//175 292//294
f 276//278 292//294 293//295
f 277//279 293//295 294//296
f 278//280 294//296 295//297
f 279//281 295//297 296//298
f 280//282 296//298 297//299
f 281//283 297//299 298//300
f 282//284 298//300 299//301
f 283//285 299//301 300//302
f 284//286 300//302 301//303
f 285//287 301//303 302//304
f 286//288 302//304 303//305
f 287//289 303//305 304//306
f 288//290 304//306 305//307
f 289//291 305//307 306//308
f 290//292 306//308 307//309
f 291//293 307//309 308//310
f 36//311 291//293 308//310
f 292//294 3//313 309//312
f 293//295 309//312 310//314
f 294//296 310//314 311//315
f 295//297 311//315 312//316
f 296//298 312//316 313//317
f 297//299 313//317 314//318
f 298//300 314//318 315//319
f 299//301 315//319 316//320
f 300//302 316//320 317//321
f 301//303 317//321 318//322
f 302//304 318//322 319//323
f 303//305 319//323 320//324
f 304//306 320//324 321//325
f 305//307 321//325 322//326
f 306//308 322//326 323//327
f 307//309 323//327 324//328
f 308//310 324//328 325//329
f 36//311 308//310 325//329
f 309//312 3//313 326//330
f 310//314 326//330 327//331
f 311//315 327//331 328//332
f 312//316 328//332 329//333
f 313//317 329//333 330//334
f 314//318 330//334 331//335
f 315//319 331//335 332//336
f 316//320 332//336 333//337
f 317//321 333//337 334//338
f 318//322 334//338 335//339
f 319//323 335//339 336//340
f 320//324 336//340 337//341
f 321//325 337//341 338//342
f 322//326 338//342 339//343
f 323//327 339//343 340//344
f 324//328 340//344 341//345
f 325//329 341//345 342//346
f 36//311 325//329 342//346
f 326//330 3//313 343//347
f 327//331 343//347 344//348
f 328//332 344//348 345//349
f 329//333 345//349 346//350
f 330//334 346//350 347//351
f 331//335 347//351 348//352
f 332//336 348//352 349//353
f 333//337 349//353 350//354
f 334//338 350//354 351//355
f 335//339 351//355 352//356
f 336//340 352//356 353//357
f 337//341 353//357 354//358
f 338//342 354//358 355//359
f 339//343 355//359 356//360
f 340//344 356//360 357//361
f 341//345 357//361 358//362
f 342//346 358//362 359//363
f 36//311 342//346 359//363
f 343//347 3//313 360//364
f 344//348 360//364 361//365
f 345//349 361//365 362//366
f 346//350 362//366 363//367
f 347//351 363//367 364//368
f 348//352 364//368 365//369
f 349//353 365//369 366//370
f 350//354 366//370 367//371
f 351//355 367//371 368//372
f 352//356 368//372 369//373
f 353//357 369//373 370//374
f 354//358 370//374 371//375
f 355//359 371//375 372//376
f 356//360 372//376 373//377
f 357//361 373//377 374//378
f 358//362 374//378 375//379
f 359//363 375//379 376//380
f 36//311 359//363 376//380
f 360//364 3//313 377//381
f 361//365 377//381 378//382
f 362//366 378//382 379//383
f 363//367 379//383 380//384
f 364//368 380//384 381//385
f 365//369 381//385 382//386
f 366//370 382//386 383//387
f 367//371 383//387 384//388
f 368//372 384//388 385//389
f 369//373 385//389 386//390
f 370//374 386//390 387//391
f 371//375 387//391 388//392
f 372//376 388//392 389//393
f 373//377 389//393 390//394
f 374//378 390//394 391//395
f 375//379 391//395 392//396
f 376//380 392//396 393//397
f 36//311 376//380 393//397
f 377//381 3//313 394//398
f 378//382 394//398 395//399
f 379//383 395//399 396//400
f 380//384 396//400 397//401
f 381//385 397//401 398//402
f 382//386 398//402 399//403
f 383//387 399//403 400//404
f 384//388 400//404 401//405
f 385//389 401//405 402//406
f 386//390 402//406 403//407
f 387//391 403//407 404//408
f 388//392 404//408 405//409
f 389//393 405//409 406//410
f 390//394 406//410 407//411
f 391//395 407//411 408//412
f 392//396 408//412 409//413
f 393//397 409//413 410//414
f 36//311 393//397 410//414
f 394//398 3//313 411//415
f 395//399 411//415 412//416
f 396//400 412//416 413//417
f 397//401 413//417 414//418
f 398//402 414//418 415//419
f 399//403 415//419 416//420
f 400//404 416//420 417//421
f 401//405 417//421 418//422
f 402//406 418//422 419//423
f 403//407 419//423 420//424
f 404//408 420//424 421//425
f 405//409 421//425 422//426
f 406//410 422//426 423//427
f 407//411 423//427 424//428
f 408//412 424//428 425//429
f 409//413 425//429 426//430
f 410//414 426//430 427//431
f 36//311 410//414 427//431
f 411//415 3//313 428//432
f 412//416 428//432 429//433
f 413//417 429//433 430//434
f 414//418 430//434 431//435
f 415//419 431//435 432//436
f 416//420 432//436 433//437
f 417//421 433//437 434//438
f 418//422 434//438 435//439
f 419//423 435//439 436//440
f 420//424 436//440 437//441
f 421//425 437//441 438//442
f 422//426 438//442 439//443
f 423//427 439//443 440//444
f 424//428 440//444 441//445
f 425//429 441//445 442//446
f 426//430 442//446 443//447
f 427//431 443//447 444//448
f 36//449 427//431 444//448
f 428//432 3//451 445//450
f 429//433 445//450 446//452
f 430//434 446//452 447//453
f 431//435 447//453 448//454
f 432//436 448//454 449//455
f 433//437 449//455 450//456
f 434//438 450//456 451//457
f 435//439 451//457 452//458
f 436//440 452//458 453//459
f 437//441 453//459 454//460
f 438//442 454//460 455//461
f 439//443 455//461 456//462
f 440//444 456//462 457//463
f 441//445 457//463 458//464
f 442//446 458//464 459//465
f 443//447 459//465 460//466
f 444//448 460//466 461//467
f 36//449 444//448 461//467
f 445//450 3//451 462//468
f 446//452 462//468 463//469
f 447//453 463//469 464//470
f 448//454 464//470 465//471
f 449//455 465//471 466//472
f 450//456 466//472 467//473
f 451//457 467//473 468//474
f 452//458 468//474 469//475
f 453//459 469//475 470//476
f 454//460 470//476 471//477
f 455//461 471//477 472//478
f 456//462 472//478 473//479
f 457//463 473//479 474//480
f 458//464 474//480 475//481
f 459//465 475//481 476//482
f 460//466 476//482 477//483
f 461//467 477//483 478//484
f 36//449 461//467 478//484
f 462//468 3//451 479//485
f 463//469 479//485 480//486
f 464//470 480//486 481//487
f 465//471 481//487 482//488
f 466//472 482//488 483//489
f 467//473 483//489 484//490
f 468//474 484//490 485//491
f 469//475 485//491 486//492
f 470//476 486//492 487//493
f 471//477 487//493 488//494
f 472//478 488//494 489//495
f 473//479 489//495 490//496
f 474//480 490//496 491//497
f 475//481 491//497 492//498
f 476//482 492//498 493//499
f 477//483 493//499 494//500
f 478//484 494//500 495//501
f 36//449 478//484 495//501
f 479//485 3//451 496//502
f 480//486 496//502 497//503
f 481//487 497//503 498//504
f 482//488 498//504 499//505
f 483//489 499//505 500//506
f 484//490 500//506 501//507
f 485//491 501//507 502//508
f 486//492 502//508 503//509
f 487//493 503//509 504//510
f 488//494 504//510 505//511
f 489//495 505//511 506//512
f 490//496 506//512 507//513
f 491//497 507//513 508//514
f 492//498 508//514 509//515
f 493//499 509//515 510//516
f 494//500 510//516 511//517
f 495//501 511//517 512//518
f 36//449 495//501 512//518
f 496//502 3//451 513//519
f 497//503 513//519 514//520
f 498//504 514//520 515//521
f 499//505 515//521 516//522
f 500//506 516//522 517//523
f 501//507 517//523 518//524
f 502//508 518//524 519//525
f 503//509 519//525 520//526
f 504//510 520//526 521//527
f 505//511 521//527 522//528
f 506//512 522//528 523//529
f 507//513 523//529 524//530
f 508//514 524//530 525//531
f 509//515 525//531 526//532
f 510//516 526//532 527//533
f 511//517 527//533 528//534
f 512//518 528//534 529//535
f 36//449 512//518 529//535
f 513//519 3//451 530//536
f 514//520 530//536 531//537
f 515//521 531//537 532//538
f 516//522 532//538 533//539
f 517//523 533//539 534//540
f 518//524 534//540 535//541
f 519//525 535//541 536//542
f 520//526 536//542 537//543
f 521//527 537//543 538//544
f 522//528 538//544 539//545
f 523//529 539//545 540//546
f 524//530 540//546 541//547
f 525//531 541//547 542//548
f 526//532 542//548 543//549
f 527//533 543//549 544//550
f 528//534 544//550 545//551
f 529//535 545//551 546//552
f 36//449 529//535 546//552
f 530//536 3//451 1//553
f 531//537 1//553 4//554
f 532//538 4//554 6//555
f 533//539 6//555 8//556
f 534//540 8//556 10//557
f 535//541 10//557 12//558
f 536//542 12//558 14//559
f 537//543 14//559 16//560
f 538//544 16//560 18//561
f 539//545 18//561 20//562
f 540//546 20//562 22//563
f 541//547 22//563 24//564
f 542//548 24//564 26//565
f 543//549 26//565 28//566
f 544//550 28//566 30//567
f 545//551 30//567 32//568
f 546//552 32//568 34//569
f 36//449 546//552 34//569
f 547//570 549//3 548//571
f 550//572 548//571 551//573
f 552//574 551//573 553//575
f 554//576 553//575 555//577
f 556//578 555//577 557//579
f 558//580 557//579 559//581
f 560//582 559//581 561//583
f 562//584 561//583 563//585
f 564//18 563//585 565//586
f 566//587 565//586 567//588
f 568//589 567//588 569//590
f 570//591 569//590 571//592
f 572//593 571//592 573//594
f 574//595 573//594 575//596
f 576//597 575//596 577//598
f 578//599 577//598 579//600
f 580//601 579//600 581//602
f 582//36 580//601 581//602
f 548//571 549//3 583//603
f 551//573 583//603 584//604
f 553//575 584//604 585//605
f 555//577 585//605 586//606
f 557//579 586//606 587//607
f 559//581 587//607 588//608
f 561//583 588//608 589//609
f 563//585 589//609 590//610
f 565//586 590//610 591//611
f 567//588 591//611 592//612
f 569//590 592//612 593//613
f 571//592 593//613 594//614
f 573//594 594//614 595//615
f 575//596 595//615 596//616
f 577//598 596//616 597//617
f 579//600 597//617 598//618
f 581//602 598//618 599//619
f 582//36 581//602 599//619
f 583//603 549//3 600//620
f 584//604 600//620 601//621
f 585//605 601//621 602//622
f 586//606 602//622 603//623
f 587//607 603//623 604//624
f 588//608 604//624 605//625
f 589//609 605//625 606//626
f 590//610 606//626 607//627
f 591//611 607//627 608//628
f 592//612 608//628 609//629
f 593//613 609//629 610//630
f 594//614 610//630 611//631
f 595//615 611//631 612//632
f 596//616 612//632 613//633
f 597//617 613//633 614//634
f 598//618 614//634 615//635
f 599//619 615//635 616//636
f 582//36 599//619 616//636
f 600//620 549//3 617//637
f 601//621 617//637 618//638
f 602//622 618//638 619//639
f 603//623 619//639 620//640
f 604//624 620//640 621//641
f 605//625 621//641 622//642
f 606//626 622//642 623//643
f 607//627 623//643 624//644
f 608//628 624//644 625//645
f 609//629 625//645 626//646
f 610//630 626//646 627//647
f 611//631 627//647 628//648
f 612//632 628//648 629//649
f 613//633 629//649 630//650
f 614//634 630//650 631//651
f 615//635 631//651 632//652
f 616//636 632//652 633//653
f 582//36 616//636 633//653
f 617//637 549//3 634//654
f 618//638 634//654 635//655
f 619//639 635//655 636//656
f 620//640 636//656 637//657
f 621//641 637//657 638//658
f 622//642 638//658 639//659
f 623//643 639//659 640//660
f 624//644 640//660 641//661
f 625//645 641//661 642//662
f 626//646 642//662 643//663
f 627//647 643//663 644//664
f 628//648 644//664 645//665
f 629//649 645//665 646//666
f 630//650 646//666 647//667
f 631//651 647//667 648//668
f 632//652 648//668 649//669
f 633//653 649//669 650//670
f 582//36 633//653 650//670
f 634//654 549//3 651//671
f 635//655 651//671 652//672
f 636//656 652//672 653//673
f 637//657 653//673 654//674
f 638//658 654//674 655//675
f 639//659 655//675 656//676
f 640//660 656//676 657//677
f 641//661 657//677 658//678
f 642//662 658//678 659//679
f 643//663 659//679 660//680
f 644//664 660//680 661//681
f 645//665 661//681 662//682
f 646//666 662//682 663//683
f 647//667 663//683 664//684
f 648//668 664//684 665//685
f 649//669 665//685 666//686
f 650//670 666//686 667//687
f 582//36 650//670 667//687
f 651//671 549//3 668//688
f 652//672 668//688 669//689
f 653//673 669//689 670//690
f 654//674 670//690 671//691
f 655//675 671//691 672//692
f 656//676 672//692 673//693
f 657//677 673//693 674//694
f 658//678 674//694 675//695
f 659//679 675//695 676//696
f 660//680 676//696 677//697
f 661//681 677//697 678//698
f 662//682 678//698 679//699
f 663//683 679//699 680//700
f 664//684 680//700 681//701
f 665//685 681//701 682//702
f 666//686 682//702 683//703
f 667//687 683//703 684//704
f 582//36 667//687 684//704
f 668//688 549//3 685//705
f 669//689 685//705 686//706
f 670//690 686//706 687//707
f 671//691 687//707 688//708
f 672//692 688//708 689//709
f 673//693 689//709 690//710
f 674//694 690//710 691//711
f 675//695 691//711 692//712
f 676//696 692//712 693//147
f 677//697 693//147 694//713
f 678//698 694//713 695//714
f 679//699 695//714 696//715
f 680//700 696//715 697//716
f 681//701 697//716 698//717
f 682//702 698//717 699//718
f 683//703 699//718 700//719
f 684//704 700//719 701//720
f 582//36 684//704 701//720
f 685//705 549//3 702//721
f 686//706 702//721 703//722
f 687//707 703//722 704//723
f 688//708 704//723 705//724
f 689//709 705//724 706//725
f 690//710 706//725 707//726
f 691//711 707//726 708//727
f 692//712 708//727 709//728
f 693//147 709//728 710//729
f 694//713 710//729 711//730
f 695//714 711//730 712//731
f 696//715 712//731 713//732
f 697//716 713//732 714//733
f 698//717 714//733 715//734
f 699//718 715//734 716//735
f 700//719 716//735 717//736
f 701//720 717//736 718//737
f 582//173 701//720 718//737
f 702//721 549//175 719//738
f 703//722 719//738 720//739
f 704//723 720//739 721//740
f 705//724 721//740 722//741
f 706//725 722//741 723//742
f 707//726 723//742 724//743
f 708//727 724//743 725//744
f 709//728 725//744 726//745
f 710//729 726//745 727//746
f 711//730 727//746 728//747
f 712//731 728//747 729//748
f 713//732 729//748 730//749
f 714//733 730//749 731//750
f 715//734 731//750 732//751
f 716//735 732//751 733//752
f 717//736 733//752 734//753
f 718//737 734//753 735//754
f 582//173 718//737 735//754
f 719//738 549//175 736//755
f 720//739 736//755 737//756
f 721//740 737//756 738//757
f 722//741 738//757 739//758
f 723//742 739//758 740//759
f 724//743 740//759 741//760
f 725//744 741//760 742//761
f 726//745 742//761 743//762
f 727//746 743//762 744//763
f 728//747 744//763 745//764
f 729//748 745//764 746//765
f 730//749 746//765 747//766
f 731//750 747//766 748//767
f 732//751 748//767 749//768
f 733//752 749//768 750//769
f 734//753 750//769 751//770
f 735//754 751//770 752//771
f 582//173 735//754 752//771
f 736//755 549//175 753//772
f 737//756 753//772 754//773
f 738//757 754//773 755//774
f 739//758 755//774 756//775
f 740//759 756//775 757//776
f 741//760 757//776 758//777
f 742//761 758//777 759//778
f 743//762 759//778 760//779
f 744//763 760//779 761//780
f 745//764 761//780 762//781
f 746//765 762//781 763//782
f 747//766 763//782 764//783
f 748//767 764//783 765//784
f 749//768 765//784 766//785
f 750//769 766//785 767//786
f 751//770 767//786 768//787
f 752//771 768//787 769//788
f 582//173 752//771 769//788
f 753//772 549//175 770//789
f 754//773 770//789 771//790
f 755//774 771//790 772//791
f 756//775 772//791 773//792
f 757//776 773//792 774//793
f 758//777 774//793 775//794
f 759//778 775//794 776//795
f 760//779 776//795 777//796
f 761//780 777//796 778//797
f 762//781 778//797 779//798
f 763//782 779//798 780//799
f 764//783 780//799 781//800
f 765//784 781//800 782//801
f 766//785 782//801 783//802
f 767//786 783//802 784//803
f 768//787 784//803 785//804
f 769//788 785//804 786//805
f 582//173 769//788 786//805
f 770//789 549//175 787//806
f 771//790 787//806 788//807
f 772//791 788//807 789//808
f 773//792 789//808 790//809
f 774//793 790//809 791//810
f 775//794 791//810 792//811
f 776//795 792//811 793//812
f 777//796 793//812 794//813
f 778//797 794//813 795//814
f 779//798 795//814 796//815
f 780//799 796//815 797//816
f 781//800 797//816 798//817
f 782//801 798//817 799//818
f 783//802 799//818 800//819
f 784//803 800//819 801//820
f 785//804 801//820 802//821
f 786//805 802//821 803//822
f 582//173 786//805 803//822
f 787//806 549//175 804//823
f 788//807 804//823 805//824
f 789//808 805//824 806//825
f 790//809 806//825 807//826
f 791//810 807//826 808//827
f 792//811 808//827 809//828
f 793//812 809//828 810//829
f 794//813 810//829 811//830
f 795//814 811//830 812//831
f 796//815 812//831 813//832
f 797//816 813//832 814//833
f 798//817 814//833 815//834
f 799//818 815//834 816//835
f 800//819 816//835 817//836
f 801//820 817//836 818//837
f 802//821 818//837 819//838
f 803//822 819//838 820//839
f 582//173 803//822 820//839
f 804//823 549//175 821//840
f 805//824 821//840 822//841
f 806//825 822//841 823//842
f 807//826 823//842 824//843
f 808//827 824//843 825//844
f 809//828 825//844 826//845
f 810//829 826//845 827//846
f 811//830 827//846 828//847
f 812//831 828//847 829//285
f 813//832 829//285 830//848
f 814//833 830//848 831//849
f 815//834 831//849 832//850
f 816//835 832//850 833//851
f 817//836 833//851 834//852
f 818//837 834//852 835//853
f 819//838 835//853 836//854
f 820//839 836//854 837//855
f 582//173 820//839 837//855
f 821//840 549//175 838//856
f 822//841 838//856 839//857
f 823//842 839//857 840//858
f 824//843 840//858 841//859
f 825//844 841//859 842//860
f 826//845 842//860 843//861
f 827//846 843//861 844//862
f 828//847 844//862 845//863
f 829//285 845//863 846//864
f 830//848 846//864 847//865
f 831//849 847//865 848//866
f 832//850 848//866 849//867
f 833//851 849//867 850//868
f 834//852 850//868 851//869
f 835//853 851//869 852//870
f 836//854 852//870 853//871
f 837//855 853//871 854//872
f 582//311 837//855 854//872
f 838//856 549//313 855//873
f 839//857 855//873 856//874
f 840//858 856//874 857//875
f 841//859 857//875 858//876
f 842//860 858//876 859//877
f 843//861 859//877 860//878
f 844//862 860//878 861//879
f 845//863 861//879 862//880
f 846//864 862//880 863//881
f 847//865 863//881 864//882
f 848//866 864//882 865//883
f 849//867 865//883 866//884
f 850//868 866//884 867//885
f 851//869 867//885 868//886
f 852//870 868//886 869//887
f 853//871 869//887 870//888
f 854//872 870//888 871//889
f 582//311 854//872 871//889
f 855//873 549//313 872//890
f 856//874 872//890 873//891
f 857//875 873//891 874//892
f 858//876 874//892 875//893
f 859//877 875//893 876//894
f 860//878 876//894 877//895
f 861//879 877//895 878//896
f 862//880 878//896 879//897
f 863//881 879//897 880//898
f 864//882 880//898 881//899
f 865//883 881//899 882//900
f 866//884 882//900 883//901
f 867//885 883//901 884//902
f 868//886 884//902 885//903
f 869//887 885//903 886//904
f 870//888 886//904 887//905
f 871//889 887//905 888//906
f 582//311 871//889 888//906
f 872//890 549//313 889//907
f 873//891 889//907 890//908
f 874//892 890//908 891//909
f 875//893 891//909 892//910
f 876//894 892//910 893//911
f 877//895 893//911 894//912
f 878//896 894//912 895//913
f 879//897 895//913 896//914
f 880//898 896//914 897//915
f 881//899 897//915 898//916
f 882//900 898//916 899//917
f 883//901 899//917 900//918
f 884//902 900//918 901//919
f 885//903 901//919 902//920
f 886//904 902//920 903//921
f 887//905 903//921 904//922
f 888//906 904//922 905//923
f 582//311 888//906 905//923
f 889//907 549//313 906//924
f 890//908 906//924 907//925
f 891//909 907//925 908//926
f 892//910 908//926 909//927
f 893//911 909//927 910//928
f 894//912 910//928 911//929
f 895//913 911//929 912//930
f 896//914 912//930 913//931
f 897//915 913//931 914//932
f 898//916 914//932 915//933
f 899//917 915//933 916//934
f 900//918 916//934 917//935
f 901//919 917//935 918//936
f 902//920 918//936 919//937
f 903//921 919//937 920//938
f 904//922 920//938 921//939
f 905//923 921//939 922//940
f 582//311 905//923 922//940
f 906//924 549//313 923//941
f 907//925 923//941 924//942
f 908//926 924//942 925//943
f 909//927 925//943 926//944
f 910//928 926//944 927//945
f 911//929 927//945 928//946
f 912//930 928//946 929//947
f 913//931 929//947 930//948
f 914//932 930//948 931//949
f 915//933 931//949 932//950
f 916//934 932//950 933//951
f 917//935 933//951 934//952
f 918//936 934//952 935//953
f 919//937 935//953 936//954
f 920//938 936//954 937//955
f 921//939 937//955 938//956
f 922//940 938//956 939//957
f 582//311 922//940 939//957
f 923//941 549//313 940//958
f 924//942 940//958 941//959
f 925//943 941//959 942//960
f 926//944 942//960 943//961
f 927//945 943//961 944//962
f 928//946 944//962 945//963
f 929//947 945//963 946//964
f 930//948 946//964 947//965
f 931//949 947//965 948//966
f 932//950 948//966 949//967
f 933//951 949//967 950//968
f 934//952 950//968 951//969
f 935//953 951//969 952//970
f 936//954 952//970 953//971
f 937//955 953//971 954//972
f 938//956 954//972 955//973
f 939//957 955//973 956//974
f 582//311 939//957 956//974
f 940//958 549//313 957//975
f 941//959 957//975 958//976
f 942//960 958//976 959//977
f 943//961 959//977 960//978
f 944//962 960//978 961//979
f 945//963 961//979 962//980
f 946//964 962//980 963//981
f 947//965 963//981 964//982
f 948//966 964//982 965//423
f 949//967 965//423 966//983
f 950//968 966//983 967//984
f 951//969 967//984 968//985
f 952//970 968//985 969//986
f 953//971 969//986 970//987
f 954//972 970//987 971//988
f 955//973 971//988 972//989
f 956//974 972//989 973//990
f 582//311 956//974 973//990
f 957//975 549//313 974//991
f 958//976 974//991 975//992
f 959//977 975//992 976//993
f 960//978 976//993 977//994
f 961//979 977//994 978//995
f 962//980 978//995 979//996
f 963//981 979//996 980//997
f 964//982 980//997 981//998
f 965//423 981//998 982//999
f 966//983 982//999 983//1000
f 967//984 983//1000 984//1001
f 968//985 984//1001 985//1002
f 969//986 985//1002 986//1003
f 970//987 986//1003 987//1004
f 971//988 987//1004 988//1005
f 972//989 988//1005 989//1006
f 973//990 989//1006 990//1007
f 582//449 973//990 990//1007
f 974//991 549//451 991//1008
f 975//992 991//1008 992//1009
f 976//993 992//1009 993//1010
f 977//994 993//1010 994//1011
f 978//995 994//1011 995//1012
f 979//996 995//1012 996//1013
f 980//997 996//1013 997//1014
f 981//998 997//1014 998//1015
f 982//999 998//1015 999//1016
f 983//1000 999//1016 1000//1017
f 984//1001 1000//1017 1001//1018
f 985//1002 1001//1018 1002//1019
f 986//1003 1002//1019 1003//1020
f 987//1004 1003//1020 1004//1021
f 988//1005 1004//1021 1005//1022
f 989//1006 1005//1022 1006//1023
f 990//1007 1006//1023 1007//1024
f 582//449 990//1007 1007//1024
f 991//1008 549//451 1008//1025
f 992//1009 1008//1025 1009//1026
f 993//1010 1009//1026 1010//1027
f 994//1011 1010//1027 1011//1028
f 995//1012 1011//1028 1012//1029
f 996//1013 1012//1029 1013//1030
f 997//1014 1013//1030 1014//1031
f 998//1015 1014//1031 1015//1032
f 999//1016 1015//1032 1016//1033
f 1000//1017 1016//1033 1017//1034
f 1001//1018 1017//1034 1018//1035
f 1002//1019 1018//1035 1019//1036
f 1003//1020 1019//1036 1020//1037
f 1004//1021 1020//1037 1021//1038
f 1005//1022 1021//1038 1022//1039
f 1006//1023 1022//1039 1023//1040
f 1007//1024 1023//1040 1024//1041
f 582//449 1007//1024 1024//1041
f 1008//1025 549//451 1025//1042
f 1009//1026 1025//1042 1026//1043
f 1010//1027 1026//1043 1027//1044
f 1011//1028 1027//1044 1028//1045
f 1012//1029 1028//1045 1029//1046
f 1013//1030 1029//1046 1030//1047
f 1014//1031 1030//1047 1031//1048
f 1015//1032 1031//1048 1032//1049
f 1016//1033 1032//1049 1033//1050
f 1017//1034 1033//1050 1034//1051
f 1018//1035 1034//1051 1035//1052
f 1019//1036 1035//1052 1036//1053
f 1020//1037 1036//1053 1037//1054
f 1021//1038 1037//1054 1038//1055
f 1022//1039 1038//1055 1039//1056
f 1023//1040 1039//1056 1040//1057
f 1024//1041 1040//1057 1041//1058
f 582//449 1024//1041 1041//1058
f 1025//1042 549//451 1042//1059
f 1026//1043 1042//1059 1043//1060
f 1027//1044 1043//1060 1044//1061
f 1028//1045 1044//1061 1045//1062
f 1029//1046 1045//1062 1046//1063
f 1030//1047 1046//1063 1047//1064
f 1031//1048 1047//1064 1048//1065
f 1032//1049 1048//1065 1049//1066
f 1033//1050 1049//1066 1050//1067
f 1034//1051 1050//1067 1051//1068
f 1035//1052 1051//1068 1052//1069
f 1036//1053 1052//1069 1053//1070
f 1037//1054 1053//1070 1054//1071
f 1038//1055 1054//1071 1055//1072
f 1039//1056 1055//1072 1056//1073
f 1040//1057 1056//1073 1057//1074
f 1041//1058 1057//1074 1058//1075
f 582//449 1041//1058 1058//1075
f 1042//1059 549//451 1059//1076
f 1043//1060 1059//1076 1060//1077
f 1044//1061 1060//1077 1061//1078
f 1045//1062 1061//1078 1062//1079
f 1046//1063 1062//1079 1063//1080
f 1047//1064 1063//1080 1064//1081
f 1048//1065 1064//1081 1065//1082
f 1049//1066 1065//1082 1066//1083
f 1050//1067 1066//1083 1067//1084
f 1051//1068 1067//1084 1068//1085
f 1052//1069 1068//1085 1069//1086
f 1053//1070 1069//1086 1070//1087
f 1054//1071 1070//1087 1071//1088
f 1055//1072 1071//1088 1072//1089
f 1056//1073 1072//1089 1073//1090
f 1057//1074 1073//1090 1074//1091
f 1058//1075 1074//1091 1075//1092
f 582//449 1058//1075 1075//1092
f 1059//1076 549//451 1076//1093
f 1060//1077 1076//1093 1077//1094
f 1061//1078 1077//1094 1078//1095
f 1062//1079 1078//1095 1079//1096
f 1063//1080 1079//1096 1080//1097
f 1064//1081 1080//1097 1081//1098
f 1065//1082 1081//1098 1082//1099
f 1066//1083 1082//1099 1083//1100
f 1067//1084 1083//1100 1084//1101
f 1068//1085 1084//1101 1085//1102
f 1069//1086 1085//1102 1086//1103
f 1070//1087 1086//1103 1087//1104
f 1071//1088 1087//1104 1088//1105
f 1072//1089 1088//1105 1089//1106
f 1073//1090 1089//1106 1090//1107
f 1074//1091 1090//1107 1091//1108
f 1075//1092 1091//1108 1092//1109
f 582//449 1075//1092 1092//1109
f 1076//1093 549//451 547//1110
f 1077//1094 547//1110 550//1111
f 1078//1095 550//1111 552//1112
f 1079//1096 552//1112 554//1113
f 1080//1097 554//1113 556//1114
f 1081//1098 556//1114 558//1115
f 1082//1099 558//1115 560//1116
f 1083//1100 560//1116 562//1117
f 1084//1101 562//1117 564//561
f 1085//1102 564//561 566//1118
f 1086//1103 566//1118 568//1119
f 1087//1104 568//1119 570//1120
f 1088//1105 570//1120 572//1121
f 1089//1106 572//1121 574//1122
f 1090//1107 574//1122 576//1123
f 1091//1108 576//1123 578//1124
f 1092//1109 578//1124 580//1125
f 582//449 1092//1109 580//1125
f 578//1124 1092//1109 1091//1108
f 576//1123 1091//1108 1090//1107
f 574//1122 1090//1107 1089//1106
f 572//1121 1089//1106 1088//1105
f 570//1120 1088//1105 1087//1104
f 568//1119 1087//1104 1086//1103
f 566//1118 1086//1103 1085//1102
f 564//561 1085//1102 1084//1101
f 562//1117 1084//1101 1083//1100
f 560//1116 1083//1100 1082//1099
f 558//1115 1082//1099 1081//1098
f 556//1114 1081//1098 1080//1097
f 554//1113 1080//1097 1079//1096
f 552//1112 1079//1096 1078//1095
f 550//1111 1078//1095 1077//1094
f 547//1110 1077//1094 1076//1093
f 1091//1108 1075//1092 1074//1091
f 1090//1107 1074//1091 1073//1090
f 1089//1106 1073//1090 1072//1089
f 1088//1105 1072//1089 1071//1088
f 1087//1104 1071//1088 1070//1087
f 1086//1103 1070//1087 1069//1086
f 1085//1102 1069//1086 1068//1085
f 1084//1101 1068//1085 1067//1084
f 1083//1100 1067//1084 1066//1083
f 1082//1099 1066//1083 1065//1082
f 1081//1098 1065//1082 1064//1081
f 1080//1097 1064//1081 1063//1080
f 1079//1096 1063//1080 1062//1079
f 1078//1095 1062//1079 1061//1078
f 1077//1094 1061//1078 1060//1077
f 1076//1093 1060//1077 1059//1076
f 1074//1091 1058//1075 1057//1074
f 1073//1090 1057//1074 1056//1073
f 1072//1089 1056//1073 1055//1072
f 1071//1088 1055//1072 1054//1071
f 1070//1087 1054//1071 1053//1070
f 1069//1086 1053//1070 1052//1069
f 1068//1085 1052//1069 1051//1068
f 1067//1084 1051//1068 1050//1067
f 1066//1083 1050//1067 1049//1066
f 1065//1082 1049//1066 1048//1065
f 1064//1081 1048//1065 1047//1064
f 1063//1080 1047//1064 1046//1063
f 1062//1079 1046//1063 1045//1062
f 1061//1078 1045//1062 1044//1061
f 1060//1077 1044//1061 1043//1060
f 1059//1076 1043//1060 1042//1059
f 1057//1074 1041//1058 1040//1057
f 1056//1073 1040//1057 1039//1056
f 1055//1072 1039//1056 1038//1055
f 1054//1071 1038//1055 1037//1054
f 1053//1070 1037//1054 1036//1053
f 1052//1069 1036//1053 1035//1052
f 1051//1068 1035//1052 1034//1051
f 1050//1067 1034//1051 1033//1050
f 1049//1066 1033//1050 1032//1049
f 1048//1065 1032//1049 1031//1048
f 1047//1064 1031//1048 1030//1047
f 1046//1063 1030//1047 1029//1046
f 1045//1062 1029//1046 1028//1045
f 1044//1061 1028//1045 1027//1044
f 1043//1060 1027//1044 1026//1043
f 1042//1059 1026//1043 1025//1042
f 1040//1057 1024//1041 1023//1040
f 1039//1056 1023//1040 1022//1039
f 1038//1055 1022//1039 1021//1038
f 1037//1054 1021//1038 1020//1037
f 1036//1053 1020//1037 1019//1036
f 1035//1052 1019//1036 1018//1035
f 1034//1051 1018//1035 1017//1034
f 1033//1050 1017//1034 1016//1033
f 1032//1049 1016//1033 1015//1032
f 1031//1048 1015//1032 1014//1031
f 1030//1047 1014//1031 1013//1030
f 1029//1046 1013//1030 1012//1029
f 1028//1045 1012//1029 1011//1028
f 1027//1044 1011//1028 1010//1027
f 1026//1043 1010//1027 1009//1026
f 1025//1042 1009//1026 1008//1025
f 1023//1040 1007//1024 1006//1023
f 1022//1039 1006//1023 1005//1022
f 1021//1038 1005//1022 1004//1021
f 1020//1037 1004//1021 1003//1020
f 1019//1036 1003//1020 1002//1019
f 1018//1035 1002//1019 1001//1018
f 1017//1034 1001//1018 1000//1017
f 1016//1033 1000//1017 999//1016
f 1015//1032 999//1016 998//1015
f 1014//1031 998//1015 997//1014
f 1013//1030 997//1014 996//1013
f 1012//1029 996//1013 995//1012
f 1011//1028 995//1012 994//1011
f 1010//1027 994//1011 993//1010
f 1009//1026 993//1010 992//1009
f 1008//1025 992//1009 991//1008
f 1006//1023 990//1007 989//1006
f 1005//1022 989//1006 988//1005
f 1004//1021 988//1005 987//1004
f 1003//1020 987//1004 986//1003
f 1002//1019 986//1003 985//1002
f 1001//1018 985//1002 984//1001
f 1000//1017 984//1001 983//1000
f 999//1016 983//1000 982//999
f 998//1015 982//999 981//998
f 997//1014 981//998 980//997
f 996//1013 980//997 979//996
f 995//1012 979//996 978//995
f 994//1011 978//995 977//994
f 993//1010 977//994 976//993
f 992//1009 976//993 975//992
f 991//1008 975//992 974//991
f 989//1006 973//990 972//989
f 988//1005 972//989 971//988
f 987//1004 971//988 970//987
f 986//1003 970//987 969//986
f 985//1002 969//986 968//985
f 984//1001 968//985 967//984
f 983//1000 967//984 966//983
f 982//999 966//983 965//423
f 981//998 965//423 964//982
f 980//997 964//982 963//981
f 979//996 963//981 962//980
f 978//995 962//980 961//979
f 977//994 961//979 960//978
f 976//993 960//978 959//977
f 975//992 959//977 958//976
f 974//991 958//976 957//975
f 972//989 956//974 955//973
f 971//988 955//973 954//972
f 970//987 954//972 953//971
f 969//986 953//971 952//970
f 968//985 952//970 951//969
f 967//984 951//969 950//968
f 966//983 950//968 949//967
f 965//423 949//967 948//966
f 964//982 948//966 947//965
f 963//981 947//965 946//964
f 962//980 946//964 945//963
f 961//979 945//963 944//962
f 960//978 944//962 943//961
f 959//977 943//961 942//960
f 958//976 942//960 941//959
f 957//975 941//959 940//958
f 955//973 939//957 938//956
f 954//972 938//956 937//955
f 953//971 937//955 936//954
f 952//970 936//954 935//953
f 951//969 935//953 934//952
f 950//968 934//952 933//951
f 949//967 933//951 932//950
f 948//966 932//950 931//949
f 947//965 931//949 930//948
f 946//964 930//948 929//947
f 945//963 929//947 928//946
f 944//962 928//946 927//945
f 943//961 927//945 926//944
f 942//960 926//944 925//943
f 941//959 925//943 924//942
f 940//958 924//942 923//941
f 938//956 922//940 921//939
f 937//955 921//939 920//938
f 936//954 920//938 919//937
f 935//953 919//937 918//936
f 934//952 918//936 917//935
f 933//951 917//935 916//934
f 932//950 916//934 915//933
f 931//949 915//933 914//932
f 930//948 914//932 913//931
f 929//947 913//931 912//930
f 928//946 912//930 911//929
f 927//945 911//929 910//928
f 926//944 910//928 909//927
f 925//943 909//927 908//926
f 924//942 908//926 907//925
f 923//941 907//925 906//924
f 921//939 905//923 904//922
f 920//938 904//922 903//921
f 919//937 903//921 902//920
f 918//936 902//920 901//919
f 917//935 901//919 900//918
f 916//934 900//918 899//917
f 915//933 899//917 898//916
f 914//932 898//916 897//915
f 913//931 897//915 896//914
f 912//930 896//914 895//913
f 911//929 895//913 894//912
f 910//928 894//912 893//911
f 909//927 893//911 892//910
f 908//926 892//910 891//909
f 907//925 891//909 890//908
f 906//924 890//908 889//907
f 904//922 888//906 887//905
f 903//921 887//905 886//904
f 902//920 886//904 885//903
f 901//919 885//903 884//902
f 900//918 884//902 883//901
f 899//917 883//901 882//900
f 898//916 882//900 881//899
f 897//915 881//899 880//898
f 896//914 880//898 879//897
f 895//913 879//897 878//896
f 894//912 878//896 877//895
f 893//911 877//895 876//894
f 892//910 876//894 875//893
f 891//909 875//893 874//892
f 890//908 874//892 873//891
f 889//907 873//891 872//890
f 887//905 871//889 870//888
f 886//904 870//888 869//887
f 885//903 869//887 868//886
f 884//902 868//886 867//885
f 883//901 867//885 866//884
f 882//900 866//884 865//883
f 881//899 865//883 864//882
f 880//898 864//882 863//881
f 879//897 863//881 862//880
f 878//896 862//880 861//879
f 877//895 861//879 860//878
f 876//894 860//878 859//877
f 875//893 859//877 858//876
f 874//892 858//876 857//875
f 873//891 857//875 856//874
f 872//890 856//874 855//873
f 870//888 854//872 853//871
f 869//887 853//871 852//870
f 868//886 852//870 851//869
f 867//885 851//869 850//868
f 866//884 850//868 849//867
f 865//883 849//867 848//866
f 864//882 848//866 847//865
f 863//881 847//865 846//864
f 862//880 846//864 845//863
f 861//879 845//863 844//862
f 860//878 844//862 843//861
f 859//877 843//861 842//860
f 858//876 842//860 841//859
f 857//875 841//859 840//858
f 856//874 840//858 839//857
f 855//873 839//857 838//856
f 853//871 837//855 836//854
f 852//870 836//854 835//853
f 851//869 835//853 834//852
f 850//868 834//852 833//851
f 849//867 833//851 832//850
f 848//866 832//850 831//849
f 847//865 831//849 830//848
f 846//864 830//848 829//285
f 845//863 829//285 828//847
f 844//862 828//847 827//846
f 843//861 827//846 826//845
f 842//860 826//845 825//844
f 841//859 825//844 824//843
f 840//858 824//843 823//842
f 839//857 823//842 822//841
f 838//856 822//841 821//840
f 836//854 820//839 819//838
f 835//853 819//838 818//837
f 834//852 818//837 817//836
f 833//851 817//836 816//835
f 832//850 816//835 815//834
f 831//849 815//834 814//833
f 830//848 814//833 813//832
f 829//285 813//832 812//831
f 828//847 812//831 811//830
f 827//846 811//830 810//829
f 826//845 810//829 809//828
f 825//844 809//828 808//827
f 824//843 808//827 807//826
f 823//842 807//826 806//825
f 822//841 806//825 805//824
f 821//840 805//824 804//823
f 819//838 803//822 802//821
f 818//837 802//821 801//820
f 817//836 801//820 800//819
f 816//835 800//819 799//818
f 815//834 799//818 798//817
f 814//833 798//817 797//816
f 813//832 797//816 796//815
f 812//831 796//815 795//814
f 811//830 795//814 794//813
f 810//829 794//813 793//812
f 809//828 793//812 792//811
f 808//827 792//811 791//810
f 807//826 791//810 790//809
f 806//825 790//809 789//808
f 805//824 789//808 788//807
f 804//823 788//807 787//806
f 802//821 786//805 785//804
f 801//820 785//804 784//803
f 800//819 784//803 783//802
f 799//818 783//802 782//801
f 798//817 782//801 781//800
f 797//816 781//800 780//799
f 796//815 780//799 779//798
f 795//814 779//798 778//797
f 794//813 778//797 777//796
f 793//812 777//796 776//795
f 792//811 776//795 775//794
f 791//810 775//794 774//793
f 790//809 774//793 773//792
f 789//808 773//792 772//791
f 788//807 772//791 771//790
f 787//806 771//790 770//789
f 785//804 769//788 768//787
f 784//803 768//787 767//786
f 783//802 767//786 766//785
f 782//801 766//785 765//784
f 781//800 765//784 764//783
f 780//799 764//783 763//782
f 779//798 763//782 762//781
f 778//797 762//781 761//780
f 777//796 761//780 760//779
f 776//795 760//779 759//778
f 775//794 759//778 758//777
f 774//793 758//777 757//776
f 773//792 757//776 756//775
f 772//791 756//775 755//774
f 771//790 755//774 754//773
f 770//789 754//773 753//772
f 768//787 752//771 751//770
f 767//786 751//770 750//769
f 766//785 750//769 749//768
f 765//784 749//768 748//767
f 764//783 748//767 747//766
f 763//782 747//766 746//765
f 762//781 746//765 745//764
f 761//780 745//764 744//763
f 760//779 744//763 743//762
f 759//778 743//762 742//761
f 758//777 742//761 741//760
f 757//776 741//760 740//759
f 756//775 740//759 739//758
f 755//774 739//758 738//757
f 754//773 738//757 737//756
f 753//772 737//756 736//755
f 751//770 735//754 734//753
f 750//769 734//753 733//752
f 749//768 733//752 732//751
f 748//767 732//751 731//750
f 747//766 731//750 730//749
f 746//765 730//749 729//748
f 745//764 729//748 728//747
f 744//763 728//747 727//746
f 743//762 727//746 726//745
f 742//761 726//745 725//744
f 741//760 725//744 724//743
f 740//759 724//743 723//742
f 739//758 723//742 722//741
f 738//757 722//741 721//740
f 737//756 721//740 720//739
f 736//755 720//739 719//738
f 734//753 718//737 717//736
f 733//752 717//736 716//735
f 732//751 716//735 715//734
f 731//750 715//734 714//733
f 730//749 714//733 713//732
f 729//748 713//732 712//731
f 728//747 712//731 711//730
f 727//746 711//730 710//729
f 726//745 710//729 709//728
f 725//744 709//728 708//727
f 724//743 708//727 707//726
f 723//742 707//726 706//725
f 722//741 706//725 705//724
f 721//740 705//724 704//723
f 720//739 704//723 703//722
f 719//738 703//722 702//721
f 717//736 701//720 700//719
f 716//735 700//719 699//718
f 715//734 699//718 698//717
f 714//733 698//717 697//716
f 713//732 697//716 696//715
f 712//731 696//715 695//714
f 711//730 695//714 694//713
f 710//729 694//713 693//147
f 709//728 693//147 692//712
f 708//727 692//712 691//711
f 707//726 691//711 690//710
f 706//725 690//710 689//709
f 705//724 689//709 688//708
f 704//723 688//708 687//707
f 703//722 687//707 686//706
f 702//721 686//706 685//705
f 700//719 684//704 683//703
f 699//718 683//703 682//702
f 698//717 682//702 681//701
f 697//716 681//701 680//700
f 696//715 680//700 679//699
f 695//714 679//699 678//698
f 694//713 678//698 677//697
f 693//147 677//697 676//696
f 692//712 676//696 675//695
f 691//711 675//695 674//694
f 690//710 674//694 673//693
f 689//709 673//693 672//692
f 688//708 672//692 671//691
f 687//707 671//691 670//690
f 686//706 670//690 669//689
f 685//705 669//689 668//688
f 683//703 667//687 666//686
f 682//702 666//686 665//685
f 681//701 665//685 664//684
f 680//700 664//684 663//683
f 679//699 663//683 662//682
f 678//698 662//682 661//681
f 677//697 661//681 660//680
f 676//696 660//680 659//679
f 675//695 659//679 658//678
f 674//694 658//678 657//677
f 673//693 657//677 656//676
f 672//692 656//676 655//675
f 671//691 655//675 654//674
f 670//690 654//674 653//673
f 669//689 653//673 652//672
f 668//688 652//672 651//671
f 666//686 650//670 649//669
f 665//685 649//669 648//668
f 664//684 648//668 647//667
f 663//683 647//667 646//666
f 662//682 646//666 645//665
f 661//681 645//665 644//664
f 660//680 644//664 643//663
f 659//679 643//663 642//662
f 658//678 642//662 641//661
f 657//677 641//661 640//660
f 656//676 640//660 639//659
f 655//675 639//659 638//658
f 654//674 638//658 637//657
f 653//673 637//657 636//656
f 652//672 636//656 635//655
f 651//671 635//655 634//654
f 649//669 633//653 632//652
f 648//668 632//652 631//651
f 647//667 631//651 630//650
f 646//666 630//650 629//649
f 645//665 629//649 628//648
f 644//664 628//648 627//647
f 643//663 627//647 626//646
f 642//662 626//646 625//645
f 641//661 625//645 624//644
f 640//660 624//644 623//643
f 639//659 623//643 622//642
f 638//658 622//642 621//641
f 637//657 621//641 620//640
f 636//656 620//640 619//639
f 635//655 619//639 618//638
f 634//654 618//638 617//637
f 632//652 616//636 615//635
f 631//651 615//635 614//634
f 630//650 614//634 613//633
f 629//649 613//633 612//632
f 628//648 612//632 611//631
f 627//647 611//631 610//630
f 626//646 610//630 609//629
f 625//645 609//629 608//628
f 624//644 608//628 607//627
f 623//643 607//627 606//626
f 622//642 606//626 605//625
f 621//641 605//625 604//624
f 620//640 604//624 603//623
f 619//639 603//623 602//622
f 618//638 602//622 601//621
f 617//637 601//621 600//620
f 615//635 599//619 598//618
f 614//634 598//618 597//617
f 613//633 597//617 596//616
f 612//632 596//616 595//615
f 611//631 595//615 594//614
f 610//630 594//614 593//613
f 609//629 593//613 592//612
f 608//628 592//612 591//611
f 607//627 591//611 590//610
f 606//626 590//610 589//609
f 605//625 589//609 588//608
f 604//624 588//608 587//607
f 603//623 587//607 586//606
f 602//622 586//606 585//605
f 601//621 585//605 584//604
f 600//620 584//604 583//603
f 598//618 581//602 579//600
f 597//617 579//600 577//598
f 596//616 577//598 575//596
f 595//615 575//596 573//594
f 594//614 573//594 571//592
f 593//613 571//592 569//590
f 592//612 569//590 567//588
f 591//611 567//588 565//586
f 590//610 565//586 563//585
f 589//609 563//585 561//583
f 588//608 561//583 559//581
f 587//607 559//581 557//579
f 586//606 557//579 555//577
f 585//605 555//577 553//575
f 584//604 553//575 551//573
f 583//603 551//573 548//571
f 579//600 580//601 578//599
f 577//598 578//599 576//597
f 575//596 576//597 574//595
f 573//594 574//595 572//593
f 571//592 572//593 570//591
f 569//590 570//591 568//589
f 567//588 568//589 566//587
f 565//586 566//587 564//18
f 563//585 564//18 562//584
f 561//583 562//584 560//582
f 559//581 560//582 558//580
f 557//579 558//580 556//578
f 555//577 556//578 554//576
f 553//575 554//576 552//574
f 551//573 552//574 550//572
f 548//571 550//572 547//570
f 32//568 546//552 545//551
f 30//567 545//551 544//550
f 28//566 544//550 543//549
f 26//565 543//549 542//548
f 24//564 542//548 541//547
f 22//563 541//547 540//546
f 20//562 540//546 539//545
f 18//561 539//545 538//544
f 16//560 538//544 537//543
f 14//559 537//543 536//542
f 12//558 536//542 535//541
f 10//557 535//541 534//540
f 8//556 534//540 533//539
f 6//555 533//539 532//538
f 4//554 532//538 531//537
f 1//553 531//537 530//536
f 545//551 529//535 528//534
f 544//550 528//534 527//533
f 543//549 527//533 526//532
f 542//548 526//532 525//531
f 541//547 525//531 524//530
f 540//546 524//530 523//529
f 539//545 523//529 522//528
f 538//544 522//528 521//527
f 537//543 521//527 520//526
f 536//542 520//526 519//525
f 535//541 519//525 518//524
f 534//540 518//524 517//523
f 533//539 517//523 516//522
f 532//538 516//522 515//521
f 531//537 515//521 514//520
f 530//536 514//520 513//519
f 528//534 512//518 511//517
f 527//533 511//517 510//516
f 526//532 510//516 509//515
f 525//531 509//515 508//514
f 524//530 508//514 507//513
f 523//529 507//513 506//512
f 522//528 506//512 505//511
f 521//527 505//511 504//510
f 520//526 504//510 503//509
f 519//525 503//509 502//508
f 518//524 502//508 501//507
f 517//523 501//507 500//506
f 516//522 500//506 499//505
f 515//521 499//505 498//504
f 514//520 498//504 497//503
f 513//519 497//503 496//502
f 511//517 495//501 494//500
f 510//516 494//500 493//499
f 509//515 493//499 492//498
f 508//514 492//498 491//497
f 507//513 491//497 490//496
f 506//512 490//496 489//495
f 505//511 489//495 488//494
f 504//510 488//494 487//493
f 503//509 487//493 486//492
f 502//508 486//492 485//491
f 501//507 485//491 484//490
f 500//506 484//490 483//489
f 499//505 483//489 482//488
f 498//504 482//488 481//487
f 497//503 481//487 480//486
f 496//502 480//486 479//485
f 494//500 478//484 477//483
f 493//499 477//483 476//482
f 492//498 476//482 475//481
f 491//497 475//481 474//480
f 490//496 474//480 473//479
f 489//495 473//479 472//478
f 488//494 472//478 471//477
f 487//493 471//477 470//476
f 486//492 470//476 469//475
f 485//491 469//475 468//474
f 484//490 468//474 467//473
f 483//489 467//473 466//472
f 482//488 466//472 465//471
f 481//487 465//471 464//470
f 480//486 464//470 463//469
f 479//485 463//469 462//468
f 477//483 461//467 460//466
f 476//482 460//466 459//465
f 475//481 459//465 458//464
f 474//480 458//464 457//463
f 473//479 457//463 456//462
f 472//478 456//462 455//461
f 471//477 455//461 454//460
f 470//476 454//460 453//459
f 469//475 453//459 452//458
f 468//474 452//458 451//457
f 467//473 451//457 450//456
f 466//472 450//456 449//455
f 465//471 449//455 448//454
f 464//470 448//454 447//453
f 463//469 447//453 446//452
f 462//468 446//452 445//450
f 460//466 444//448 443//447
f 459//465 443//447 442//446
f 458//464 442//446 441//445
f 457//463 441//445 440//444
f 456//462 440//444 439//443
f 455//461 439//443 438//442
f 454//460 438//442 437//441
f 453//459 437//441 436//440
f 452//458 436//440 435//439
f 451//457 435//439 434//438
f 450//456 434//438 433//437
f 449//455 433//437 432//436
f 448//454 432//436 431//435
f 447//453 431//435 430//434
f 446//452 430//434 429//433
f 445//450 429//433 428//432
f 443//447 427//431 426//430
f 442//446 426//430 425//429
f 441//445 425//429 424//428
f 440//444 424//428 423//427
f 439//443 423//427 422//426
f 438//442 422//426 421//425
f 437//441 421//425 420//424
f 436//440 420//424 419//423
f 435//439 419//423 418//422
f 434//438 418//422 417//421
f 433//437 417//421 416//420
f 432//436 416//420 415//419
f 431//435 415//419 414//418
f 430//434 414//418 413//417
f 429//433 413//417 412//416
f 428//432 412//416 411//415
f 426//430 410//414 409//413
f 425//429 409//413 408//412
f 424//428 408//412 407//411
f 423//427 407//411 406//410
f 422//426 406//410 405//409
f 421//425 405//409 404//408
f 420//424 404//408 403//407
f 419//423 403//407 402//406
f 418//422 402//406 401//405
f 417//421 401//405 400//404
f 416//420 400//404 399//403
f 415//419 399//403 398//402
f 414//418 398//402 397//401
f 413//417 397//401 396//400
f 412//416 396//400 395//399
f 411//415 395//399 394//398
f 409//413 393//397 392//396
f 408//412 392//396 391//395
f 407//411 391//395 390//394
f 406//410 390//394 389//393
f 405//409 389//393 388//392
f 404//408 388//392 387//391
f 403//407 387//391 386//390
f 402//406 386//390 385//389
f 401//405 385//389 384//388
f 400//404 384//388 383//387
f 399//403 383//387 382//386
f 398//402 382//386 381//385
f 397//401 381//385 380//384
f 396//400 380//384 379//383
f 395//399 379//383 378//382
f 394//398 378//382 377//381
f 392//396 376//380 375//379
f 391//395 375//379 374//378
f 390//394 374//378 373//377
f 389//393 373//377 372//376
f 388//392 372//376 371//375
f 387//391 371//375 370//374
f 386//390 370//374 369//373
f 385//389 369//373 368//372
f 384//388 368//372 367//371
f 383//387 367//371 366//370
f 382//386 366//370 365//369
f 381//385 365//369 364//368
f 380//384 364//368 363//367
f 379//383 363//367 362//366
f 378//382 362//366 361//365
f 377//381 361//365 360//364
f 375//379 359//363 358//362
f 374//378 358//362 357//361
f 373//377 357//361 356//360
f 372//376 356//360 355//359
f 371//375 355//359 354//358
f 370//374 354//358 353//357
f 369//373 353//357 352//356
f 368//372 352//356 351//355
f 367//371 351//355 350//354
f 366//370 350//354 349//353
f 365//369 349//353 348//352
f 364//368 348//352 347//351
f 363//367 347//351 346//350
f 362//366 346//350 345//349
f 361//365 345//349 344//348
f 360//364 344//348 343//347
f 358//362 342//346 341//345
f 357//361 341//345 340//344
f 356//360 340//344 339//343
f 355//359 339//343 338//342
f 354//358 338//342 337//341
f 353//357 337//341 336//340
f 352//356 336//340 335//339
f 351//355 335//339 334//338
f 350//354 334//338 333//337
f 349//353 333//337 332//336
f 348//352 332//336 331//335
f 347//351 331//335 330//334
f 346//350 330//334 329//333
f 345//349 329//333 328//332
f 344//348 328//332 327//331
f 343//347 327//331 326//330
f 341//345 325//329 324//328
f 340//344 324//328 323//327
f 339//343 323//327 322//326
f 338//342 322//326 321//325
f 337//341 321//325 320//324
f 336//340 320//324 319//323
f 335//339 319//323 318//322
f 334//338 318//322 317//321
f 333//337 317//321 316//320
f 332//336 316//320 315//319
f 331//335 315//319 314//318
f 330//334 314//318 313//317
f 329//333 313//317 312//316
f 328//332 312//316 311//315
f 327//331 311//315 310//314
f 326//330 310//314 309//312
f 324//328 308//310 307//309
f 323//327 307//309 306//308
f 322//326 306//308 305//307
f 321//325 305//307 304//306
f 320//324 304//306 303//305
f 319//323 303//305 302//304
f 318//322 302//304 301//303
f 317//321 301//303 300//302
f 316//320 300//302 299//301
f 315//319 299//301 298//300
f 314//318 298//300 297//299
f 313//317 297//299 296//298
f 312//316 296//298 295//297
f 311//315 295//297 294//296
f 310//314 294//296 293//295
f 309//312 293//295 292//294
f 307//309 291//293 290//292
f 306//308 290//292 289//291
f 305//307 289//291 288//290
f 304//306 288//290 287//289
f 303//305 287//289 286//288
f 302//304 286//288 285//287
f 301//303 285//287 284//286
f 300//302 284//286 283//285
f 299//301 283//285 282//284
f 298//300 282//284 281//283
f 297//299 281//283 280//282
f 296//298 280//282 279//281
f 295//297 279//281 278//280
f 294//296 278//280 277//279
f 293//295 277//279 276//278
f 292//294 276//278 275//277
f 290//292 274//276 273//275
f 289//291 273//275 272//274
f 288//290 272//274 271//273
f 287//289 271//273 270//272
f 286//288 270//272 269//271
f 285//287 269//271 268//270
f 284//286 268//270 267//269
f 283//285 267//269 266//268
f 282//284 266//268 265//267
f 281//283 265//267 264//266
f 280//282 264//266 263//265
f 279//281 263//265 262//264
f 278//280 262//264 261//263
f 277//279 261//263 260//262
f 276//278 260//262 259//261
f 275//277 259//261 258//260
f 273//275 257//259 256//258
f 272//274 256//258 255//257
f 271//273 255//257 254//256
f 270//272 254//256 253//255
f 269//271 253//255 252//254
f 268//270 252//254 251//253
f 267//269 251//253 250//252
f 266//268 250//252 249//251
f 265//267 249//251 248//250
f 264//266 248//250 247//249
f 263//265 247//249 246//248
f 262//264 246//248 245//247
f 261//263 245//247 244//246
f 260//262 244//246 243//245
f 259//261 243//245 242//244
f 258//260 242//244 241//243
f 256//258 240//242 239//241
f 255//257 239//241 238//240
f 254//256 238//240 237//239
f 253//255 237//239 236//238
f 252//254 236//238 235//237
f 251//253 235//237 234//236
f 250//252 234//236 233//235
f 249//251 233//235 232//234
f 248//250 232//234 231//233
f 247//249 231//233 230//232
f 246//248 230//232 229//231
f 245//247 229//231 228//230
f 244//246 228//230 227//229
f 243//245 227//229 226//228
f 242//244 226//228 225//227
f 241//243 225//227 224//226
f 239//241 223//225 222//224
f 238//240 222//224 221//223
f 237//239 221//223 220//222
f 236//238 220//222 219//221
f 235//237 219//221 218//220
f 234//236 218//220 217//219
f 233//235 217//219 216//218
f 232//234 216//218 215//217
f 231//233 215//217 214//216
f 230//232 214//216 213//215
f 229//231 213//215 212//214
f 228//230 212//214 211//213
f 227//229 211//213 210//212
f 226//228 210//212 209//211
f 225//227 209//211 208//210
f 224//226 208//210 207//209
f 222//224 206//208 205//207
f 221//223 205//207 204//206
f 220//222 204//206 203//205
f 219//221 203//205 202//204
f 218//220 202//204 201//203
f 217//219 201//203 200//202
f 216//218 200//202 199//201
f 215//217 199//201 198//200
f 214//216 198//200 197//199
f 213//215 197//199 196//198
f 212//214 196//198 195//197
f 211//213 195//197 194//196
f 210//212 194//196 193//195
f 209//211 193//195 192//194
f 208//210 192//194 191//193
f 207//209 191//193 190//192
f 205//207 189//191 188//190
f 204//206 188//190 187//189
f 203//205 187//189 186//188
f 202//204 186//188 185//187
f 201//203 185//187 184//186
f 200//202 184//186 183//185
f 199//201 183//185 182//184
f 198//200 182//184 181//183
f 197//199 181//183 180//182
f 196//198 180//182 179//181
f 195//197 179//181 178//180
f 194//196 178//180 177//179
f 193//195 177//179 176//178
f 192//194 176//178 175//177
f 191//193 175//177 174//176
f 190//192 174//176 173//174
f 188//190 172//172 171//171
f 187//189 171//171 170//170
f 186//188 170//170 169//169
f 185//187 169//169 168//168
f 184//186 168//168 167//167
f 183//185 167//167 166//166
f 182//184 166//166 165//165
f 181//183 165//165 164//164
f 180//182 164//164 163//163
f 179//181 163//163 162//162
f 178//180 162//162 161//161
f 177//179 161//161 160//160
f 176//178 160//160 159//159
f 175//177 159//159 158//158
f 174//176 158//158 157//157
f 173//174 157//157 156//156
f 171//171 155//155 154//154
f 170//170 154//154 153//153
f 169//169 153//153 152//152
f 168//168 152//152 151//151
f 167//167 151//151 150//150
f 166//166 150//150 149//149
f 165//165 149//149 148//148
f 164//164 148//148 147//147
f 163//163 147//147 146//146
f 162//162 146//146 145//145
f 161//161 145//145 144//144
f 160//160 144//144 143//143
f 159//159 143//143 142//142
f 158//158 142//142 141//141
f 157//157 141//141 140//140
f 156//156 140//140 139//139
f 154//154 138//138 137//137
f 153//153 137//137 136//136
f 152//152 136//136 135//135
f 151//151 135//135 134//134
f 150//150 134//134 133//133
f 149//149 133//133 132//132
f 148//148 132//132 131//131
f 147//147 131//131 130//130
f 146//146 130//130 129//129
f 145//145 129//129 128//128
f 144//144 128//128 127//127
f 143//143 127//127 126//126
f 142//142 126//126 125//125
f 141//141 125//125 124//124
f 140//140 124//124 123//123
f 139//139 123//123 122//122
f 137//137 121//121 120//120
f 136//136 120//120 119//119
f 135//135 119//119 118//118
f 134//134 118//118 117//117
f 133//133 117//117 116//116
f 132//132 116//116 115//115
f 131//131 115//115 114//114
f 130//130 114//114 113//113
f 129//129 113//113 112//112
f 128//128 112//112 111//111
f 127//127 111//111 110//110
f 126//126 110//110 109//109
f 125//125 109//109 108//108
f 124//124 108//108 107//107
f 123//123 107//107 106//106
f 122//122 106//106 105//105
f 120//120 104//104 103//103
f 119//119 103//103 102//102
f 118//118 102//102 101//101
f 117//117 101//101 100//100
f 116//116 100//100 99//99
f 115//115 99//99 98//98
f 114//114 98//98 97//97
f 113//113 97//97 96//96
f 112//112 96//96 95//95
f 111//111 95//95 94//94
f 110//110 94//94 93//93
f 109//109 93//93 92//92
f 108//108 92//92 91//91
f 107//107 91//91 90//90
f 106//106 90//90 89//89
f 105//105 89//89 88//88
f 103//103 87//87 86//86
f 102//102 86//86 85//85
f 101//101 85//85 84//84
f 100//100 84//84 83//83
f 99//99 83//83 82//82
f 98//98 82//82 81//81
f 97//97 81//81 80//80
f 96//96 80//80 79//79
f 95//95 79//79 78//78
f 94//94 78//78 77//77
f 93//93 77//77 76//76
f 92//92 76//76 75//75
f 91//91 75//75 74//74
f 90//90 74//74 73//73
f 89//89 73//73 72//72
f 88//88 72//72 71//71
f 86//86 70//70 69//69
f 85//85 69//69 68//68
f 84//84 68//68 67//67
f 83//83 67//67 66//66
f 82//82 66//66 65//65
f 81//81 65//65 64//64
f 80//80 64//64 63//63
f 79//79 63//63 62//62
f 78//78 62//62 61//61
f 77//77 61//61 60//60
f 76//76 60//60 59//59
f 75//75 59//59 58//58
f 74//74 58//58 57//57
f 73//73 57//57 56//56
f 72//72 56//56 55//55
f 71//71 55//55 54//54
f 69//69 53//53 52//52
f 68//68 52//52 51//51
f 67//67 51//51 50//50
f 66//66 50//50 49//49
f 65//65 49//49 48//48
f 64//64 48//48 47//47
f 63//63 47//47 46//46
f 62//62 46//46 45//45
f 61//61 45//45 44//44
f 60//60 44//44 43//43
f 59//59 43//43 42//42
f 58//58 42//42 41//41
f 57//57 41//41 40//40
f 56//56 40//40 39//39
f 55//55 39//39 38//38
f 54//54 38//38 37//37
f 52//52 35//35 33//33
f 51//51 33//33 31//31
f 50//50 31//31 29//29
f 49//49 29//29 27//27
f 48//48 27//27 25//25
f 47//47 25//25 23//23
f 46//46 23//23 21//21
f 45//45 21//21 19//19
f 44//44 19//19 17//17
f 43//43 17//17 15//15
f 42//42 15//15 13//13
f 41//41 13//13 11//11
f 40//40 11//11 9//9
f 39//39 9//9 7//7
f 38//38 7//7 5//5
f 37//37 5//5 2//2
f 33//33 34//34 32//32
f 31//31 32//32 30//30
f 29//29 30//30 28//28
f 27//27 28//28 26//26
f 25//25 26//26 24//24
f 23//23 24//24 22//22
f 21//21 22//22 20//20
f 19//19 20//20 18//18
f 17//17 18//18 16//16
f 15//15 16//16 14//14
f 13//13 14//14 12//12
f 11//11 12//12 10//10
f 9//9 10//10 8//8
f 7//7 8//8 6//6
f 5//5 6//6 4//4
f 2//2 4//4 1//1
g cherry_stem
f 1093//1126 1095//1128 1094//1127
f 1096//1129 1097//1130 1095//1128
f 1098//1131 1099//1132 1097//1130
f 1100//1133 1101//1134 1099//1132
f 1102//1135 1103//1136 1101//1134
f 1104//1137 1105//1138 1103//1136
f 1106//1139 1107//1140 1105//1138
f 1108//1141 1094//1127 1107//1140
f 1094//1127 1110//1143 1109//1142
f 1095//1128 1111//1144 1110//1143
f 1097//1130 1112//1145 1111//1144
f 1099//1132 1113//1146 1112//1145
f 1101//1134 1114//1147 1113//1146
f 1103//1136 1115//1148 1114//1147
f 1105//1138 1116//1149 1115//1148
f 1107//1140 1109//1142 1116//1149
f 1109//1142 1118//1151 1117//1150
f 1110//1143 1119//1152 1118//1151
f 1111//1144 1120//1153 1119//1152
f 1112//1145 1121//1154 1120//1153
f 1113//1146 1122//1155 1121//1154
f 1114//1147 1123//1156 1122//1155
f 1115//1148 1124//1157 1123//1156
f 1116//1149 1117//1150 1124//1157
f 1117//1150 1126//1159 1125//1158
f 1118//1151 1127//1160 1126//1159
f 1119//1152 1128//1161 1127//1160
f 1120//1153 1129//1162 1128//1161
f 1121//1154 1130//1163 1129//1162
f 1122//1155 1131//1164 1130//1163
f 1123//1156 1132//1165 1131//1164
f 1124//1157 1125//1158 1132//1165
f 1125//1158 1134//1167 1133//1166
f 1126//1159 1135//1168 1134//1167
f 1127//1160 1136//1169 1135//1168
f 1128//1161 1137//1170 1136//1169
f 1129//1162 1138//1171 1137//1170
f 1130//1163 1139//1172 1138//1171
f 1131//1164 1140//1173 1139//1172
f 1132//1165 1133//1166 1140//1173
f 1133//1166 1142//1175 1141//1174
f 1134//1167 1143//1176 1142//1175
f 1135//1168 1144//1177 1143//1176
f 1136//1169 1145//1178 1144//1177
f 1137//1170 1146//1179 1145//1178
f 1138//1171 1147//1180 1146//1179
f 1139//1172 1148//1181 1147//1180
f 1140//1173 1141//1174 1148//1181
f 1141//1174 1150//1183 1149//1182
f 1142//1175 1151//1184 1150//1183
f 1143//1176 1152//1185 1151//1184
f 1144//1177 1153//1186 1152//1185
f 1145//1178 1154//1187 1153//1186
f 1146//1179 1155//1188 1154//1187
f 1147//1180 1156//1189 1155//1188
f 1148//1181 1149//1182 1156//1189
f 1149//1182 1158//1191 1157//1190
f 1150//1183 1159//1192 1158//1191
f 1151//1184 1160//1193 1159//1192
f 1152//1185 1161//1194 1160//1193
f 1153//1186 1162//1195 1161//1194
f 1154//1187 1163//1196 1162//1195
f 1155//1188 1164//1197 1163//1196
f 1156//1189 1157//1190 1164//1197
f 1157//1190 1166//1199 1165//1198
f 1158//1191 1167//1200 1166//1199
f 1159//1192 1168//1201 1167//1200
f 1160//1193 1169//1202 1168//1201
f 1161//1194 1170//1203 1169//1202
f 1162//1195 1171//1204 1170//1203
f 1163//1196 1172//1205 1171//1204
f 1164//1197 1165//1198 1172//1205
f 1165//1198 1174//1207 1173//1206
f 1166//1199 1175//1208 1174//1207
f 1167//1200 1176//1209 1175//1208
f 1168//1201 1177//1210 1176//1209
f 1169//1202 1178//1211 1177//1210
f 1170//1203 1179//1212 1178//1211
f 1171//1204 1180//1213 1179//1212
f 1172//1205 1173//1206 1180//1213
f 1173//1206 1182//1215 1181//1214
f 1174//1207 1183//1216 1182//1215
f 1175//1208 1184//1217 1183//1216
f 1176//1209 1185//1218 1184//1217
f 1177//1210 1186//1219 1185//1218
f 1178//1211 1187//1220 1186//1219
f 1179//1212 1188//1221 1187//1220
f 1180//1213 1181//1214 1188//1221
f 1181//1214 1190//1223 1189//1222
f 1182//1215 1191//1224 1190//1223
f 1183//1216 1192//1225 1191//1224
f 1184//1217 1193//1226 1192//1225
f 1185//1218 1194//1227 1193//1226
f 1186//1219 1195//1228 1194//1227
f 1187//1220 1196//1229 1195//1228
f 1188//1221 1189//1222 1196//1229
f 1189//1222 1198//1231 1197//1230
f 1190//1223 1199//1232 1198//1231
f 1191//1224 1200//1233 1199//1232
f 1192//1225 1201//1234 1200//1233
f 1193//1226 1202//1235 1201//1234
f 1194//1227 1203//1236 1202//1235
f 1195//1228 1204//1237 1203//1236
f 1196//1229 1197//1230 1204//1237
f 1197//1230 1206//1239 1205//1238
f 1198//1231 1207//1240 1206//1239
f 1199//1232 1208//1241 1207//1240
f 1200//1233 1209//1242 1208//1241
f 1201//1234 1210//1243 1209//1242
f 1202//1235 1211//1244 1210//1243
f 1203//1236 1212//1245 1211//1244
f 1204//1237 1205//1238 1212//1245
f 1205//1238 1214//1247 1213//1246
f 1206//1239 1215//1248 1214//1247
f 1207//1240 1216//1249 1215//1248
f 1208//1241 1217//1250 1216//1249
f 1209//1242 1218//1251 1217//1250
f 1210//1243 1219//1252 1218//1251
f 1211//1244 1220//1253 1219//1252
f 1212//1245 1213//1246 1220//1253
f 1213//1246 1222//1255 1221//1254
f 1214//1247 1223//1256 1222//1255
f 1215//1248 1224//1257 1223//1256
f 1216//1249 1225//1258 1224//1257
f 1217//1250 1226//1259 1225//1258
f 1218//1251 1227//1260 1226//1259
f 1219//1252 1228//1261 1227//1260
f 1220//1253 1221//1254 1228//1261
f 1229//1262 1231//1264 1230//1263
f 1232//1265 1233//1266 1231//1264
f 1234//1267 1235//1268 1233//1266
f 1236//1269 1237//1270 1235//1268
f 1238//1271 1239//1272 1237//1270
f 1240//1273 1241//1274 1239//1272
f 1242//1275 1243//1276 1241//1274
f 1244//1277 1230//1263 1243//1276
f 1230//1263 1246//1279 1245//1278
f 1231//1264 1247//1280 1246//1279
f 1233//1266 1248//1281 1247//1280
f 1235//1268 1249//1282 1248//1281
f 1237//1270 1250//1283 1249//1282
f 1239//1272 1251//1284 1250//1283
f 1241//1274 1252//1285 1251//1284
f 1243//1276 1245//1286 1252//1285
f 1245//1278 1254//1288 1253//1287
f 1246//1279 1255//1289 1254//1288
f 1247//1280 1256//1290 1255//1289
f 1248//1281 1257//1291 1256//1290
f 1249//1282 1258//1292 1257//1291
f 1250//1283 1259//1293 1258//1292
f 1251//1284 1260//1294 1259//1293
f 1252//1285 1253//1295 1260//1294
f 1253//1287 1262//1297 1261//1296
f 1254//1288 1263//1298 1262//1297
f 1255//1289 1264//1299 1263//1298
f 1256//1290 1265//1300 1264//1299
f 1257//1291 1266//1301 1265//1300
f 1258//1292 1267//1302 1266//1301
f 1259//1293 1268//1303 1267//1302
f 1260//1294 1261//1304 1268//1303
f 1261//1296 1270//1306 1269//1305
f 1262//1297 1271//1307 1270//1306
f 1263//1298 1272//1308 1271//1307
f 1264//1299 1273//1309 1272//1308
f 1265//1300 1274//1310 1273//1309
f 1266//1301 1275//1311 1274//1310
f 1267//1302 1276//1312 1275//1311
f 1268//1303 1269//1313 1276//1312
f 1269//1305 1278//1315 1277//1314
f 1270//1306 1279//1316 1278//1315
f 1271//1307 1280//1317 1279//1316
f 1272//1308 1281//1318 1280//1317
f 1273//1309 1282//1319 1281//1318
f 1274//1310 1283//1320 1282//1319
f 1275//1311 1284//1321 1283//1320
f 1276//1312 1277//1322 1284//1321
f 1277//1314 1286//1324 1285//1323
f 1278//1315 1287//1325 1286//1324
f 1279//1316 1288//1326 1287//1325
f 1280//1317 1289//1327 1288//1326
f 1281//1318 1290//1328 1289//1327
f 1282//1319 1291//1329 1290//1328
f 1283//1320 1292//1330 1291//1329
f 1284//1321 1285//1331 1292//1330
f 1285//1323 1294//1333 1293//1332
f 1286//1324 1295//1334 1294//1333
f 1287//1325 1296//1335 1295//1334
f 1288//1326 1297//1336 1296//1335
f 1289//1327 1298//1337 1297//1336
f 1290//1328 1299//1338 1298//1337
f 1291//1329 1300//1339 1299//1338
f 1292//1330 1293//1340 1300//1339
f 1293//1332 1302//1342 1301//1341
f 1294//1333 1303//1343 1302//1342
f 1295//1334 1304//1344 1303//1343
f 1296//1335 1305//1345 1304//1344
f 1297//1336 1306//1346 1305//1345
f 1298//1337 1307//1347 1306//1346
f 1299//1338 1308//1348 1307//1347
f 1300//1339 1301//1349 1308//1348
f 1301//1341 1310//1351 1309//1350
f 1302//1342 1311//1352 1310//1351
f 1303//1343 1312//1353 1311//1352
f 1304//1344 1313//1354 1312//1353
f 1305//1345 1314//1355 1313//1354
f 1306//1346 1315//1356 1314//1355
f 1307//1347 1316//1357 1315//1356
f 1308//1348 1309//1358 1316//1357
f 1309//1350 1318//1360 1317//1359
f 1310//1351 1319//1361 1318//1360
f 1311//1352 1320//1362 1319//1361
f 1312//1353 1321//1363 1320//1362
f 1313//1354 1322//1364 1321//1363
f 1314//1355 1323//1365 1322//1364
f 1315//1356 1324//1366 1323//1365
f 1316//1357 1317//1367 1324//1366
f 1317//1359 1326//1369 1325//1368
f 1318//1360 1327//1370 1326//1369
f 1319//1361 1328//1371 1327//1370
f 1320//1362 1329//1372 1328//1371
f 1321//1363 1330//1373 1329//1372
f 1322//1364 1331//1374 1330//1373
f 1323//1365 1332//1375 1331//1374
f 1324//1366 1325//1376 1332//1375
f 1325//1368 1334//1378 1333//1377
f 1326//1369 1335//1379 1334//1378
f 1327//1370 1336//1380 1335//1379
f 1328//1371 1337//1381 1336//1380
f 1329//1372 1338//1382 1337//1381
f 1330//1373 1339//1383 1338//1382
f 1331//1374 1340//1384 1339//1383
f 1332//1375 1333//1385 1340//1384
f 1333//1377 1342//1387 1341//1386
f 1334//1378 1343//1388 1342//1387
f 1335//1379 1344//1389 1343//1388
f 1336//1380 1345//1390 1344//1389
f 1337//1381 1346//1391 1345//1390
f 1338//1382 1347//1392 1346//1391
f 1339//1383 1348//1393 1347//1392
f 1340//1384 1341//1394 1348//1393
f 1341//1386 1350//1396 1349//1395
f 1342//1387 1351//1397 1350//1396
f 1343//1388 1352//1398 1351//1397
f 1344//1389 1353//1399 1352//1398
f 1345//1390 1354//1400 1353//1399
f 1346//1391 1355//1401 1354//1400
f 1347//1392 1356//1402 1355//1401
f 1348//1393 1349//1403 1356//1402
f 1349//1395 1358//1405 1357//1404
f 1350//1396 1359//1406 1358//1405
f 1351//1397 1360//1407 1359//1406
f 1352//1398 1361//1408 1360//1407
f 1353//1399 1362//1409 1361//1408
f 1354//1400 1363//1410 1362//1409
f 1355//1401 1364//1411 1363//1410
f 1356//1402 1357//1412 1364//1411
f 1365//1413 1367//1415 1366//1414
f 1368//1416 1369//1417 1367//1415
f 1370//1417 1371//1418 1369//1417
f 1372//1419 1373//1420 1371//1418
f 1374//1421 1375//1422 1373//1420
f 1376//1423 1377//1424 1375//1422
f 1378//1424 1379//1425 1377//1424
f 1380//1426 1366//1414 1379//1425
f 1366//1414 1382//1428 1381//1427
f 1367//1415 1383//1417 1382//1428
f 1369//1417 1384//1429 1383//1417
f 1371//1418 1385//1430 1384//1429
f 1373//1420 1386//1431 1385//1430
f 1375//1422 1387//1424 1386//1431
f 1377//1424 1388//1432 1387//1424
f 1379//1425 1381//1427 1388//1432
f 1381//1427 1390//1434 1389//1433
f 1382//1428 1391//1417 1390//1434
f 1383//1417 1392//1435 1391//1417
f 1384//1429 1393//1436 1392//1435
f 1385//1430 1394//1437 1393//1436
f 1386//1431 1395//1424 1394//1437
f 1387//1424 1396//1438 1395//1424
f 1388//1432 1389//1433 1396//1438
f 1389//1433 1398//1440 1397//1439
f 1390//1434 1399//1417 1398//1440
f 1391//1417 1400//1441 1399//1417
f 1392//1435 1401//1442 1400//1441
f 1393//1436 1402//1443 1401//1442
f 1394//1437 1403//1424 1402//1443
f 1395//1424 1404//1444 1403//1424
f 1396//1438 1397//1439 1404//1444
f 1397//1439 1406//1446 1405//1445
f 1398//1440 1407//1447 1406//1446
f 1399//1417 1408//1448 1407//1447
f 1400//1441 1409//1449 1408//1448
f 1401//1442 1410//1450 1409//1449
f 1402//1443 1411//147 1410//1450
f 1403//1424 1412//1451 1411//147
f 1404//1444 1405//1445 1412//1451
f 1405//1445 1404//1444 1397//1439
f 1412//1451 1403//1424 1404//1444
f 1411//147 1402//1443 1403//1424
f 1410//1450 1401//1442 1402//1443
f 1409//1449 1400//1441 1401//1442
f 1408//1448 1399//1417 1400//1441
f 1407//1447 1398//1440 1399//1417
f 1406//1446 1397//1439 1398//1440
f 1397//1439 1396//1438 1389//1433
f 1404//1444 1395//1424 1396//1438
f 1403//1424 1394//1437 1395//1424
f 1402//1443 1393//1436 1394//1437
f 1401//1442 1392//1435 1393//1436
f 1400//1441 1391//1417 1392//1435
f 1399//1417 1390//1434 1391//1417
f 1398//1440 1389//1433 1390//1434
f 1389//1433 1388//1432 1381//1427
f 1396//1438 1387//1424 1388//1432
f 1395//1424 1386//1431 1387//1424
f 1394//1437 1385//1430 1386//1431
f 1393//1436 1384//1429 1385//1430
f 1392//1435 1383//1417 1384//1429
f 1391//1417 1382//1428 1383//1417
f 1390//1434 1381//1427 1382//1428
f 1381//1427 1379//1425 1366//1414
f 1388//1432 1377//1424 1379//1425
f 1387//1424 1375//1422 1377//1424
f 1386//1431 1373//1420 1375//1422
f 1385//1430 1371//1418 1373//1420
f 1384//1429 1369//1417 1371//1418
f 1383//1417 1367//1415 1369//1417
f 1382//1428 1366//1414 1367//1415
f 1366//1414 1380//1426 1365//1413
f 1379//1425 1378//1424 1380//1426
f 1377//1424 1376//1423 1378//1424
f 1375//1422 1374//1421 1376//1423
f 1373//1420 1372//1419 1374//1421
f 1371//1418 1370//1417 1372//1419
f 1369//1417 1368//1416 1370//1417
f 1367//1415 1365//1413 1368//1416
f 1357//1412 1356//1402 1349//1403
f 1364//1411 1355//1401 1356//1402
f 1363//1410 1354//1400 1355//1401
f 1362//1409 1353//1399 1354//1400
f 1361//1408 1352//1398 1353//1399
f 1360//1407 1351//1397 1352//1398
f 1359//1406 1350//1396 1351//1397
f 1358//1405 1349//1395 1350//1396
f 1349//1403 1348//1393 1341//1394
f 1356//1402 1347//1392 1348//1393
f 1355//1401 1346//1391 1347//1392
f 1354//1400 1345//1390 1346//1391
f 1353//1399 1344//1389 1345//1390
f 1352//1398 1343//1388 1344//1389
f 1351//1397 1342//1387 1343//1388
f 1350//1396 1341//1386 1342//1387
f 1341//1394 1340//1384 1333//1385
f 1348//1393 1339//1383 1340//1384
f 1347//1392 1338//1382 1339//1383
f 1346//1391 1337//1381 1338//1382
f 1345//1390 1336//1380 1337//1381
f 1344//1389 1335//1379 1336//1380
f 1343//1388 1334//1378 1335//1379
f 1342//1387 1333//1377 1334//1378
f 1333//1385 1332//1375 1325//1376
f 1340//1384 1331//1374 1332//1375
f 1339//1383 1330//1373 1331//1374
f 1338//1382 1329//1372 1330//1373
f 1337//1381 1328//1371 1329//1372
f 1336//1380 1327//1370 1328//1371
f 1335//1379 1326//1369 1327//1370
f 1334//1378 1325//1368 1326//1369
f 1325//1376 1324//1366 1317//1367
f 1332//1375 1323//1365 1324//1366
f 1331//1374 1322//1364 1323//1365
f 1330//1373 1321//1363 1322//1364
f 1329//1372 1320//1362 1321//1363
f 1328//1371 1319//1361 1320//1362
f 1327//1370 1318//1360 1319//1361
f 1326//1369 1317//1359 1318//1360
f 1317//1367 1316//1357 1309//1358
f 1324//1366 1315//1356 1316//1357
f 1323//1365 1314//1355 1315//1356
f 1322//1364 1313//1354 1314//1355
f 1321//1363 1312//1353 1313//1354
f 1320//1362 1311//1352 1312//1353
f 1319//1361 1310//1351 1311//1352
f 1318//1360 1309//1350 1310//1351
f 1309//1358 1308//1348 1301//1349
f 1316//1357 1307//1347 1308//1348
f 1315//1356 1306//1346 1307//1347
f 1314//1355 1305//1345 1306//1346
f 1313//1354 1304//1344 1305//1345
f 1312//1353 1303//1343 1304//1344
f 1311//1352 1302//1342 1303//1343
f 1310//1351 1301//1341 1302//1342
f 1301//1349 1300//1339 1293//1340
f 1308//1348 1299//1338 1300//1339
f 1307//1347 1298//1337 1299//1338
f 1306//1346 1297//1336 1298//1337
f 1305//1345 1296//1335 1297//1336
f 1304//1344 1295//1334 1296//1335
f 1303//1343 1294//1333 1295//1334
f 1302//1342 1293//1332 1294//1333
f 1293//1340 1292//1330 1285//1331
f 1300//1339 1291//1329 1292//1330
f 1299//1338 1290//1328 1291//1329
f 1298//1337 1289//1327 1290//1328
f 1297//1336 1288//1326 1289//1327
f 1296//1335 1287//1325 1288//1326
f 1295//1334 1286//1324 1287//1325
f 1294//1333 1285//1323 1286//1324
f 1285//1331 1284//1321 1277//1322
f 1292//1330 1283//1320 1284//1321
f 1291//1329 1282//1319 1283//1320
f 1290//1328 1281//1318 1282//1319
f 1289//1327 1280//1317 1281//1318
f 1288//1326 1279//1316 1280//1317
f 1287//1325 1278//1315 1279//1316
f 1286//1324 1277//1314 1278//1315
f 1277//1322 1276//1312 1269//1313
f 1284//1321 1275//1311 1276//1312
f 1283//1320 1274//1310 1275//1311
f 1282//1319 1273//1309 1274//1310
f 1281//1318 1272//1308 1273//1309
f 1280//1317 1271//1307 1272//1308
f 1279//1316 1270//1306 1271//1307
f 1278//1315 1269//1305 1270//1306
f 1269//1313 1268//1303 1261//1304
f 1276//1312 1267//1302 1268//1303
f 1275//1311 1266//1301 1267//1302
f 1274//1310 1265//1300 1266//1301
f 1273//1309 1264//1299 1265//1300
f 1272//1308 1263//1298 1264//1299
f 1271//1307 1262//1297 1263//1298
f 1270//1306 1261//1296 1262//1297
f 1261//1304 1260//1294 1253//1295
f 1268//1303 1259//1293 1260//1294
f 1267//1302 1258//1292 1259//1293
f 1266//1301 1257//1291 1258//1292
f 1265//1300 1256//1290 1257//1291
f 1264//1299 1255//1289 1256//1290
f 1263//1298 1254//1288 1255//1289
f 1262//1297 1253//1287 1254//1288
f 1253//1295 1252//1285 1245//1286
f 1260//1294 1251//1284 1252//1285
f 1259//1293 1250//1283 1251//1284
f 1258//1292 1249//1282 1250//1283
f 1257//1291 1248//1281 1249//1282
f 1256//1290 1247//1280 1248//1281
f 1255//1289 1246//1279 1247//1280
f 1254//1288 1245//1278 1246//1279
f 1245//1286 1243//1276 1230//1263
f 1252//1285 1241//1274 1243//1276
f 1251//1284 1239//1272 1241//1274
f 1250//1283 1237//1270 1239//1272
f 1249//1282 1235//1268 1237//1270
f 1248//1281 1233//1266 1235//1268
f 1247//1280 1231//1264 1233//1266
f 1246//1279 1230//1263 1231//1264
f 1230//1263 1244//1277 1229//1262
f 1243//1276 1242//1275 1244//1277
f 1241//1274 1240//1273 1242//1275
f 1239//1272 1238//1271 1240//1273
f 1237//1270 1236//1269 1238//1271
f 1235//1268 1234//1267 1236//1269
f 1233//1266 1232//1265 1234//1267
f 1231//1264 1229//1262 1232//1265
f 1221//1254 1220//1253 1213//1246
f 1228//1261 1219//1252 1220//1253
f 1227//1260 1218//1251 1219//1252
f 1226//1259 1217//1250 1218//1251
f 1225//1258 1216//1249 1217//1250
f 1224//1257 1215//1248 1216//1249
f 1223//1256 1214//1247 1215//1248
f 1222//1255 1213//1246 1214//1247
f 1213//1246 1212//1245 1205//1238
f 1220//1253 1211//1244 1212//1245
f 1219//1252 1210//1243 1211//1244
f 1218//1251 1209//1242 1210//1243
f 1217//1250 1208//1241 1209//1242
f 1216//1249 1207//1240 1208//1241
f 1215//1248 1206//1239 1207//1240
f 1214//1247 1205//1238 1206//1239
f 1205//1238 1204//1237 1197//1230
f 1212//1245 1203//1236 1204//1237
f 1211//1244 1202//1235 1203//1236
f 1210//1243 1201//1234 1202//1235
f 1209//1242 1200//1233 1201//1234
f 1208//1241 1199//1232 1200//1233
f 1207//1240 1198//1231 1199//1232
f 1206//1239 1197//1230 1198//1231
f 1197//1230 1196//1229 1189//1222
f 1204//1237 1195//1228 1196//1229
f 1203//1236 1194//1227 1195//1228
f 1202//1235 1193//1226 1194//1227
f 1201//1234 1192//1225 1193//1226
f 1200//1233 1191//1224 1192//1225
f 1199//1232 1190//1223 1191//1224
f 1198//1231 1189//1222 1190//1223
f 1189//1222 1188//1221 1181//1214
f 1196//1229 1187//1220 1188//1221
f 1195//1228 1186//1219 1187//1220
f 1194//1227 1185//1218 1186//1219
f 1193//1226 1184//1217 1185//1218
f 1192//1225 1183//1216 1184//1217
f 1191//1224 1182//1215 1183//1216
f 1190//1223 1181//1214 1182//1215
f 1181//1214 1180//1213 1173//1206
f 1188//1221 1179//1212 1180//1213
f 1187//1220 1178//1211 1179//1212
f 1186//1219 1177//1210 1178//1211
f 1185//1218 1176//1209 1177//1210
f 1184//1217 1175//1208 1176//1209
f 1183//1216 1174//1207 1175//1208
f 1182//1215 1173//1206 1174//1207
f 1173//1206 1172//1205 1165//1198
f 1180//1213 1171//1204 1172//1205
f 1179//1212 1170//1203 1171//1204
f 1178//1211 1169//1202 1170//1203
f 1177//1210 1168//1201 1169//1202
f 1176//1209 1167//1200 1168//1201
f 1175//1208 1166//1199 1167//1200
f 1174//1207 1165//1198 1166//1199
f 1165//1198 1164//1197 1157//1190
f 1172//1205 1163//1196 1164//1197
f 1171//1204 1162//1195 1163//1196
f 1170//1203 1161//1194 1162//1195
f 1169//1202 1160//1193 1161//1194
f 1168//1201 1159//1192 1160//1193
f 1167//1200 1158//1191 1159//1192
f 1166//1199 1157//1190 1158//1191
f 1157//1190 1156//1189 1149//1182
f 1164//1197 1155//1188 1156//1189
f 1163//1196 1154//1187 1155//1188
f 1162//1195 1153//1186 1154//1187
f 1161//1194 1152//1185 1153//1186
f 1160//1193 1151//1184 1152//1185
f 1159//1192 1150//1183 1151//1184
f 1158//1191 1149//1182 1150//1183
f 1149//1182 1148//1181 1141//1174
f 1156//1189 1147//1180 1148//1181
f 1155//1188 1146//1179 1147//1180
f 1154//1187 1145//1178 1146//1179
f 1153//1186 1144//1177 1145//1178
f 1152//1185 1143//1176 1144//1177
f 1151//1184 1142//1175 1143//1176
f 1150//1183 1141//1174 1142//1175
f 1141//1174 1140//1173 1133//1166
f 1148//1181 1139//1172 1140//1173
f 1147//1180 1138//1171 1139//1172
f 1146//1179 1137//1170 1138//1171
f 1145//1178 1136//1169 1137//1170
f 1144//1177 1135//1168 1136//1169
f 1143//1176 1134//1167 1135//1168
f 1142//1175 1133//1166 1134//1167
f 1133//1166 1132//1165 1125//1158
f 1140//1173 1131//1164 1132//1165
f 1139//1172 1130//1163 1131//1164
f 1138//1171 1129//1162 1130//1163
f 1137//1170 1128//1161 1129//1162
f 1136//1169 1127//1160 1128//1161
f 1135//1168 1126//1159 1127//1160
f 1134//1167 1125//1158 1126//1159
f 1125//1158 1124//1157 1117//1150
f 1132//1165 1123//1156 1124//1157
f 1131//1164 1122//1155 1123//1156
f 1130//1163 1121//1154 1122//1155
f 1129//1162 1120//1153 1121//1154
f 1128//1161 1119//1152 1120//1153
f 1127//1160 1118//1151 1119//1152
f 1126//1159 1117//1150 1118//1151
f 1117//1150 1116//1149 1109//1142
f 1124//1157 1115//1148 1116//1149
f 1123//1156 1114//1147 1115//1148
f 1122//1155 1113//1146 1114//1147
f 1121//1154 1112//1145 1113//1146
f 1120//1153 1111//1144 1112//1145
f 1119//1152 1110//1143 1111//1144
f 1118//1151 1109//1142 1110//1143
f 1109//1142 1107//1140 1094//1127
f 1116//1149 1105//1138 1107//1140
f 1115//1148 1103//1136 1105//1138
f 1114//1147 1101//1134 1103//1136
f 1113//1146 1099//1132 1101//1134
f 1112//1145 1097//1130 1099//1132
f 1111//1144 1095//1128 1097//1130
f 1110//1143 1094//1127 1095//1128
f 1094//1127 1108//1141 1093//1126
f 1107//1140 1106//1139 1108//1141
f 1105//1138 1104//1137 1106//1139
f 1103//1136 1102//1135 1104//1137
f 1101//1134 1100//1133 1102//1135
f 1099//1132 1098//1131 1100//1133
f 1097//1130 1096//1129 1098//1131
f 1095//1128 1093//1126 1096//1129
g cherry_leaf
f 1413//1452 1415//1452 1414//1452
f 1416//1452 1415//1452 1413//1452
f 1417//1453 1415//1452 1416//1452
f 1418//1453 1415//1453 1417//1453
f 1413//1452 1420//1452 1419//1452
f 1416//1452 1419//1452 1421//1452
f 1417//1453 1421//1452 1422//1453
f 1418//1453 1422//1453 1423//1453
f 1419//1452 1425//1452 1424//1452
f 1421//1452 1424//1452 1426//1452
f 1422//1453 1426//1452 1427//1453
f 1423//1453 1427//1453 1428//1453
f 1424//1452 1430//1452 1429//1452
f 1426//1452 1429//1452 1431//1452
f 1427//1453 1431//1452 1432//1453
f 1428//1453 1432//1453 1433//1453
f 1429//1452 1435//1452 1434//1452
f 1431//1452 1434//1452 1436//1452
f 1432//1453 1436//1452 1437//1453
f 1433//1453 1437//1453 1438//1453
f 1434//1452 1440//1452 1439//1452
f 1436//1452 1439//1452 1441//1452
f 1437//1453 1441//1452 1442//1453
f 1438//1453 1442//1453 1443//1453
f 1439//1452 1445//1452 1444//1452
f 1441//1452 1444//1452 1446//1452
f 1442//1453 1446//1452 1447//1453
f 1443//1453 1447//1453 1448//1453
f 1444//1452 1450//1452 1449//1452
f 1446//1452 1449//1452 1451//1452
f 1447//1453 1451//1452 1452//1453
f 1448//1453 1452//1453 1453//1453
f 1449//1452 1455//1452 1454//1452
f 1451//1452 1454//1452 1456//1452
f 1452//1453 1456//1452 1457//1453
f 1453//1453 1457//1453 1458//1453
f 1454//1452 1460//1452 1459//1452
f 1456//1452 1459//1452 1461//1452
f 1457//1453 1461//1452 1462//1453
f 1458//1453 1462//1453 1463//1453
f 1459//1452 1465//1452 1464//1452
f 1461//1452 1464//1452 1466//1452
f 1462//1453 1466//1452 1467//1453
f 1463//1453 1467//1453 1468//1453
f 1464//1452 1470//1452 1469//1452
f 1466//1452 1469//1452 1471//1452
f 1467//1453 1471//1452 1472//1453
f 1468//1453 1472//1453 1473//1453
f 1469//1452 1475//1452 1474//1452
f 1471//1452 1474//1452 1476//1452
f 1472//1453 1476//1452 1477//1453
f 1473//1453 1477//1453 1478//1453
f 1474//1452 1480//1452 1479//1452
f 1476//1452 1479//1452 1481//1452
f 1477//1453 1481//1452 1482//1453
f 1478//1453 1482//1453 1483//1453
f 1479//1452 1485//1452 1484//1452
f 1481//1452 1484//1452 1486//1452
f 1482//1453 1486//1452 1487//1453
f 1483//1453 1487//1453 1488//1453
f 1484//1452 1485//1452 1489//1452
f 1486//1452 1484//1452 1489//1452
f 1487//1453 1486//1452 1489//1452
f 1488//1453 1487//1453 1489//1453
f 1490//1454 1492//1454 1491//1454
f 1490//1454 1493//1454 1492//1454
f 1490//1454 1494//1455 1493//1454
f 1490//1455 1495//1455 1494//1455
f 1491//1454 1497//1454 1496//1454
f 1492//1454 1498//1454 1497//1454
f 1493//1454 1499//1455 1498//1454
f 1494//1455 1500//1455 1499//1455
f 1496//1454 1502//1454 1501//1454
f 1497//1454 1503//1454 1502//1454
f 1498//1454 1504//1455 1503//1454
f 1499//1455 1505//1455 1504//1455
f 1501//1454 1507//1454 1506//1454
f 1502//1454 1508//1454 1507//1454
f 1503//1454 1509//1455 1508//1454
f 1504//1455 1510//1455 1509//1455
f 1506//1454 1512//1454 1511//1454
f 1507//1454 1513//1454 1512//1454
f 1508//1454 1514//1455 1513//1454
f 1509//1455 1515//1455 1514//1455
f 1511//1454 1517//1454 1516//1454
f 1512//1454 1518//1454 1517//1454
f 1513//1454 1519//1455 1518//1454
f 1514//1455 1520//1455 1519//1455
f 1516//1454 1522//1454 1521//1454
f 1517//1454 1523//1454 1522//1454
f 1518//1454 1524//1455 1523//1454
f 1519//1455 1525//1455 1524//1455
f 1521//1454 1527//1454 1526//1454
f 1522//1454 1528//1454 1527//1454
f 1523//1454 1529//1455 1528//1454
f 1524//1455 1530//1455 1529//1455
f 1526//1454 1532//1454 1531//1454
f 1527//1454 1533//1454 1532//1454
f 1528//1454 1534//1455 1533//1454
f 1529//1455 1535//1455 1534//1455
f 1531//1454 1537//1454 1536//1454
f 1532//1454 1538//1454 1537//1454
f 1533//1454 1539//1455 1538//1454
f 1534//1455 1540//1455 1539//1455
f 1536//1454 1542//1454 1541//1454
f 1537//1454 1543//1454 1542//1454
f 1538//1454 1544//1455 1543//1454
f 1539//1455 1545//1455 1544//1455
f 1541//1454 1547//1454 1546//1454
f 1542//1454 1548//1454 1547//1454
f 1543//1454 1549//1455 1548//1454
f 1544//1455 1550//1455 1549//1455
f 1546//1454 1552//1454 1551//1454
f 1547//1454 1553//1454 1552//1454
f 1548//1454 1554//1455 1553//1454
f 1549//1455 1555//1455 1554//1455
f 1551//1454 1557//1454 1556//1454
f 1552//1454 1558//1454 1557//1454
f 1553//1454 1559//1455 1558//1454
f 1554//1455 1560//1455 1559//1455
f 1556//1454 1562//1454 1561//1454
f 1557//1454 1563//1454 1562//1454
f 1558//1454 1564//1455 1563//1454
f 1559//1455 1565//1455 1564//1455
f 1561//1454 1562//1454 1566//1454
f 1562//1454 1563//1454 1566//1454
f 1563//1454 1564//1455 1566//1454
f 1564//1455 1565//1455 1566//1455
f 1565//1455 1559//1455 1560//1455
f 1564//1455 1558//1454 1559//1455
f 1563//1454 1557//1454 1558//1454
f 1562//1454 1556//1454 1557//1454
f 1560//1455 1554//1455 1555//1455
f 1559//1455 1553//1454 1554//1455
f 1558//1454 1552//1454 1553//1454
f 1557//1454 1551//1454 1552//1454
f 1555//1455 1549//1455 1550//1455
f 1554//1455 1548//1454 1549//1455
f 1553//1454 1547//1454 1548//1454
f 1552//1454 1546//1454 1547//1454
f 1550//1455 1544//1455 1545//1455
f 1549//1455 1543//1454 1544//1455
f 1548//1454 1542//1454 1543//1454
f 1547//1454 1541//1454 1542//1454
f 1545//1455 1539//1455 1540//1455
f 1544//1455 1538//1454 1539//1455
f 1543//1454 1537//1454 1538//1454
f 1542//1454 1536//1454 1537//1454
f 1540//1455 1534//1455 1535//1455
f 1539//1455 1533//1454 1534//1455
f 1538//1454 1532//1454 1533//1454
f 1537//1454 1531//1454 1532//1454
f 1535//1455 1529//1455 1530//1455
f 1534//1455 1528//1454 1529//1455
f 1533//1454 1527//1454 1528//1454
f 1532//1454 1526//1454 1527//1454
f 1530//1455 1524//1455 1525//1455
f 1529//1455 1523//1454 1524//1455
f 1528//1454 1522//1454 1523//1454
f 1527//1454 1521//1454 1522//1454
f 1525//1455 1519//1455 1520//1455
f 1524//1455 1518//1454 1519//1455
f 1523//1454 1517//1454 1518//1454
f 1522//1454 1516//1454 1517//1454
f 1520//1455 1514//1455 1515//1455
f 1519//1455 1513//1454 1514//1455
f 1518//1454 1512//1454 1513//1454
f 1517//1454 1511//1454 1512//1454
f 1515//1455 1509//1455 1510//1455
f 1514//1455 1508//1454 1509//1455
f 1513//1454 1507//1454 1508//1454
f 1512//1454 1506//1454 1507//1454
f 1510//1455 1504//1455 1505//1455
f 1509//1455 1503//1454 1504//1455
f 1508//1454 1502//1454 1503//1454
f 1507//1454 1501//1454 1502//1454
f 1505//1455 1499//1455 1500//1455
f 1504//1455 1498//1454 1499//1455
f 1503//1454 1497//1454 1498//1454
f 1502//1454 1496//1454 1497//1454
f 1500//1455 1494//1455 1495//1455
f 1499//1455 1493//1454 1494//1455
f 1498//1454 1492//1454 1493//1454
f 1497//1454 1491//1454 1492//1454
f 1487//1453 1483//1453 1482//1453
f 1486//1452 1482//1453 1481//1452
f 1484//1452 1481//1452 1479//1452
f 1485//1452 1479//1452 1480//1452
f 1482//1453 1478//1453 1477//1453
f 1481//1452 1477//1453 1476//1452
f 1479//1452 1476//1452 1474//1452
f 1480//1452 1474//1452 1475//1452
f 1477//1453 1473//1453 1472//1453
f 1476//1452 1472//1453 1471//1452
f 1474//1452 1471//1452 1469//1452
f 1475//1452 1469//1452 1470//1452
f 1472//1453 1468//1453 1467//1453
f 1471//1452 1467//1453 1466//1452
f 1469//1452 1466//1452 1464//1452
f 1470//1452 1464//1452 1465//1452
f 1467//1453 1463//1453 1462//1453
f 1466//1452 1462//1453 1461//1452
f 1464//1452 1461//1452 1459//1452
f 1465//1452 1459//1452 1460//1452
f 1462//1453 1458//1453 1457//1453
f 1461//1452 1457//1453 1456//1452
f 1459//1452 1456//1452 1454//1452
f 1460//1452 1454//1452 1455//1452
f 1457//1453 1453//1453 1452//1453
f 1456//1452 1452//1453 1451//1452
f 1454//1452 1451//1452 1449//1452
f 1455//1452 1449//1452 1450//1452
f 1452//1453 1448//1453 1447//1453
f 1451//1452 1447//1453 1446//1452
f 1449//1452 1446//1452 1444//1452
f 1450//1452 1444//1452 1445//1452
f 1447//1453 1443//1453 1442//1453
f 1446//1452 1442//1453 1441//1452
f 1444//1452 1441//1452 1439//1452
f 1445//1452 1439//1452 1440//1452
f 1442//1453 1438//1453 1437//1453
f 1441//1452 1437//1453 1436//1452
f 1439//1452 1436//1452 1434//1452
f 1440//1452 1434//1452 1435//1452
f 1437//1453 1433//1453 1432//1453
f 1436//1452 1432//1453 1431//1452
f 1434//1452 1431//1452 1429//1452
f 1435//1452 1429//1452 1430//1452
f 1432//1453 1428//1453 1427//1453
f 1431//1452 1427//1453 1426//1452
f 1429//1452 1426//1452 1424//1452
f 1430//1452 1424//1452 1425//1452
f 1427//1453 1423//1453 1422//1453
f 1426//1452 1422//1453 1421//1452
f 1424//1452 1421//1452 1419//1452
f 1425//1452 1419//1452 1420//1452
f 1422//1453 1418//1453 1417//1453
f 1421//1452 1417//1453 1416//1452
f 1419//1452 1416//1452 1413//1452
f 1420//1452 1413//1452 1414//1452
g cherry_vein
f 1567//1456 1569//1458 1568//1457
f 1570//1459 1571//1460 1569//1458
f 1572//1461 1573//1462 1571//1460
f 1574//1463 1575//1464 1573//1462
f 1576//1465 1577//1466 1575//1464
f 1578//1467 1579//1468 1577//1466
f 1580//1469 1581//1470 1579//1468
f 1582//1471 1568//1457 1581//1470
f 1568//1457 1584//1473 1583//1472
f 1569//1458 1585//1474 1584//1473
f 1571//1460 1586//1475 1585//1474
f 1573//1462 1587//1476 1586//1475
f 1575//1464 1588//1477 1587//1476
f 1577//1466 1589//1478 1588//1477
f 1579//1468 1590//1479 1589//1478
f 1581//1470 1583//1472 1590//1479
f 1583//1472 1592//1481 1591//1480
f 1584//1473 1593//1482 1592//1481
f 1585//1474 1594//1483 1593//1482
f 1586//1475 1595//1484 1594//1483
f 1587//1476 1596//1485 1595//1484
f 1588//1477 1597//1486 1596//1485
f 1589//1478 1598//1487 1597//1486
f 1590//1479 1591//1480 1598//1487
f 1591//1480 1600//1489 1599//1488
f 1592//1481 1601//1490 1600//1489
f 1593//1482 1602//1491 1601//1490
f 1594//1483 1603//1492 1602//1491
f 1595//1484 1604//1493 1603//1492
f 1596//1485 1605//1494 1604//1493
f 1597//1486 1606//1495 1605//1494
f 1598//1487 1599//1488 1606//1495
f 1599//1488 1608//1497 1607//1496
f 1600//1489 1609//1498 1608//1497
f 1601//1490 1610//1499 1609//1498
f 1602//1491 1611//1500 1610//1499
f 1603//1492 1612//1501 1611//1500
f 1604//1493 1613//1502 1612//1501
f 1605//1494 1614//1503 1613//1502
f 1606//1495 1607//1496 1614//1503
f 1607//1496 1616//1505 1615//1504
f 1608//1497 1617//1506 1616//1505
f 1609//1498 1618//1507 1617//1506
f 1610//1499 1619//1508 1618//1507
f 1611//1500 1620//1509 1619//1508
f 1612//1501 1621//1510 1620//1509
f 1613//1502 1622//1511 1621//1510
f 1614//1503 1615//1504 1622//1511
f 1615//1504 1624//1513 1623//1512
f 1616//1505 1625//1514 1624//1513
f 1617//1506 1626//1515 1625//1514
f 1618//1507 1627//1516 1626//1515
f 1619//1508 1628//1517 1627//1516
f 1620//1509 1629//1518 1628//1517
f 1621//1510 1630//1519 1629//1518
f 1622//1511 1623//1512 1630//1519
f 1623//1512 1632//1521 1631//1520
f 1624//1513 1633//1522 1632//1521
f 1625//1514 1634//1523 1633//1522
f 1626//1515 1635//1524 1634//1523
f 1627//1516 1636//1525 1635//1524
f 1628//1517 1637//1526 1636//1525
f 1629//1518 1638//1527 1637//1526
f 1630//1519 1631//1520 1638//1527
f 1631//1520 1640//1529 1639//1528
f 1632//1521 1641//1530 1640//1529
f 1633//1522 1642//1531 1641//1530
f 1634//1523 1643//1532 1642//1531
f 1635//1524 1644//1533 1643//1532
f 1636//1525 1645//1534 1644//1533
f 1637//1526 1646//1535 1645//1534
f 1638//1527 1639//1528 1646//1535
f 1639//1528 1648//1537 1647//1536
f 1640//1529 1649//1538 1648//1537
f 1641//1530 1650//1539 1649//1538
f 1642//1531 1651//1540 1650//1539
f 1643//1532 1652//1541 1651//1540
f 1644//1533 1653//1542 1652//1541
f 1645//1534 1654//1543 1653//1542
f 1646//1535 1647//1536 1654//1543
f 1647//1536 1656//1545 1655//1544
f 1648//1537 1657//1546 1656//1545
f 1649//1538 1658//1547 1657//1546
f 1650//1539 1659//1548 1658//1547
f 1651//1540 1660//1549 1659//1548
f 1652//1541 1661//1550 1660//1549
f 1653//1542 1662//1551 1661//1550
f 1654//1543 1655//1544 1662//1551
f 1655//1544 1664//1553 1663//1552
f 1656//1545 1665//1554 1664//1553
f 1657//1546 1666//1555 1665//1554
f 1658//1547 1667//1556 1666//1555
f 1659//1548 1668//1557 1667//1556
f 1660//1549 1669//1558 1668//1557
f 1661//1550 1670//1559 1669//1558
f 1662//1551 1663//1552 1670//1559
f 1663//1552 1672//1561 1671//1560
f 1664//1553 1673//1562 1672//1561
f 1665//1554 1674//1563 1673//1562
f 1666//1555 1675//1564 1674//1563
f 1667//1556 1676//1565 1675//1564
f 1668//1557 1677//1566 1676//1565
f 1669//1558 1678//1567 1677//1566
f 1670//1559 1671//1560 1678//1567
f 1671//1560 1680//1569 1679//1568
f 1672//1561 1681//1570 1680//1569
f 1673//1562 1682//1571 1681//1570
f 1674//1563 1683//1572 1682//1571
f 1675//1564 1684//1573 1683//1572
f 1676//1565 1685//1574 1684//1573
f 1677//1566 1686//1575 1685//1574
f 1678//1567 1679//1568 1686//1575
f 1679//1568 1678//1567 1671//1560
f 1686//1575 1677//1566 1678//1567
f 1685//1574 1676//1565 1677//1566
f 1684//1573 1675//1564 1676//1565
f 1683//1572 1674//1563 1675//1564
f 1682//1571 1673//1562 1674//1563
f 1681//1570 1672//1561 1673//1562
f 1680//1569 1671//1560 1672//1561
f 1671//1560 1670//1559 1663//1552
f 1678//1567 1669//1558 1670//1559
f 1677//1566 1668//1557 1669//1558
f 1676//1565 1667//1556 1668//1557
f 1675//1564 1666//1555 1667//1556
f 1674//1563 1665//1554 1666//1555
f 1673//1562 1664//1553 1665//1554
f 1672//1561 1663//1552 1664//1553
f 1663//1552 1662//1551 1655//1544
f 1670//1559 1661//1550 1662//1551
f 1669//1558 1660//1549 1661//1550
f 1668//1557 1659//1548 1660//1549
f 1667//1556 1658//1547 1659//1548
f 1666//1555 1657//1546 1658//1547
f 1665//1554 1656//1545 1657//1546
f 1664//1553 1655//1544 1656//1545
f 1655//1544 1654//1543 1647//1536
f 1662//1551 1653//1542 1654//1543
f 1661//1550 1652//1541 1653//1542
f 1660//1549 1651//1540 1652//1541
f 1659//1548 1650//1539 1651//1540
f 1658//1547 1649//1538 1650//1539
f 1657//1546 1648//1537 1649//1538
f 1656//1545 1647//1536 1648//1537
f 1647//1536 1646//1535 1639//1528
f 1654//1543 1645//1534 1646//1535
f 1653//1542 1644//1533 1645//1534
f 1652//1541 1643//1532 1644//1533
f 1651//1540 1642//1531 1643//1532
f 1650//1539 1641//1530 1642//1531
f 1649//1538 1640//1529 1641//1530
f 1648//1537 1639//1528 1640//1529
f 1639//1528 1638//1527 1631//1520
f 1646//1535 1637//1526 1638//1527
f 1645//1534 1636//1525 1637//1526
f 1644//1533 1635//1524 1636//1525
f 1643//1532 1634//1523 1635//1524
f 1642//1531 1633//1522 1634//1523
f 1641//1530 1632//1521 1633//1522
f 1640//1529 1631//1520 1632//1521
f 1631//1520 1630//1519 1623//1512
f 1638//1527 1629//1518 1630//1519
f 1637//1526 1628//1517 1629//1518
f 1636//1525 1627//1516 1628//1517
f 1635//1524 1626//1515 1627//1516
f 1634//1523 1625//1514 1626//1515
f 1633//1522 1624//1513 1625//1514
f 1632//1521 1623//1512 1624//1513
f 1623//1512 1622//1511 1615//1504
f 1630//1519 1621//1510 1622//1511
f 1629//1518 1620//1509 1621//1510
f 1628//1517 1619//1508 1620//1509
f 1627//1516 1618//1507 1619//1508
f 1626//1515 1617//1506 1618//1507
f 1625//1514 1616//1505 1617//1506
f 1624//1513 1615//1504 1616//1505
f 1615//1504 1614//1503 1607//1496
f 1622//1511 1613//1502 1614//1503
f 1621//1510 1612//1501 1613//1502
f 1620//1509 1611//1500 1612//1501
f 1619//1508 1610//1499 1611//1500
f 1618//1507 1609//1498 1610//1499
f 1617//1506 1608//1497 1609//1498
f 1616//1505 1607//1496 1608//1497
f 1607//1496 1606//1495 1599//1488
f 1614//1503 1605//1494 1606//1495
f 1613//1502 1604//1493 1605//1494
f 1612//1501 1603//1492 1604//1493
f 1611//1500 1602//1491 1603//1492
f 1610//1499 1601//1490 1602//1491
f 1609//1498 1600//1489 1601//1490
f 1608//1497 1599//1488 1600//1489
f 1599//1488 1598//1487 1591//1480
f 1606//1495 1597//1486 1598//1487
f 1605//1494 1596//1485 1597//1486
f 1604//1493 1595//1484 1596//1485
f 1603//1492 1594//1483 1595//1484
f 1602//1491 1593//1482 1594//1483
f 1601//1490 1592//1481 1593//1482
f 1600//1489 1591//1480 1592//1481
f 1591//1480 1590//1479 1583//1472
f 1598//1487 1589//1478 1590//1479
f 1597//1486 1588//1477 1589//1478
f 1596//1485 1587//1476 1588//1477
f 1595//1484 1586//1475 1587//1476
f 1594//1483 1585//1474 1586//1475
f 1593//1482 1584//1473 1585//1474
f 1592//1481 1583//1472 1584//1473
f 1583//1472 1581//1470 1568//1457
f 1590//1479 1579//1468 1581//1470
f 1589//1478 1577//1466 1579//1468
f 1588//1477 1575//1464 1577//1466
f 1587//1476 1573//1462 1575//1464
f 1586//1475 1571//1460 1573//1462
f 1585//1474 1569//1458 1571//1460
f 1584//1473 1568//1457 1569//1458
f 1568//1457 1582//1471 1567//1456
f 1581//1470 1580//1469 1582//1471
f 1579//1468 1578//1467 1580//1469
f 1577//1466 1576//1465 1578//1467
f 1575//1464 1574//1463 1576//1465
f 1573//1462 1572//1461 1574//1463
f 1571//1460 1570//1459 1572//1461
f 1569//1458 1567//1456 1570//1459
