# File exported by Houdini 22.0.429 (www.sidefx.com)
# 5984 points
# 5984 vertices
# 1528 primitives
# Bounds: [-1.01090097, -1.01090097, -0.143000007] to [1.01090097, 1.01090097, 0.143000007]
g 
v 0.910000026 0 -0.0799999982
v 0.905618072 0.0891955942 -0.0799999982
v 0 0 -0.0799999982
v 0.905618072 0.0891955942 -0.0799999982
v 0.892514586 0.177532196 -0.0799999982
v 0 0 -0.0799999982
v 0.892514586 0.177532196 -0.0799999982
v 0.870815694 0.264159054 -0.0799999982
v 0 0 -0.0799999982
v 0.870815694 0.264159054 -0.0799999982
v 0.840730369 0.348241925 -0.0799999982
v 0 0 -0.0799999982
v 0.840730369 0.348241925 -0.0799999982
v 0.802548349 0.428971022 -0.0799999982
v 0 0 -0.0799999982
v 0.802548349 0.428971022 -0.0799999982
v 0.756637335 0.505568922 -0.0799999982
v 0 0 -0.0799999982
v 0.756637335 0.505568922 -0.0799999982
v 0.703439534 0.577297866 -0.0799999982
v 0 0 -0.0799999982
v 0.703439534 0.577297866 -0.0799999982
v 0.643467188 0.643467188 -0.0799999982
v 0 0 -0.0799999982
v 0.643467188 0.643467188 -0.0799999982
v 0.577297866 0.703439534 -0.0799999982
v 0 0 -0.0799999982
v 0.577297866 0.703439534 -0.0799999982
v 0.505568922 0.756637335 -0.0799999982
v 0 0 -0.0799999982
v 0.505568922 0.756637335 -0.0799999982
v 0.428971022 0.802548349 -0.0799999982
v 0 0 -0.0799999982
v 0.428971022 0.802548349 -0.0799999982
v 0.348241925 0.840730369 -0.0799999982
v 0 0 -0.0799999982
v 0.348241925 0.840730369 -0.0799999982
v 0.264159054 0.870815694 -0.0799999982
v 0 0 -0.0799999982
v 0.264159054 0.870815694 -0.0799999982
v 0.177532196 0.892514586 -0.0799999982
v 0 0 -0.0799999982
v 0.177532196 0.892514586 -0.0799999982
v 0.0891955942 0.905618072 -0.0799999982
v 0 0 -0.0799999982
v 0.0891955942 0.905618072 -0.0799999982
v 5.57214272e-17 0.910000026 -0.0799999982
v 0 0 -0.0799999982
v 5.57214272e-17 0.910000026 -0.0799999982
v -0.0891955942 0.905618072 -0.0799999982
v 0 0 -0.0799999982
v -0.0891955942 0.905618072 -0.0799999982
v -0.177532196 0.892514586 -0.0799999982
v -0 0 -0.0799999982
v -0.177532196 0.892514586 -0.0799999982
v -0.264159054 0.870815694 -0.0799999982
v -0 0 -0.0799999982
v -0.264159054 0.870815694 -0.0799999982
v -0.348241925 0.840730369 -0.0799999982
v -0 0 -0.0799999982
v -0.348241925 0.840730369 -0.0799999982
v -0.428971022 0.802548349 -0.0799999982
v -0 0 -0.0799999982
v -0.428971022 0.802548349 -0.0799999982
v -0.505568922 0.756637335 -0.0799999982
v -0 0 -0.0799999982
v -0.505568922 0.756637335 -0.0799999982
v -0.577297866 0.703439534 -0.0799999982
v -0 0 -0.0799999982
v -0.577297866 0.703439534 -0.0799999982
v -0.643467188 0.643467188 -0.0799999982
v -0 0 -0.0799999982
v -0.643467188 0.643467188 -0.0799999982
v -0.703439534 0.577297866 -0.0799999982
v -0 0 -0.0799999982
v -0.703439534 0.577297866 -0.0799999982
v -0.756637335 0.505568922 -0.0799999982
v -0 0 -0.0799999982
v -0.756637335 0.505568922 -0.0799999982
v -0.802548349 0.428971022 -0.0799999982
v -0 0 -0.0799999982
v -0.802548349 0.428971022 -0.0799999982
v -0.840730369 0.348241925 -0.0799999982
v -0 0 -0.0799999982
v -0.840730369 0.348241925 -0.0799999982
v -0.870815694 0.264159054 -0.0799999982
v -0 0 -0.0799999982
v -0.870815694 0.264159054 -0.0799999982
v -0.892514586 0.177532196 -0.0799999982
v -0 0 -0.0799999982
v -0.892514586 0.177532196 -0.0799999982
v -0.905618072 0.0891955942 -0.0799999982
v -0 0 -0.0799999982
v -0.905618072 0.0891955942 -0.0799999982
v -0.910000026 1.11442854e-16 -0.0799999982
v -0 0 -0.0799999982
v -0.910000026 1.11442854e-16 -0.0799999982
v -0.905618072 -0.0891955942 -0.0799999982
v -0 0 -0.0799999982
v -0.905618072 -0.0891955942 -0.0799999982
v -0.892514586 -0.177532196 -0.0799999982
v -0 -0 -0.0799999982
v -0.892514586 -0.177532196 -0.0799999982
v -0.870815694 -0.264159054 -0.0799999982
v -0 -0 -0.0799999982
v -0.870815694 -0.264159054 -0.0799999982
v -0.840730369 -0.348241925 -0.0799999982
v -0 -0 -0.0799999982
v -0.840730369 -0.348241925 -0.0799999982
v -0.802548349 -0.428971022 -0.0799999982
v -0 -0 -0.0799999982
v -0.802548349 -0.428971022 -0.0799999982
v -0.756637335 -0.505568922 -0.0799999982
v -0 -0 -0.0799999982
v -0.756637335 -0.505568922 -0.0799999982
v -0.703439534 -0.577297866 -0.0799999982
v -0 -0 -0.0799999982
v -0.703439534 -0.577297866 -0.0799999982
v -0.643467188 -0.643467188 -0.0799999982
v -0 -0 -0.0799999982
v -0.643467188 -0.643467188 -0.0799999982
v -0.577297866 -0.703439534 -0.0799999982
v -0 -0 -0.0799999982
v -0.577297866 -0.703439534 -0.0799999982
v -0.505568922 -0.756637335 -0.0799999982
v -0 -0 -0.0799999982
v -0.505568922 -0.756637335 -0.0799999982
v -0.428971022 -0.802548349 -0.0799999982
v -0 -0 -0.0799999982
v -0.428971022 -0.802548349 -0.0799999982
v -0.348241925 -0.840730369 -0.0799999982
v -0 -0 -0.0799999982
v -0.348241925 -0.840730369 -0.0799999982
v -0.264159054 -0.870815694 -0.0799999982
v -0 -0 -0.0799999982
v -0.264159054 -0.870815694 -0.0799999982
v -0.177532196 -0.892514586 -0.0799999982
v -0 -0 -0.0799999982
v -0.177532196 -0.892514586 -0.0799999982
v -0.0891955942 -0.905618072 -0.0799999982
v -0 -0 -0.0799999982
v -0.0891955942 -0.905618072 -0.0799999982
v -1.67164281e-16 -0.910000026 -0.0799999982
v -0 -0 -0.0799999982
v -1.67164281e-16 -0.910000026 -0.0799999982
v 0.0891955942 -0.905618072 -0.0799999982
v -0 -0 -0.0799999982
v 0.0891955942 -0.905618072 -0.0799999982
v 0.177532196 -0.892514586 -0.0799999982
v 0 -0 -0.0799999982
v 0.177532196 -0.892514586 -0.0799999982
v 0.264159054 -0.870815694 -0.0799999982
v 0 -0 -0.0799999982
v 0.264159054 -0.870815694 -0.0799999982
v 0.348241925 -0.840730369 -0.0799999982
v 0 -0 -0.0799999982
v 0.348241925 -0.840730369 -0.0799999982
v 0.428971022 -0.802548349 -0.0799999982
v 0 -0 -0.0799999982
v 0.428971022 -0.802548349 -0.0799999982
v 0.505568922 -0.756637335 -0.0799999982
v 0 -0 -0.0799999982
v 0.505568922 -0.756637335 -0.0799999982
v 0.577297866 -0.703439534 -0.0799999982
v 0 -0 -0.0799999982
v 0.577297866 -0.703439534 -0.0799999982
v 0.643467188 -0.643467188 -0.0799999982
v 0 -0 -0.0799999982
v 0.643467188 -0.643467188 -0.0799999982
v 0.703439534 -0.577297866 -0.0799999982
v 0 -0 -0.0799999982
v 0.703439534 -0.577297866 -0.0799999982
v 0.756637335 -0.505568922 -0.0799999982
v 0 -0 -0.0799999982
v 0.756637335 -0.505568922 -0.0799999982
v 0.802548349 -0.428971022 -0.0799999982
v 0 -0 -0.0799999982
v 0.802548349 -0.428971022 -0.0799999982
v 0.840730369 -0.348241925 -0.0799999982
v 0 -0 -0.0799999982
v 0.840730369 -0.348241925 -0.0799999982
v 0.870815694 -0.264159054 -0.0799999982
v 0 -0 -0.0799999982
v 0.870815694 -0.264159054 -0.0799999982
v 0.892514586 -0.177532196 -0.0799999982
v 0 -0 -0.0799999982
v 0.892514586 -0.177532196 -0.0799999982
v 0.905618072 -0.0891955942 -0.0799999982
v 0 -0 -0.0799999982
v 0.905618072 -0.0891955942 -0.0799999982
v 0.910000026 -2.22885709e-16 -0.0799999982
v 0 -0 -0.0799999982
v 0.980000019 0 -0.0799999982
v 0.97528106 0.0960567966 -0.0799999982
v 0.905618072 0.0891955942 -0.0799999982
v 0.910000026 0 -0.0799999982
v 0.97528106 0.0960567966 -0.0799999982
v 0.9611696 0.191188514 -0.0799999982
v 0.892514586 0.177532196 -0.0799999982
v 0.905618072 0.0891955942 -0.0799999982
v 0.9611696 0.191188514 -0.0799999982
v 0.93780154 0.284478992 -0.0799999982
v 0.870815694 0.264159054 -0.0799999982
v 0.892514586 0.177532196 -0.0799999982
v 0.93780154 0.284478992 -0.0799999982
v 0.905401945 0.375029773 -0.0799999982
v 0.840730369 0.348241925 -0.0799999982
v 0.870815694 0.264159054 -0.0799999982
v 0.905401945 0.375029773 -0.0799999982
v 0.864282846 0.461968809 -0.0799999982
v 0.802548349 0.428971022 -0.0799999982
v 0.840730369 0.348241925 -0.0799999982
v 0.864282846 0.461968809 -0.0799999982
v 0.814840198 0.544458807 -0.0799999982
v 0.756637335 0.505568922 -0.0799999982
v 0.802548349 0.428971022 -0.0799999982
v 0.814840198 0.544458807 -0.0799999982
v 0.75755024 0.621705413 -0.0799999982
v 0.703439534 0.577297866 -0.0799999982
v 0.756637335 0.505568922 -0.0799999982
v 0.75755024 0.621705413 -0.0799999982
v 0.692964673 0.692964673 -0.0799999982
v 0.643467188 0.643467188 -0.0799999982
v 0.703439534 0.577297866 -0.0799999982
v 0.692964673 0.692964673 -0.0799999982
v 0.621705413 0.75755024 -0.0799999982
v 0.577297866 0.703439534 -0.0799999982
v 0.643467188 0.643467188 -0.0799999982
v 0.621705413 0.75755024 -0.0799999982
v 0.544458807 0.814840198 -0.0799999982
v 0.505568922 0.756637335 -0.0799999982
v 0.577297866 0.703439534 -0.0799999982
v 0.544458807 0.814840198 -0.0799999982
v 0.461968809 0.864282846 -0.0799999982
v 0.428971022 0.802548349 -0.0799999982
v 0.505568922 0.756637335 -0.0799999982
v 0.461968809 0.864282846 -0.0799999982
v 0.375029773 0.905401945 -0.0799999982
v 0.348241925 0.840730369 -0.0799999982
v 0.428971022 0.802548349 -0.0799999982
v 0.375029773 0.905401945 -0.0799999982
v 0.284478992 0.93780154 -0.0799999982
v 0.264159054 0.870815694 -0.0799999982
v 0.348241925 0.840730369 -0.0799999982
v 0.284478992 0.93780154 -0.0799999982
v 0.191188514 0.9611696 -0.0799999982
v 0.177532196 0.892514586 -0.0799999982
v 0.264159054 0.870815694 -0.0799999982
v 0.191188514 0.9611696 -0.0799999982
v 0.0960567966 0.97528106 -0.0799999982
v 0.0891955942 0.905618072 -0.0799999982
v 0.177532196 0.892514586 -0.0799999982
v 0.0960567966 0.97528106 -0.0799999982
v 6.00076918e-17 0.980000019 -0.0799999982
v 5.57214272e-17 0.910000026 -0.0799999982
v 0.0891955942 0.905618072 -0.0799999982
v 6.00076918e-17 0.980000019 -0.0799999982
v -0.0960567966 0.97528106 -0.0799999982
v -0.0891955942 0.905618072 -0.0799999982
v 5.57214272e-17 0.910000026 -0.0799999982
v -0.0960567966 0.97528106 -0.0799999982
v -0.191188514 0.9611696 -0.0799999982
v -0.177532196 0.892514586 -0.0799999982
v -0.0891955942 0.905618072 -0.0799999982
v -0.191188514 0.9611696 -0.0799999982
v -0.284478992 0.93780154 -0.0799999982
v -0.264159054 0.870815694 -0.0799999982
v -0.177532196 0.892514586 -0.0799999982
v -0.284478992 0.93780154 -0.0799999982
v -0.375029773 0.905401945 -0.0799999982
v -0.348241925 0.840730369 -0.0799999982
v -0.264159054 0.870815694 -0.0799999982
v -0.375029773 0.905401945 -0.0799999982
v -0.461968809 0.864282846 -0.0799999982
v -0.428971022 0.802548349 -0.0799999982
v -0.348241925 0.840730369 -0.0799999982
v -0.461968809 0.864282846 -0.0799999982
v -0.544458807 0.814840198 -0.0799999982
v -0.505568922 0.756637335 -0.0799999982
v -0.428971022 0.802548349 -0.0799999982
v -0.544458807 0.814840198 -0.0799999982
v -0.621705413 0.75755024 -0.0799999982
v -0.577297866 0.703439534 -0.0799999982
v -0.505568922 0.756637335 -0.0799999982
v -0.621705413 0.75755024 -0.0799999982
v -0.692964673 0.692964673 -0.0799999982
v -0.643467188 0.643467188 -0.0799999982
v -0.577297866 0.703439534 -0.0799999982
v -0.692964673 0.692964673 -0.0799999982
v -0.75755024 0.621705413 -0.0799999982
v -0.703439534 0.577297866 -0.0799999982
v -0.643467188 0.643467188 -0.0799999982
v -0.75755024 0.621705413 -0.0799999982
v -0.814840198 0.544458807 -0.0799999982
v -0.756637335 0.505568922 -0.0799999982
v -0.703439534 0.577297866 -0.0799999982
v -0.814840198 0.544458807 -0.0799999982
v -0.864282846 0.461968809 -0.0799999982
v -0.802548349 0.428971022 -0.0799999982
v -0.756637335 0.505568922 -0.0799999982
v -0.864282846 0.461968809 -0.0799999982
v -0.905401945 0.375029773 -0.0799999982
v -0.840730369 0.348241925 -0.0799999982
v -0.802548349 0.428971022 -0.0799999982
v -0.905401945 0.375029773 -0.0799999982
v -0.93780154 0.284478992 -0.0799999982
v -0.870815694 0.264159054 -0.0799999982
v -0.840730369 0.348241925 -0.0799999982
v -0.93780154 0.284478992 -0.0799999982
v -0.9611696 0.191188514 -0.0799999982
v -0.892514586 0.177532196 -0.0799999982
v -0.870815694 0.264159054 -0.0799999982
v -0.9611696 0.191188514 -0.0799999982
v -0.97528106 0.0960567966 -0.0799999982
v -0.905618072 0.0891955942 -0.0799999982
v -0.892514586 0.177532196 -0.0799999982
v -0.97528106 0.0960567966 -0.0799999982
v -0.980000019 1.20015384e-16 -0.0799999982
v -0.910000026 1.11442854e-16 -0.0799999982
v -0.905618072 0.0891955942 -0.0799999982
v -0.980000019 1.20015384e-16 -0.0799999982
v -0.97528106 -0.0960567966 -0.0799999982
v -0.905618072 -0.0891955942 -0.0799999982
v -0.910000026 1.11442854e-16 -0.0799999982
v -0.97528106 -0.0960567966 -0.0799999982
v -0.9611696 -0.191188514 -0.0799999982
v -0.892514586 -0.177532196 -0.0799999982
v -0.905618072 -0.0891955942 -0.0799999982
v -0.9611696 -0.191188514 -0.0799999982
v -0.93780154 -0.284478992 -0.0799999982
v -0.870815694 -0.264159054 -0.0799999982
v -0.892514586 -0.177532196 -0.0799999982
v -0.93780154 -0.284478992 -0.0799999982
v -0.905401945 -0.375029773 -0.0799999982
v -0.840730369 -0.348241925 -0.0799999982
v -0.870815694 -0.264159054 -0.0799999982
v -0.905401945 -0.375029773 -0.0799999982
v -0.864282846 -0.461968809 -0.0799999982
v -0.802548349 -0.428971022 -0.0799999982
v -0.840730369 -0.348241925 -0.0799999982
v -0.864282846 -0.461968809 -0.0799999982
v -0.814840198 -0.544458807 -0.0799999982
v -0.756637335 -0.505568922 -0.0799999982
v -0.802548349 -0.428971022 -0.0799999982
v -0.814840198 -0.544458807 -0.0799999982
v -0.75755024 -0.621705413 -0.0799999982
v -0.703439534 -0.577297866 -0.0799999982
v -0.756637335 -0.505568922 -0.0799999982
v -0.75755024 -0.621705413 -0.0799999982
v -0.692964673 -0.692964673 -0.0799999982
v -0.643467188 -0.643467188 -0.0799999982
v -0.703439534 -0.577297866 -0.0799999982
v -0.692964673 -0.692964673 -0.0799999982
v -0.621705413 -0.75755024 -0.0799999982
v -0.577297866 -0.703439534 -0.0799999982
v -0.643467188 -0.643467188 -0.0799999982
v -0.621705413 -0.75755024 -0.0799999982
v -0.544458807 -0.814840198 -0.0799999982
v -0.505568922 -0.756637335 -0.0799999982
v -0.577297866 -0.703439534 -0.0799999982
v -0.544458807 -0.814840198 -0.0799999982
v -0.461968809 -0.864282846 -0.0799999982
v -0.428971022 -0.802548349 -0.0799999982
v -0.505568922 -0.756637335 -0.0799999982
v -0.461968809 -0.864282846 -0.0799999982
v -0.375029773 -0.905401945 -0.0799999982
v -0.348241925 -0.840730369 -0.0799999982
v -0.428971022 -0.802548349 -0.0799999982
v -0.375029773 -0.905401945 -0.0799999982
v -0.284478992 -0.93780154 -0.0799999982
v -0.264159054 -0.870815694 -0.0799999982
v -0.348241925 -0.840730369 -0.0799999982
v -0.284478992 -0.93780154 -0.0799999982
v -0.191188514 -0.9611696 -0.0799999982
v -0.177532196 -0.892514586 -0.0799999982
v -0.264159054 -0.870815694 -0.0799999982
v -0.191188514 -0.9611696 -0.0799999982
v -0.0960567966 -0.97528106 -0.0799999982
v -0.0891955942 -0.905618072 -0.0799999982
v -0.177532196 -0.892514586 -0.0799999982
v -0.0960567966 -0.97528106 -0.0799999982
v -1.80023075e-16 -0.980000019 -0.0799999982
v -1.67164281e-16 -0.910000026 -0.0799999982
v -0.0891955942 -0.905618072 -0.0799999982
v -1.80023075e-16 -0.980000019 -0.0799999982
v 0.0960567966 -0.97528106 -0.0799999982
v 0.0891955942 -0.905618072 -0.0799999982
v -1.67164281e-16 -0.910000026 -0.0799999982
v 0.0960567966 -0.97528106 -0.0799999982
v 0.191188514 -0.9611696 -0.0799999982
v 0.177532196 -0.892514586 -0.0799999982
v 0.0891955942 -0.905618072 -0.0799999982
v 0.191188514 -0.9611696 -0.0799999982
v 0.284478992 -0.93780154 -0.0799999982
v 0.264159054 -0.870815694 -0.0799999982
v 0.177532196 -0.892514586 -0.0799999982
v 0.284478992 -0.93780154 -0.0799999982
v 0.375029773 -0.905401945 -0.0799999982
v 0.348241925 -0.840730369 -0.0799999982
v 0.264159054 -0.870815694 -0.0799999982
v 0.375029773 -0.905401945 -0.0799999982
v 0.461968809 -0.864282846 -0.0799999982
v 0.428971022 -0.802548349 -0.0799999982
v 0.348241925 -0.840730369 -0.0799999982
v 0.461968809 -0.864282846 -0.0799999982
v 0.544458807 -0.814840198 -0.0799999982
v 0.505568922 -0.756637335 -0.0799999982
v 0.428971022 -0.802548349 -0.0799999982
v 0.544458807 -0.814840198 -0.0799999982
v 0.621705413 -0.75755024 -0.0799999982
v 0.577297866 -0.703439534 -0.0799999982
v 0.505568922 -0.756637335 -0.0799999982
v 0.621705413 -0.75755024 -0.0799999982
v 0.692964673 -0.692964673 -0.0799999982
v 0.643467188 -0.643467188 -0.0799999982
v 0.577297866 -0.703439534 -0.0799999982
v 0.692964673 -0.692964673 -0.0799999982
v 0.75755024 -0.621705413 -0.0799999982
v 0.703439534 -0.577297866 -0.0799999982
v 0.643467188 -0.643467188 -0.0799999982
v 0.75755024 -0.621705413 -0.0799999982
v 0.814840198 -0.544458807 -0.0799999982
v 0.756637335 -0.505568922 -0.0799999982
v 0.703439534 -0.577297866 -0.0799999982
v 0.814840198 -0.544458807 -0.0799999982
v 0.864282846 -0.461968809 -0.0799999982
v 0.802548349 -0.428971022 -0.0799999982
v 0.756637335 -0.505568922 -0.0799999982
v 0.864282846 -0.461968809 -0.0799999982
v 0.905401945 -0.375029773 -0.0799999982
v 0.840730369 -0.348241925 -0.0799999982
v 0.802548349 -0.428971022 -0.0799999982
v 0.905401945 -0.375029773 -0.0799999982
v 0.93780154 -0.284478992 -0.0799999982
v 0.870815694 -0.264159054 -0.0799999982
v 0.840730369 -0.348241925 -0.0799999982
v 0.93780154 -0.284478992 -0.0799999982
v 0.9611696 -0.191188514 -0.0799999982
v 0.892514586 -0.177532196 -0.0799999982
v 0.870815694 -0.264159054 -0.0799999982
v 0.9611696 -0.191188514 -0.0799999982
v 0.97528106 -0.0960567966 -0.0799999982
v 0.905618072 -0.0891955942 -0.0799999982
v 0.892514586 -0.177532196 -0.0799999982
v 0.97528106 -0.0960567966 -0.0799999982
v 0.980000019 -2.40030767e-16 -0.0799999982
v 0.910000026 -2.22885709e-16 -0.0799999982
v 0.905618072 -0.0891955942 -0.0799999982
v 1 0 -0.0579999983
v 0.99518472 0.0980171412 -0.0579999983
v 0.97528106 0.0960567966 -0.0799999982
v 0.980000019 0 -0.0799999982
v 0.99518472 0.0980171412 -0.0579999983
v 0.980785251 0.195090324 -0.0579999983
v 0.9611696 0.191188514 -0.0799999982
v 0.97528106 0.0960567966 -0.0799999982
v 0.980785251 0.195090324 -0.0579999983
v 0.956940353 0.290284663 -0.0579999983
v 0.93780154 0.284478992 -0.0799999982
v 0.9611696 0.191188514 -0.0799999982
v 0.956940353 0.290284663 -0.0579999983
v 0.923879504 0.382683426 -0.0579999983
v 0.905401945 0.375029773 -0.0799999982
v 0.93780154 0.284478992 -0.0799999982
v 0.923879504 0.382683426 -0.0579999983
v 0.881921291 0.471396744 -0.0579999983
v 0.864282846 0.461968809 -0.0799999982
v 0.905401945 0.375029773 -0.0799999982
v 0.881921291 0.471396744 -0.0579999983
v 0.831469595 0.555570245 -0.0579999983
v 0.814840198 0.544458807 -0.0799999982
v 0.864282846 0.461968809 -0.0799999982
v 0.831469595 0.555570245 -0.0579999983
v 0.773010433 0.634393275 -0.0579999983
v 0.75755024 0.621705413 -0.0799999982
v 0.814840198 0.544458807 -0.0799999982
v 0.773010433 0.634393275 -0.0579999983
v 0.707106769 0.707106769 -0.0579999983
v 0.692964673 0.692964673 -0.0799999982
v 0.75755024 0.621705413 -0.0799999982
v 0.707106769 0.707106769 -0.0579999983
v 0.634393275 0.773010433 -0.0579999983
v 0.621705413 0.75755024 -0.0799999982
v 0.692964673 0.692964673 -0.0799999982
v 0.634393275 0.773010433 -0.0579999983
v 0.555570245 0.831469595 -0.0579999983
v 0.544458807 0.814840198 -0.0799999982
v 0.621705413 0.75755024 -0.0799999982
v 0.555570245 0.831469595 -0.0579999983
v 0.471396744 0.881921291 -0.0579999983
v 0.461968809 0.864282846 -0.0799999982
v 0.544458807 0.814840198 -0.0799999982
v 0.471396744 0.881921291 -0.0579999983
v 0.382683426 0.923879504 -0.0579999983
v 0.375029773 0.905401945 -0.0799999982
v 0.461968809 0.864282846 -0.0799999982
v 0.382683426 0.923879504 -0.0579999983
v 0.290284663 0.956940353 -0.0579999983
v 0.284478992 0.93780154 -0.0799999982
v 0.375029773 0.905401945 -0.0799999982
v 0.290284663 0.956940353 -0.0579999983
v 0.195090324 0.980785251 -0.0579999983
v 0.191188514 0.9611696 -0.0799999982
v 0.284478992 0.93780154 -0.0799999982
v 0.195090324 0.980785251 -0.0579999983
v 0.0980171412 0.99518472 -0.0579999983
v 0.0960567966 0.97528106 -0.0799999982
v 0.191188514 0.9611696 -0.0799999982
v 0.0980171412 0.99518472 -0.0579999983
v 6.12323426e-17 1 -0.0579999983
v 6.00076918e-17 0.980000019 -0.0799999982
v 0.0960567966 0.97528106 -0.0799999982
v 6.12323426e-17 1 -0.0579999983
v -0.0980171412 0.99518472 -0.0579999983
v -0.0960567966 0.97528106 -0.0799999982
v 6.00076918e-17 0.980000019 -0.0799999982
v -0.0980171412 0.99518472 -0.0579999983
v -0.195090324 0.980785251 -0.0579999983
v -0.191188514 0.9611696 -0.0799999982
v -0.0960567966 0.97528106 -0.0799999982
v -0.195090324 0.980785251 -0.0579999983
v -0.290284663 0.956940353 -0.0579999983
v -0.284478992 0.93780154 -0.0799999982
v -0.191188514 0.9611696 -0.0799999982
v -0.290284663 0.956940353 -0.0579999983
v -0.382683426 0.923879504 -0.0579999983
v -0.375029773 0.905401945 -0.0799999982
v -0.284478992 0.93780154 -0.0799999982
v -0.382683426 0.923879504 -0.0579999983
v -0.471396744 0.881921291 -0.0579999983
v -0.461968809 0.864282846 -0.0799999982
v -0.375029773 0.905401945 -0.0799999982
v -0.471396744 0.881921291 -0.0579999983
v -0.555570245 0.831469595 -0.0579999983
v -0.544458807 0.814840198 -0.0799999982
v -0.461968809 0.864282846 -0.0799999982
v -0.555570245 0.831469595 -0.0579999983
v -0.634393275 0.773010433 -0.0579999983
v -0.621705413 0.75755024 -0.0799999982
v -0.544458807 0.814840198 -0.0799999982
v -0.634393275 0.773010433 -0.0579999983
v -0.707106769 0.707106769 -0.0579999983
v -0.692964673 0.692964673 -0.0799999982
v -0.621705413 0.75755024 -0.0799999982
v -0.707106769 0.707106769 -0.0579999983
v -0.773010433 0.634393275 -0.0579999983
v -0.75755024 0.621705413 -0.0799999982
v -0.692964673 0.692964673 -0.0799999982
v -0.773010433 0.634393275 -0.0579999983
v -0.831469595 0.555570245 -0.0579999983
v -0.814840198 0.544458807 -0.0799999982
v -0.75755024 0.621705413 -0.0799999982
v -0.831469595 0.555570245 -0.0579999983
v -0.881921291 0.471396744 -0.0579999983
v -0.864282846 0.461968809 -0.0799999982
v -0.814840198 0.544458807 -0.0799999982
v -0.881921291 0.471396744 -0.0579999983
v -0.923879504 0.382683426 -0.0579999983
v -0.905401945 0.375029773 -0.0799999982
v -0.864282846 0.461968809 -0.0799999982
v -0.923879504 0.382683426 -0.0579999983
v -0.956940353 0.290284663 -0.0579999983
v -0.93780154 0.284478992 -0.0799999982
v -0.905401945 0.375029773 -0.0799999982
v -0.956940353 0.290284663 -0.0579999983
v -0.980785251 0.195090324 -0.0579999983
v -0.9611696 0.191188514 -0.0799999982
v -0.93780154 0.284478992 -0.0799999982
v -0.980785251 0.195090324 -0.0579999983
v -0.99518472 0.0980171412 -0.0579999983
v -0.97528106 0.0960567966 -0.0799999982
v -0.9611696 0.191188514 -0.0799999982
v -0.99518472 0.0980171412 -0.0579999983
v -1 1.22464685e-16 -0.0579999983
v -0.980000019 1.20015384e-16 -0.0799999982
v -0.97528106 0.0960567966 -0.0799999982
v -1 1.22464685e-16 -0.0579999983
v -0.99518472 -0.0980171412 -0.0579999983
v -0.97528106 -0.0960567966 -0.0799999982
v -0.980000019 1.20015384e-16 -0.0799999982
v -0.99518472 -0.0980171412 -0.0579999983
v -0.980785251 -0.195090324 -0.0579999983
v -0.9611696 -0.191188514 -0.0799999982
v -0.97528106 -0.0960567966 -0.0799999982
v -0.980785251 -0.195090324 -0.0579999983
v -0.956940353 -0.290284663 -0.0579999983
v -0.93780154 -0.284478992 -0.0799999982
v -0.9611696 -0.191188514 -0.0799999982
v -0.956940353 -0.290284663 -0.0579999983
v -0.923879504 -0.382683426 -0.0579999983
v -0.905401945 -0.375029773 -0.0799999982
v -0.93780154 -0.284478992 -0.0799999982
v -0.923879504 -0.382683426 -0.0579999983
v -0.881921291 -0.471396744 -0.0579999983
v -0.864282846 -0.461968809 -0.0799999982
v -0.905401945 -0.375029773 -0.0799999982
v -0.881921291 -0.471396744 -0.0579999983
v -0.831469595 -0.555570245 -0.0579999983
v -0.814840198 -0.544458807 -0.0799999982
v -0.864282846 -0.461968809 -0.0799999982
v -0.831469595 -0.555570245 -0.0579999983
v -0.773010433 -0.634393275 -0.0579999983
v -0.75755024 -0.621705413 -0.0799999982
v -0.814840198 -0.544458807 -0.0799999982
v -0.773010433 -0.634393275 -0.0579999983
v -0.707106769 -0.707106769 -0.0579999983
v -0.692964673 -0.692964673 -0.0799999982
v -0.75755024 -0.621705413 -0.0799999982
v -0.707106769 -0.707106769 -0.0579999983
v -0.634393275 -0.773010433 -0.0579999983
v -0.621705413 -0.75755024 -0.0799999982
v -0.692964673 -0.692964673 -0.0799999982
v -0.634393275 -0.773010433 -0.0579999983
v -0.555570245 -0.831469595 -0.0579999983
v -0.544458807 -0.814840198 -0.0799999982
v -0.621705413 -0.75755024 -0.0799999982
v -0.555570245 -0.831469595 -0.0579999983
v -0.471396744 -0.881921291 -0.0579999983
v -0.461968809 -0.864282846 -0.0799999982
v -0.544458807 -0.814840198 -0.0799999982
v -0.471396744 -0.881921291 -0.0579999983
v -0.382683426 -0.923879504 -0.0579999983
v -0.375029773 -0.905401945 -0.0799999982
v -0.461968809 -0.864282846 -0.0799999982
v -0.382683426 -0.923879504 -0.0579999983
v -0.290284663 -0.956940353 -0.0579999983
v -0.284478992 -0.93780154 -0.0799999982
v -0.375029773 -0.905401945 -0.0799999982
v -0.290284663 -0.956940353 -0.0579999983
v -0.195090324 -0.980785251 -0.0579999983
v -0.191188514 -0.9611696 -0.0799999982
v -0.284478992 -0.93780154 -0.0799999982
v -0.195090324 -0.980785251 -0.0579999983
v -0.0980171412 -0.99518472 -0.0579999983
v -0.0960567966 -0.97528106 -0.0799999982
v -0.191188514 -0.9611696 -0.0799999982
v -0.0980171412 -0.99518472 -0.0579999983
v -1.83697015e-16 -1 -0.0579999983
v -1.80023075e-16 -0.980000019 -0.0799999982
v -0.0960567966 -0.97528106 -0.0799999982
v -1.83697015e-16 -1 -0.0579999983
v 0.0980171412 -0.99518472 -0.0579999983
v 0.0960567966 -0.97528106 -0.0799999982
v -1.80023075e-16 -0.980000019 -0.0799999982
v 0.0980171412 -0.99518472 -0.0579999983
v 0.195090324 -0.980785251 -0.0579999983
v 0.191188514 -0.9611696 -0.0799999982
v 0.0960567966 -0.97528106 -0.0799999982
v 0.195090324 -0.980785251 -0.0579999983
v 0.290284663 -0.956940353 -0.0579999983
v 0.284478992 -0.93780154 -0.0799999982
v 0.191188514 -0.9611696 -0.0799999982
v 0.290284663 -0.956940353 -0.0579999983
v 0.382683426 -0.923879504 -0.0579999983
v 0.375029773 -0.905401945 -0.0799999982
v 0.284478992 -0.93780154 -0.0799999982
v 0.382683426 -0.923879504 -0.0579999983
v 0.471396744 -0.881921291 -0.0579999983
v 0.461968809 -0.864282846 -0.0799999982
v 0.375029773 -0.905401945 -0.0799999982
v 0.471396744 -0.881921291 -0.0579999983
v 0.555570245 -0.831469595 -0.0579999983
v 0.544458807 -0.814840198 -0.0799999982
v 0.461968809 -0.864282846 -0.0799999982
v 0.555570245 -0.831469595 -0.0579999983
v 0.634393275 -0.773010433 -0.0579999983
v 0.621705413 -0.75755024 -0.0799999982
v 0.544458807 -0.814840198 -0.0799999982
v 0.634393275 -0.773010433 -0.0579999983
v 0.707106769 -0.707106769 -0.0579999983
v 0.692964673 -0.692964673 -0.0799999982
v 0.621705413 -0.75755024 -0.0799999982
v 0.707106769 -0.707106769 -0.0579999983
v 0.773010433 -0.634393275 -0.0579999983
v 0.75755024 -0.621705413 -0.0799999982
v 0.692964673 -0.692964673 -0.0799999982
v 0.773010433 -0.634393275 -0.0579999983
v 0.831469595 -0.555570245 -0.0579999983
v 0.814840198 -0.544458807 -0.0799999982
v 0.75755024 -0.621705413 -0.0799999982
v 0.831469595 -0.555570245 -0.0579999983
v 0.881921291 -0.471396744 -0.0579999983
v 0.864282846 -0.461968809 -0.0799999982
v 0.814840198 -0.544458807 -0.0799999982
v 0.881921291 -0.471396744 -0.0579999983
v 0.923879504 -0.382683426 -0.0579999983
v 0.905401945 -0.375029773 -0.0799999982
v 0.864282846 -0.461968809 -0.0799999982
v 0.923879504 -0.382683426 -0.0579999983
v 0.956940353 -0.290284663 -0.0579999983
v 0.93780154 -0.284478992 -0.0799999982
v 0.905401945 -0.375029773 -0.0799999982
v 0.956940353 -0.290284663 -0.0579999983
v 0.980785251 -0.195090324 -0.0579999983
v 0.9611696 -0.191188514 -0.0799999982
v 0.93780154 -0.284478992 -0.0799999982
v 0.980785251 -0.195090324 -0.0579999983
v 0.99518472 -0.0980171412 -0.0579999983
v 0.97528106 -0.0960567966 -0.0799999982
v 0.9611696 -0.191188514 -0.0799999982
v 0.99518472 -0.0980171412 -0.0579999983
v 1 -2.44929371e-16 -0.0579999983
v 0.980000019 -2.40030767e-16 -0.0799999982
v 0.97528106 -0.0960567966 -0.0799999982
v 1 0 0.0579999983
v 0.99518472 0.0980171412 0.0579999983
v 0.99518472 0.0980171412 -0.0579999983
v 1 0 -0.0579999983
v 0.99518472 0.0980171412 0.0579999983
v 0.980785251 0.195090324 0.0579999983
v 0.980785251 0.195090324 -0.0579999983
v 0.99518472 0.0980171412 -0.0579999983
v 0.980785251 0.195090324 0.0579999983
v 0.956940353 0.290284663 0.0579999983
v 0.956940353 0.290284663 -0.0579999983
v 0.980785251 0.195090324 -0.0579999983
v 0.956940353 0.290284663 0.0579999983
v 0.923879504 0.382683426 0.0579999983
v 0.923879504 0.382683426 -0.0579999983
v 0.956940353 0.290284663 -0.0579999983
v 0.923879504 0.382683426 0.0579999983
v 0.881921291 0.471396744 0.0579999983
v 0.881921291 0.471396744 -0.0579999983
v 0.923879504 0.382683426 -0.0579999983
v 0.881921291 0.471396744 0.0579999983
v 0.831469595 0.555570245 0.0579999983
v 0.831469595 0.555570245 -0.0579999983
v 0.881921291 0.471396744 -0.0579999983
v 0.831469595 0.555570245 0.0579999983
v 0.773010433 0.634393275 0.0579999983
v 0.773010433 0.634393275 -0.0579999983
v 0.831469595 0.555570245 -0.0579999983
v 0.773010433 0.634393275 0.0579999983
v 0.707106769 0.707106769 0.0579999983
v 0.707106769 0.707106769 -0.0579999983
v 0.773010433 0.634393275 -0.0579999983
v 0.707106769 0.707106769 0.0579999983
v 0.634393275 0.773010433 0.0579999983
v 0.634393275 0.773010433 -0.0579999983
v 0.707106769 0.707106769 -0.0579999983
v 0.634393275 0.773010433 0.0579999983
v 0.555570245 0.831469595 0.0579999983
v 0.555570245 0.831469595 -0.0579999983
v 0.634393275 0.773010433 -0.0579999983
v 0.555570245 0.831469595 0.0579999983
v 0.471396744 0.881921291 0.0579999983
v 0.471396744 0.881921291 -0.0579999983
v 0.555570245 0.831469595 -0.0579999983
v 0.471396744 0.881921291 0.0579999983
v 0.382683426 0.923879504 0.0579999983
v 0.382683426 0.923879504 -0.0579999983
v 0.471396744 0.881921291 -0.0579999983
v 0.382683426 0.923879504 0.0579999983
v 0.290284663 0.956940353 0.0579999983
v 0.290284663 0.956940353 -0.0579999983
v 0.382683426 0.923879504 -0.0579999983
v 0.290284663 0.956940353 0.0579999983
v 0.195090324 0.980785251 0.0579999983
v 0.195090324 0.980785251 -0.0579999983
v 0.290284663 0.956940353 -0.0579999983
v 0.195090324 0.980785251 0.0579999983
v 0.0980171412 0.99518472 0.0579999983
v 0.0980171412 0.99518472 -0.0579999983
v 0.195090324 0.980785251 -0.0579999983
v 0.0980171412 0.99518472 0.0579999983
v 6.12323426e-17 1 0.0579999983
v 6.12323426e-17 1 -0.0579999983
v 0.0980171412 0.99518472 -0.0579999983
v 6.12323426e-17 1 0.0579999983
v -0.0980171412 0.99518472 0.0579999983
v -0.0980171412 0.99518472 -0.0579999983
v 6.12323426e-17 1 -0.0579999983
v -0.0980171412 0.99518472 0.0579999983
v -0.195090324 0.980785251 0.0579999983
v -0.195090324 0.980785251 -0.0579999983
v -0.0980171412 0.99518472 -0.0579999983
v -0.195090324 0.980785251 0.0579999983
v -0.290284663 0.956940353 0.0579999983
v -0.290284663 0.956940353 -0.0579999983
v -0.195090324 0.980785251 -0.0579999983
v -0.290284663 0.956940353 0.0579999983
v -0.382683426 0.923879504 0.0579999983
v -0.382683426 0.923879504 -0.0579999983
v -0.290284663 0.956940353 -0.0579999983
v -0.382683426 0.923879504 0.0579999983
v -0.471396744 0.881921291 0.0579999983
v -0.471396744 0.881921291 -0.0579999983
v -0.382683426 0.923879504 -0.0579999983
v -0.471396744 0.881921291 0.0579999983
v -0.555570245 0.831469595 0.0579999983
v -0.555570245 0.831469595 -0.0579999983
v -0.471396744 0.881921291 -0.0579999983
v -0.555570245 0.831469595 0.0579999983
v -0.634393275 0.773010433 0.0579999983
v -0.634393275 0.773010433 -0.0579999983
v -0.555570245 0.831469595 -0.0579999983
v -0.634393275 0.773010433 0.0579999983
v -0.707106769 0.707106769 0.0579999983
v -0.707106769 0.707106769 -0.0579999983
v -0.634393275 0.773010433 -0.0579999983
v -0.707106769 0.707106769 0.0579999983
v -0.773010433 0.634393275 0.0579999983
v -0.773010433 0.634393275 -0.0579999983
v -0.707106769 0.707106769 -0.0579999983
v -0.773010433 0.634393275 0.0579999983
v -0.831469595 0.555570245 0.0579999983
v -0.831469595 0.555570245 -0.0579999983
v -0.773010433 0.634393275 -0.0579999983
v -0.831469595 0.555570245 0.0579999983
v -0.881921291 0.471396744 0.0579999983
v -0.881921291 0.471396744 -0.0579999983
v -0.831469595 0.555570245 -0.0579999983
v -0.881921291 0.471396744 0.0579999983
v -0.923879504 0.382683426 0.0579999983
v -0.923879504 0.382683426 -0.0579999983
v -0.881921291 0.471396744 -0.0579999983
v -0.923879504 0.382683426 0.0579999983
v -0.956940353 0.290284663 0.0579999983
v -0.956940353 0.290284663 -0.0579999983
v -0.923879504 0.382683426 -0.0579999983
v -0.956940353 0.290284663 0.0579999983
v -0.980785251 0.195090324 0.0579999983
v -0.980785251 0.195090324 -0.0579999983
v -0.956940353 0.290284663 -0.0579999983
v -0.980785251 0.195090324 0.0579999983
v -0.99518472 0.0980171412 0.0579999983
v -0.99518472 0.0980171412 -0.0579999983
v -0.980785251 0.195090324 -0.0579999983
v -0.99518472 0.0980171412 0.0579999983
v -1 1.22464685e-16 0.0579999983
v -1 1.22464685e-16 -0.0579999983
v -0.99518472 0.0980171412 -0.0579999983
v -1 1.22464685e-16 0.0579999983
v -0.99518472 -0.0980171412 0.0579999983
v -0.99518472 -0.0980171412 -0.0579999983
v -1 1.22464685e-16 -0.0579999983
v -0.99518472 -0.0980171412 0.0579999983
v -0.980785251 -0.195090324 0.0579999983
v -0.980785251 -0.195090324 -0.0579999983
v -0.99518472 -0.0980171412 -0.0579999983
v -0.980785251 -0.195090324 0.0579999983
v -0.956940353 -0.290284663 0.0579999983
v -0.956940353 -0.290284663 -0.0579999983
v -0.980785251 -0.195090324 -0.0579999983
v -0.956940353 -0.290284663 0.0579999983
v -0.923879504 -0.382683426 0.0579999983
v -0.923879504 -0.382683426 -0.0579999983
v -0.956940353 -0.290284663 -0.0579999983
v -0.923879504 -0.382683426 0.0579999983
v -0.881921291 -0.471396744 0.0579999983
v -0.881921291 -0.471396744 -0.0579999983
v -0.923879504 -0.382683426 -0.0579999983
v -0.881921291 -0.471396744 0.0579999983
v -0.831469595 -0.555570245 0.0579999983
v -0.831469595 -0.555570245 -0.0579999983
v -0.881921291 -0.471396744 -0.0579999983
v -0.831469595 -0.555570245 0.0579999983
v -0.773010433 -0.634393275 0.0579999983
v -0.773010433 -0.634393275 -0.0579999983
v -0.831469595 -0.555570245 -0.0579999983
v -0.773010433 -0.634393275 0.0579999983
v -0.707106769 -0.707106769 0.0579999983
v -0.707106769 -0.707106769 -0.0579999983
v -0.773010433 -0.634393275 -0.0579999983
v -0.707106769 -0.707106769 0.0579999983
v -0.634393275 -0.773010433 0.0579999983
v -0.634393275 -0.773010433 -0.0579999983
v -0.707106769 -0.707106769 -0.0579999983
v -0.634393275 -0.773010433 0.0579999983
v -0.555570245 -0.831469595 0.0579999983
v -0.555570245 -0.831469595 -0.0579999983
v -0.634393275 -0.773010433 -0.0579999983
v -0.555570245 -0.831469595 0.0579999983
v -0.471396744 -0.881921291 0.0579999983
v -0.471396744 -0.881921291 -0.0579999983
v -0.555570245 -0.831469595 -0.0579999983
v -0.471396744 -0.881921291 0.0579999983
v -0.382683426 -0.923879504 0.0579999983
v -0.382683426 -0.923879504 -0.0579999983
v -0.471396744 -0.881921291 -0.0579999983
v -0.382683426 -0.923879504 0.0579999983
v -0.290284663 -0.956940353 0.0579999983
v -0.290284663 -0.956940353 -0.0579999983
v -0.382683426 -0.923879504 -0.0579999983
v -0.290284663 -0.956940353 0.0579999983
v -0.195090324 -0.980785251 0.0579999983
v -0.195090324 -0.980785251 -0.0579999983
v -0.290284663 -0.956940353 -0.0579999983
v -0.195090324 -0.980785251 0.0579999983
v -0.0980171412 -0.99518472 0.0579999983
v -0.0980171412 -0.99518472 -0.0579999983
v -0.195090324 -0.980785251 -0.0579999983
v -0.0980171412 -0.99518472 0.0579999983
v -1.83697015e-16 -1 0.0579999983
v -1.83697015e-16 -1 -0.0579999983
v -0.0980171412 -0.99518472 -0.0579999983
v -1.83697015e-16 -1 0.0579999983
v 0.0980171412 -0.99518472 0.0579999983
v 0.0980171412 -0.99518472 -0.0579999983
v -1.83697015e-16 -1 -0.0579999983
v 0.0980171412 -0.99518472 0.0579999983
v 0.195090324 -0.980785251 0.0579999983
v 0.195090324 -0.980785251 -0.0579999983
v 0.0980171412 -0.99518472 -0.0579999983
v 0.195090324 -0.980785251 0.0579999983
v 0.290284663 -0.956940353 0.0579999983
v 0.290284663 -0.956940353 -0.0579999983
v 0.195090324 -0.980785251 -0.0579999983
v 0.290284663 -0.956940353 0.0579999983
v 0.382683426 -0.923879504 0.0579999983
v 0.382683426 -0.923879504 -0.0579999983
v 0.290284663 -0.956940353 -0.0579999983
v 0.382683426 -0.923879504 0.0579999983
v 0.471396744 -0.881921291 0.0579999983
v 0.471396744 -0.881921291 -0.0579999983
v 0.382683426 -0.923879504 -0.0579999983
v 0.471396744 -0.881921291 0.0579999983
v 0.555570245 -0.831469595 0.0579999983
v 0.555570245 -0.831469595 -0.0579999983
v 0.471396744 -0.881921291 -0.0579999983
v 0.555570245 -0.831469595 0.0579999983
v 0.634393275 -0.773010433 0.0579999983
v 0.634393275 -0.773010433 -0.0579999983
v 0.555570245 -0.831469595 -0.0579999983
v 0.634393275 -0.773010433 0.0579999983
v 0.707106769 -0.707106769 0.0579999983
v 0.707106769 -0.707106769 -0.0579999983
v 0.634393275 -0.773010433 -0.0579999983
v 0.707106769 -0.707106769 0.0579999983
v 0.773010433 -0.634393275 0.0579999983
v 0.773010433 -0.634393275 -0.0579999983
v 0.707106769 -0.707106769 -0.0579999983
v 0.773010433 -0.634393275 0.0579999983
v 0.831469595 -0.555570245 0.0579999983
v 0.831469595 -0.555570245 -0.0579999983
v 0.773010433 -0.634393275 -0.0579999983
v 0.831469595 -0.555570245 0.0579999983
v 0.881921291 -0.471396744 0.0579999983
v 0.881921291 -0.471396744 -0.0579999983
v 0.831469595 -0.555570245 -0.0579999983
v 0.881921291 -0.471396744 0.0579999983
v 0.923879504 -0.382683426 0.0579999983
v 0.923879504 -0.382683426 -0.0579999983
v 0.881921291 -0.471396744 -0.0579999983
v 0.923879504 -0.382683426 0.0579999983
v 0.956940353 -0.290284663 0.0579999983
v 0.956940353 -0.290284663 -0.0579999983
v 0.923879504 -0.382683426 -0.0579999983
v 0.956940353 -0.290284663 0.0579999983
v 0.980785251 -0.195090324 0.0579999983
v 0.980785251 -0.195090324 -0.0579999983
v 0.956940353 -0.290284663 -0.0579999983
v 0.980785251 -0.195090324 0.0579999983
v 0.99518472 -0.0980171412 0.0579999983
v 0.99518472 -0.0980171412 -0.0579999983
v 0.980785251 -0.195090324 -0.0579999983
v 0.99518472 -0.0980171412 0.0579999983
v 1 -2.44929371e-16 0.0579999983
v 1 -2.44929371e-16 -0.0579999983
v 0.99518472 -0.0980171412 -0.0579999983
v 0.980000019 0 0.0799999982
v 0.97528106 0.0960567966 0.0799999982
v 0.99518472 0.0980171412 0.0579999983
v 1 0 0.0579999983
v 0.97528106 0.0960567966 0.0799999982
v 0.9611696 0.191188514 0.0799999982
v 0.980785251 0.195090324 0.0579999983
v 0.99518472 0.0980171412 0.0579999983
v 0.9611696 0.191188514 0.0799999982
v 0.93780154 0.284478992 0.0799999982
v 0.956940353 0.290284663 0.0579999983
v 0.980785251 0.195090324 0.0579999983
v 0.93780154 0.284478992 0.0799999982
v 0.905401945 0.375029773 0.0799999982
v 0.923879504 0.382683426 0.0579999983
v 0.956940353 0.290284663 0.0579999983
v 0.905401945 0.375029773 0.0799999982
v 0.864282846 0.461968809 0.0799999982
v 0.881921291 0.471396744 0.0579999983
v 0.923879504 0.382683426 0.0579999983
v 0.864282846 0.461968809 0.0799999982
v 0.814840198 0.544458807 0.0799999982
v 0.831469595 0.555570245 0.0579999983
v 0.881921291 0.471396744 0.0579999983
v 0.814840198 0.544458807 0.0799999982
v 0.75755024 0.621705413 0.0799999982
v 0.773010433 0.634393275 0.0579999983
v 0.831469595 0.555570245 0.0579999983
v 0.75755024 0.621705413 0.0799999982
v 0.692964673 0.692964673 0.0799999982
v 0.707106769 0.707106769 0.0579999983
v 0.773010433 0.634393275 0.0579999983
v 0.692964673 0.692964673 0.0799999982
v 0.621705413 0.75755024 0.0799999982
v 0.634393275 0.773010433 0.0579999983
v 0.707106769 0.707106769 0.0579999983
v 0.621705413 0.75755024 0.0799999982
v 0.544458807 0.814840198 0.0799999982
v 0.555570245 0.831469595 0.0579999983
v 0.634393275 0.773010433 0.0579999983
v 0.544458807 0.814840198 0.0799999982
v 0.461968809 0.864282846 0.0799999982
v 0.471396744 0.881921291 0.0579999983
v 0.555570245 0.831469595 0.0579999983
v 0.461968809 0.864282846 0.0799999982
v 0.375029773 0.905401945 0.0799999982
v 0.382683426 0.923879504 0.0579999983
v 0.471396744 0.881921291 0.0579999983
v 0.375029773 0.905401945 0.0799999982
v 0.284478992 0.93780154 0.0799999982
v 0.290284663 0.956940353 0.0579999983
v 0.382683426 0.923879504 0.0579999983
v 0.284478992 0.93780154 0.0799999982
v 0.191188514 0.9611696 0.0799999982
v 0.195090324 0.980785251 0.0579999983
v 0.290284663 0.956940353 0.0579999983
v 0.191188514 0.9611696 0.0799999982
v 0.0960567966 0.97528106 0.0799999982
v 0.0980171412 0.99518472 0.0579999983
v 0.195090324 0.980785251 0.0579999983
v 0.0960567966 0.97528106 0.0799999982
v 6.00076918e-17 0.980000019 0.0799999982
v 6.12323426e-17 1 0.0579999983
v 0.0980171412 0.99518472 0.0579999983
v 6.00076918e-17 0.980000019 0.0799999982
v -0.0960567966 0.97528106 0.0799999982
v -0.0980171412 0.99518472 0.0579999983
v 6.12323426e-17 1 0.0579999983
v -0.0960567966 0.97528106 0.0799999982
v -0.191188514 0.9611696 0.0799999982
v -0.195090324 0.980785251 0.0579999983
v -0.0980171412 0.99518472 0.0579999983
v -0.191188514 0.9611696 0.0799999982
v -0.284478992 0.93780154 0.0799999982
v -0.290284663 0.956940353 0.0579999983
v -0.195090324 0.980785251 0.0579999983
v -0.284478992 0.93780154 0.0799999982
v -0.375029773 0.905401945 0.0799999982
v -0.382683426 0.923879504 0.0579999983
v -0.290284663 0.956940353 0.0579999983
v -0.375029773 0.905401945 0.0799999982
v -0.461968809 0.864282846 0.0799999982
v -0.471396744 0.881921291 0.0579999983
v -0.382683426 0.923879504 0.0579999983
v -0.461968809 0.864282846 0.0799999982
v -0.544458807 0.814840198 0.0799999982
v -0.555570245 0.831469595 0.0579999983
v -0.471396744 0.881921291 0.0579999983
v -0.544458807 0.814840198 0.0799999982
v -0.621705413 0.75755024 0.0799999982
v -0.634393275 0.773010433 0.0579999983
v -0.555570245 0.831469595 0.0579999983
v -0.621705413 0.75755024 0.0799999982
v -0.692964673 0.692964673 0.0799999982
v -0.707106769 0.707106769 0.0579999983
v -0.634393275 0.773010433 0.0579999983
v -0.692964673 0.692964673 0.0799999982
v -0.75755024 0.621705413 0.0799999982
v -0.773010433 0.634393275 0.0579999983
v -0.707106769 0.707106769 0.0579999983
v -0.75755024 0.621705413 0.0799999982
v -0.814840198 0.544458807 0.0799999982
v -0.831469595 0.555570245 0.0579999983
v -0.773010433 0.634393275 0.0579999983
v -0.814840198 0.544458807 0.0799999982
v -0.864282846 0.461968809 0.0799999982
v -0.881921291 0.471396744 0.0579999983
v -0.831469595 0.555570245 0.0579999983
v -0.864282846 0.461968809 0.0799999982
v -0.905401945 0.375029773 0.0799999982
v -0.923879504 0.382683426 0.0579999983
v -0.881921291 0.471396744 0.0579999983
v -0.905401945 0.375029773 0.0799999982
v -0.93780154 0.284478992 0.0799999982
v -0.956940353 0.290284663 0.0579999983
v -0.923879504 0.382683426 0.0579999983
v -0.93780154 0.284478992 0.0799999982
v -0.9611696 0.191188514 0.0799999982
v -0.980785251 0.195090324 0.0579999983
v -0.956940353 0.290284663 0.0579999983
v -0.9611696 0.191188514 0.0799999982
v -0.97528106 0.0960567966 0.0799999982
v -0.99518472 0.0980171412 0.0579999983
v -0.980785251 0.195090324 0.0579999983
v -0.97528106 0.0960567966 0.0799999982
v -0.980000019 1.20015384e-16 0.0799999982
v -1 1.22464685e-16 0.0579999983
v -0.99518472 0.0980171412 0.0579999983
v -0.980000019 1.20015384e-16 0.0799999982
v -0.97528106 -0.0960567966 0.0799999982
v -0.99518472 -0.0980171412 0.0579999983
v -1 1.22464685e-16 0.0579999983
v -0.97528106 -0.0960567966 0.0799999982
v -0.9611696 -0.191188514 0.0799999982
v -0.980785251 -0.195090324 0.0579999983
v -0.99518472 -0.0980171412 0.0579999983
v -0.9611696 -0.191188514 0.0799999982
v -0.93780154 -0.284478992 0.0799999982
v -0.956940353 -0.290284663 0.0579999983
v -0.980785251 -0.195090324 0.0579999983
v -0.93780154 -0.284478992 0.0799999982
v -0.905401945 -0.375029773 0.0799999982
v -0.923879504 -0.382683426 0.0579999983
v -0.956940353 -0.290284663 0.0579999983
v -0.905401945 -0.375029773 0.0799999982
v -0.864282846 -0.461968809 0.0799999982
v -0.881921291 -0.471396744 0.0579999983
v -0.923879504 -0.382683426 0.0579999983
v -0.864282846 -0.461968809 0.0799999982
v -0.814840198 -0.544458807 0.0799999982
v -0.831469595 -0.555570245 0.0579999983
v -0.881921291 -0.471396744 0.0579999983
v -0.814840198 -0.544458807 0.0799999982
v -0.75755024 -0.621705413 0.0799999982
v -0.773010433 -0.634393275 0.0579999983
v -0.831469595 -0.555570245 0.0579999983
v -0.75755024 -0.621705413 0.0799999982
v -0.692964673 -0.692964673 0.0799999982
v -0.707106769 -0.707106769 0.0579999983
v -0.773010433 -0.634393275 0.0579999983
v -0.692964673 -0.692964673 0.0799999982
v -0.621705413 -0.75755024 0.0799999982
v -0.634393275 -0.773010433 0.0579999983
v -0.707106769 -0.707106769 0.0579999983
v -0.621705413 -0.75755024 0.0799999982
v -0.544458807 -0.814840198 0.0799999982
v -0.555570245 -0.831469595 0.0579999983
v -0.634393275 -0.773010433 0.0579999983
v -0.544458807 -0.814840198 0.0799999982
v -0.461968809 -0.864282846 0.0799999982
v -0.471396744 -0.881921291 0.0579999983
v -0.555570245 -0.831469595 0.0579999983
v -0.461968809 -0.864282846 0.0799999982
v -0.375029773 -0.905401945 0.0799999982
v -0.382683426 -0.923879504 0.0579999983
v -0.471396744 -0.881921291 0.0579999983
v -0.375029773 -0.905401945 0.0799999982
v -0.284478992 -0.93780154 0.0799999982
v -0.290284663 -0.956940353 0.0579999983
v -0.382683426 -0.923879504 0.0579999983
v -0.284478992 -0.93780154 0.0799999982
v -0.191188514 -0.9611696 0.0799999982
v -0.195090324 -0.980785251 0.0579999983
v -0.290284663 -0.956940353 0.0579999983
v -0.191188514 -0.9611696 0.0799999982
v -0.0960567966 -0.97528106 0.0799999982
v -0.0980171412 -0.99518472 0.0579999983
v -0.195090324 -0.980785251 0.0579999983
v -0.0960567966 -0.97528106 0.0799999982
v -1.80023075e-16 -0.980000019 0.0799999982
v -1.83697015e-16 -1 0.0579999983
v -0.0980171412 -0.99518472 0.0579999983
v -1.80023075e-16 -0.980000019 0.0799999982
v 0.0960567966 -0.97528106 0.0799999982
v 0.0980171412 -0.99518472 0.0579999983
v -1.83697015e-16 -1 0.0579999983
v 0.0960567966 -0.97528106 0.0799999982
v 0.191188514 -0.9611696 0.0799999982
v 0.195090324 -0.980785251 0.0579999983
v 0.0980171412 -0.99518472 0.0579999983
v 0.191188514 -0.9611696 0.0799999982
v 0.284478992 -0.93780154 0.0799999982
v 0.290284663 -0.956940353 0.0579999983
v 0.195090324 -0.980785251 0.0579999983
v 0.284478992 -0.93780154 0.0799999982
v 0.375029773 -0.905401945 0.0799999982
v 0.382683426 -0.923879504 0.0579999983
v 0.290284663 -0.956940353 0.0579999983
v 0.375029773 -0.905401945 0.0799999982
v 0.461968809 -0.864282846 0.0799999982
v 0.471396744 -0.881921291 0.0579999983
v 0.382683426 -0.923879504 0.0579999983
v 0.461968809 -0.864282846 0.0799999982
v 0.544458807 -0.814840198 0.0799999982
v 0.555570245 -0.831469595 0.0579999983
v 0.471396744 -0.881921291 0.0579999983
v 0.544458807 -0.814840198 0.0799999982
v 0.621705413 -0.75755024 0.0799999982
v 0.634393275 -0.773010433 0.0579999983
v 0.555570245 -0.831469595 0.0579999983
v 0.621705413 -0.75755024 0.0799999982
v 0.692964673 -0.692964673 0.0799999982
v 0.707106769 -0.707106769 0.0579999983
v 0.634393275 -0.773010433 0.0579999983
v 0.692964673 -0.692964673 0.0799999982
v 0.75755024 -0.621705413 0.0799999982
v 0.773010433 -0.634393275 0.0579999983
v 0.707106769 -0.707106769 0.0579999983
v 0.75755024 -0.621705413 0.0799999982
v 0.814840198 -0.544458807 0.0799999982
v 0.831469595 -0.555570245 0.0579999983
v 0.773010433 -0.634393275 0.0579999983
v 0.814840198 -0.544458807 0.0799999982
v 0.864282846 -0.461968809 0.0799999982
v 0.881921291 -0.471396744 0.0579999983
v 0.831469595 -0.555570245 0.0579999983
v 0.864282846 -0.461968809 0.0799999982
v 0.905401945 -0.375029773 0.0799999982
v 0.923879504 -0.382683426 0.0579999983
v 0.881921291 -0.471396744 0.0579999983
v 0.905401945 -0.375029773 0.0799999982
v 0.93780154 -0.284478992 0.0799999982
v 0.956940353 -0.290284663 0.0579999983
v 0.923879504 -0.382683426 0.0579999983
v 0.93780154 -0.284478992 0.0799999982
v 0.9611696 -0.191188514 0.0799999982
v 0.980785251 -0.195090324 0.0579999983
v 0.956940353 -0.290284663 0.0579999983
v 0.9611696 -0.191188514 0.0799999982
v 0.97528106 -0.0960567966 0.0799999982
v 0.99518472 -0.0980171412 0.0579999983
v 0.980785251 -0.195090324 0.0579999983
v 0.97528106 -0.0960567966 0.0799999982
v 0.980000019 -2.40030767e-16 0.0799999982
v 1 -2.44929371e-16 0.0579999983
v 0.99518472 -0.0980171412 0.0579999983
v 0.910000026 0 0.0799999982
v 0.905618072 0.0891955942 0.0799999982
v 0.97528106 0.0960567966 0.0799999982
v 0.980000019 0 0.0799999982
v 0.905618072 0.0891955942 0.0799999982
v 0.892514586 0.177532196 0.0799999982
v 0.9611696 0.191188514 0.0799999982
v 0.97528106 0.0960567966 0.0799999982
v 0.892514586 0.177532196 0.0799999982
v 0.870815694 0.264159054 0.0799999982
v 0.93780154 0.284478992 0.0799999982
v 0.9611696 0.191188514 0.0799999982
v 0.870815694 0.264159054 0.0799999982
v 0.840730369 0.348241925 0.0799999982
v 0.905401945 0.375029773 0.0799999982
v 0.93780154 0.284478992 0.0799999982
v 0.840730369 0.348241925 0.0799999982
v 0.802548349 0.428971022 0.0799999982
v 0.864282846 0.461968809 0.0799999982
v 0.905401945 0.375029773 0.0799999982
v 0.802548349 0.428971022 0.0799999982
v 0.756637335 0.505568922 0.0799999982
v 0.814840198 0.544458807 0.0799999982
v 0.864282846 0.461968809 0.0799999982
v 0.756637335 0.505568922 0.0799999982
v 0.703439534 0.577297866 0.0799999982
v 0.75755024 0.621705413 0.0799999982
v 0.814840198 0.544458807 0.0799999982
v 0.703439534 0.577297866 0.0799999982
v 0.643467188 0.643467188 0.0799999982
v 0.692964673 0.692964673 0.0799999982
v 0.75755024 0.621705413 0.0799999982
v 0.643467188 0.643467188 0.0799999982
v 0.577297866 0.703439534 0.0799999982
v 0.621705413 0.75755024 0.0799999982
v 0.692964673 0.692964673 0.0799999982
v 0.577297866 0.703439534 0.0799999982
v 0.505568922 0.756637335 0.0799999982
v 0.544458807 0.814840198 0.0799999982
v 0.621705413 0.75755024 0.0799999982
v 0.505568922 0.756637335 0.0799999982
v 0.428971022 0.802548349 0.0799999982
v 0.461968809 0.864282846 0.0799999982
v 0.544458807 0.814840198 0.0799999982
v 0.428971022 0.802548349 0.0799999982
v 0.348241925 0.840730369 0.0799999982
v 0.375029773 0.905401945 0.0799999982
v 0.461968809 0.864282846 0.0799999982
v 0.348241925 0.840730369 0.0799999982
v 0.264159054 0.870815694 0.0799999982
v 0.284478992 0.93780154 0.0799999982
v 0.375029773 0.905401945 0.0799999982
v 0.264159054 0.870815694 0.0799999982
v 0.177532196 0.892514586 0.0799999982
v 0.191188514 0.9611696 0.0799999982
v 0.284478992 0.93780154 0.0799999982
v 0.177532196 0.892514586 0.0799999982
v 0.0891955942 0.905618072 0.0799999982
v 0.0960567966 0.97528106 0.0799999982
v 0.191188514 0.9611696 0.0799999982
v 0.0891955942 0.905618072 0.0799999982
v 5.57214272e-17 0.910000026 0.0799999982
v 6.00076918e-17 0.980000019 0.0799999982
v 0.0960567966 0.97528106 0.0799999982
v 5.57214272e-17 0.910000026 0.0799999982
v -0.0891955942 0.905618072 0.0799999982
v -0.0960567966 0.97528106 0.0799999982
v 6.00076918e-17 0.980000019 0.0799999982
v -0.0891955942 0.905618072 0.0799999982
v -0.177532196 0.892514586 0.0799999982
v -0.191188514 0.9611696 0.0799999982
v -0.0960567966 0.97528106 0.0799999982
v -0.177532196 0.892514586 0.0799999982
v -0.264159054 0.870815694 0.0799999982
v -0.284478992 0.93780154 0.0799999982
v -0.191188514 0.9611696 0.0799999982
v -0.264159054 0.870815694 0.0799999982
v -0.348241925 0.840730369 0.0799999982
v -0.375029773 0.905401945 0.0799999982
v -0.284478992 0.93780154 0.0799999982
v -0.348241925 0.840730369 0.0799999982
v -0.428971022 0.802548349 0.0799999982
v -0.461968809 0.864282846 0.0799999982
v -0.375029773 0.905401945 0.0799999982
v -0.428971022 0.802548349 0.0799999982
v -0.505568922 0.756637335 0.0799999982
v -0.544458807 0.814840198 0.0799999982
v -0.461968809 0.864282846 0.0799999982
v -0.505568922 0.756637335 0.0799999982
v -0.577297866 0.703439534 0.0799999982
v -0.621705413 0.75755024 0.0799999982
v -0.544458807 0.814840198 0.0799999982
v -0.577297866 0.703439534 0.0799999982
v -0.643467188 0.643467188 0.0799999982
v -0.692964673 0.692964673 0.0799999982
v -0.621705413 0.75755024 0.0799999982
v -0.643467188 0.643467188 0.0799999982
v -0.703439534 0.577297866 0.0799999982
v -0.75755024 0.621705413 0.0799999982
v -0.692964673 0.692964673 0.0799999982
v -0.703439534 0.577297866 0.0799999982
v -0.756637335 0.505568922 0.0799999982
v -0.814840198 0.544458807 0.0799999982
v -0.75755024 0.621705413 0.0799999982
v -0.756637335 0.505568922 0.0799999982
v -0.802548349 0.428971022 0.0799999982
v -0.864282846 0.461968809 0.0799999982
v -0.814840198 0.544458807 0.0799999982
v -0.802548349 0.428971022 0.0799999982
v -0.840730369 0.348241925 0.0799999982
v -0.905401945 0.375029773 0.0799999982
v -0.864282846 0.461968809 0.0799999982
v -0.840730369 0.348241925 0.0799999982
v -0.870815694 0.264159054 0.0799999982
v -0.93780154 0.284478992 0.0799999982
v -0.905401945 0.375029773 0.0799999982
v -0.870815694 0.264159054 0.0799999982
v -0.892514586 0.177532196 0.0799999982
v -0.9611696 0.191188514 0.0799999982
v -0.93780154 0.284478992 0.0799999982
v -0.892514586 0.177532196 0.0799999982
v -0.905618072 0.0891955942 0.0799999982
v -0.97528106 0.0960567966 0.0799999982
v -0.9611696 0.191188514 0.0799999982
v -0.905618072 0.0891955942 0.0799999982
v -0.910000026 1.11442854e-16 0.0799999982
v -0.980000019 1.20015384e-16 0.0799999982
v -0.97528106 0.0960567966 0.0799999982
v -0.910000026 1.11442854e-16 0.0799999982
v -0.905618072 -0.0891955942 0.0799999982
v -0.97528106 -0.0960567966 0.0799999982
v -0.980000019 1.20015384e-16 0.0799999982
v -0.905618072 -0.0891955942 0.0799999982
v -0.892514586 -0.177532196 0.0799999982
v -0.9611696 -0.191188514 0.0799999982
v -0.97528106 -0.0960567966 0.0799999982
v -0.892514586 -0.177532196 0.0799999982
v -0.870815694 -0.264159054 0.0799999982
v -0.93780154 -0.284478992 0.0799999982
v -0.9611696 -0.191188514 0.0799999982
v -0.870815694 -0.264159054 0.0799999982
v -0.840730369 -0.348241925 0.0799999982
v -0.905401945 -0.375029773 0.0799999982
v -0.93780154 -0.284478992 0.0799999982
v -0.840730369 -0.348241925 0.0799999982
v -0.802548349 -0.428971022 0.0799999982
v -0.864282846 -0.461968809 0.0799999982
v -0.905401945 -0.375029773 0.0799999982
v -0.802548349 -0.428971022 0.0799999982
v -0.756637335 -0.505568922 0.0799999982
v -0.814840198 -0.544458807 0.0799999982
v -0.864282846 -0.461968809 0.0799999982
v -0.756637335 -0.505568922 0.0799999982
v -0.703439534 -0.577297866 0.0799999982
v -0.75755024 -0.621705413 0.0799999982
v -0.814840198 -0.544458807 0.0799999982
v -0.703439534 -0.577297866 0.0799999982
v -0.643467188 -0.643467188 0.0799999982
v -0.692964673 -0.692964673 0.0799999982
v -0.75755024 -0.621705413 0.0799999982
v -0.643467188 -0.643467188 0.0799999982
v -0.577297866 -0.703439534 0.0799999982
v -0.621705413 -0.75755024 0.0799999982
v -0.692964673 -0.692964673 0.0799999982
v -0.577297866 -0.703439534 0.0799999982
v -0.505568922 -0.756637335 0.0799999982
v -0.544458807 -0.814840198 0.0799999982
v -0.621705413 -0.75755024 0.0799999982
v -0.505568922 -0.756637335 0.0799999982
v -0.428971022 -0.802548349 0.0799999982
v -0.461968809 -0.864282846 0.0799999982
v -0.544458807 -0.814840198 0.0799999982
v -0.428971022 -0.802548349 0.0799999982
v -0.348241925 -0.840730369 0.0799999982
v -0.375029773 -0.905401945 0.0799999982
v -0.461968809 -0.864282846 0.0799999982
v -0.348241925 -0.840730369 0.0799999982
v -0.264159054 -0.870815694 0.0799999982
v -0.284478992 -0.93780154 0.0799999982
v -0.375029773 -0.905401945 0.0799999982
v -0.264159054 -0.870815694 0.0799999982
v -0.177532196 -0.892514586 0.0799999982
v -0.191188514 -0.9611696 0.0799999982
v -0.284478992 -0.93780154 0.0799999982
v -0.177532196 -0.892514586 0.0799999982
v -0.0891955942 -0.905618072 0.0799999982
v -0.0960567966 -0.97528106 0.0799999982
v -0.191188514 -0.9611696 0.0799999982
v -0.0891955942 -0.905618072 0.0799999982
v -1.67164281e-16 -0.910000026 0.0799999982
v -1.80023075e-16 -0.980000019 0.0799999982
v -0.0960567966 -0.97528106 0.0799999982
v -1.67164281e-16 -0.910000026 0.0799999982
v 0.0891955942 -0.905618072 0.0799999982
v 0.0960567966 -0.97528106 0.0799999982
v -1.80023075e-16 -0.980000019 0.0799999982
v 0.0891955942 -0.905618072 0.0799999982
v 0.177532196 -0.892514586 0.0799999982
v 0.191188514 -0.9611696 0.0799999982
v 0.0960567966 -0.97528106 0.0799999982
v 0.177532196 -0.892514586 0.0799999982
v 0.264159054 -0.870815694 0.0799999982
v 0.284478992 -0.93780154 0.0799999982
v 0.191188514 -0.9611696 0.0799999982
v 0.264159054 -0.870815694 0.0799999982
v 0.348241925 -0.840730369 0.0799999982
v 0.375029773 -0.905401945 0.0799999982
v 0.284478992 -0.93780154 0.0799999982
v 0.348241925 -0.840730369 0.0799999982
v 0.428971022 -0.802548349 0.0799999982
v 0.461968809 -0.864282846 0.0799999982
v 0.375029773 -0.905401945 0.0799999982
v 0.428971022 -0.802548349 0.0799999982
v 0.505568922 -0.756637335 0.0799999982
v 0.544458807 -0.814840198 0.0799999982
v 0.461968809 -0.864282846 0.0799999982
v 0.505568922 -0.756637335 0.0799999982
v 0.577297866 -0.703439534 0.0799999982
v 0.621705413 -0.75755024 0.0799999982
v 0.544458807 -0.814840198 0.0799999982
v 0.577297866 -0.703439534 0.0799999982
v 0.643467188 -0.643467188 0.0799999982
v 0.692964673 -0.692964673 0.0799999982
v 0.621705413 -0.75755024 0.0799999982
v 0.643467188 -0.643467188 0.0799999982
v 0.703439534 -0.577297866 0.0799999982
v 0.75755024 -0.621705413 0.0799999982
v 0.692964673 -0.692964673 0.0799999982
v 0.703439534 -0.577297866 0.0799999982
v 0.756637335 -0.505568922 0.0799999982
v 0.814840198 -0.544458807 0.0799999982
v 0.75755024 -0.621705413 0.0799999982
v 0.756637335 -0.505568922 0.0799999982
v 0.802548349 -0.428971022 0.0799999982
v 0.864282846 -0.461968809 0.0799999982
v 0.814840198 -0.544458807 0.0799999982
v 0.802548349 -0.428971022 0.0799999982
v 0.840730369 -0.348241925 0.0799999982
v 0.905401945 -0.375029773 0.0799999982
v 0.864282846 -0.461968809 0.0799999982
v 0.840730369 -0.348241925 0.0799999982
v 0.870815694 -0.264159054 0.0799999982
v 0.93780154 -0.284478992 0.0799999982
v 0.905401945 -0.375029773 0.0799999982
v 0.870815694 -0.264159054 0.0799999982
v 0.892514586 -0.177532196 0.0799999982
v 0.9611696 -0.191188514 0.0799999982
v 0.93780154 -0.284478992 0.0799999982
v 0.892514586 -0.177532196 0.0799999982
v 0.905618072 -0.0891955942 0.0799999982
v 0.97528106 -0.0960567966 0.0799999982
v 0.9611696 -0.191188514 0.0799999982
v 0.905618072 -0.0891955942 0.0799999982
v 0.910000026 -2.22885709e-16 0.0799999982
v 0.980000019 -2.40030767e-16 0.0799999982
v 0.97528106 -0.0960567966 0.0799999982
v 0 0 0.0799999982
v 0.905618072 0.0891955942 0.0799999982
v 0.910000026 0 0.0799999982
v 0 0 0.0799999982
v 0.892514586 0.177532196 0.0799999982
v 0.905618072 0.0891955942 0.0799999982
v 0 0 0.0799999982
v 0.870815694 0.264159054 0.0799999982
v 0.892514586 0.177532196 0.0799999982
v 0 0 0.0799999982
v 0.840730369 0.348241925 0.0799999982
v 0.870815694 0.264159054 0.0799999982
v 0 0 0.0799999982
v 0.802548349 0.428971022 0.0799999982
v 0.840730369 0.348241925 0.0799999982
v 0 0 0.0799999982
v 0.756637335 0.505568922 0.0799999982
v 0.802548349 0.428971022 0.0799999982
v 0 0 0.0799999982
v 0.703439534 0.577297866 0.0799999982
v 0.756637335 0.505568922 0.0799999982
v 0 0 0.0799999982
v 0.643467188 0.643467188 0.0799999982
v 0.703439534 0.577297866 0.0799999982
v 0 0 0.0799999982
v 0.577297866 0.703439534 0.0799999982
v 0.643467188 0.643467188 0.0799999982
v 0 0 0.0799999982
v 0.505568922 0.756637335 0.0799999982
v 0.577297866 0.703439534 0.0799999982
v 0 0 0.0799999982
v 0.428971022 0.802548349 0.0799999982
v 0.505568922 0.756637335 0.0799999982
v 0 0 0.0799999982
v 0.348241925 0.840730369 0.0799999982
v 0.428971022 0.802548349 0.0799999982
v 0 0 0.0799999982
v 0.264159054 0.870815694 0.0799999982
v 0.348241925 0.840730369 0.0799999982
v 0 0 0.0799999982
v 0.177532196 0.892514586 0.0799999982
v 0.264159054 0.870815694 0.0799999982
v 0 0 0.0799999982
v 0.0891955942 0.905618072 0.0799999982
v 0.177532196 0.892514586 0.0799999982
v 0 0 0.0799999982
v 5.57214272e-17 0.910000026 0.0799999982
v 0.0891955942 0.905618072 0.0799999982
v -0 0 0.0799999982
v -0.0891955942 0.905618072 0.0799999982
v 5.57214272e-17 0.910000026 0.0799999982
v -0 0 0.0799999982
v -0.177532196 0.892514586 0.0799999982
v -0.0891955942 0.905618072 0.0799999982
v -0 0 0.0799999982
v -0.264159054 0.870815694 0.0799999982
v -0.177532196 0.892514586 0.0799999982
v -0 0 0.0799999982
v -0.348241925 0.840730369 0.0799999982
v -0.264159054 0.870815694 0.0799999982
v -0 0 0.0799999982
v -0.428971022 0.802548349 0.0799999982
v -0.348241925 0.840730369 0.0799999982
v -0 0 0.0799999982
v -0.505568922 0.756637335 0.0799999982
v -0.428971022 0.802548349 0.0799999982
v -0 0 0.0799999982
v -0.577297866 0.703439534 0.0799999982
v -0.505568922 0.756637335 0.0799999982
v -0 0 0.0799999982
v -0.643467188 0.643467188 0.0799999982
v -0.577297866 0.703439534 0.0799999982
v -0 0 0.0799999982
v -0.703439534 0.577297866 0.0799999982
v -0.643467188 0.643467188 0.0799999982
v -0 0 0.0799999982
v -0.756637335 0.505568922 0.0799999982
v -0.703439534 0.577297866 0.0799999982
v -0 0 0.0799999982
v -0.802548349 0.428971022 0.0799999982
v -0.756637335 0.505568922 0.0799999982
v -0 0 0.0799999982
v -0.840730369 0.348241925 0.0799999982
v -0.802548349 0.428971022 0.0799999982
v -0 0 0.0799999982
v -0.870815694 0.264159054 0.0799999982
v -0.840730369 0.348241925 0.0799999982
v -0 0 0.0799999982
v -0.892514586 0.177532196 0.0799999982
v -0.870815694 0.264159054 0.0799999982
v -0 0 0.0799999982
v -0.905618072 0.0891955942 0.0799999982
v -0.892514586 0.177532196 0.0799999982
v -0 0 0.0799999982
v -0.910000026 1.11442854e-16 0.0799999982
v -0.905618072 0.0891955942 0.0799999982
v -0 -0 0.0799999982
v -0.905618072 -0.0891955942 0.0799999982
v -0.910000026 1.11442854e-16 0.0799999982
v -0 -0 0.0799999982
v -0.892514586 -0.177532196 0.0799999982
v -0.905618072 -0.0891955942 0.0799999982
v -0 -0 0.0799999982
v -0.870815694 -0.264159054 0.0799999982
v -0.892514586 -0.177532196 0.0799999982
v -0 -0 0.0799999982
v -0.840730369 -0.348241925 0.0799999982
v -0.870815694 -0.264159054 0.0799999982
v -0 -0 0.0799999982
v -0.802548349 -0.428971022 0.0799999982
v -0.840730369 -0.348241925 0.0799999982
v -0 -0 0.0799999982
v -0.756637335 -0.505568922 0.0799999982
v -0.802548349 -0.428971022 0.0799999982
v -0 -0 0.0799999982
v -0.703439534 -0.577297866 0.0799999982
v -0.756637335 -0.505568922 0.0799999982
v -0 -0 0.0799999982
v -0.643467188 -0.643467188 0.0799999982
v -0.703439534 -0.577297866 0.0799999982
v -0 -0 0.0799999982
v -0.577297866 -0.703439534 0.0799999982
v -0.643467188 -0.643467188 0.0799999982
v -0 -0 0.0799999982
v -0.505568922 -0.756637335 0.0799999982
v -0.577297866 -0.703439534 0.0799999982
v -0 -0 0.0799999982
v -0.428971022 -0.802548349 0.0799999982
v -0.505568922 -0.756637335 0.0799999982
v -0 -0 0.0799999982
v -0.348241925 -0.840730369 0.0799999982
v -0.428971022 -0.802548349 0.0799999982
v -0 -0 0.0799999982
v -0.264159054 -0.870815694 0.0799999982
v -0.348241925 -0.840730369 0.0799999982
v -0 -0 0.0799999982
v -0.177532196 -0.892514586 0.0799999982
v -0.264159054 -0.870815694 0.0799999982
v -0 -0 0.0799999982
v -0.0891955942 -0.905618072 0.0799999982
v -0.177532196 -0.892514586 0.0799999982
v -0 -0 0.0799999982
v -1.67164281e-16 -0.910000026 0.0799999982
v -0.0891955942 -0.905618072 0.0799999982
v 0 -0 0.0799999982
v 0.0891955942 -0.905618072 0.0799999982
v -1.67164281e-16 -0.910000026 0.0799999982
v 0 -0 0.0799999982
v 0.177532196 -0.892514586 0.0799999982
v 0.0891955942 -0.905618072 0.0799999982
v 0 -0 0.0799999982
v 0.264159054 -0.870815694 0.0799999982
v 0.177532196 -0.892514586 0.0799999982
v 0 -0 0.0799999982
v 0.348241925 -0.840730369 0.0799999982
v 0.264159054 -0.870815694 0.0799999982
v 0 -0 0.0799999982
v 0.428971022 -0.802548349 0.0799999982
v 0.348241925 -0.840730369 0.0799999982
v 0 -0 0.0799999982
v 0.505568922 -0.756637335 0.0799999982
v 0.428971022 -0.802548349 0.0799999982
v 0 -0 0.0799999982
v 0.577297866 -0.703439534 0.0799999982
v 0.505568922 -0.756637335 0.0799999982
v 0 -0 0.0799999982
v 0.643467188 -0.643467188 0.0799999982
v 0.577297866 -0.703439534 0.0799999982
v 0 -0 0.0799999982
v 0.703439534 -0.577297866 0.0799999982
v 0.643467188 -0.643467188 0.0799999982
v 0 -0 0.0799999982
v 0.756637335 -0.505568922 0.0799999982
v 0.703439534 -0.577297866 0.0799999982
v 0 -0 0.0799999982
v 0.802548349 -0.428971022 0.0799999982
v 0.756637335 -0.505568922 0.0799999982
v 0 -0 0.0799999982
v 0.840730369 -0.348241925 0.0799999982
v 0.802548349 -0.428971022 0.0799999982
v 0 -0 0.0799999982
v 0.870815694 -0.264159054 0.0799999982
v 0.840730369 -0.348241925 0.0799999982
v 0 -0 0.0799999982
v 0.892514586 -0.177532196 0.0799999982
v 0.870815694 -0.264159054 0.0799999982
v 0 -0 0.0799999982
v 0.905618072 -0.0891955942 0.0799999982
v 0.892514586 -0.177532196 0.0799999982
v 0 -0 0.0799999982
v 0.910000026 -2.22885709e-16 0.0799999982
v 0.905618072 -0.0891955942 0.0799999982
v 0.829999983 0 -0.107000001
v 0.826003313 0.0813542232 -0.107000001
v 0.796147764 0.07841371 -0.0810000002
v 0.800000012 0 -0.0810000002
v 0.826003313 0.0813542232 -0.107000001
v 0.814051807 0.161924973 -0.107000001
v 0.784628212 0.156072259 -0.0810000002
v 0.796147764 0.07841371 -0.0810000002
v 0.814051807 0.161924973 -0.107000001
v 0.794260502 0.240936279 -0.107000001
v 0.765552282 0.232227743 -0.0810000002
v 0.784628212 0.156072259 -0.0810000002
v 0.794260502 0.240936279 -0.107000001
v 0.766820014 0.317627251 -0.107000001
v 0.739103615 0.306146741 -0.0810000002
v 0.765552282 0.232227743 -0.0810000002
v 0.766820014 0.317627251 -0.107000001
v 0.731994629 0.391259283 -0.107000001
v 0.705537021 0.377117395 -0.0810000002
v 0.739103615 0.306146741 -0.0810000002
v 0.731994629 0.391259283 -0.107000001
v 0.690119803 0.461123288 -0.107000001
v 0.665175676 0.44445619 -0.0810000002
v 0.705537021 0.377117395 -0.0810000002
v 0.690119803 0.461123288 -0.107000001
v 0.641598701 0.526546419 -0.107000001
v 0.618408382 0.507514656 -0.0810000002
v 0.665175676 0.44445619 -0.0810000002
v 0.641598701 0.526546419 -0.107000001
v 0.586898625 0.586898625 -0.107000001
v 0.565685451 0.565685451 -0.0810000002
v 0.618408382 0.507514656 -0.0810000002
v 0.586898625 0.586898625 -0.107000001
v 0.526546419 0.641598701 -0.107000001
v 0.507514656 0.618408382 -0.0810000002
v 0.565685451 0.565685451 -0.0810000002
v 0.526546419 0.641598701 -0.107000001
v 0.461123288 0.690119803 -0.107000001
v 0.44445619 0.665175676 -0.0810000002
v 0.507514656 0.618408382 -0.0810000002
v 0.461123288 0.690119803 -0.107000001
v 0.391259283 0.731994629 -0.107000001
v 0.377117395 0.705537021 -0.0810000002
v 0.44445619 0.665175676 -0.0810000002
v 0.391259283 0.731994629 -0.107000001
v 0.317627251 0.766820014 -0.107000001
v 0.306146741 0.739103615 -0.0810000002
v 0.377117395 0.705537021 -0.0810000002
v 0.317627251 0.766820014 -0.107000001
v 0.240936279 0.794260502 -0.107000001
v 0.232227743 0.765552282 -0.0810000002
v 0.306146741 0.739103615 -0.0810000002
v 0.240936279 0.794260502 -0.107000001
v 0.161924973 0.814051807 -0.107000001
v 0.156072259 0.784628212 -0.0810000002
v 0.232227743 0.765552282 -0.0810000002
v 0.161924973 0.814051807 -0.107000001
v 0.0813542232 0.826003313 -0.107000001
v 0.07841371 0.796147764 -0.0810000002
v 0.156072259 0.784628212 -0.0810000002
v 0.0813542232 0.826003313 -0.107000001
v 5.08228437e-17 0.829999983 -0.107000001
v 4.89858708e-17 0.800000012 -0.0810000002
v 0.07841371 0.796147764 -0.0810000002
v 5.08228437e-17 0.829999983 -0.107000001
v -0.0813542232 0.826003313 -0.107000001
v -0.07841371 0.796147764 -0.0810000002
v 4.89858708e-17 0.800000012 -0.0810000002
v -0.0813542232 0.826003313 -0.107000001
v -0.161924973 0.814051807 -0.107000001
v -0.156072259 0.784628212 -0.0810000002
v -0.07841371 0.796147764 -0.0810000002
v -0.161924973 0.814051807 -0.107000001
v -0.240936279 0.794260502 -0.107000001
v -0.232227743 0.765552282 -0.0810000002
v -0.156072259 0.784628212 -0.0810000002
v -0.240936279 0.794260502 -0.107000001
v -0.317627251 0.766820014 -0.107000001
v -0.306146741 0.739103615 -0.0810000002
v -0.232227743 0.765552282 -0.0810000002
v -0.317627251 0.766820014 -0.107000001
v -0.391259283 0.731994629 -0.107000001
v -0.377117395 0.705537021 -0.0810000002
v -0.306146741 0.739103615 -0.0810000002
v -0.391259283 0.731994629 -0.107000001
v -0.461123288 0.690119803 -0.107000001
v -0.44445619 0.665175676 -0.0810000002
v -0.377117395 0.705537021 -0.0810000002
v -0.461123288 0.690119803 -0.107000001
v -0.526546419 0.641598701 -0.107000001
v -0.507514656 0.618408382 -0.0810000002
v -0.44445619 0.665175676 -0.0810000002
v -0.526546419 0.641598701 -0.107000001
v -0.586898625 0.586898625 -0.107000001
v -0.565685451 0.565685451 -0.0810000002
v -0.507514656 0.618408382 -0.0810000002
v -0.586898625 0.586898625 -0.107000001
v -0.641598701 0.526546419 -0.107000001
v -0.618408382 0.507514656 -0.0810000002
v -0.565685451 0.565685451 -0.0810000002
v -0.641598701 0.526546419 -0.107000001
v -0.690119803 0.461123288 -0.107000001
v -0.665175676 0.44445619 -0.0810000002
v -0.618408382 0.507514656 -0.0810000002
v -0.690119803 0.461123288 -0.107000001
v -0.731994629 0.391259283 -0.107000001
v -0.705537021 0.377117395 -0.0810000002
v -0.665175676 0.44445619 -0.0810000002
v -0.731994629 0.391259283 -0.107000001
v -0.766820014 0.317627251 -0.107000001
v -0.739103615 0.306146741 -0.0810000002
v -0.705537021 0.377117395 -0.0810000002
v -0.766820014 0.317627251 -0.107000001
v -0.794260502 0.240936279 -0.107000001
v -0.765552282 0.232227743 -0.0810000002
v -0.739103615 0.306146741 -0.0810000002
v -0.794260502 0.240936279 -0.107000001
v -0.814051807 0.161924973 -0.107000001
v -0.784628212 0.156072259 -0.0810000002
v -0.765552282 0.232227743 -0.0810000002
v -0.814051807 0.161924973 -0.107000001
v -0.826003313 0.0813542232 -0.107000001
v -0.796147764 0.07841371 -0.0810000002
v -0.784628212 0.156072259 -0.0810000002
v -0.826003313 0.0813542232 -0.107000001
v -0.829999983 1.01645687e-16 -0.107000001
v -0.800000012 9.79717416e-17 -0.0810000002
v -0.796147764 0.07841371 -0.0810000002
v -0.829999983 1.01645687e-16 -0.107000001
v -0.826003313 -0.0813542232 -0.107000001
v -0.796147764 -0.07841371 -0.0810000002
v -0.800000012 9.79717416e-17 -0.0810000002
v -0.826003313 -0.0813542232 -0.107000001
v -0.814051807 -0.161924973 -0.107000001
v -0.784628212 -0.156072259 -0.0810000002
v -0.796147764 -0.07841371 -0.0810000002
v -0.814051807 -0.161924973 -0.107000001
v -0.794260502 -0.240936279 -0.107000001
v -0.765552282 -0.232227743 -0.0810000002
v -0.784628212 -0.156072259 -0.0810000002
v -0.794260502 -0.240936279 -0.107000001
v -0.766820014 -0.317627251 -0.107000001
v -0.739103615 -0.306146741 -0.0810000002
v -0.765552282 -0.232227743 -0.0810000002
v -0.766820014 -0.317627251 -0.107000001
v -0.731994629 -0.391259283 -0.107000001
v -0.705537021 -0.377117395 -0.0810000002
v -0.739103615 -0.306146741 -0.0810000002
v -0.731994629 -0.391259283 -0.107000001
v -0.690119803 -0.461123288 -0.107000001
v -0.665175676 -0.44445619 -0.0810000002
v -0.705537021 -0.377117395 -0.0810000002
v -0.690119803 -0.461123288 -0.107000001
v -0.641598701 -0.526546419 -0.107000001
v -0.618408382 -0.507514656 -0.0810000002
v -0.665175676 -0.44445619 -0.0810000002
v -0.641598701 -0.526546419 -0.107000001
v -0.586898625 -0.586898625 -0.107000001
v -0.565685451 -0.565685451 -0.0810000002
v -0.618408382 -0.507514656 -0.0810000002
v -0.586898625 -0.586898625 -0.107000001
v -0.526546419 -0.641598701 -0.107000001
v -0.507514656 -0.618408382 -0.0810000002
v -0.565685451 -0.565685451 -0.0810000002
v -0.526546419 -0.641598701 -0.107000001
v -0.461123288 -0.690119803 -0.107000001
v -0.44445619 -0.665175676 -0.0810000002
v -0.507514656 -0.618408382 -0.0810000002
v -0.461123288 -0.690119803 -0.107000001
v -0.391259283 -0.731994629 -0.107000001
v -0.377117395 -0.705537021 -0.0810000002
v -0.44445619 -0.665175676 -0.0810000002
v -0.391259283 -0.731994629 -0.107000001
v -0.317627251 -0.766820014 -0.107000001
v -0.306146741 -0.739103615 -0.0810000002
v -0.377117395 -0.705537021 -0.0810000002
v -0.317627251 -0.766820014 -0.107000001
v -0.240936279 -0.794260502 -0.107000001
v -0.232227743 -0.765552282 -0.0810000002
v -0.306146741 -0.739103615 -0.0810000002
v -0.240936279 -0.794260502 -0.107000001
v -0.161924973 -0.814051807 -0.107000001
v -0.156072259 -0.784628212 -0.0810000002
v -0.232227743 -0.765552282 -0.0810000002
v -0.161924973 -0.814051807 -0.107000001
v -0.0813542232 -0.826003313 -0.107000001
v -0.07841371 -0.796147764 -0.0810000002
v -0.156072259 -0.784628212 -0.0810000002
v -0.0813542232 -0.826003313 -0.107000001
v -1.52468525e-16 -0.829999983 -0.107000001
v -1.46957622e-16 -0.800000012 -0.0810000002
v -0.07841371 -0.796147764 -0.0810000002
v -1.52468525e-16 -0.829999983 -0.107000001
v 0.0813542232 -0.826003313 -0.107000001
v 0.07841371 -0.796147764 -0.0810000002
v -1.46957622e-16 -0.800000012 -0.0810000002
v 0.0813542232 -0.826003313 -0.107000001
v 0.161924973 -0.814051807 -0.107000001
v 0.156072259 -0.784628212 -0.0810000002
v 0.07841371 -0.796147764 -0.0810000002
v 0.161924973 -0.814051807 -0.107000001
v 0.240936279 -0.794260502 -0.107000001
v 0.232227743 -0.765552282 -0.0810000002
v 0.156072259 -0.784628212 -0.0810000002
v 0.240936279 -0.794260502 -0.107000001
v 0.317627251 -0.766820014 -0.107000001
v 0.306146741 -0.739103615 -0.0810000002
v 0.232227743 -0.765552282 -0.0810000002
v 0.317627251 -0.766820014 -0.107000001
v 0.391259283 -0.731994629 -0.107000001
v 0.377117395 -0.705537021 -0.0810000002
v 0.306146741 -0.739103615 -0.0810000002
v 0.391259283 -0.731994629 -0.107000001
v 0.461123288 -0.690119803 -0.107000001
v 0.44445619 -0.665175676 -0.0810000002
v 0.377117395 -0.705537021 -0.0810000002
v 0.461123288 -0.690119803 -0.107000001
v 0.526546419 -0.641598701 -0.107000001
v 0.507514656 -0.618408382 -0.0810000002
v 0.44445619 -0.665175676 -0.0810000002
v 0.526546419 -0.641598701 -0.107000001
v 0.586898625 -0.586898625 -0.107000001
v 0.565685451 -0.565685451 -0.0810000002
v 0.507514656 -0.618408382 -0.0810000002
v 0.586898625 -0.586898625 -0.107000001
v 0.641598701 -0.526546419 -0.107000001
v 0.618408382 -0.507514656 -0.0810000002
v 0.565685451 -0.565685451 -0.0810000002
v 0.641598701 -0.526546419 -0.107000001
v 0.690119803 -0.461123288 -0.107000001
v 0.665175676 -0.44445619 -0.0810000002
v 0.618408382 -0.507514656 -0.0810000002
v 0.690119803 -0.461123288 -0.107000001
v 0.731994629 -0.391259283 -0.107000001
v 0.705537021 -0.377117395 -0.0810000002
v 0.665175676 -0.44445619 -0.0810000002
v 0.731994629 -0.391259283 -0.107000001
v 0.766820014 -0.317627251 -0.107000001
v 0.739103615 -0.306146741 -0.0810000002
v 0.705537021 -0.377117395 -0.0810000002
v 0.766820014 -0.317627251 -0.107000001
v 0.794260502 -0.240936279 -0.107000001
v 0.765552282 -0.232227743 -0.0810000002
v 0.739103615 -0.306146741 -0.0810000002
v 0.794260502 -0.240936279 -0.107000001
v 0.814051807 -0.161924973 -0.107000001
v 0.784628212 -0.156072259 -0.0810000002
v 0.765552282 -0.232227743 -0.0810000002
v 0.814051807 -0.161924973 -0.107000001
v 0.826003313 -0.0813542232 -0.107000001
v 0.796147764 -0.07841371 -0.0810000002
v 0.784628212 -0.156072259 -0.0810000002
v 0.826003313 -0.0813542232 -0.107000001
v 0.829999983 -2.03291375e-16 -0.107000001
v 0.800000012 -1.95943483e-16 -0.0810000002
v 0.796147764 -0.07841371 -0.0810000002
v 0.889999986 0 -0.107000001
v 0.885714412 0.087235257 -0.107000001
v 0.826003313 0.0813542232 -0.107000001
v 0.829999983 0 -0.107000001
v 0.885714412 0.087235257 -0.107000001
v 0.872898877 0.173630387 -0.107000001
v 0.814051807 0.161924973 -0.107000001
v 0.826003313 0.0813542232 -0.107000001
v 0.872898877 0.173630387 -0.107000001
v 0.851676881 0.258353353 -0.107000001
v 0.794260502 0.240936279 -0.107000001
v 0.814051807 0.161924973 -0.107000001
v 0.851676881 0.258353353 -0.107000001
v 0.82225281 0.340588242 -0.107000001
v 0.766820014 0.317627251 -0.107000001
v 0.794260502 0.240936279 -0.107000001
v 0.82225281 0.340588242 -0.107000001
v 0.784909904 0.419543087 -0.107000001
v 0.731994629 0.391259283 -0.107000001
v 0.766820014 0.317627251 -0.107000001
v 0.784909904 0.419543087 -0.107000001
v 0.740007937 0.494457513 -0.107000001
v 0.690119803 0.461123288 -0.107000001
v 0.731994629 0.391259283 -0.107000001
v 0.740007937 0.494457513 -0.107000001
v 0.687979281 0.564610004 -0.107000001
v 0.641598701 0.526546419 -0.107000001
v 0.690119803 0.461123288 -0.107000001
v 0.687979281 0.564610004 -0.107000001
v 0.629325032 0.629325032 -0.107000001
v 0.586898625 0.586898625 -0.107000001
v 0.641598701 0.526546419 -0.107000001
v 0.629325032 0.629325032 -0.107000001
v 0.564610004 0.687979281 -0.107000001
v 0.526546419 0.641598701 -0.107000001
v 0.586898625 0.586898625 -0.107000001
v 0.564610004 0.687979281 -0.107000001
v 0.494457513 0.740007937 -0.107000001
v 0.461123288 0.690119803 -0.107000001
v 0.526546419 0.641598701 -0.107000001
v 0.494457513 0.740007937 -0.107000001
v 0.419543087 0.784909904 -0.107000001
v 0.391259283 0.731994629 -0.107000001
v 0.461123288 0.690119803 -0.107000001
v 0.419543087 0.784909904 -0.107000001
v 0.340588242 0.82225281 -0.107000001
v 0.317627251 0.766820014 -0.107000001
v 0.391259283 0.731994629 -0.107000001
v 0.340588242 0.82225281 -0.107000001
v 0.258353353 0.851676881 -0.107000001
v 0.240936279 0.794260502 -0.107000001
v 0.317627251 0.766820014 -0.107000001
v 0.258353353 0.851676881 -0.107000001
v 0.173630387 0.872898877 -0.107000001
v 0.161924973 0.814051807 -0.107000001
v 0.240936279 0.794260502 -0.107000001
v 0.173630387 0.872898877 -0.107000001
v 0.087235257 0.885714412 -0.107000001
v 0.0813542232 0.826003313 -0.107000001
v 0.161924973 0.814051807 -0.107000001
v 0.087235257 0.885714412 -0.107000001
v 5.4496783e-17 0.889999986 -0.107000001
v 5.08228437e-17 0.829999983 -0.107000001
v 0.0813542232 0.826003313 -0.107000001
v 5.4496783e-17 0.889999986 -0.107000001
v -0.087235257 0.885714412 -0.107000001
v -0.0813542232 0.826003313 -0.107000001
v 5.08228437e-17 0.829999983 -0.107000001
v -0.087235257 0.885714412 -0.107000001
v -0.173630387 0.872898877 -0.107000001
v -0.161924973 0.814051807 -0.107000001
v -0.0813542232 0.826003313 -0.107000001
v -0.173630387 0.872898877 -0.107000001
v -0.258353353 0.851676881 -0.107000001
v -0.240936279 0.794260502 -0.107000001
v -0.161924973 0.814051807 -0.107000001
v -0.258353353 0.851676881 -0.107000001
v -0.340588242 0.82225281 -0.107000001
v -0.317627251 0.766820014 -0.107000001
v -0.240936279 0.794260502 -0.107000001
v -0.340588242 0.82225281 -0.107000001
v -0.419543087 0.784909904 -0.107000001
v -0.391259283 0.731994629 -0.107000001
v -0.317627251 0.766820014 -0.107000001
v -0.419543087 0.784909904 -0.107000001
v -0.494457513 0.740007937 -0.107000001
v -0.461123288 0.690119803 -0.107000001
v -0.391259283 0.731994629 -0.107000001
v -0.494457513 0.740007937 -0.107000001
v -0.564610004 0.687979281 -0.107000001
v -0.526546419 0.641598701 -0.107000001
v -0.461123288 0.690119803 -0.107000001
v -0.564610004 0.687979281 -0.107000001
v -0.629325032 0.629325032 -0.107000001
v -0.586898625 0.586898625 -0.107000001
v -0.526546419 0.641598701 -0.107000001
v -0.629325032 0.629325032 -0.107000001
v -0.687979281 0.564610004 -0.107000001
v -0.641598701 0.526546419 -0.107000001
v -0.586898625 0.586898625 -0.107000001
v -0.687979281 0.564610004 -0.107000001
v -0.740007937 0.494457513 -0.107000001
v -0.690119803 0.461123288 -0.107000001
v -0.641598701 0.526546419 -0.107000001
v -0.740007937 0.494457513 -0.107000001
v -0.784909904 0.419543087 -0.107000001
v -0.731994629 0.391259283 -0.107000001
v -0.690119803 0.461123288 -0.107000001
v -0.784909904 0.419543087 -0.107000001
v -0.82225281 0.340588242 -0.107000001
v -0.766820014 0.317627251 -0.107000001
v -0.731994629 0.391259283 -0.107000001
v -0.82225281 0.340588242 -0.107000001
v -0.851676881 0.258353353 -0.107000001
v -0.794260502 0.240936279 -0.107000001
v -0.766820014 0.317627251 -0.107000001
v -0.851676881 0.258353353 -0.107000001
v -0.872898877 0.173630387 -0.107000001
v -0.814051807 0.161924973 -0.107000001
v -0.794260502 0.240936279 -0.107000001
v -0.872898877 0.173630387 -0.107000001
v -0.885714412 0.087235257 -0.107000001
v -0.826003313 0.0813542232 -0.107000001
v -0.814051807 0.161924973 -0.107000001
v -0.885714412 0.087235257 -0.107000001
v -0.889999986 1.08993566e-16 -0.107000001
v -0.829999983 1.01645687e-16 -0.107000001
v -0.826003313 0.0813542232 -0.107000001
v -0.889999986 1.08993566e-16 -0.107000001
v -0.885714412 -0.087235257 -0.107000001
v -0.826003313 -0.0813542232 -0.107000001
v -0.829999983 1.01645687e-16 -0.107000001
v -0.885714412 -0.087235257 -0.107000001
v -0.872898877 -0.173630387 -0.107000001
v -0.814051807 -0.161924973 -0.107000001
v -0.826003313 -0.0813542232 -0.107000001
v -0.872898877 -0.173630387 -0.107000001
v -0.851676881 -0.258353353 -0.107000001
v -0.794260502 -0.240936279 -0.107000001
v -0.814051807 -0.161924973 -0.107000001
v -0.851676881 -0.258353353 -0.107000001
v -0.82225281 -0.340588242 -0.107000001
v -0.766820014 -0.317627251 -0.107000001
v -0.794260502 -0.240936279 -0.107000001
v -0.82225281 -0.340588242 -0.107000001
v -0.784909904 -0.419543087 -0.107000001
v -0.731994629 -0.391259283 -0.107000001
v -0.766820014 -0.317627251 -0.107000001
v -0.784909904 -0.419543087 -0.107000001
v -0.740007937 -0.494457513 -0.107000001
v -0.690119803 -0.461123288 -0.107000001
v -0.731994629 -0.391259283 -0.107000001
v -0.740007937 -0.494457513 -0.107000001
v -0.687979281 -0.564610004 -0.107000001
v -0.641598701 -0.526546419 -0.107000001
v -0.690119803 -0.461123288 -0.107000001
v -0.687979281 -0.564610004 -0.107000001
v -0.629325032 -0.629325032 -0.107000001
v -0.586898625 -0.586898625 -0.107000001
v -0.641598701 -0.526546419 -0.107000001
v -0.629325032 -0.629325032 -0.107000001
v -0.564610004 -0.687979281 -0.107000001
v -0.526546419 -0.641598701 -0.107000001
v -0.586898625 -0.586898625 -0.107000001
v -0.564610004 -0.687979281 -0.107000001
v -0.494457513 -0.740007937 -0.107000001
v -0.461123288 -0.690119803 -0.107000001
v -0.526546419 -0.641598701 -0.107000001
v -0.494457513 -0.740007937 -0.107000001
v -0.419543087 -0.784909904 -0.107000001
v -0.391259283 -0.731994629 -0.107000001
v -0.461123288 -0.690119803 -0.107000001
v -0.419543087 -0.784909904 -0.107000001
v -0.340588242 -0.82225281 -0.107000001
v -0.317627251 -0.766820014 -0.107000001
v -0.391259283 -0.731994629 -0.107000001
v -0.340588242 -0.82225281 -0.107000001
v -0.258353353 -0.851676881 -0.107000001
v -0.240936279 -0.794260502 -0.107000001
v -0.317627251 -0.766820014 -0.107000001
v -0.258353353 -0.851676881 -0.107000001
v -0.173630387 -0.872898877 -0.107000001
v -0.161924973 -0.814051807 -0.107000001
v -0.240936279 -0.794260502 -0.107000001
v -0.173630387 -0.872898877 -0.107000001
v -0.087235257 -0.885714412 -0.107000001
v -0.0813542232 -0.826003313 -0.107000001
v -0.161924973 -0.814051807 -0.107000001
v -0.087235257 -0.885714412 -0.107000001
v -1.63490342e-16 -0.889999986 -0.107000001
v -1.52468525e-16 -0.829999983 -0.107000001
v -0.0813542232 -0.826003313 -0.107000001
v -1.63490342e-16 -0.889999986 -0.107000001
v 0.087235257 -0.885714412 -0.107000001
v 0.0813542232 -0.826003313 -0.107000001
v -1.52468525e-16 -0.829999983 -0.107000001
v 0.087235257 -0.885714412 -0.107000001
v 0.173630387 -0.872898877 -0.107000001
v 0.161924973 -0.814051807 -0.107000001
v 0.0813542232 -0.826003313 -0.107000001
v 0.173630387 -0.872898877 -0.107000001
v 0.258353353 -0.851676881 -0.107000001
v 0.240936279 -0.794260502 -0.107000001
v 0.161924973 -0.814051807 -0.107000001
v 0.258353353 -0.851676881 -0.107000001
v 0.340588242 -0.82225281 -0.107000001
v 0.317627251 -0.766820014 -0.107000001
v 0.240936279 -0.794260502 -0.107000001
v 0.340588242 -0.82225281 -0.107000001
v 0.419543087 -0.784909904 -0.107000001
v 0.391259283 -0.731994629 -0.107000001
v 0.317627251 -0.766820014 -0.107000001
v 0.419543087 -0.784909904 -0.107000001
v 0.494457513 -0.740007937 -0.107000001
v 0.461123288 -0.690119803 -0.107000001
v 0.391259283 -0.731994629 -0.107000001
v 0.494457513 -0.740007937 -0.107000001
v 0.564610004 -0.687979281 -0.107000001
v 0.526546419 -0.641598701 -0.107000001
v 0.461123288 -0.690119803 -0.107000001
v 0.564610004 -0.687979281 -0.107000001
v 0.629325032 -0.629325032 -0.107000001
v 0.586898625 -0.586898625 -0.107000001
v 0.526546419 -0.641598701 -0.107000001
v 0.629325032 -0.629325032 -0.107000001
v 0.687979281 -0.564610004 -0.107000001
v 0.641598701 -0.526546419 -0.107000001
v 0.586898625 -0.586898625 -0.107000001
v 0.687979281 -0.564610004 -0.107000001
v 0.740007937 -0.494457513 -0.107000001
v 0.690119803 -0.461123288 -0.107000001
v 0.641598701 -0.526546419 -0.107000001
v 0.740007937 -0.494457513 -0.107000001
v 0.784909904 -0.419543087 -0.107000001
v 0.731994629 -0.391259283 -0.107000001
v 0.690119803 -0.461123288 -0.107000001
v 0.784909904 -0.419543087 -0.107000001
v 0.82225281 -0.340588242 -0.107000001
v 0.766820014 -0.317627251 -0.107000001
v 0.731994629 -0.391259283 -0.107000001
v 0.82225281 -0.340588242 -0.107000001
v 0.851676881 -0.258353353 -0.107000001
v 0.794260502 -0.240936279 -0.107000001
v 0.766820014 -0.317627251 -0.107000001
v 0.851676881 -0.258353353 -0.107000001
v 0.872898877 -0.173630387 -0.107000001
v 0.814051807 -0.161924973 -0.107000001
v 0.794260502 -0.240936279 -0.107000001
v 0.872898877 -0.173630387 -0.107000001
v 0.885714412 -0.087235257 -0.107000001
v 0.826003313 -0.0813542232 -0.107000001
v 0.814051807 -0.161924973 -0.107000001
v 0.885714412 -0.087235257 -0.107000001
v 0.889999986 -2.17987132e-16 -0.107000001
v 0.829999983 -2.03291375e-16 -0.107000001
v 0.826003313 -0.0813542232 -0.107000001
v 0.915000021 0 -0.0829999968
v 0.910594046 0.0896856859 -0.0829999968
v 0.885714412 0.087235257 -0.107000001
v 0.889999986 0 -0.107000001
v 0.910594046 0.0896856859 -0.0829999968
v 0.897418559 0.178507641 -0.0829999968
v 0.872898877 0.173630387 -0.107000001
v 0.885714412 0.087235257 -0.107000001
v 0.897418559 0.178507641 -0.0829999968
v 0.875600398 0.265610486 -0.0829999968
v 0.851676881 0.258353353 -0.107000001
v 0.872898877 0.173630387 -0.107000001
v 0.875600398 0.265610486 -0.0829999968
v 0.845349789 0.350155354 -0.0829999968
v 0.82225281 0.340588242 -0.107000001
v 0.851676881 0.258353353 -0.107000001
v 0.845349789 0.350155354 -0.0829999968
v 0.80695796 0.431328028 -0.0829999968
v 0.784909904 0.419543087 -0.107000001
v 0.82225281 0.340588242 -0.107000001
v 0.80695796 0.431328028 -0.0829999968
v 0.760794699 0.508346736 -0.0829999968
v 0.740007937 0.494457513 -0.107000001
v 0.784909904 0.419543087 -0.107000001
v 0.760794699 0.508346736 -0.0829999968
v 0.707304537 0.580469847 -0.0829999968
v 0.687979281 0.564610004 -0.107000001
v 0.740007937 0.494457513 -0.107000001
v 0.707304537 0.580469847 -0.0829999968
v 0.647002697 0.647002697 -0.0829999968
v 0.629325032 0.629325032 -0.107000001
v 0.687979281 0.564610004 -0.107000001
v 0.647002697 0.647002697 -0.0829999968
v 0.580469847 0.707304537 -0.0829999968
v 0.564610004 0.687979281 -0.107000001
v 0.629325032 0.629325032 -0.107000001
v 0.580469847 0.707304537 -0.0829999968
v 0.508346736 0.760794699 -0.0829999968
v 0.494457513 0.740007937 -0.107000001
v 0.564610004 0.687979281 -0.107000001
v 0.508346736 0.760794699 -0.0829999968
v 0.431328028 0.80695796 -0.0829999968
v 0.419543087 0.784909904 -0.107000001
v 0.494457513 0.740007937 -0.107000001
v 0.431328028 0.80695796 -0.0829999968
v 0.350155354 0.845349789 -0.0829999968
v 0.340588242 0.82225281 -0.107000001
v 0.419543087 0.784909904 -0.107000001
v 0.350155354 0.845349789 -0.0829999968
v 0.265610486 0.875600398 -0.0829999968
v 0.258353353 0.851676881 -0.107000001
v 0.340588242 0.82225281 -0.107000001
v 0.265610486 0.875600398 -0.0829999968
v 0.178507641 0.897418559 -0.0829999968
v 0.173630387 0.872898877 -0.107000001
v 0.258353353 0.851676881 -0.107000001
v 0.178507641 0.897418559 -0.0829999968
v 0.0896856859 0.910594046 -0.0829999968
v 0.087235257 0.885714412 -0.107000001
v 0.173630387 0.872898877 -0.107000001
v 0.0896856859 0.910594046 -0.0829999968
v 5.60275899e-17 0.915000021 -0.0829999968
v 5.4496783e-17 0.889999986 -0.107000001
v 0.087235257 0.885714412 -0.107000001
v 5.60275899e-17 0.915000021 -0.0829999968
v -0.0896856859 0.910594046 -0.0829999968
v -0.087235257 0.885714412 -0.107000001
v 5.4496783e-17 0.889999986 -0.107000001
v -0.0896856859 0.910594046 -0.0829999968
v -0.178507641 0.897418559 -0.0829999968
v -0.173630387 0.872898877 -0.107000001
v -0.087235257 0.885714412 -0.107000001
v -0.178507641 0.897418559 -0.0829999968
v -0.265610486 0.875600398 -0.0829999968
v -0.258353353 0.851676881 -0.107000001
v -0.173630387 0.872898877 -0.107000001
v -0.265610486 0.875600398 -0.0829999968
v -0.350155354 0.845349789 -0.0829999968
v -0.340588242 0.82225281 -0.107000001
v -0.258353353 0.851676881 -0.107000001
v -0.350155354 0.845349789 -0.0829999968
v -0.431328028 0.80695796 -0.0829999968
v -0.419543087 0.784909904 -0.107000001
v -0.340588242 0.82225281 -0.107000001
v -0.431328028 0.80695796 -0.0829999968
v -0.508346736 0.760794699 -0.0829999968
v -0.494457513 0.740007937 -0.107000001
v -0.419543087 0.784909904 -0.107000001
v -0.508346736 0.760794699 -0.0829999968
v -0.580469847 0.707304537 -0.0829999968
v -0.564610004 0.687979281 -0.107000001
v -0.494457513 0.740007937 -0.107000001
v -0.580469847 0.707304537 -0.0829999968
v -0.647002697 0.647002697 -0.0829999968
v -0.629325032 0.629325032 -0.107000001
v -0.564610004 0.687979281 -0.107000001
v -0.647002697 0.647002697 -0.0829999968
v -0.707304537 0.580469847 -0.0829999968
v -0.687979281 0.564610004 -0.107000001
v -0.629325032 0.629325032 -0.107000001
v -0.707304537 0.580469847 -0.0829999968
v -0.760794699 0.508346736 -0.0829999968
v -0.740007937 0.494457513 -0.107000001
v -0.687979281 0.564610004 -0.107000001
v -0.760794699 0.508346736 -0.0829999968
v -0.80695796 0.431328028 -0.0829999968
v -0.784909904 0.419543087 -0.107000001
v -0.740007937 0.494457513 -0.107000001
v -0.80695796 0.431328028 -0.0829999968
v -0.845349789 0.350155354 -0.0829999968
v -0.82225281 0.340588242 -0.107000001
v -0.784909904 0.419543087 -0.107000001
v -0.845349789 0.350155354 -0.0829999968
v -0.875600398 0.265610486 -0.0829999968
v -0.851676881 0.258353353 -0.107000001
v -0.82225281 0.340588242 -0.107000001
v -0.875600398 0.265610486 -0.0829999968
v -0.897418559 0.178507641 -0.0829999968
v -0.872898877 0.173630387 -0.107000001
v -0.851676881 0.258353353 -0.107000001
v -0.897418559 0.178507641 -0.0829999968
v -0.910594046 0.0896856859 -0.0829999968
v -0.885714412 0.087235257 -0.107000001
v -0.872898877 0.173630387 -0.107000001
v -0.910594046 0.0896856859 -0.0829999968
v -0.915000021 1.1205518e-16 -0.0829999968
v -0.889999986 1.08993566e-16 -0.107000001
v -0.885714412 0.087235257 -0.107000001
v -0.915000021 1.1205518e-16 -0.0829999968
v -0.910594046 -0.0896856859 -0.0829999968
v -0.885714412 -0.087235257 -0.107000001
v -0.889999986 1.08993566e-16 -0.107000001
v -0.910594046 -0.0896856859 -0.0829999968
v -0.897418559 -0.178507641 -0.0829999968
v -0.872898877 -0.173630387 -0.107000001
v -0.885714412 -0.087235257 -0.107000001
v -0.897418559 -0.178507641 -0.0829999968
v -0.875600398 -0.265610486 -0.0829999968
v -0.851676881 -0.258353353 -0.107000001
v -0.872898877 -0.173630387 -0.107000001
v -0.875600398 -0.265610486 -0.0829999968
v -0.845349789 -0.350155354 -0.0829999968
v -0.82225281 -0.340588242 -0.107000001
v -0.851676881 -0.258353353 -0.107000001
v -0.845349789 -0.350155354 -0.0829999968
v -0.80695796 -0.431328028 -0.0829999968
v -0.784909904 -0.419543087 -0.107000001
v -0.82225281 -0.340588242 -0.107000001
v -0.80695796 -0.431328028 -0.0829999968
v -0.760794699 -0.508346736 -0.0829999968
v -0.740007937 -0.494457513 -0.107000001
v -0.784909904 -0.419543087 -0.107000001
v -0.760794699 -0.508346736 -0.0829999968
v -0.707304537 -0.580469847 -0.0829999968
v -0.687979281 -0.564610004 -0.107000001
v -0.740007937 -0.494457513 -0.107000001
v -0.707304537 -0.580469847 -0.0829999968
v -0.647002697 -0.647002697 -0.0829999968
v -0.629325032 -0.629325032 -0.107000001
v -0.687979281 -0.564610004 -0.107000001
v -0.647002697 -0.647002697 -0.0829999968
v -0.580469847 -0.707304537 -0.0829999968
v -0.564610004 -0.687979281 -0.107000001
v -0.629325032 -0.629325032 -0.107000001
v -0.580469847 -0.707304537 -0.0829999968
v -0.508346736 -0.760794699 -0.0829999968
v -0.494457513 -0.740007937 -0.107000001
v -0.564610004 -0.687979281 -0.107000001
v -0.508346736 -0.760794699 -0.0829999968
v -0.431328028 -0.80695796 -0.0829999968
v -0.419543087 -0.784909904 -0.107000001
v -0.494457513 -0.740007937 -0.107000001
v -0.431328028 -0.80695796 -0.0829999968
v -0.350155354 -0.845349789 -0.0829999968
v -0.340588242 -0.82225281 -0.107000001
v -0.419543087 -0.784909904 -0.107000001
v -0.350155354 -0.845349789 -0.0829999968
v -0.265610486 -0.875600398 -0.0829999968
v -0.258353353 -0.851676881 -0.107000001
v -0.340588242 -0.82225281 -0.107000001
v -0.265610486 -0.875600398 -0.0829999968
v -0.178507641 -0.897418559 -0.0829999968
v -0.173630387 -0.872898877 -0.107000001
v -0.258353353 -0.851676881 -0.107000001
v -0.178507641 -0.897418559 -0.0829999968
v -0.0896856859 -0.910594046 -0.0829999968
v -0.087235257 -0.885714412 -0.107000001
v -0.173630387 -0.872898877 -0.107000001
v -0.0896856859 -0.910594046 -0.0829999968
v -1.6808277e-16 -0.915000021 -0.0829999968
v -1.63490342e-16 -0.889999986 -0.107000001
v -0.087235257 -0.885714412 -0.107000001
v -1.6808277e-16 -0.915000021 -0.0829999968
v 0.0896856859 -0.910594046 -0.0829999968
v 0.087235257 -0.885714412 -0.107000001
v -1.63490342e-16 -0.889999986 -0.107000001
v 0.0896856859 -0.910594046 -0.0829999968
v 0.178507641 -0.897418559 -0.0829999968
v 0.173630387 -0.872898877 -0.107000001
v 0.087235257 -0.885714412 -0.107000001
v 0.178507641 -0.897418559 -0.0829999968
v 0.265610486 -0.875600398 -0.0829999968
v 0.258353353 -0.851676881 -0.107000001
v 0.173630387 -0.872898877 -0.107000001
v 0.265610486 -0.875600398 -0.0829999968
v 0.350155354 -0.845349789 -0.0829999968
v 0.340588242 -0.82225281 -0.107000001
v 0.258353353 -0.851676881 -0.107000001
v 0.350155354 -0.845349789 -0.0829999968
v 0.431328028 -0.80695796 -0.0829999968
v 0.419543087 -0.784909904 -0.107000001
v 0.340588242 -0.82225281 -0.107000001
v 0.431328028 -0.80695796 -0.0829999968
v 0.508346736 -0.760794699 -0.0829999968
v 0.494457513 -0.740007937 -0.107000001
v 0.419543087 -0.784909904 -0.107000001
v 0.508346736 -0.760794699 -0.0829999968
v 0.580469847 -0.707304537 -0.0829999968
v 0.564610004 -0.687979281 -0.107000001
v 0.494457513 -0.740007937 -0.107000001
v 0.580469847 -0.707304537 -0.0829999968
v 0.647002697 -0.647002697 -0.0829999968
v 0.629325032 -0.629325032 -0.107000001
v 0.564610004 -0.687979281 -0.107000001
v 0.647002697 -0.647002697 -0.0829999968
v 0.707304537 -0.580469847 -0.0829999968
v 0.687979281 -0.564610004 -0.107000001
v 0.629325032 -0.629325032 -0.107000001
v 0.707304537 -0.580469847 -0.0829999968
v 0.760794699 -0.508346736 -0.0829999968
v 0.740007937 -0.494457513 -0.107000001
v 0.687979281 -0.564610004 -0.107000001
v 0.760794699 -0.508346736 -0.0829999968
v 0.80695796 -0.431328028 -0.0829999968
v 0.784909904 -0.419543087 -0.107000001
v 0.740007937 -0.494457513 -0.107000001
v 0.80695796 -0.431328028 -0.0829999968
v 0.845349789 -0.350155354 -0.0829999968
v 0.82225281 -0.340588242 -0.107000001
v 0.784909904 -0.419543087 -0.107000001
v 0.845349789 -0.350155354 -0.0829999968
v 0.875600398 -0.265610486 -0.0829999968
v 0.851676881 -0.258353353 -0.107000001
v 0.82225281 -0.340588242 -0.107000001
v 0.875600398 -0.265610486 -0.0829999968
v 0.897418559 -0.178507641 -0.0829999968
v 0.872898877 -0.173630387 -0.107000001
v 0.851676881 -0.258353353 -0.107000001
v 0.897418559 -0.178507641 -0.0829999968
v 0.910594046 -0.0896856859 -0.0829999968
v 0.885714412 -0.087235257 -0.107000001
v 0.872898877 -0.173630387 -0.107000001
v 0.910594046 -0.0896856859 -0.0829999968
v 0.915000021 -2.24110359e-16 -0.0829999968
v 0.889999986 -2.17987132e-16 -0.107000001
v 0.885714412 -0.087235257 -0.107000001
v 0.963999987 0 -0.108000003
v 0.959358096 0.0944885239 -0.108000003
v 0.940449595 0.0926261991 -0.0810000002
v 0.944999993 0 -0.0810000002
v 0.959358096 0.0944885239 -0.108000003
v 0.945477009 0.188067064 -0.108000003
v 0.926842093 0.184360355 -0.0810000002
v 0.940449595 0.0926261991 -0.0810000002
v 0.945477009 0.188067064 -0.108000003
v 0.922490478 0.279834419 -0.108000003
v 0.904308617 0.274319023 -0.0810000002
v 0.926842093 0.184360355 -0.0810000002
v 0.922490478 0.279834419 -0.108000003
v 0.890619874 0.368906826 -0.108000003
v 0.873066187 0.361635834 -0.0810000002
v 0.904308617 0.274319023 -0.0810000002
v 0.890619874 0.368906826 -0.108000003
v 0.850172102 0.454426467 -0.108000003
v 0.833415568 0.445469916 -0.0810000002
v 0.873066187 0.361635834 -0.0810000002
v 0.850172102 0.454426467 -0.108000003
v 0.801536679 0.535569727 -0.108000003
v 0.785738766 0.525013864 -0.0810000002
v 0.833415568 0.445469916 -0.0810000002
v 0.801536679 0.535569727 -0.108000003
v 0.745182097 0.611555099 -0.108000003
v 0.730494857 0.599501669 -0.0810000002
v 0.785738766 0.525013864 -0.0810000002
v 0.745182097 0.611555099 -0.108000003
v 0.681650937 0.681650937 -0.108000003
v 0.66821593 0.66821593 -0.0810000002
v 0.730494857 0.599501669 -0.0810000002
v 0.681650937 0.681650937 -0.108000003
v 0.611555099 0.745182097 -0.108000003
v 0.599501669 0.730494857 -0.0810000002
v 0.66821593 0.66821593 -0.0810000002
v 0.611555099 0.745182097 -0.108000003
v 0.535569727 0.801536679 -0.108000003
v 0.525013864 0.785738766 -0.0810000002
v 0.599501669 0.730494857 -0.0810000002
v 0.535569727 0.801536679 -0.108000003
v 0.454426467 0.850172102 -0.108000003
v 0.445469916 0.833415568 -0.0810000002
v 0.525013864 0.785738766 -0.0810000002
v 0.454426467 0.850172102 -0.108000003
v 0.368906826 0.890619874 -0.108000003
v 0.361635834 0.873066187 -0.0810000002
v 0.445469916 0.833415568 -0.0810000002
v 0.368906826 0.890619874 -0.108000003
v 0.279834419 0.922490478 -0.108000003
v 0.274319023 0.904308617 -0.0810000002
v 0.361635834 0.873066187 -0.0810000002
v 0.279834419 0.922490478 -0.108000003
v 0.188067064 0.945477009 -0.108000003
v 0.184360355 0.926842093 -0.0810000002
v 0.274319023 0.904308617 -0.0810000002
v 0.188067064 0.945477009 -0.108000003
v 0.0944885239 0.959358096 -0.108000003
v 0.0926261991 0.940449595 -0.0810000002
v 0.184360355 0.926842093 -0.0810000002
v 0.0944885239 0.959358096 -0.108000003
v 5.90279725e-17 0.963999987 -0.108000003
v 5.78645595e-17 0.944999993 -0.0810000002
v 0.0926261991 0.940449595 -0.0810000002
v 5.90279725e-17 0.963999987 -0.108000003
v -0.0944885239 0.959358096 -0.108000003
v -0.0926261991 0.940449595 -0.0810000002
v 5.78645595e-17 0.944999993 -0.0810000002
v -0.0944885239 0.959358096 -0.108000003
v -0.188067064 0.945477009 -0.108000003
v -0.184360355 0.926842093 -0.0810000002
v -0.0926261991 0.940449595 -0.0810000002
v -0.188067064 0.945477009 -0.108000003
v -0.279834419 0.922490478 -0.108000003
v -0.274319023 0.904308617 -0.0810000002
v -0.184360355 0.926842093 -0.0810000002
v -0.279834419 0.922490478 -0.108000003
v -0.368906826 0.890619874 -0.108000003
v -0.361635834 0.873066187 -0.0810000002
v -0.274319023 0.904308617 -0.0810000002
v -0.368906826 0.890619874 -0.108000003
v -0.454426467 0.850172102 -0.108000003
v -0.445469916 0.833415568 -0.0810000002
v -0.361635834 0.873066187 -0.0810000002
v -0.454426467 0.850172102 -0.108000003
v -0.535569727 0.801536679 -0.108000003
v -0.525013864 0.785738766 -0.0810000002
v -0.445469916 0.833415568 -0.0810000002
v -0.535569727 0.801536679 -0.108000003
v -0.611555099 0.745182097 -0.108000003
v -0.599501669 0.730494857 -0.0810000002
v -0.525013864 0.785738766 -0.0810000002
v -0.611555099 0.745182097 -0.108000003
v -0.681650937 0.681650937 -0.108000003
v -0.66821593 0.66821593 -0.0810000002
v -0.599501669 0.730494857 -0.0810000002
v -0.681650937 0.681650937 -0.108000003
v -0.745182097 0.611555099 -0.108000003
v -0.730494857 0.599501669 -0.0810000002
v -0.66821593 0.66821593 -0.0810000002
v -0.745182097 0.611555099 -0.108000003
v -0.801536679 0.535569727 -0.108000003
v -0.785738766 0.525013864 -0.0810000002
v -0.730494857 0.599501669 -0.0810000002
v -0.801536679 0.535569727 -0.108000003
v -0.850172102 0.454426467 -0.108000003
v -0.833415568 0.445469916 -0.0810000002
v -0.785738766 0.525013864 -0.0810000002
v -0.850172102 0.454426467 -0.108000003
v -0.890619874 0.368906826 -0.108000003
v -0.873066187 0.361635834 -0.0810000002
v -0.833415568 0.445469916 -0.0810000002
v -0.890619874 0.368906826 -0.108000003
v -0.922490478 0.279834419 -0.108000003
v -0.904308617 0.274319023 -0.0810000002
v -0.873066187 0.361635834 -0.0810000002
v -0.922490478 0.279834419 -0.108000003
v -0.945477009 0.188067064 -0.108000003
v -0.926842093 0.184360355 -0.0810000002
v -0.904308617 0.274319023 -0.0810000002
v -0.945477009 0.188067064 -0.108000003
v -0.959358096 0.0944885239 -0.108000003
v -0.940449595 0.0926261991 -0.0810000002
v -0.926842093 0.184360355 -0.0810000002
v -0.959358096 0.0944885239 -0.108000003
v -0.963999987 1.18055945e-16 -0.108000003
v -0.944999993 1.15729119e-16 -0.0810000002
v -0.940449595 0.0926261991 -0.0810000002
v -0.963999987 1.18055945e-16 -0.108000003
v -0.959358096 -0.0944885239 -0.108000003
v -0.940449595 -0.0926261991 -0.0810000002
v -0.944999993 1.15729119e-16 -0.0810000002
v -0.959358096 -0.0944885239 -0.108000003
v -0.945477009 -0.188067064 -0.108000003
v -0.926842093 -0.184360355 -0.0810000002
v -0.940449595 -0.0926261991 -0.0810000002
v -0.945477009 -0.188067064 -0.108000003
v -0.922490478 -0.279834419 -0.108000003
v -0.904308617 -0.274319023 -0.0810000002
v -0.926842093 -0.184360355 -0.0810000002
v -0.922490478 -0.279834419 -0.108000003
v -0.890619874 -0.368906826 -0.108000003
v -0.873066187 -0.361635834 -0.0810000002
v -0.904308617 -0.274319023 -0.0810000002
v -0.890619874 -0.368906826 -0.108000003
v -0.850172102 -0.454426467 -0.108000003
v -0.833415568 -0.445469916 -0.0810000002
v -0.873066187 -0.361635834 -0.0810000002
v -0.850172102 -0.454426467 -0.108000003
v -0.801536679 -0.535569727 -0.108000003
v -0.785738766 -0.525013864 -0.0810000002
v -0.833415568 -0.445469916 -0.0810000002
v -0.801536679 -0.535569727 -0.108000003
v -0.745182097 -0.611555099 -0.108000003
v -0.730494857 -0.599501669 -0.0810000002
v -0.785738766 -0.525013864 -0.0810000002
v -0.745182097 -0.611555099 -0.108000003
v -0.681650937 -0.681650937 -0.108000003
v -0.66821593 -0.66821593 -0.0810000002
v -0.730494857 -0.599501669 -0.0810000002
v -0.681650937 -0.681650937 -0.108000003
v -0.611555099 -0.745182097 -0.108000003
v -0.599501669 -0.730494857 -0.0810000002
v -0.66821593 -0.66821593 -0.0810000002
v -0.611555099 -0.745182097 -0.108000003
v -0.535569727 -0.801536679 -0.108000003
v -0.525013864 -0.785738766 -0.0810000002
v -0.599501669 -0.730494857 -0.0810000002
v -0.535569727 -0.801536679 -0.108000003
v -0.454426467 -0.850172102 -0.108000003
v -0.445469916 -0.833415568 -0.0810000002
v -0.525013864 -0.785738766 -0.0810000002
v -0.454426467 -0.850172102 -0.108000003
v -0.368906826 -0.890619874 -0.108000003
v -0.361635834 -0.873066187 -0.0810000002
v -0.445469916 -0.833415568 -0.0810000002
v -0.368906826 -0.890619874 -0.108000003
v -0.279834419 -0.922490478 -0.108000003
v -0.274319023 -0.904308617 -0.0810000002
v -0.361635834 -0.873066187 -0.0810000002
v -0.279834419 -0.922490478 -0.108000003
v -0.188067064 -0.945477009 -0.108000003
v -0.184360355 -0.926842093 -0.0810000002
v -0.274319023 -0.904308617 -0.0810000002
v -0.188067064 -0.945477009 -0.108000003
v -0.0944885239 -0.959358096 -0.108000003
v -0.0926261991 -0.940449595 -0.0810000002
v -0.184360355 -0.926842093 -0.0810000002
v -0.0944885239 -0.959358096 -0.108000003
v -1.77083924e-16 -0.963999987 -0.108000003
v -1.73593685e-16 -0.944999993 -0.0810000002
v -0.0926261991 -0.940449595 -0.0810000002
v -1.77083924e-16 -0.963999987 -0.108000003
v 0.0944885239 -0.959358096 -0.108000003
v 0.0926261991 -0.940449595 -0.0810000002
v -1.73593685e-16 -0.944999993 -0.0810000002
v 0.0944885239 -0.959358096 -0.108000003
v 0.188067064 -0.945477009 -0.108000003
v 0.184360355 -0.926842093 -0.0810000002
v 0.0926261991 -0.940449595 -0.0810000002
v 0.188067064 -0.945477009 -0.108000003
v 0.279834419 -0.922490478 -0.108000003
v 0.274319023 -0.904308617 -0.0810000002
v 0.184360355 -0.926842093 -0.0810000002
v 0.279834419 -0.922490478 -0.108000003
v 0.368906826 -0.890619874 -0.108000003
v 0.361635834 -0.873066187 -0.0810000002
v 0.274319023 -0.904308617 -0.0810000002
v 0.368906826 -0.890619874 -0.108000003
v 0.454426467 -0.850172102 -0.108000003
v 0.445469916 -0.833415568 -0.0810000002
v 0.361635834 -0.873066187 -0.0810000002
v 0.454426467 -0.850172102 -0.108000003
v 0.535569727 -0.801536679 -0.108000003
v 0.525013864 -0.785738766 -0.0810000002
v 0.445469916 -0.833415568 -0.0810000002
v 0.535569727 -0.801536679 -0.108000003
v 0.611555099 -0.745182097 -0.108000003
v 0.599501669 -0.730494857 -0.0810000002
v 0.525013864 -0.785738766 -0.0810000002
v 0.611555099 -0.745182097 -0.108000003
v 0.681650937 -0.681650937 -0.108000003
v 0.66821593 -0.66821593 -0.0810000002
v 0.599501669 -0.730494857 -0.0810000002
v 0.681650937 -0.681650937 -0.108000003
v 0.745182097 -0.611555099 -0.108000003
v 0.730494857 -0.599501669 -0.0810000002
v 0.66821593 -0.66821593 -0.0810000002
v 0.745182097 -0.611555099 -0.108000003
v 0.801536679 -0.535569727 -0.108000003
v 0.785738766 -0.525013864 -0.0810000002
v 0.730494857 -0.599501669 -0.0810000002
v 0.801536679 -0.535569727 -0.108000003
v 0.850172102 -0.454426467 -0.108000003
v 0.833415568 -0.445469916 -0.0810000002
v 0.785738766 -0.525013864 -0.0810000002
v 0.850172102 -0.454426467 -0.108000003
v 0.890619874 -0.368906826 -0.108000003
v 0.873066187 -0.361635834 -0.0810000002
v 0.833415568 -0.445469916 -0.0810000002
v 0.890619874 -0.368906826 -0.108000003
v 0.922490478 -0.279834419 -0.108000003
v 0.904308617 -0.274319023 -0.0810000002
v 0.873066187 -0.361635834 -0.0810000002
v 0.922490478 -0.279834419 -0.108000003
v 0.945477009 -0.188067064 -0.108000003
v 0.926842093 -0.184360355 -0.0810000002
v 0.904308617 -0.274319023 -0.0810000002
v 0.945477009 -0.188067064 -0.108000003
v 0.959358096 -0.0944885239 -0.108000003
v 0.940449595 -0.0926261991 -0.0810000002
v 0.926842093 -0.184360355 -0.0810000002
v 0.959358096 -0.0944885239 -0.108000003
v 0.963999987 -2.3611189e-16 -0.108000003
v 0.944999993 -2.31458238e-16 -0.0810000002
v 0.940449595 -0.0926261991 -0.0810000002
v 0.976000011 0 -0.108000003
v 0.971300304 0.0956647322 -0.108000003
v 0.959358096 0.0944885239 -0.108000003
v 0.963999987 0 -0.108000003
v 0.971300304 0.0956647322 -0.108000003
v 0.957246423 0.190408155 -0.108000003
v 0.945477009 0.188067064 -0.108000003
v 0.959358096 0.0944885239 -0.108000003
v 0.957246423 0.190408155 -0.108000003
v 0.933973789 0.283317834 -0.108000003
v 0.922490478 0.279834419 -0.108000003
v 0.945477009 0.188067064 -0.108000003
v 0.933973789 0.283317834 -0.108000003
v 0.901706398 0.373499036 -0.108000003
v 0.890619874 0.368906826 -0.108000003
v 0.922490478 0.279834419 -0.108000003
v 0.901706398 0.373499036 -0.108000003
v 0.860755146 0.460083216 -0.108000003
v 0.850172102 0.454426467 -0.108000003
v 0.890619874 0.368906826 -0.108000003
v 0.860755146 0.460083216 -0.108000003
v 0.811514318 0.542236567 -0.108000003
v 0.801536679 0.535569727 -0.108000003
v 0.850172102 0.454426467 -0.108000003
v 0.811514318 0.542236567 -0.108000003
v 0.754458189 0.619167864 -0.108000003
v 0.745182097 0.611555099 -0.108000003
v 0.801536679 0.535569727 -0.108000003
v 0.754458189 0.619167864 -0.108000003
v 0.690136194 0.690136194 -0.108000003
v 0.681650937 0.681650937 -0.108000003
v 0.745182097 0.611555099 -0.108000003
v 0.690136194 0.690136194 -0.108000003
v 0.619167864 0.754458189 -0.108000003
v 0.611555099 0.745182097 -0.108000003
v 0.681650937 0.681650937 -0.108000003
v 0.619167864 0.754458189 -0.108000003
v 0.542236567 0.811514318 -0.108000003
v 0.535569727 0.801536679 -0.108000003
v 0.611555099 0.745182097 -0.108000003
v 0.542236567 0.811514318 -0.108000003
v 0.460083216 0.860755146 -0.108000003
v 0.454426467 0.850172102 -0.108000003
v 0.535569727 0.801536679 -0.108000003
v 0.460083216 0.860755146 -0.108000003
v 0.373499036 0.901706398 -0.108000003
v 0.368906826 0.890619874 -0.108000003
v 0.454426467 0.850172102 -0.108000003
v 0.373499036 0.901706398 -0.108000003
v 0.283317834 0.933973789 -0.108000003
v 0.279834419 0.922490478 -0.108000003
v 0.368906826 0.890619874 -0.108000003
v 0.283317834 0.933973789 -0.108000003
v 0.190408155 0.957246423 -0.108000003
v 0.188067064 0.945477009 -0.108000003
v 0.279834419 0.922490478 -0.108000003
v 0.190408155 0.957246423 -0.108000003
v 0.0956647322 0.971300304 -0.108000003
v 0.0944885239 0.959358096 -0.108000003
v 0.188067064 0.945477009 -0.108000003
v 0.0956647322 0.971300304 -0.108000003
v 5.97627669e-17 0.976000011 -0.108000003
v 5.90279725e-17 0.963999987 -0.108000003
v 0.0944885239 0.959358096 -0.108000003
v 5.97627669e-17 0.976000011 -0.108000003
v -0.0956647322 0.971300304 -0.108000003
v -0.0944885239 0.959358096 -0.108000003
v 5.90279725e-17 0.963999987 -0.108000003
v -0.0956647322 0.971300304 -0.108000003
v -0.190408155 0.957246423 -0.108000003
v -0.188067064 0.945477009 -0.108000003
v -0.0944885239 0.959358096 -0.108000003
v -0.190408155 0.957246423 -0.108000003
v -0.283317834 0.933973789 -0.108000003
v -0.279834419 0.922490478 -0.108000003
v -0.188067064 0.945477009 -0.108000003
v -0.283317834 0.933973789 -0.108000003
v -0.373499036 0.901706398 -0.108000003
v -0.368906826 0.890619874 -0.108000003
v -0.279834419 0.922490478 -0.108000003
v -0.373499036 0.901706398 -0.108000003
v -0.460083216 0.860755146 -0.108000003
v -0.454426467 0.850172102 -0.108000003
v -0.368906826 0.890619874 -0.108000003
v -0.460083216 0.860755146 -0.108000003
v -0.542236567 0.811514318 -0.108000003
v -0.535569727 0.801536679 -0.108000003
v -0.454426467 0.850172102 -0.108000003
v -0.542236567 0.811514318 -0.108000003
v -0.619167864 0.754458189 -0.108000003
v -0.611555099 0.745182097 -0.108000003
v -0.535569727 0.801536679 -0.108000003
v -0.619167864 0.754458189 -0.108000003
v -0.690136194 0.690136194 -0.108000003
v -0.681650937 0.681650937 -0.108000003
v -0.611555099 0.745182097 -0.108000003
v -0.690136194 0.690136194 -0.108000003
v -0.754458189 0.619167864 -0.108000003
v -0.745182097 0.611555099 -0.108000003
v -0.681650937 0.681650937 -0.108000003
v -0.754458189 0.619167864 -0.108000003
v -0.811514318 0.542236567 -0.108000003
v -0.801536679 0.535569727 -0.108000003
v -0.745182097 0.611555099 -0.108000003
v -0.811514318 0.542236567 -0.108000003
v -0.860755146 0.460083216 -0.108000003
v -0.850172102 0.454426467 -0.108000003
v -0.801536679 0.535569727 -0.108000003
v -0.860755146 0.460083216 -0.108000003
v -0.901706398 0.373499036 -0.108000003
v -0.890619874 0.368906826 -0.108000003
v -0.850172102 0.454426467 -0.108000003
v -0.901706398 0.373499036 -0.108000003
v -0.933973789 0.283317834 -0.108000003
v -0.922490478 0.279834419 -0.108000003
v -0.890619874 0.368906826 -0.108000003
v -0.933973789 0.283317834 -0.108000003
v -0.957246423 0.190408155 -0.108000003
v -0.945477009 0.188067064 -0.108000003
v -0.922490478 0.279834419 -0.108000003
v -0.957246423 0.190408155 -0.108000003
v -0.971300304 0.0956647322 -0.108000003
v -0.959358096 0.0944885239 -0.108000003
v -0.945477009 0.188067064 -0.108000003
v -0.971300304 0.0956647322 -0.108000003
v -0.976000011 1.19525534e-16 -0.108000003
v -0.963999987 1.18055945e-16 -0.108000003
v -0.959358096 0.0944885239 -0.108000003
v -0.976000011 1.19525534e-16 -0.108000003
v -0.971300304 -0.0956647322 -0.108000003
v -0.959358096 -0.0944885239 -0.108000003
v -0.963999987 1.18055945e-16 -0.108000003
v -0.971300304 -0.0956647322 -0.108000003
v -0.957246423 -0.190408155 -0.108000003
v -0.945477009 -0.188067064 -0.108000003
v -0.959358096 -0.0944885239 -0.108000003
v -0.957246423 -0.190408155 -0.108000003
v -0.933973789 -0.283317834 -0.108000003
v -0.922490478 -0.279834419 -0.108000003
v -0.945477009 -0.188067064 -0.108000003
v -0.933973789 -0.283317834 -0.108000003
v -0.901706398 -0.373499036 -0.108000003
v -0.890619874 -0.368906826 -0.108000003
v -0.922490478 -0.279834419 -0.108000003
v -0.901706398 -0.373499036 -0.108000003
v -0.860755146 -0.460083216 -0.108000003
v -0.850172102 -0.454426467 -0.108000003
v -0.890619874 -0.368906826 -0.108000003
v -0.860755146 -0.460083216 -0.108000003
v -0.811514318 -0.542236567 -0.108000003
v -0.801536679 -0.535569727 -0.108000003
v -0.850172102 -0.454426467 -0.108000003
v -0.811514318 -0.542236567 -0.108000003
v -0.754458189 -0.619167864 -0.108000003
v -0.745182097 -0.611555099 -0.108000003
v -0.801536679 -0.535569727 -0.108000003
v -0.754458189 -0.619167864 -0.108000003
v -0.690136194 -0.690136194 -0.108000003
v -0.681650937 -0.681650937 -0.108000003
v -0.745182097 -0.611555099 -0.108000003
v -0.690136194 -0.690136194 -0.108000003
v -0.619167864 -0.754458189 -0.108000003
v -0.611555099 -0.745182097 -0.108000003
v -0.681650937 -0.681650937 -0.108000003
v -0.619167864 -0.754458189 -0.108000003
v -0.542236567 -0.811514318 -0.108000003
v -0.535569727 -0.801536679 -0.108000003
v -0.611555099 -0.745182097 -0.108000003
v -0.542236567 -0.811514318 -0.108000003
v -0.460083216 -0.860755146 -0.108000003
v -0.454426467 -0.850172102 -0.108000003
v -0.535569727 -0.801536679 -0.108000003
v -0.460083216 -0.860755146 -0.108000003
v -0.373499036 -0.901706398 -0.108000003
v -0.368906826 -0.890619874 -0.108000003
v -0.454426467 -0.850172102 -0.108000003
v -0.373499036 -0.901706398 -0.108000003
v -0.283317834 -0.933973789 -0.108000003
v -0.279834419 -0.922490478 -0.108000003
v -0.368906826 -0.890619874 -0.108000003
v -0.283317834 -0.933973789 -0.108000003
v -0.190408155 -0.957246423 -0.108000003
v -0.188067064 -0.945477009 -0.108000003
v -0.279834419 -0.922490478 -0.108000003
v -0.190408155 -0.957246423 -0.108000003
v -0.0956647322 -0.971300304 -0.108000003
v -0.0944885239 -0.959358096 -0.108000003
v -0.188067064 -0.945477009 -0.108000003
v -0.0956647322 -0.971300304 -0.108000003
v -1.79288288e-16 -0.976000011 -0.108000003
v -1.77083924e-16 -0.963999987 -0.108000003
v -0.0944885239 -0.959358096 -0.108000003
v -1.79288288e-16 -0.976000011 -0.108000003
v 0.0956647322 -0.971300304 -0.108000003
v 0.0944885239 -0.959358096 -0.108000003
v -1.77083924e-16 -0.963999987 -0.108000003
v 0.0956647322 -0.971300304 -0.108000003
v 0.190408155 -0.957246423 -0.108000003
v 0.188067064 -0.945477009 -0.108000003
v 0.0944885239 -0.959358096 -0.108000003
v 0.190408155 -0.957246423 -0.108000003
v 0.283317834 -0.933973789 -0.108000003
v 0.279834419 -0.922490478 -0.108000003
v 0.188067064 -0.945477009 -0.108000003
v 0.283317834 -0.933973789 -0.108000003
v 0.373499036 -0.901706398 -0.108000003
v 0.368906826 -0.890619874 -0.108000003
v 0.279834419 -0.922490478 -0.108000003
v 0.373499036 -0.901706398 -0.108000003
v 0.460083216 -0.860755146 -0.108000003
v 0.454426467 -0.850172102 -0.108000003
v 0.368906826 -0.890619874 -0.108000003
v 0.460083216 -0.860755146 -0.108000003
v 0.542236567 -0.811514318 -0.108000003
v 0.535569727 -0.801536679 -0.108000003
v 0.454426467 -0.850172102 -0.108000003
v 0.542236567 -0.811514318 -0.108000003
v 0.619167864 -0.754458189 -0.108000003
v 0.611555099 -0.745182097 -0.108000003
v 0.535569727 -0.801536679 -0.108000003
v 0.619167864 -0.754458189 -0.108000003
v 0.690136194 -0.690136194 -0.108000003
v 0.681650937 -0.681650937 -0.108000003
v 0.611555099 -0.745182097 -0.108000003
v 0.690136194 -0.690136194 -0.108000003
v 0.754458189 -0.619167864 -0.108000003
v 0.745182097 -0.611555099 -0.108000003
v 0.681650937 -0.681650937 -0.108000003
v 0.754458189 -0.619167864 -0.108000003
v 0.811514318 -0.542236567 -0.108000003
v 0.801536679 -0.535569727 -0.108000003
v 0.745182097 -0.611555099 -0.108000003
v 0.811514318 -0.542236567 -0.108000003
v 0.860755146 -0.460083216 -0.108000003
v 0.850172102 -0.454426467 -0.108000003
v 0.801536679 -0.535569727 -0.108000003
v 0.860755146 -0.460083216 -0.108000003
v 0.901706398 -0.373499036 -0.108000003
v 0.890619874 -0.368906826 -0.108000003
v 0.850172102 -0.454426467 -0.108000003
v 0.901706398 -0.373499036 -0.108000003
v 0.933973789 -0.283317834 -0.108000003
v 0.922490478 -0.279834419 -0.108000003
v 0.890619874 -0.368906826 -0.108000003
v 0.933973789 -0.283317834 -0.108000003
v 0.957246423 -0.190408155 -0.108000003
v 0.945477009 -0.188067064 -0.108000003
v 0.922490478 -0.279834419 -0.108000003
v 0.957246423 -0.190408155 -0.108000003
v 0.971300304 -0.0956647322 -0.108000003
v 0.959358096 -0.0944885239 -0.108000003
v 0.945477009 -0.188067064 -0.108000003
v 0.971300304 -0.0956647322 -0.108000003
v 0.976000011 -2.39051068e-16 -0.108000003
v 0.963999987 -2.3611189e-16 -0.108000003
v 0.959358096 -0.0944885239 -0.108000003
v 0.994000018 0 -0.0680000037
v 0.989213645 0.0974290371 -0.0680000037
v 0.971300304 0.0956647322 -0.108000003
v 0.976000011 0 -0.108000003
v 0.989213645 0.0974290371 -0.0680000037
v 0.974900544 0.193919778 -0.0680000037
v 0.957246423 0.190408155 -0.108000003
v 0.971300304 0.0956647322 -0.108000003
v 0.974900544 0.193919778 -0.0680000037
v 0.951198697 0.288542956 -0.0680000037
v 0.933973789 0.283317834 -0.108000003
v 0.957246423 0.190408155 -0.108000003
v 0.951198697 0.288542956 -0.0680000037
v 0.918336272 0.380387336 -0.0680000037
v 0.901706398 0.373499036 -0.108000003
v 0.933973789 0.283317834 -0.108000003
v 0.918336272 0.380387336 -0.0680000037
v 0.87662971 0.468568355 -0.0680000037
v 0.860755146 0.460083216 -0.108000003
v 0.901706398 0.373499036 -0.108000003
v 0.87662971 0.468568355 -0.0680000037
v 0.826480806 0.552236795 -0.0680000037
v 0.811514318 0.542236567 -0.108000003
v 0.860755146 0.460083216 -0.108000003
v 0.826480806 0.552236795 -0.0680000037
v 0.768372416 0.630586922 -0.0680000037
v 0.754458189 0.619167864 -0.108000003
v 0.811514318 0.542236567 -0.108000003
v 0.768372416 0.630586922 -0.0680000037
v 0.70286417 0.70286417 -0.0680000037
v 0.690136194 0.690136194 -0.108000003
v 0.754458189 0.619167864 -0.108000003
v 0.70286417 0.70286417 -0.0680000037
v 0.630586922 0.768372416 -0.0680000037
v 0.619167864 0.754458189 -0.108000003
v 0.690136194 0.690136194 -0.108000003
v 0.630586922 0.768372416 -0.0680000037
v 0.552236795 0.826480806 -0.0680000037
v 0.542236567 0.811514318 -0.108000003
v 0.619167864 0.754458189 -0.108000003
v 0.552236795 0.826480806 -0.0680000037
v 0.468568355 0.87662971 -0.0680000037
v 0.460083216 0.860755146 -0.108000003
v 0.542236567 0.811514318 -0.108000003
v 0.468568355 0.87662971 -0.0680000037
v 0.380387336 0.918336272 -0.0680000037
v 0.373499036 0.901706398 -0.108000003
v 0.460083216 0.860755146 -0.108000003
v 0.380387336 0.918336272 -0.0680000037
v 0.288542956 0.951198697 -0.0680000037
v 0.283317834 0.933973789 -0.108000003
v 0.373499036 0.901706398 -0.108000003
v 0.288542956 0.951198697 -0.0680000037
v 0.193919778 0.974900544 -0.0680000037
v 0.190408155 0.957246423 -0.108000003
v 0.283317834 0.933973789 -0.108000003
v 0.193919778 0.974900544 -0.0680000037
v 0.0974290371 0.989213645 -0.0680000037
v 0.0956647322 0.971300304 -0.108000003
v 0.190408155 0.957246423 -0.108000003
v 0.0974290371 0.989213645 -0.0680000037
v 6.08649487e-17 0.994000018 -0.0680000037
v 5.97627669e-17 0.976000011 -0.108000003
v 0.0956647322 0.971300304 -0.108000003
v 6.08649487e-17 0.994000018 -0.0680000037
v -0.0974290371 0.989213645 -0.0680000037
v -0.0956647322 0.971300304 -0.108000003
v 5.97627669e-17 0.976000011 -0.108000003
v -0.0974290371 0.989213645 -0.0680000037
v -0.193919778 0.974900544 -0.0680000037
v -0.190408155 0.957246423 -0.108000003
v -0.0956647322 0.971300304 -0.108000003
v -0.193919778 0.974900544 -0.0680000037
v -0.288542956 0.951198697 -0.0680000037
v -0.283317834 0.933973789 -0.108000003
v -0.190408155 0.957246423 -0.108000003
v -0.288542956 0.951198697 -0.0680000037
v -0.380387336 0.918336272 -0.0680000037
v -0.373499036 0.901706398 -0.108000003
v -0.283317834 0.933973789 -0.108000003
v -0.380387336 0.918336272 -0.0680000037
v -0.468568355 0.87662971 -0.0680000037
v -0.460083216 0.860755146 -0.108000003
v -0.373499036 0.901706398 -0.108000003
v -0.468568355 0.87662971 -0.0680000037
v -0.552236795 0.826480806 -0.0680000037
v -0.542236567 0.811514318 -0.108000003
v -0.460083216 0.860755146 -0.108000003
v -0.552236795 0.826480806 -0.0680000037
v -0.630586922 0.768372416 -0.0680000037
v -0.619167864 0.754458189 -0.108000003
v -0.542236567 0.811514318 -0.108000003
v -0.630586922 0.768372416 -0.0680000037
v -0.70286417 0.70286417 -0.0680000037
v -0.690136194 0.690136194 -0.108000003
v -0.619167864 0.754458189 -0.108000003
v -0.70286417 0.70286417 -0.0680000037
v -0.768372416 0.630586922 -0.0680000037
v -0.754458189 0.619167864 -0.108000003
v -0.690136194 0.690136194 -0.108000003
v -0.768372416 0.630586922 -0.0680000037
v -0.826480806 0.552236795 -0.0680000037
v -0.811514318 0.542236567 -0.108000003
v -0.754458189 0.619167864 -0.108000003
v -0.826480806 0.552236795 -0.0680000037
v -0.87662971 0.468568355 -0.0680000037
v -0.860755146 0.460083216 -0.108000003
v -0.811514318 0.542236567 -0.108000003
v -0.87662971 0.468568355 -0.0680000037
v -0.918336272 0.380387336 -0.0680000037
v -0.901706398 0.373499036 -0.108000003
v -0.860755146 0.460083216 -0.108000003
v -0.918336272 0.380387336 -0.0680000037
v -0.951198697 0.288542956 -0.0680000037
v -0.933973789 0.283317834 -0.108000003
v -0.901706398 0.373499036 -0.108000003
v -0.951198697 0.288542956 -0.0680000037
v -0.974900544 0.193919778 -0.0680000037
v -0.957246423 0.190408155 -0.108000003
v -0.933973789 0.283317834 -0.108000003
v -0.974900544 0.193919778 -0.0680000037
v -0.989213645 0.0974290371 -0.0680000037
v -0.971300304 0.0956647322 -0.108000003
v -0.957246423 0.190408155 -0.108000003
v -0.989213645 0.0974290371 -0.0680000037
v -0.994000018 1.21729897e-16 -0.0680000037
v -0.976000011 1.19525534e-16 -0.108000003
v -0.971300304 0.0956647322 -0.108000003
v -0.994000018 1.21729897e-16 -0.0680000037
v -0.989213645 -0.0974290371 -0.0680000037
v -0.971300304 -0.0956647322 -0.108000003
v -0.976000011 1.19525534e-16 -0.108000003
v -0.989213645 -0.0974290371 -0.0680000037
v -0.974900544 -0.193919778 -0.0680000037
v -0.957246423 -0.190408155 -0.108000003
v -0.971300304 -0.0956647322 -0.108000003
v -0.974900544 -0.193919778 -0.0680000037
v -0.951198697 -0.288542956 -0.0680000037
v -0.933973789 -0.283317834 -0.108000003
v -0.957246423 -0.190408155 -0.108000003
v -0.951198697 -0.288542956 -0.0680000037
v -0.918336272 -0.380387336 -0.0680000037
v -0.901706398 -0.373499036 -0.108000003
v -0.933973789 -0.283317834 -0.108000003
v -0.918336272 -0.380387336 -0.0680000037
v -0.87662971 -0.468568355 -0.0680000037
v -0.860755146 -0.460083216 -0.108000003
v -0.901706398 -0.373499036 -0.108000003
v -0.87662971 -0.468568355 -0.0680000037
v -0.826480806 -0.552236795 -0.0680000037
v -0.811514318 -0.542236567 -0.108000003
v -0.860755146 -0.460083216 -0.108000003
v -0.826480806 -0.552236795 -0.0680000037
v -0.768372416 -0.630586922 -0.0680000037
v -0.754458189 -0.619167864 -0.108000003
v -0.811514318 -0.542236567 -0.108000003
v -0.768372416 -0.630586922 -0.0680000037
v -0.70286417 -0.70286417 -0.0680000037
v -0.690136194 -0.690136194 -0.108000003
v -0.754458189 -0.619167864 -0.108000003
v -0.70286417 -0.70286417 -0.0680000037
v -0.630586922 -0.768372416 -0.0680000037
v -0.619167864 -0.754458189 -0.108000003
v -0.690136194 -0.690136194 -0.108000003
v -0.630586922 -0.768372416 -0.0680000037
v -0.552236795 -0.826480806 -0.0680000037
v -0.542236567 -0.811514318 -0.108000003
v -0.619167864 -0.754458189 -0.108000003
v -0.552236795 -0.826480806 -0.0680000037
v -0.468568355 -0.87662971 -0.0680000037
v -0.460083216 -0.860755146 -0.108000003
v -0.542236567 -0.811514318 -0.108000003
v -0.468568355 -0.87662971 -0.0680000037
v -0.380387336 -0.918336272 -0.0680000037
v -0.373499036 -0.901706398 -0.108000003
v -0.460083216 -0.860755146 -0.108000003
v -0.380387336 -0.918336272 -0.0680000037
v -0.288542956 -0.951198697 -0.0680000037
v -0.283317834 -0.933973789 -0.108000003
v -0.373499036 -0.901706398 -0.108000003
v -0.288542956 -0.951198697 -0.0680000037
v -0.193919778 -0.974900544 -0.0680000037
v -0.190408155 -0.957246423 -0.108000003
v -0.283317834 -0.933973789 -0.108000003
v -0.193919778 -0.974900544 -0.0680000037
v -0.0974290371 -0.989213645 -0.0680000037
v -0.0956647322 -0.971300304 -0.108000003
v -0.190408155 -0.957246423 -0.108000003
v -0.0974290371 -0.989213645 -0.0680000037
v -1.8259484e-16 -0.994000018 -0.0680000037
v -1.79288288e-16 -0.976000011 -0.108000003
v -0.0956647322 -0.971300304 -0.108000003
v -1.8259484e-16 -0.994000018 -0.0680000037
v 0.0974290371 -0.989213645 -0.0680000037
v 0.0956647322 -0.971300304 -0.108000003
v -1.79288288e-16 -0.976000011 -0.108000003
v 0.0974290371 -0.989213645 -0.0680000037
v 0.193919778 -0.974900544 -0.0680000037
v 0.190408155 -0.957246423 -0.108000003
v 0.0956647322 -0.971300304 -0.108000003
v 0.193919778 -0.974900544 -0.0680000037
v 0.288542956 -0.951198697 -0.0680000037
v 0.283317834 -0.933973789 -0.108000003
v 0.190408155 -0.957246423 -0.108000003
v 0.288542956 -0.951198697 -0.0680000037
v 0.380387336 -0.918336272 -0.0680000037
v 0.373499036 -0.901706398 -0.108000003
v 0.283317834 -0.933973789 -0.108000003
v 0.380387336 -0.918336272 -0.0680000037
v 0.468568355 -0.87662971 -0.0680000037
v 0.460083216 -0.860755146 -0.108000003
v 0.373499036 -0.901706398 -0.108000003
v 0.468568355 -0.87662971 -0.0680000037
v 0.552236795 -0.826480806 -0.0680000037
v 0.542236567 -0.811514318 -0.108000003
v 0.460083216 -0.860755146 -0.108000003
v 0.552236795 -0.826480806 -0.0680000037
v 0.630586922 -0.768372416 -0.0680000037
v 0.619167864 -0.754458189 -0.108000003
v 0.542236567 -0.811514318 -0.108000003
v 0.630586922 -0.768372416 -0.0680000037
v 0.70286417 -0.70286417 -0.0680000037
v 0.690136194 -0.690136194 -0.108000003
v 0.619167864 -0.754458189 -0.108000003
v 0.70286417 -0.70286417 -0.0680000037
v 0.768372416 -0.630586922 -0.0680000037
v 0.754458189 -0.619167864 -0.108000003
v 0.690136194 -0.690136194 -0.108000003
v 0.768372416 -0.630586922 -0.0680000037
v 0.826480806 -0.552236795 -0.0680000037
v 0.811514318 -0.542236567 -0.108000003
v 0.754458189 -0.619167864 -0.108000003
v 0.826480806 -0.552236795 -0.0680000037
v 0.87662971 -0.468568355 -0.0680000037
v 0.860755146 -0.460083216 -0.108000003
v 0.811514318 -0.542236567 -0.108000003
v 0.87662971 -0.468568355 -0.0680000037
v 0.918336272 -0.380387336 -0.0680000037
v 0.901706398 -0.373499036 -0.108000003
v 0.860755146 -0.460083216 -0.108000003
v 0.918336272 -0.380387336 -0.0680000037
v 0.951198697 -0.288542956 -0.0680000037
v 0.933973789 -0.283317834 -0.108000003
v 0.901706398 -0.373499036 -0.108000003
v 0.951198697 -0.288542956 -0.0680000037
v 0.974900544 -0.193919778 -0.0680000037
v 0.957246423 -0.190408155 -0.108000003
v 0.933973789 -0.283317834 -0.108000003
v 0.974900544 -0.193919778 -0.0680000037
v 0.989213645 -0.0974290371 -0.0680000037
v 0.971300304 -0.0956647322 -0.108000003
v 0.957246423 -0.190408155 -0.108000003
v 0.989213645 -0.0974290371 -0.0680000037
v 0.994000018 -2.43459795e-16 -0.0680000037
v 0.976000011 -2.39051068e-16 -0.108000003
v 0.971300304 -0.0956647322 -0.108000003
v 0.889999986 0 0.107000001
v 0.885714412 0.087235257 0.107000001
v 0.910594046 0.0896856859 0.0829999968
v 0.915000021 0 0.0829999968
v 0.885714412 0.087235257 0.107000001
v 0.872898877 0.173630387 0.107000001
v 0.897418559 0.178507641 0.0829999968
v 0.910594046 0.0896856859 0.0829999968
v 0.872898877 0.173630387 0.107000001
v 0.851676881 0.258353353 0.107000001
v 0.875600398 0.265610486 0.0829999968
v 0.897418559 0.178507641 0.0829999968
v 0.851676881 0.258353353 0.107000001
v 0.82225281 0.340588242 0.107000001
v 0.845349789 0.350155354 0.0829999968
v 0.875600398 0.265610486 0.0829999968
v 0.82225281 0.340588242 0.107000001
v 0.784909904 0.419543087 0.107000001
v 0.80695796 0.431328028 0.0829999968
v 0.845349789 0.350155354 0.0829999968
v 0.784909904 0.419543087 0.107000001
v 0.740007937 0.494457513 0.107000001
v 0.760794699 0.508346736 0.0829999968
v 0.80695796 0.431328028 0.0829999968
v 0.740007937 0.494457513 0.107000001
v 0.687979281 0.564610004 0.107000001
v 0.707304537 0.580469847 0.0829999968
v 0.760794699 0.508346736 0.0829999968
v 0.687979281 0.564610004 0.107000001
v 0.629325032 0.629325032 0.107000001
v 0.647002697 0.647002697 0.0829999968
v 0.707304537 0.580469847 0.0829999968
v 0.629325032 0.629325032 0.107000001
v 0.564610004 0.687979281 0.107000001
v 0.580469847 0.707304537 0.0829999968
v 0.647002697 0.647002697 0.0829999968
v 0.564610004 0.687979281 0.107000001
v 0.494457513 0.740007937 0.107000001
v 0.508346736 0.760794699 0.0829999968
v 0.580469847 0.707304537 0.0829999968
v 0.494457513 0.740007937 0.107000001
v 0.419543087 0.784909904 0.107000001
v 0.431328028 0.80695796 0.0829999968
v 0.508346736 0.760794699 0.0829999968
v 0.419543087 0.784909904 0.107000001
v 0.340588242 0.82225281 0.107000001
v 0.350155354 0.845349789 0.0829999968
v 0.431328028 0.80695796 0.0829999968
v 0.340588242 0.82225281 0.107000001
v 0.258353353 0.851676881 0.107000001
v 0.265610486 0.875600398 0.0829999968
v 0.350155354 0.845349789 0.0829999968
v 0.258353353 0.851676881 0.107000001
v 0.173630387 0.872898877 0.107000001
v 0.178507641 0.897418559 0.0829999968
v 0.265610486 0.875600398 0.0829999968
v 0.173630387 0.872898877 0.107000001
v 0.087235257 0.885714412 0.107000001
v 0.0896856859 0.910594046 0.0829999968
v 0.178507641 0.897418559 0.0829999968
v 0.087235257 0.885714412 0.107000001
v 5.4496783e-17 0.889999986 0.107000001
v 5.60275899e-17 0.915000021 0.0829999968
v 0.0896856859 0.910594046 0.0829999968
v 5.4496783e-17 0.889999986 0.107000001
v -0.087235257 0.885714412 0.107000001
v -0.0896856859 0.910594046 0.0829999968
v 5.60275899e-17 0.915000021 0.0829999968
v -0.087235257 0.885714412 0.107000001
v -0.173630387 0.872898877 0.107000001
v -0.178507641 0.897418559 0.0829999968
v -0.0896856859 0.910594046 0.0829999968
v -0.173630387 0.872898877 0.107000001
v -0.258353353 0.851676881 0.107000001
v -0.265610486 0.875600398 0.0829999968
v -0.178507641 0.897418559 0.0829999968
v -0.258353353 0.851676881 0.107000001
v -0.340588242 0.82225281 0.107000001
v -0.350155354 0.845349789 0.0829999968
v -0.265610486 0.875600398 0.0829999968
v -0.340588242 0.82225281 0.107000001
v -0.419543087 0.784909904 0.107000001
v -0.431328028 0.80695796 0.0829999968
v -0.350155354 0.845349789 0.0829999968
v -0.419543087 0.784909904 0.107000001
v -0.494457513 0.740007937 0.107000001
v -0.508346736 0.760794699 0.0829999968
v -0.431328028 0.80695796 0.0829999968
v -0.494457513 0.740007937 0.107000001
v -0.564610004 0.687979281 0.107000001
v -0.580469847 0.707304537 0.0829999968
v -0.508346736 0.760794699 0.0829999968
v -0.564610004 0.687979281 0.107000001
v -0.629325032 0.629325032 0.107000001
v -0.647002697 0.647002697 0.0829999968
v -0.580469847 0.707304537 0.0829999968
v -0.629325032 0.629325032 0.107000001
v -0.687979281 0.564610004 0.107000001
v -0.707304537 0.580469847 0.0829999968
v -0.647002697 0.647002697 0.0829999968
v -0.687979281 0.564610004 0.107000001
v -0.740007937 0.494457513 0.107000001
v -0.760794699 0.508346736 0.0829999968
v -0.707304537 0.580469847 0.0829999968
v -0.740007937 0.494457513 0.107000001
v -0.784909904 0.419543087 0.107000001
v -0.80695796 0.431328028 0.0829999968
v -0.760794699 0.508346736 0.0829999968
v -0.784909904 0.419543087 0.107000001
v -0.82225281 0.340588242 0.107000001
v -0.845349789 0.350155354 0.0829999968
v -0.80695796 0.431328028 0.0829999968
v -0.82225281 0.340588242 0.107000001
v -0.851676881 0.258353353 0.107000001
v -0.875600398 0.265610486 0.0829999968
v -0.845349789 0.350155354 0.0829999968
v -0.851676881 0.258353353 0.107000001
v -0.872898877 0.173630387 0.107000001
v -0.897418559 0.178507641 0.0829999968
v -0.875600398 0.265610486 0.0829999968
v -0.872898877 0.173630387 0.107000001
v -0.885714412 0.087235257 0.107000001
v -0.910594046 0.0896856859 0.0829999968
v -0.897418559 0.178507641 0.0829999968
v -0.885714412 0.087235257 0.107000001
v -0.889999986 1.08993566e-16 0.107000001
v -0.915000021 1.1205518e-16 0.0829999968
v -0.910594046 0.0896856859 0.0829999968
v -0.889999986 1.08993566e-16 0.107000001
v -0.885714412 -0.087235257 0.107000001
v -0.910594046 -0.0896856859 0.0829999968
v -0.915000021 1.1205518e-16 0.0829999968
v -0.885714412 -0.087235257 0.107000001
v -0.872898877 -0.173630387 0.107000001
v -0.897418559 -0.178507641 0.0829999968
v -0.910594046 -0.0896856859 0.0829999968
v -0.872898877 -0.173630387 0.107000001
v -0.851676881 -0.258353353 0.107000001
v -0.875600398 -0.265610486 0.0829999968
v -0.897418559 -0.178507641 0.0829999968
v -0.851676881 -0.258353353 0.107000001
v -0.82225281 -0.340588242 0.107000001
v -0.845349789 -0.350155354 0.0829999968
v -0.875600398 -0.265610486 0.0829999968
v -0.82225281 -0.340588242 0.107000001
v -0.784909904 -0.419543087 0.107000001
v -0.80695796 -0.431328028 0.0829999968
v -0.845349789 -0.350155354 0.0829999968
v -0.784909904 -0.419543087 0.107000001
v -0.740007937 -0.494457513 0.107000001
v -0.760794699 -0.508346736 0.0829999968
v -0.80695796 -0.431328028 0.0829999968
v -0.740007937 -0.494457513 0.107000001
v -0.687979281 -0.564610004 0.107000001
v -0.707304537 -0.580469847 0.0829999968
v -0.760794699 -0.508346736 0.0829999968
v -0.687979281 -0.564610004 0.107000001
v -0.629325032 -0.629325032 0.107000001
v -0.647002697 -0.647002697 0.0829999968
v -0.707304537 -0.580469847 0.0829999968
v -0.629325032 -0.629325032 0.107000001
v -0.564610004 -0.687979281 0.107000001
v -0.580469847 -0.707304537 0.0829999968
v -0.647002697 -0.647002697 0.0829999968
v -0.564610004 -0.687979281 0.107000001
v -0.494457513 -0.740007937 0.107000001
v -0.508346736 -0.760794699 0.0829999968
v -0.580469847 -0.707304537 0.0829999968
v -0.494457513 -0.740007937 0.107000001
v -0.419543087 -0.784909904 0.107000001
v -0.431328028 -0.80695796 0.0829999968
v -0.508346736 -0.760794699 0.0829999968
v -0.419543087 -0.784909904 0.107000001
v -0.340588242 -0.82225281 0.107000001
v -0.350155354 -0.845349789 0.0829999968
v -0.431328028 -0.80695796 0.0829999968
v -0.340588242 -0.82225281 0.107000001
v -0.258353353 -0.851676881 0.107000001
v -0.265610486 -0.875600398 0.0829999968
v -0.350155354 -0.845349789 0.0829999968
v -0.258353353 -0.851676881 0.107000001
v -0.173630387 -0.872898877 0.107000001
v -0.178507641 -0.897418559 0.0829999968
v -0.265610486 -0.875600398 0.0829999968
v -0.173630387 -0.872898877 0.107000001
v -0.087235257 -0.885714412 0.107000001
v -0.0896856859 -0.910594046 0.0829999968
v -0.178507641 -0.897418559 0.0829999968
v -0.087235257 -0.885714412 0.107000001
v -1.63490342e-16 -0.889999986 0.107000001
v -1.6808277e-16 -0.915000021 0.0829999968
v -0.0896856859 -0.910594046 0.0829999968
v -1.63490342e-16 -0.889999986 0.107000001
v 0.087235257 -0.885714412 0.107000001
v 0.0896856859 -0.910594046 0.0829999968
v -1.6808277e-16 -0.915000021 0.0829999968
v 0.087235257 -0.885714412 0.107000001
v 0.173630387 -0.872898877 0.107000001
v 0.178507641 -0.897418559 0.0829999968
v 0.0896856859 -0.910594046 0.0829999968
v 0.173630387 -0.872898877 0.107000001
v 0.258353353 -0.851676881 0.107000001
v 0.265610486 -0.875600398 0.0829999968
v 0.178507641 -0.897418559 0.0829999968
v 0.258353353 -0.851676881 0.107000001
v 0.340588242 -0.82225281 0.107000001
v 0.350155354 -0.845349789 0.0829999968
v 0.265610486 -0.875600398 0.0829999968
v 0.340588242 -0.82225281 0.107000001
v 0.419543087 -0.784909904 0.107000001
v 0.431328028 -0.80695796 0.0829999968
v 0.350155354 -0.845349789 0.0829999968
v 0.419543087 -0.784909904 0.107000001
v 0.494457513 -0.740007937 0.107000001
v 0.508346736 -0.760794699 0.0829999968
v 0.431328028 -0.80695796 0.0829999968
v 0.494457513 -0.740007937 0.107000001
v 0.564610004 -0.687979281 0.107000001
v 0.580469847 -0.707304537 0.0829999968
v 0.508346736 -0.760794699 0.0829999968
v 0.564610004 -0.687979281 0.107000001
v 0.629325032 -0.629325032 0.107000001
v 0.647002697 -0.647002697 0.0829999968
v 0.580469847 -0.707304537 0.0829999968
v 0.629325032 -0.629325032 0.107000001
v 0.687979281 -0.564610004 0.107000001
v 0.707304537 -0.580469847 0.0829999968
v 0.647002697 -0.647002697 0.0829999968
v 0.687979281 -0.564610004 0.107000001
v 0.740007937 -0.494457513 0.107000001
v 0.760794699 -0.508346736 0.0829999968
v 0.707304537 -0.580469847 0.0829999968
v 0.740007937 -0.494457513 0.107000001
v 0.784909904 -0.419543087 0.107000001
v 0.80695796 -0.431328028 0.0829999968
v 0.760794699 -0.508346736 0.0829999968
v 0.784909904 -0.419543087 0.107000001
v 0.82225281 -0.340588242 0.107000001
v 0.845349789 -0.350155354 0.0829999968
v 0.80695796 -0.431328028 0.0829999968
v 0.82225281 -0.340588242 0.107000001
v 0.851676881 -0.258353353 0.107000001
v 0.875600398 -0.265610486 0.0829999968
v 0.845349789 -0.350155354 0.0829999968
v 0.851676881 -0.258353353 0.107000001
v 0.872898877 -0.173630387 0.107000001
v 0.897418559 -0.178507641 0.0829999968
v 0.875600398 -0.265610486 0.0829999968
v 0.872898877 -0.173630387 0.107000001
v 0.885714412 -0.087235257 0.107000001
v 0.910594046 -0.0896856859 0.0829999968
v 0.897418559 -0.178507641 0.0829999968
v 0.885714412 -0.087235257 0.107000001
v 0.889999986 -2.17987132e-16 0.107000001
v 0.915000021 -2.24110359e-16 0.0829999968
v 0.910594046 -0.0896856859 0.0829999968
v 0.829999983 0 0.107000001
v 0.826003313 0.0813542232 0.107000001
v 0.885714412 0.087235257 0.107000001
v 0.889999986 0 0.107000001
v 0.826003313 0.0813542232 0.107000001
v 0.814051807 0.161924973 0.107000001
v 0.872898877 0.173630387 0.107000001
v 0.885714412 0.087235257 0.107000001
v 0.814051807 0.161924973 0.107000001
v 0.794260502 0.240936279 0.107000001
v 0.851676881 0.258353353 0.107000001
v 0.872898877 0.173630387 0.107000001
v 0.794260502 0.240936279 0.107000001
v 0.766820014 0.317627251 0.107000001
v 0.82225281 0.340588242 0.107000001
v 0.851676881 0.258353353 0.107000001
v 0.766820014 0.317627251 0.107000001
v 0.731994629 0.391259283 0.107000001
v 0.784909904 0.419543087 0.107000001
v 0.82225281 0.340588242 0.107000001
v 0.731994629 0.391259283 0.107000001
v 0.690119803 0.461123288 0.107000001
v 0.740007937 0.494457513 0.107000001
v 0.784909904 0.419543087 0.107000001
v 0.690119803 0.461123288 0.107000001
v 0.641598701 0.526546419 0.107000001
v 0.687979281 0.564610004 0.107000001
v 0.740007937 0.494457513 0.107000001
v 0.641598701 0.526546419 0.107000001
v 0.586898625 0.586898625 0.107000001
v 0.629325032 0.629325032 0.107000001
v 0.687979281 0.564610004 0.107000001
v 0.586898625 0.586898625 0.107000001
v 0.526546419 0.641598701 0.107000001
v 0.564610004 0.687979281 0.107000001
v 0.629325032 0.629325032 0.107000001
v 0.526546419 0.641598701 0.107000001
v 0.461123288 0.690119803 0.107000001
v 0.494457513 0.740007937 0.107000001
v 0.564610004 0.687979281 0.107000001
v 0.461123288 0.690119803 0.107000001
v 0.391259283 0.731994629 0.107000001
v 0.419543087 0.784909904 0.107000001
v 0.494457513 0.740007937 0.107000001
v 0.391259283 0.731994629 0.107000001
v 0.317627251 0.766820014 0.107000001
v 0.340588242 0.82225281 0.107000001
v 0.419543087 0.784909904 0.107000001
v 0.317627251 0.766820014 0.107000001
v 0.240936279 0.794260502 0.107000001
v 0.258353353 0.851676881 0.107000001
v 0.340588242 0.82225281 0.107000001
v 0.240936279 0.794260502 0.107000001
v 0.161924973 0.814051807 0.107000001
v 0.173630387 0.872898877 0.107000001
v 0.258353353 0.851676881 0.107000001
v 0.161924973 0.814051807 0.107000001
v 0.0813542232 0.826003313 0.107000001
v 0.087235257 0.885714412 0.107000001
v 0.173630387 0.872898877 0.107000001
v 0.0813542232 0.826003313 0.107000001
v 5.08228437e-17 0.829999983 0.107000001
v 5.4496783e-17 0.889999986 0.107000001
v 0.087235257 0.885714412 0.107000001
v 5.08228437e-17 0.829999983 0.107000001
v -0.0813542232 0.826003313 0.107000001
v -0.087235257 0.885714412 0.107000001
v 5.4496783e-17 0.889999986 0.107000001
v -0.0813542232 0.826003313 0.107000001
v -0.161924973 0.814051807 0.107000001
v -0.173630387 0.872898877 0.107000001
v -0.087235257 0.885714412 0.107000001
v -0.161924973 0.814051807 0.107000001
v -0.240936279 0.794260502 0.107000001
v -0.258353353 0.851676881 0.107000001
v -0.173630387 0.872898877 0.107000001
v -0.240936279 0.794260502 0.107000001
v -0.317627251 0.766820014 0.107000001
v -0.340588242 0.82225281 0.107000001
v -0.258353353 0.851676881 0.107000001
v -0.317627251 0.766820014 0.107000001
v -0.391259283 0.731994629 0.107000001
v -0.419543087 0.784909904 0.107000001
v -0.340588242 0.82225281 0.107000001
v -0.391259283 0.731994629 0.107000001
v -0.461123288 0.690119803 0.107000001
v -0.494457513 0.740007937 0.107000001
v -0.419543087 0.784909904 0.107000001
v -0.461123288 0.690119803 0.107000001
v -0.526546419 0.641598701 0.107000001
v -0.564610004 0.687979281 0.107000001
v -0.494457513 0.740007937 0.107000001
v -0.526546419 0.641598701 0.107000001
v -0.586898625 0.586898625 0.107000001
v -0.629325032 0.629325032 0.107000001
v -0.564610004 0.687979281 0.107000001
v -0.586898625 0.586898625 0.107000001
v -0.641598701 0.526546419 0.107000001
v -0.687979281 0.564610004 0.107000001
v -0.629325032 0.629325032 0.107000001
v -0.641598701 0.526546419 0.107000001
v -0.690119803 0.461123288 0.107000001
v -0.740007937 0.494457513 0.107000001
v -0.687979281 0.564610004 0.107000001
v -0.690119803 0.461123288 0.107000001
v -0.731994629 0.391259283 0.107000001
v -0.784909904 0.419543087 0.107000001
v -0.740007937 0.494457513 0.107000001
v -0.731994629 0.391259283 0.107000001
v -0.766820014 0.317627251 0.107000001
v -0.82225281 0.340588242 0.107000001
v -0.784909904 0.419543087 0.107000001
v -0.766820014 0.317627251 0.107000001
v -0.794260502 0.240936279 0.107000001
v -0.851676881 0.258353353 0.107000001
v -0.82225281 0.340588242 0.107000001
v -0.794260502 0.240936279 0.107000001
v -0.814051807 0.161924973 0.107000001
v -0.872898877 0.173630387 0.107000001
v -0.851676881 0.258353353 0.107000001
v -0.814051807 0.161924973 0.107000001
v -0.826003313 0.0813542232 0.107000001
v -0.885714412 0.087235257 0.107000001
v -0.872898877 0.173630387 0.107000001
v -0.826003313 0.0813542232 0.107000001
v -0.829999983 1.01645687e-16 0.107000001
v -0.889999986 1.08993566e-16 0.107000001
v -0.885714412 0.087235257 0.107000001
v -0.829999983 1.01645687e-16 0.107000001
v -0.826003313 -0.0813542232 0.107000001
v -0.885714412 -0.087235257 0.107000001
v -0.889999986 1.08993566e-16 0.107000001
v -0.826003313 -0.0813542232 0.107000001
v -0.814051807 -0.161924973 0.107000001
v -0.872898877 -0.173630387 0.107000001
v -0.885714412 -0.087235257 0.107000001
v -0.814051807 -0.161924973 0.107000001
v -0.794260502 -0.240936279 0.107000001
v -0.851676881 -0.258353353 0.107000001
v -0.872898877 -0.173630387 0.107000001
v -0.794260502 -0.240936279 0.107000001
v -0.766820014 -0.317627251 0.107000001
v -0.82225281 -0.340588242 0.107000001
v -0.851676881 -0.258353353 0.107000001
v -0.766820014 -0.317627251 0.107000001
v -0.731994629 -0.391259283 0.107000001
v -0.784909904 -0.419543087 0.107000001
v -0.82225281 -0.340588242 0.107000001
v -0.731994629 -0.391259283 0.107000001
v -0.690119803 -0.461123288 0.107000001
v -0.740007937 -0.494457513 0.107000001
v -0.784909904 -0.419543087 0.107000001
v -0.690119803 -0.461123288 0.107000001
v -0.641598701 -0.526546419 0.107000001
v -0.687979281 -0.564610004 0.107000001
v -0.740007937 -0.494457513 0.107000001
v -0.641598701 -0.526546419 0.107000001
v -0.586898625 -0.586898625 0.107000001
v -0.629325032 -0.629325032 0.107000001
v -0.687979281 -0.564610004 0.107000001
v -0.586898625 -0.586898625 0.107000001
v -0.526546419 -0.641598701 0.107000001
v -0.564610004 -0.687979281 0.107000001
v -0.629325032 -0.629325032 0.107000001
v -0.526546419 -0.641598701 0.107000001
v -0.461123288 -0.690119803 0.107000001
v -0.494457513 -0.740007937 0.107000001
v -0.564610004 -0.687979281 0.107000001
v -0.461123288 -0.690119803 0.107000001
v -0.391259283 -0.731994629 0.107000001
v -0.419543087 -0.784909904 0.107000001
v -0.494457513 -0.740007937 0.107000001
v -0.391259283 -0.731994629 0.107000001
v -0.317627251 -0.766820014 0.107000001
v -0.340588242 -0.82225281 0.107000001
v -0.419543087 -0.784909904 0.107000001
v -0.317627251 -0.766820014 0.107000001
v -0.240936279 -0.794260502 0.107000001
v -0.258353353 -0.851676881 0.107000001
v -0.340588242 -0.82225281 0.107000001
v -0.240936279 -0.794260502 0.107000001
v -0.161924973 -0.814051807 0.107000001
v -0.173630387 -0.872898877 0.107000001
v -0.258353353 -0.851676881 0.107000001
v -0.161924973 -0.814051807 0.107000001
v -0.0813542232 -0.826003313 0.107000001
v -0.087235257 -0.885714412 0.107000001
v -0.173630387 -0.872898877 0.107000001
v -0.0813542232 -0.826003313 0.107000001
v -1.52468525e-16 -0.829999983 0.107000001
v -1.63490342e-16 -0.889999986 0.107000001
v -0.087235257 -0.885714412 0.107000001
v -1.52468525e-16 -0.829999983 0.107000001
v 0.0813542232 -0.826003313 0.107000001
v 0.087235257 -0.885714412 0.107000001
v -1.63490342e-16 -0.889999986 0.107000001
v 0.0813542232 -0.826003313 0.107000001
v 0.161924973 -0.814051807 0.107000001
v 0.173630387 -0.872898877 0.107000001
v 0.087235257 -0.885714412 0.107000001
v 0.161924973 -0.814051807 0.107000001
v 0.240936279 -0.794260502 0.107000001
v 0.258353353 -0.851676881 0.107000001
v 0.173630387 -0.872898877 0.107000001
v 0.240936279 -0.794260502 0.107000001
v 0.317627251 -0.766820014 0.107000001
v 0.340588242 -0.82225281 0.107000001
v 0.258353353 -0.851676881 0.107000001
v 0.317627251 -0.766820014 0.107000001
v 0.391259283 -0.731994629 0.107000001
v 0.419543087 -0.784909904 0.107000001
v 0.340588242 -0.82225281 0.107000001
v 0.391259283 -0.731994629 0.107000001
v 0.461123288 -0.690119803 0.107000001
v 0.494457513 -0.740007937 0.107000001
v 0.419543087 -0.784909904 0.107000001
v 0.461123288 -0.690119803 0.107000001
v 0.526546419 -0.641598701 0.107000001
v 0.564610004 -0.687979281 0.107000001
v 0.494457513 -0.740007937 0.107000001
v 0.526546419 -0.641598701 0.107000001
v 0.586898625 -0.586898625 0.107000001
v 0.629325032 -0.629325032 0.107000001
v 0.564610004 -0.687979281 0.107000001
v 0.586898625 -0.586898625 0.107000001
v 0.641598701 -0.526546419 0.107000001
v 0.687979281 -0.564610004 0.107000001
v 0.629325032 -0.629325032 0.107000001
v 0.641598701 -0.526546419 0.107000001
v 0.690119803 -0.461123288 0.107000001
v 0.740007937 -0.494457513 0.107000001
v 0.687979281 -0.564610004 0.107000001
v 0.690119803 -0.461123288 0.107000001
v 0.731994629 -0.391259283 0.107000001
v 0.784909904 -0.419543087 0.107000001
v 0.740007937 -0.494457513 0.107000001
v 0.731994629 -0.391259283 0.107000001
v 0.766820014 -0.317627251 0.107000001
v 0.82225281 -0.340588242 0.107000001
v 0.784909904 -0.419543087 0.107000001
v 0.766820014 -0.317627251 0.107000001
v 0.794260502 -0.240936279 0.107000001
v 0.851676881 -0.258353353 0.107000001
v 0.82225281 -0.340588242 0.107000001
v 0.794260502 -0.240936279 0.107000001
v 0.814051807 -0.161924973 0.107000001
v 0.872898877 -0.173630387 0.107000001
v 0.851676881 -0.258353353 0.107000001
v 0.814051807 -0.161924973 0.107000001
v 0.826003313 -0.0813542232 0.107000001
v 0.885714412 -0.087235257 0.107000001
v 0.872898877 -0.173630387 0.107000001
v 0.826003313 -0.0813542232 0.107000001
v 0.829999983 -2.03291375e-16 0.107000001
v 0.889999986 -2.17987132e-16 0.107000001
v 0.885714412 -0.087235257 0.107000001
v 0.800000012 0 0.0810000002
v 0.796147764 0.07841371 0.0810000002
v 0.826003313 0.0813542232 0.107000001
v 0.829999983 0 0.107000001
v 0.796147764 0.07841371 0.0810000002
v 0.784628212 0.156072259 0.0810000002
v 0.814051807 0.161924973 0.107000001
v 0.826003313 0.0813542232 0.107000001
v 0.784628212 0.156072259 0.0810000002
v 0.765552282 0.232227743 0.0810000002
v 0.794260502 0.240936279 0.107000001
v 0.814051807 0.161924973 0.107000001
v 0.765552282 0.232227743 0.0810000002
v 0.739103615 0.306146741 0.0810000002
v 0.766820014 0.317627251 0.107000001
v 0.794260502 0.240936279 0.107000001
v 0.739103615 0.306146741 0.0810000002
v 0.705537021 0.377117395 0.0810000002
v 0.731994629 0.391259283 0.107000001
v 0.766820014 0.317627251 0.107000001
v 0.705537021 0.377117395 0.0810000002
v 0.665175676 0.44445619 0.0810000002
v 0.690119803 0.461123288 0.107000001
v 0.731994629 0.391259283 0.107000001
v 0.665175676 0.44445619 0.0810000002
v 0.618408382 0.507514656 0.0810000002
v 0.641598701 0.526546419 0.107000001
v 0.690119803 0.461123288 0.107000001
v 0.618408382 0.507514656 0.0810000002
v 0.565685451 0.565685451 0.0810000002
v 0.586898625 0.586898625 0.107000001
v 0.641598701 0.526546419 0.107000001
v 0.565685451 0.565685451 0.0810000002
v 0.507514656 0.618408382 0.0810000002
v 0.526546419 0.641598701 0.107000001
v 0.586898625 0.586898625 0.107000001
v 0.507514656 0.618408382 0.0810000002
v 0.44445619 0.665175676 0.0810000002
v 0.461123288 0.690119803 0.107000001
v 0.526546419 0.641598701 0.107000001
v 0.44445619 0.665175676 0.0810000002
v 0.377117395 0.705537021 0.0810000002
v 0.391259283 0.731994629 0.107000001
v 0.461123288 0.690119803 0.107000001
v 0.377117395 0.705537021 0.0810000002
v 0.306146741 0.739103615 0.0810000002
v 0.317627251 0.766820014 0.107000001
v 0.391259283 0.731994629 0.107000001
v 0.306146741 0.739103615 0.0810000002
v 0.232227743 0.765552282 0.0810000002
v 0.240936279 0.794260502 0.107000001
v 0.317627251 0.766820014 0.107000001
v 0.232227743 0.765552282 0.0810000002
v 0.156072259 0.784628212 0.0810000002
v 0.161924973 0.814051807 0.107000001
v 0.240936279 0.794260502 0.107000001
v 0.156072259 0.784628212 0.0810000002
v 0.07841371 0.796147764 0.0810000002
v 0.0813542232 0.826003313 0.107000001
v 0.161924973 0.814051807 0.107000001
v 0.07841371 0.796147764 0.0810000002
v 4.89858708e-17 0.800000012 0.0810000002
v 5.08228437e-17 0.829999983 0.107000001
v 0.0813542232 0.826003313 0.107000001
v 4.89858708e-17 0.800000012 0.0810000002
v -0.07841371 0.796147764 0.0810000002
v -0.0813542232 0.826003313 0.107000001
v 5.08228437e-17 0.829999983 0.107000001
v -0.07841371 0.796147764 0.0810000002
v -0.156072259 0.784628212 0.0810000002
v -0.161924973 0.814051807 0.107000001
v -0.0813542232 0.826003313 0.107000001
v -0.156072259 0.784628212 0.0810000002
v -0.232227743 0.765552282 0.0810000002
v -0.240936279 0.794260502 0.107000001
v -0.161924973 0.814051807 0.107000001
v -0.232227743 0.765552282 0.0810000002
v -0.306146741 0.739103615 0.0810000002
v -0.317627251 0.766820014 0.107000001
v -0.240936279 0.794260502 0.107000001
v -0.306146741 0.739103615 0.0810000002
v -0.377117395 0.705537021 0.0810000002
v -0.391259283 0.731994629 0.107000001
v -0.317627251 0.766820014 0.107000001
v -0.377117395 0.705537021 0.0810000002
v -0.44445619 0.665175676 0.0810000002
v -0.461123288 0.690119803 0.107000001
v -0.391259283 0.731994629 0.107000001
v -0.44445619 0.665175676 0.0810000002
v -0.507514656 0.618408382 0.0810000002
v -0.526546419 0.641598701 0.107000001
v -0.461123288 0.690119803 0.107000001
v -0.507514656 0.618408382 0.0810000002
v -0.565685451 0.565685451 0.0810000002
v -0.586898625 0.586898625 0.107000001
v -0.526546419 0.641598701 0.107000001
v -0.565685451 0.565685451 0.0810000002
v -0.618408382 0.507514656 0.0810000002
v -0.641598701 0.526546419 0.107000001
v -0.586898625 0.586898625 0.107000001
v -0.618408382 0.507514656 0.0810000002
v -0.665175676 0.44445619 0.0810000002
v -0.690119803 0.461123288 0.107000001
v -0.641598701 0.526546419 0.107000001
v -0.665175676 0.44445619 0.0810000002
v -0.705537021 0.377117395 0.0810000002
v -0.731994629 0.391259283 0.107000001
v -0.690119803 0.461123288 0.107000001
v -0.705537021 0.377117395 0.0810000002
v -0.739103615 0.306146741 0.0810000002
v -0.766820014 0.317627251 0.107000001
v -0.731994629 0.391259283 0.107000001
v -0.739103615 0.306146741 0.0810000002
v -0.765552282 0.232227743 0.0810000002
v -0.794260502 0.240936279 0.107000001
v -0.766820014 0.317627251 0.107000001
v -0.765552282 0.232227743 0.0810000002
v -0.784628212 0.156072259 0.0810000002
v -0.814051807 0.161924973 0.107000001
v -0.794260502 0.240936279 0.107000001
v -0.784628212 0.156072259 0.0810000002
v -0.796147764 0.07841371 0.0810000002
v -0.826003313 0.0813542232 0.107000001
v -0.814051807 0.161924973 0.107000001
v -0.796147764 0.07841371 0.0810000002
v -0.800000012 9.79717416e-17 0.0810000002
v -0.829999983 1.01645687e-16 0.107000001
v -0.826003313 0.0813542232 0.107000001
v -0.800000012 9.79717416e-17 0.0810000002
v -0.796147764 -0.07841371 0.0810000002
v -0.826003313 -0.0813542232 0.107000001
v -0.829999983 1.01645687e-16 0.107000001
v -0.796147764 -0.07841371 0.0810000002
v -0.784628212 -0.156072259 0.0810000002
v -0.814051807 -0.161924973 0.107000001
v -0.826003313 -0.0813542232 0.107000001
v -0.784628212 -0.156072259 0.0810000002
v -0.765552282 -0.232227743 0.0810000002
v -0.794260502 -0.240936279 0.107000001
v -0.814051807 -0.161924973 0.107000001
v -0.765552282 -0.232227743 0.0810000002
v -0.739103615 -0.306146741 0.0810000002
v -0.766820014 -0.317627251 0.107000001
v -0.794260502 -0.240936279 0.107000001
v -0.739103615 -0.306146741 0.0810000002
v -0.705537021 -0.377117395 0.0810000002
v -0.731994629 -0.391259283 0.107000001
v -0.766820014 -0.317627251 0.107000001
v -0.705537021 -0.377117395 0.0810000002
v -0.665175676 -0.44445619 0.0810000002
v -0.690119803 -0.461123288 0.107000001
v -0.731994629 -0.391259283 0.107000001
v -0.665175676 -0.44445619 0.0810000002
v -0.618408382 -0.507514656 0.0810000002
v -0.641598701 -0.526546419 0.107000001
v -0.690119803 -0.461123288 0.107000001
v -0.618408382 -0.507514656 0.0810000002
v -0.565685451 -0.565685451 0.0810000002
v -0.586898625 -0.586898625 0.107000001
v -0.641598701 -0.526546419 0.107000001
v -0.565685451 -0.565685451 0.0810000002
v -0.507514656 -0.618408382 0.0810000002
v -0.526546419 -0.641598701 0.107000001
v -0.586898625 -0.586898625 0.107000001
v -0.507514656 -0.618408382 0.0810000002
v -0.44445619 -0.665175676 0.0810000002
v -0.461123288 -0.690119803 0.107000001
v -0.526546419 -0.641598701 0.107000001
v -0.44445619 -0.665175676 0.0810000002
v -0.377117395 -0.705537021 0.0810000002
v -0.391259283 -0.731994629 0.107000001
v -0.461123288 -0.690119803 0.107000001
v -0.377117395 -0.705537021 0.0810000002
v -0.306146741 -0.739103615 0.0810000002
v -0.317627251 -0.766820014 0.107000001
v -0.391259283 -0.731994629 0.107000001
v -0.306146741 -0.739103615 0.0810000002
v -0.232227743 -0.765552282 0.0810000002
v -0.240936279 -0.794260502 0.107000001
v -0.317627251 -0.766820014 0.107000001
v -0.232227743 -0.765552282 0.0810000002
v -0.156072259 -0.784628212 0.0810000002
v -0.161924973 -0.814051807 0.107000001
v -0.240936279 -0.794260502 0.107000001
v -0.156072259 -0.784628212 0.0810000002
v -0.07841371 -0.796147764 0.0810000002
v -0.0813542232 -0.826003313 0.107000001
v -0.161924973 -0.814051807 0.107000001
v -0.07841371 -0.796147764 0.0810000002
v -1.46957622e-16 -0.800000012 0.0810000002
v -1.52468525e-16 -0.829999983 0.107000001
v -0.0813542232 -0.826003313 0.107000001
v -1.46957622e-16 -0.800000012 0.0810000002
v 0.07841371 -0.796147764 0.0810000002
v 0.0813542232 -0.826003313 0.107000001
v -1.52468525e-16 -0.829999983 0.107000001
v 0.07841371 -0.796147764 0.0810000002
v 0.156072259 -0.784628212 0.0810000002
v 0.161924973 -0.814051807 0.107000001
v 0.0813542232 -0.826003313 0.107000001
v 0.156072259 -0.784628212 0.0810000002
v 0.232227743 -0.765552282 0.0810000002
v 0.240936279 -0.794260502 0.107000001
v 0.161924973 -0.814051807 0.107000001
v 0.232227743 -0.765552282 0.0810000002
v 0.306146741 -0.739103615 0.0810000002
v 0.317627251 -0.766820014 0.107000001
v 0.240936279 -0.794260502 0.107000001
v 0.306146741 -0.739103615 0.0810000002
v 0.377117395 -0.705537021 0.0810000002
v 0.391259283 -0.731994629 0.107000001
v 0.317627251 -0.766820014 0.107000001
v 0.377117395 -0.705537021 0.0810000002
v 0.44445619 -0.665175676 0.0810000002
v 0.461123288 -0.690119803 0.107000001
v 0.391259283 -0.731994629 0.107000001
v 0.44445619 -0.665175676 0.0810000002
v 0.507514656 -0.618408382 0.0810000002
v 0.526546419 -0.641598701 0.107000001
v 0.461123288 -0.690119803 0.107000001
v 0.507514656 -0.618408382 0.0810000002
v 0.565685451 -0.565685451 0.0810000002
v 0.586898625 -0.586898625 0.107000001
v 0.526546419 -0.641598701 0.107000001
v 0.565685451 -0.565685451 0.0810000002
v 0.618408382 -0.507514656 0.0810000002
v 0.641598701 -0.526546419 0.107000001
v 0.586898625 -0.586898625 0.107000001
v 0.618408382 -0.507514656 0.0810000002
v 0.665175676 -0.44445619 0.0810000002
v 0.690119803 -0.461123288 0.107000001
v 0.641598701 -0.526546419 0.107000001
v 0.665175676 -0.44445619 0.0810000002
v 0.705537021 -0.377117395 0.0810000002
v 0.731994629 -0.391259283 0.107000001
v 0.690119803 -0.461123288 0.107000001
v 0.705537021 -0.377117395 0.0810000002
v 0.739103615 -0.306146741 0.0810000002
v 0.766820014 -0.317627251 0.107000001
v 0.731994629 -0.391259283 0.107000001
v 0.739103615 -0.306146741 0.0810000002
v 0.765552282 -0.232227743 0.0810000002
v 0.794260502 -0.240936279 0.107000001
v 0.766820014 -0.317627251 0.107000001
v 0.765552282 -0.232227743 0.0810000002
v 0.784628212 -0.156072259 0.0810000002
v 0.814051807 -0.161924973 0.107000001
v 0.794260502 -0.240936279 0.107000001
v 0.784628212 -0.156072259 0.0810000002
v 0.796147764 -0.07841371 0.0810000002
v 0.826003313 -0.0813542232 0.107000001
v 0.814051807 -0.161924973 0.107000001
v 0.796147764 -0.07841371 0.0810000002
v 0.800000012 -1.95943483e-16 0.0810000002
v 0.829999983 -2.03291375e-16 0.107000001
v 0.826003313 -0.0813542232 0.107000001
v 0.976000011 0 0.108000003
v 0.971300304 0.0956647322 0.108000003
v 0.989213645 0.0974290371 0.0680000037
v 0.994000018 0 0.0680000037
v 0.971300304 0.0956647322 0.108000003
v 0.957246423 0.190408155 0.108000003
v 0.974900544 0.193919778 0.0680000037
v 0.989213645 0.0974290371 0.0680000037
v 0.957246423 0.190408155 0.108000003
v 0.933973789 0.283317834 0.108000003
v 0.951198697 0.288542956 0.0680000037
v 0.974900544 0.193919778 0.0680000037
v 0.933973789 0.283317834 0.108000003
v 0.901706398 0.373499036 0.108000003
v 0.918336272 0.380387336 0.0680000037
v 0.951198697 0.288542956 0.0680000037
v 0.901706398 0.373499036 0.108000003
v 0.860755146 0.460083216 0.108000003
v 0.87662971 0.468568355 0.0680000037
v 0.918336272 0.380387336 0.0680000037
v 0.860755146 0.460083216 0.108000003
v 0.811514318 0.542236567 0.108000003
v 0.826480806 0.552236795 0.0680000037
v 0.87662971 0.468568355 0.0680000037
v 0.811514318 0.542236567 0.108000003
v 0.754458189 0.619167864 0.108000003
v 0.768372416 0.630586922 0.0680000037
v 0.826480806 0.552236795 0.0680000037
v 0.754458189 0.619167864 0.108000003
v 0.690136194 0.690136194 0.108000003
v 0.70286417 0.70286417 0.0680000037
v 0.768372416 0.630586922 0.0680000037
v 0.690136194 0.690136194 0.108000003
v 0.619167864 0.754458189 0.108000003
v 0.630586922 0.768372416 0.0680000037
v 0.70286417 0.70286417 0.0680000037
v 0.619167864 0.754458189 0.108000003
v 0.542236567 0.811514318 0.108000003
v 0.552236795 0.826480806 0.0680000037
v 0.630586922 0.768372416 0.0680000037
v 0.542236567 0.811514318 0.108000003
v 0.460083216 0.860755146 0.108000003
v 0.468568355 0.87662971 0.0680000037
v 0.552236795 0.826480806 0.0680000037
v 0.460083216 0.860755146 0.108000003
v 0.373499036 0.901706398 0.108000003
v 0.380387336 0.918336272 0.0680000037
v 0.468568355 0.87662971 0.0680000037
v 0.373499036 0.901706398 0.108000003
v 0.283317834 0.933973789 0.108000003
v 0.288542956 0.951198697 0.0680000037
v 0.380387336 0.918336272 0.0680000037
v 0.283317834 0.933973789 0.108000003
v 0.190408155 0.957246423 0.108000003
v 0.193919778 0.974900544 0.0680000037
v 0.288542956 0.951198697 0.0680000037
v 0.190408155 0.957246423 0.108000003
v 0.0956647322 0.971300304 0.108000003
v 0.0974290371 0.989213645 0.0680000037
v 0.193919778 0.974900544 0.0680000037
v 0.0956647322 0.971300304 0.108000003
v 5.97627669e-17 0.976000011 0.108000003
v 6.08649487e-17 0.994000018 0.0680000037
v 0.0974290371 0.989213645 0.0680000037
v 5.97627669e-17 0.976000011 0.108000003
v -0.0956647322 0.971300304 0.108000003
v -0.0974290371 0.989213645 0.0680000037
v 6.08649487e-17 0.994000018 0.0680000037
v -0.0956647322 0.971300304 0.108000003
v -0.190408155 0.957246423 0.108000003
v -0.193919778 0.974900544 0.0680000037
v -0.0974290371 0.989213645 0.0680000037
v -0.190408155 0.957246423 0.108000003
v -0.283317834 0.933973789 0.108000003
v -0.288542956 0.951198697 0.0680000037
v -0.193919778 0.974900544 0.0680000037
v -0.283317834 0.933973789 0.108000003
v -0.373499036 0.901706398 0.108000003
v -0.380387336 0.918336272 0.0680000037
v -0.288542956 0.951198697 0.0680000037
v -0.373499036 0.901706398 0.108000003
v -0.460083216 0.860755146 0.108000003
v -0.468568355 0.87662971 0.0680000037
v -0.380387336 0.918336272 0.0680000037
v -0.460083216 0.860755146 0.108000003
v -0.542236567 0.811514318 0.108000003
v -0.552236795 0.826480806 0.0680000037
v -0.468568355 0.87662971 0.0680000037
v -0.542236567 0.811514318 0.108000003
v -0.619167864 0.754458189 0.108000003
v -0.630586922 0.768372416 0.0680000037
v -0.552236795 0.826480806 0.0680000037
v -0.619167864 0.754458189 0.108000003
v -0.690136194 0.690136194 0.108000003
v -0.70286417 0.70286417 0.0680000037
v -0.630586922 0.768372416 0.0680000037
v -0.690136194 0.690136194 0.108000003
v -0.754458189 0.619167864 0.108000003
v -0.768372416 0.630586922 0.0680000037
v -0.70286417 0.70286417 0.0680000037
v -0.754458189 0.619167864 0.108000003
v -0.811514318 0.542236567 0.108000003
v -0.826480806 0.552236795 0.0680000037
v -0.768372416 0.630586922 0.0680000037
v -0.811514318 0.542236567 0.108000003
v -0.860755146 0.460083216 0.108000003
v -0.87662971 0.468568355 0.0680000037
v -0.826480806 0.552236795 0.0680000037
v -0.860755146 0.460083216 0.108000003
v -0.901706398 0.373499036 0.108000003
v -0.918336272 0.380387336 0.0680000037
v -0.87662971 0.468568355 0.0680000037
v -0.901706398 0.373499036 0.108000003
v -0.933973789 0.283317834 0.108000003
v -0.951198697 0.288542956 0.0680000037
v -0.918336272 0.380387336 0.0680000037
v -0.933973789 0.283317834 0.108000003
v -0.957246423 0.190408155 0.108000003
v -0.974900544 0.193919778 0.0680000037
v -0.951198697 0.288542956 0.0680000037
v -0.957246423 0.190408155 0.108000003
v -0.971300304 0.0956647322 0.108000003
v -0.989213645 0.0974290371 0.0680000037
v -0.974900544 0.193919778 0.0680000037
v -0.971300304 0.0956647322 0.108000003
v -0.976000011 1.19525534e-16 0.108000003
v -0.994000018 1.21729897e-16 0.0680000037
v -0.989213645 0.0974290371 0.0680000037
v -0.976000011 1.19525534e-16 0.108000003
v -0.971300304 -0.0956647322 0.108000003
v -0.989213645 -0.0974290371 0.0680000037
v -0.994000018 1.21729897e-16 0.0680000037
v -0.971300304 -0.0956647322 0.108000003
v -0.957246423 -0.190408155 0.108000003
v -0.974900544 -0.193919778 0.0680000037
v -0.989213645 -0.0974290371 0.0680000037
v -0.957246423 -0.190408155 0.108000003
v -0.933973789 -0.283317834 0.108000003
v -0.951198697 -0.288542956 0.0680000037
v -0.974900544 -0.193919778 0.0680000037
v -0.933973789 -0.283317834 0.108000003
v -0.901706398 -0.373499036 0.108000003
v -0.918336272 -0.380387336 0.0680000037
v -0.951198697 -0.288542956 0.0680000037
v -0.901706398 -0.373499036 0.108000003
v -0.860755146 -0.460083216 0.108000003
v -0.87662971 -0.468568355 0.0680000037
v -0.918336272 -0.380387336 0.0680000037
v -0.860755146 -0.460083216 0.108000003
v -0.811514318 -0.542236567 0.108000003
v -0.826480806 -0.552236795 0.0680000037
v -0.87662971 -0.468568355 0.0680000037
v -0.811514318 -0.542236567 0.108000003
v -0.754458189 -0.619167864 0.108000003
v -0.768372416 -0.630586922 0.0680000037
v -0.826480806 -0.552236795 0.0680000037
v -0.754458189 -0.619167864 0.108000003
v -0.690136194 -0.690136194 0.108000003
v -0.70286417 -0.70286417 0.0680000037
v -0.768372416 -0.630586922 0.0680000037
v -0.690136194 -0.690136194 0.108000003
v -0.619167864 -0.754458189 0.108000003
v -0.630586922 -0.768372416 0.0680000037
v -0.70286417 -0.70286417 0.0680000037
v -0.619167864 -0.754458189 0.108000003
v -0.542236567 -0.811514318 0.108000003
v -0.552236795 -0.826480806 0.0680000037
v -0.630586922 -0.768372416 0.0680000037
v -0.542236567 -0.811514318 0.108000003
v -0.460083216 -0.860755146 0.108000003
v -0.468568355 -0.87662971 0.0680000037
v -0.552236795 -0.826480806 0.0680000037
v -0.460083216 -0.860755146 0.108000003
v -0.373499036 -0.901706398 0.108000003
v -0.380387336 -0.918336272 0.0680000037
v -0.468568355 -0.87662971 0.0680000037
v -0.373499036 -0.901706398 0.108000003
v -0.283317834 -0.933973789 0.108000003
v -0.288542956 -0.951198697 0.0680000037
v -0.380387336 -0.918336272 0.0680000037
v -0.283317834 -0.933973789 0.108000003
v -0.190408155 -0.957246423 0.108000003
v -0.193919778 -0.974900544 0.0680000037
v -0.288542956 -0.951198697 0.0680000037
v -0.190408155 -0.957246423 0.108000003
v -0.0956647322 -0.971300304 0.108000003
v -0.0974290371 -0.989213645 0.0680000037
v -0.193919778 -0.974900544 0.0680000037
v -0.0956647322 -0.971300304 0.108000003
v -1.79288288e-16 -0.976000011 0.108000003
v -1.8259484e-16 -0.994000018 0.0680000037
v -0.0974290371 -0.989213645 0.0680000037
v -1.79288288e-16 -0.976000011 0.108000003
v 0.0956647322 -0.971300304 0.108000003
v 0.0974290371 -0.989213645 0.0680000037
v -1.8259484e-16 -0.994000018 0.0680000037
v 0.0956647322 -0.971300304 0.108000003
v 0.190408155 -0.957246423 0.108000003
v 0.193919778 -0.974900544 0.0680000037
v 0.0974290371 -0.989213645 0.0680000037
v 0.190408155 -0.957246423 0.108000003
v 0.283317834 -0.933973789 0.108000003
v 0.288542956 -0.951198697 0.0680000037
v 0.193919778 -0.974900544 0.0680000037
v 0.283317834 -0.933973789 0.108000003
v 0.373499036 -0.901706398 0.108000003
v 0.380387336 -0.918336272 0.0680000037
v 0.288542956 -0.951198697 0.0680000037
v 0.373499036 -0.901706398 0.108000003
v 0.460083216 -0.860755146 0.108000003
v 0.468568355 -0.87662971 0.0680000037
v 0.380387336 -0.918336272 0.0680000037
v 0.460083216 -0.860755146 0.108000003
v 0.542236567 -0.811514318 0.108000003
v 0.552236795 -0.826480806 0.0680000037
v 0.468568355 -0.87662971 0.0680000037
v 0.542236567 -0.811514318 0.108000003
v 0.619167864 -0.754458189 0.108000003
v 0.630586922 -0.768372416 0.0680000037
v 0.552236795 -0.826480806 0.0680000037
v 0.619167864 -0.754458189 0.108000003
v 0.690136194 -0.690136194 0.108000003
v 0.70286417 -0.70286417 0.0680000037
v 0.630586922 -0.768372416 0.0680000037
v 0.690136194 -0.690136194 0.108000003
v 0.754458189 -0.619167864 0.108000003
v 0.768372416 -0.630586922 0.0680000037
v 0.70286417 -0.70286417 0.0680000037
v 0.754458189 -0.619167864 0.108000003
v 0.811514318 -0.542236567 0.108000003
v 0.826480806 -0.552236795 0.0680000037
v 0.768372416 -0.630586922 0.0680000037
v 0.811514318 -0.542236567 0.108000003
v 0.860755146 -0.460083216 0.108000003
v 0.87662971 -0.468568355 0.0680000037
v 0.826480806 -0.552236795 0.0680000037
v 0.860755146 -0.460083216 0.108000003
v 0.901706398 -0.373499036 0.108000003
v 0.918336272 -0.380387336 0.0680000037
v 0.87662971 -0.468568355 0.0680000037
v 0.901706398 -0.373499036 0.108000003
v 0.933973789 -0.283317834 0.108000003
v 0.951198697 -0.288542956 0.0680000037
v 0.918336272 -0.380387336 0.0680000037
v 0.933973789 -0.283317834 0.108000003
v 0.957246423 -0.190408155 0.108000003
v 0.974900544 -0.193919778 0.0680000037
v 0.951198697 -0.288542956 0.0680000037
v 0.957246423 -0.190408155 0.108000003
v 0.971300304 -0.0956647322 0.108000003
v 0.989213645 -0.0974290371 0.0680000037
v 0.974900544 -0.193919778 0.0680000037
v 0.971300304 -0.0956647322 0.108000003
v 0.976000011 -2.39051068e-16 0.108000003
v 0.994000018 -2.43459795e-16 0.0680000037
v 0.989213645 -0.0974290371 0.0680000037
v 0.963999987 0 0.108000003
v 0.959358096 0.0944885239 0.108000003
v 0.971300304 0.0956647322 0.108000003
v 0.976000011 0 0.108000003
v 0.959358096 0.0944885239 0.108000003
v 0.945477009 0.188067064 0.108000003
v 0.957246423 0.190408155 0.108000003
v 0.971300304 0.0956647322 0.108000003
v 0.945477009 0.188067064 0.108000003
v 0.922490478 0.279834419 0.108000003
v 0.933973789 0.283317834 0.108000003
v 0.957246423 0.190408155 0.108000003
v 0.922490478 0.279834419 0.108000003
v 0.890619874 0.368906826 0.108000003
v 0.901706398 0.373499036 0.108000003
v 0.933973789 0.283317834 0.108000003
v 0.890619874 0.368906826 0.108000003
v 0.850172102 0.454426467 0.108000003
v 0.860755146 0.460083216 0.108000003
v 0.901706398 0.373499036 0.108000003
v 0.850172102 0.454426467 0.108000003
v 0.801536679 0.535569727 0.108000003
v 0.811514318 0.542236567 0.108000003
v 0.860755146 0.460083216 0.108000003
v 0.801536679 0.535569727 0.108000003
v 0.745182097 0.611555099 0.108000003
v 0.754458189 0.619167864 0.108000003
v 0.811514318 0.542236567 0.108000003
v 0.745182097 0.611555099 0.108000003
v 0.681650937 0.681650937 0.108000003
v 0.690136194 0.690136194 0.108000003
v 0.754458189 0.619167864 0.108000003
v 0.681650937 0.681650937 0.108000003
v 0.611555099 0.745182097 0.108000003
v 0.619167864 0.754458189 0.108000003
v 0.690136194 0.690136194 0.108000003
v 0.611555099 0.745182097 0.108000003
v 0.535569727 0.801536679 0.108000003
v 0.542236567 0.811514318 0.108000003
v 0.619167864 0.754458189 0.108000003
v 0.535569727 0.801536679 0.108000003
v 0.454426467 0.850172102 0.108000003
v 0.460083216 0.860755146 0.108000003
v 0.542236567 0.811514318 0.108000003
v 0.454426467 0.850172102 0.108000003
v 0.368906826 0.890619874 0.108000003
v 0.373499036 0.901706398 0.108000003
v 0.460083216 0.860755146 0.108000003
v 0.368906826 0.890619874 0.108000003
v 0.279834419 0.922490478 0.108000003
v 0.283317834 0.933973789 0.108000003
v 0.373499036 0.901706398 0.108000003
v 0.279834419 0.922490478 0.108000003
v 0.188067064 0.945477009 0.108000003
v 0.190408155 0.957246423 0.108000003
v 0.283317834 0.933973789 0.108000003
v 0.188067064 0.945477009 0.108000003
v 0.0944885239 0.959358096 0.108000003
v 0.0956647322 0.971300304 0.108000003
v 0.190408155 0.957246423 0.108000003
v 0.0944885239 0.959358096 0.108000003
v 5.90279725e-17 0.963999987 0.108000003
v 5.97627669e-17 0.976000011 0.108000003
v 0.0956647322 0.971300304 0.108000003
v 5.90279725e-17 0.963999987 0.108000003
v -0.0944885239 0.959358096 0.108000003
v -0.0956647322 0.971300304 0.108000003
v 5.97627669e-17 0.976000011 0.108000003
v -0.0944885239 0.959358096 0.108000003
v -0.188067064 0.945477009 0.108000003
v -0.190408155 0.957246423 0.108000003
v -0.0956647322 0.971300304 0.108000003
v -0.188067064 0.945477009 0.108000003
v -0.279834419 0.922490478 0.108000003
v -0.283317834 0.933973789 0.108000003
v -0.190408155 0.957246423 0.108000003
v -0.279834419 0.922490478 0.108000003
v -0.368906826 0.890619874 0.108000003
v -0.373499036 0.901706398 0.108000003
v -0.283317834 0.933973789 0.108000003
v -0.368906826 0.890619874 0.108000003
v -0.454426467 0.850172102 0.108000003
v -0.460083216 0.860755146 0.108000003
v -0.373499036 0.901706398 0.108000003
v -0.454426467 0.850172102 0.108000003
v -0.535569727 0.801536679 0.108000003
v -0.542236567 0.811514318 0.108000003
v -0.460083216 0.860755146 0.108000003
v -0.535569727 0.801536679 0.108000003
v -0.611555099 0.745182097 0.108000003
v -0.619167864 0.754458189 0.108000003
v -0.542236567 0.811514318 0.108000003
v -0.611555099 0.745182097 0.108000003
v -0.681650937 0.681650937 0.108000003
v -0.690136194 0.690136194 0.108000003
v -0.619167864 0.754458189 0.108000003
v -0.681650937 0.681650937 0.108000003
v -0.745182097 0.611555099 0.108000003
v -0.754458189 0.619167864 0.108000003
v -0.690136194 0.690136194 0.108000003
v -0.745182097 0.611555099 0.108000003
v -0.801536679 0.535569727 0.108000003
v -0.811514318 0.542236567 0.108000003
v -0.754458189 0.619167864 0.108000003
v -0.801536679 0.535569727 0.108000003
v -0.850172102 0.454426467 0.108000003
v -0.860755146 0.460083216 0.108000003
v -0.811514318 0.542236567 0.108000003
v -0.850172102 0.454426467 0.108000003
v -0.890619874 0.368906826 0.108000003
v -0.901706398 0.373499036 0.108000003
v -0.860755146 0.460083216 0.108000003
v -0.890619874 0.368906826 0.108000003
v -0.922490478 0.279834419 0.108000003
v -0.933973789 0.283317834 0.108000003
v -0.901706398 0.373499036 0.108000003
v -0.922490478 0.279834419 0.108000003
v -0.945477009 0.188067064 0.108000003
v -0.957246423 0.190408155 0.108000003
v -0.933973789 0.283317834 0.108000003
v -0.945477009 0.188067064 0.108000003
v -0.959358096 0.0944885239 0.108000003
v -0.971300304 0.0956647322 0.108000003
v -0.957246423 0.190408155 0.108000003
v -0.959358096 0.0944885239 0.108000003
v -0.963999987 1.18055945e-16 0.108000003
v -0.976000011 1.19525534e-16 0.108000003
v -0.971300304 0.0956647322 0.108000003
v -0.963999987 1.18055945e-16 0.108000003
v -0.959358096 -0.0944885239 0.108000003
v -0.971300304 -0.0956647322 0.108000003
v -0.976000011 1.19525534e-16 0.108000003
v -0.959358096 -0.0944885239 0.108000003
v -0.945477009 -0.188067064 0.108000003
v -0.957246423 -0.190408155 0.108000003
v -0.971300304 -0.0956647322 0.108000003
v -0.945477009 -0.188067064 0.108000003
v -0.922490478 -0.279834419 0.108000003
v -0.933973789 -0.283317834 0.108000003
v -0.957246423 -0.190408155 0.108000003
v -0.922490478 -0.279834419 0.108000003
v -0.890619874 -0.368906826 0.108000003
v -0.901706398 -0.373499036 0.108000003
v -0.933973789 -0.283317834 0.108000003
v -0.890619874 -0.368906826 0.108000003
v -0.850172102 -0.454426467 0.108000003
v -0.860755146 -0.460083216 0.108000003
v -0.901706398 -0.373499036 0.108000003
v -0.850172102 -0.454426467 0.108000003
v -0.801536679 -0.535569727 0.108000003
v -0.811514318 -0.542236567 0.108000003
v -0.860755146 -0.460083216 0.108000003
v -0.801536679 -0.535569727 0.108000003
v -0.745182097 -0.611555099 0.108000003
v -0.754458189 -0.619167864 0.108000003
v -0.811514318 -0.542236567 0.108000003
v -0.745182097 -0.611555099 0.108000003
v -0.681650937 -0.681650937 0.108000003
v -0.690136194 -0.690136194 0.108000003
v -0.754458189 -0.619167864 0.108000003
v -0.681650937 -0.681650937 0.108000003
v -0.611555099 -0.745182097 0.108000003
v -0.619167864 -0.754458189 0.108000003
v -0.690136194 -0.690136194 0.108000003
v -0.611555099 -0.745182097 0.108000003
v -0.535569727 -0.801536679 0.108000003
v -0.542236567 -0.811514318 0.108000003
v -0.619167864 -0.754458189 0.108000003
v -0.535569727 -0.801536679 0.108000003
v -0.454426467 -0.850172102 0.108000003
v -0.460083216 -0.860755146 0.108000003
v -0.542236567 -0.811514318 0.108000003
v -0.454426467 -0.850172102 0.108000003
v -0.368906826 -0.890619874 0.108000003
v -0.373499036 -0.901706398 0.108000003
v -0.460083216 -0.860755146 0.108000003
v -0.368906826 -0.890619874 0.108000003
v -0.279834419 -0.922490478 0.108000003
v -0.283317834 -0.933973789 0.108000003
v -0.373499036 -0.901706398 0.108000003
v -0.279834419 -0.922490478 0.108000003
v -0.188067064 -0.945477009 0.108000003
v -0.190408155 -0.957246423 0.108000003
v -0.283317834 -0.933973789 0.108000003
v -0.188067064 -0.945477009 0.108000003
v -0.0944885239 -0.959358096 0.108000003
v -0.0956647322 -0.971300304 0.108000003
v -0.190408155 -0.957246423 0.108000003
v -0.0944885239 -0.959358096 0.108000003
v -1.77083924e-16 -0.963999987 0.108000003
v -1.79288288e-16 -0.976000011 0.108000003
v -0.0956647322 -0.971300304 0.108000003
v -1.77083924e-16 -0.963999987 0.108000003
v 0.0944885239 -0.959358096 0.108000003
v 0.0956647322 -0.971300304 0.108000003
v -1.79288288e-16 -0.976000011 0.108000003
v 0.0944885239 -0.959358096 0.108000003
v 0.188067064 -0.945477009 0.108000003
v 0.190408155 -0.957246423 0.108000003
v 0.0956647322 -0.971300304 0.108000003
v 0.188067064 -0.945477009 0.108000003
v 0.279834419 -0.922490478 0.108000003
v 0.283317834 -0.933973789 0.108000003
v 0.190408155 -0.957246423 0.108000003
v 0.279834419 -0.922490478 0.108000003
v 0.368906826 -0.890619874 0.108000003
v 0.373499036 -0.901706398 0.108000003
v 0.283317834 -0.933973789 0.108000003
v 0.368906826 -0.890619874 0.108000003
v 0.454426467 -0.850172102 0.108000003
v 0.460083216 -0.860755146 0.108000003
v 0.373499036 -0.901706398 0.108000003
v 0.454426467 -0.850172102 0.108000003
v 0.535569727 -0.801536679 0.108000003
v 0.542236567 -0.811514318 0.108000003
v 0.460083216 -0.860755146 0.108000003
v 0.535569727 -0.801536679 0.108000003
v 0.611555099 -0.745182097 0.108000003
v 0.619167864 -0.754458189 0.108000003
v 0.542236567 -0.811514318 0.108000003
v 0.611555099 -0.745182097 0.108000003
v 0.681650937 -0.681650937 0.108000003
v 0.690136194 -0.690136194 0.108000003
v 0.619167864 -0.754458189 0.108000003
v 0.681650937 -0.681650937 0.108000003
v 0.745182097 -0.611555099 0.108000003
v 0.754458189 -0.619167864 0.108000003
v 0.690136194 -0.690136194 0.108000003
v 0.745182097 -0.611555099 0.108000003
v 0.801536679 -0.535569727 0.108000003
v 0.811514318 -0.542236567 0.108000003
v 0.754458189 -0.619167864 0.108000003
v 0.801536679 -0.535569727 0.108000003
v 0.850172102 -0.454426467 0.108000003
v 0.860755146 -0.460083216 0.108000003
v 0.811514318 -0.542236567 0.108000003
v 0.850172102 -0.454426467 0.108000003
v 0.890619874 -0.368906826 0.108000003
v 0.901706398 -0.373499036 0.108000003
v 0.860755146 -0.460083216 0.108000003
v 0.890619874 -0.368906826 0.108000003
v 0.922490478 -0.279834419 0.108000003
v 0.933973789 -0.283317834 0.108000003
v 0.901706398 -0.373499036 0.108000003
v 0.922490478 -0.279834419 0.108000003
v 0.945477009 -0.188067064 0.108000003
v 0.957246423 -0.190408155 0.108000003
v 0.933973789 -0.283317834 0.108000003
v 0.945477009 -0.188067064 0.108000003
v 0.959358096 -0.0944885239 0.108000003
v 0.971300304 -0.0956647322 0.108000003
v 0.957246423 -0.190408155 0.108000003
v 0.959358096 -0.0944885239 0.108000003
v 0.963999987 -2.3611189e-16 0.108000003
v 0.976000011 -2.39051068e-16 0.108000003
v 0.971300304 -0.0956647322 0.108000003
v 0.944999993 0 0.0810000002
v 0.940449595 0.0926261991 0.0810000002
v 0.959358096 0.0944885239 0.108000003
v 0.963999987 0 0.108000003
v 0.940449595 0.0926261991 0.0810000002
v 0.926842093 0.184360355 0.0810000002
v 0.945477009 0.188067064 0.108000003
v 0.959358096 0.0944885239 0.108000003
v 0.926842093 0.184360355 0.0810000002
v 0.904308617 0.274319023 0.0810000002
v 0.922490478 0.279834419 0.108000003
v 0.945477009 0.188067064 0.108000003
v 0.904308617 0.274319023 0.0810000002
v 0.873066187 0.361635834 0.0810000002
v 0.890619874 0.368906826 0.108000003
v 0.922490478 0.279834419 0.108000003
v 0.873066187 0.361635834 0.0810000002
v 0.833415568 0.445469916 0.0810000002
v 0.850172102 0.454426467 0.108000003
v 0.890619874 0.368906826 0.108000003
v 0.833415568 0.445469916 0.0810000002
v 0.785738766 0.525013864 0.0810000002
v 0.801536679 0.535569727 0.108000003
v 0.850172102 0.454426467 0.108000003
v 0.785738766 0.525013864 0.0810000002
v 0.730494857 0.599501669 0.0810000002
v 0.745182097 0.611555099 0.108000003
v 0.801536679 0.535569727 0.108000003
v 0.730494857 0.599501669 0.0810000002
v 0.66821593 0.66821593 0.0810000002
v 0.681650937 0.681650937 0.108000003
v 0.745182097 0.611555099 0.108000003
v 0.66821593 0.66821593 0.0810000002
v 0.599501669 0.730494857 0.0810000002
v 0.611555099 0.745182097 0.108000003
v 0.681650937 0.681650937 0.108000003
v 0.599501669 0.730494857 0.0810000002
v 0.525013864 0.785738766 0.0810000002
v 0.535569727 0.801536679 0.108000003
v 0.611555099 0.745182097 0.108000003
v 0.525013864 0.785738766 0.0810000002
v 0.445469916 0.833415568 0.0810000002
v 0.454426467 0.850172102 0.108000003
v 0.535569727 0.801536679 0.108000003
v 0.445469916 0.833415568 0.0810000002
v 0.361635834 0.873066187 0.0810000002
v 0.368906826 0.890619874 0.108000003
v 0.454426467 0.850172102 0.108000003
v 0.361635834 0.873066187 0.0810000002
v 0.274319023 0.904308617 0.0810000002
v 0.279834419 0.922490478 0.108000003
v 0.368906826 0.890619874 0.108000003
v 0.274319023 0.904308617 0.0810000002
v 0.184360355 0.926842093 0.0810000002
v 0.188067064 0.945477009 0.108000003
v 0.279834419 0.922490478 0.108000003
v 0.184360355 0.926842093 0.0810000002
v 0.0926261991 0.940449595 0.0810000002
v 0.0944885239 0.959358096 0.108000003
v 0.188067064 0.945477009 0.108000003
v 0.0926261991 0.940449595 0.0810000002
v 5.78645595e-17 0.944999993 0.0810000002
v 5.90279725e-17 0.963999987 0.108000003
v 0.0944885239 0.959358096 0.108000003
v 5.78645595e-17 0.944999993 0.0810000002
v -0.0926261991 0.940449595 0.0810000002
v -0.0944885239 0.959358096 0.108000003
v 5.90279725e-17 0.963999987 0.108000003
v -0.0926261991 0.940449595 0.0810000002
v -0.184360355 0.926842093 0.0810000002
v -0.188067064 0.945477009 0.108000003
v -0.0944885239 0.959358096 0.108000003
v -0.184360355 0.926842093 0.0810000002
v -0.274319023 0.904308617 0.0810000002
v -0.279834419 0.922490478 0.108000003
v -0.188067064 0.945477009 0.108000003
v -0.274319023 0.904308617 0.0810000002
v -0.361635834 0.873066187 0.0810000002
v -0.368906826 0.890619874 0.108000003
v -0.279834419 0.922490478 0.108000003
v -0.361635834 0.873066187 0.0810000002
v -0.445469916 0.833415568 0.0810000002
v -0.454426467 0.850172102 0.108000003
v -0.368906826 0.890619874 0.108000003
v -0.445469916 0.833415568 0.0810000002
v -0.525013864 0.785738766 0.0810000002
v -0.535569727 0.801536679 0.108000003
v -0.454426467 0.850172102 0.108000003
v -0.525013864 0.785738766 0.0810000002
v -0.599501669 0.730494857 0.0810000002
v -0.611555099 0.745182097 0.108000003
v -0.535569727 0.801536679 0.108000003
v -0.599501669 0.730494857 0.0810000002
v -0.66821593 0.66821593 0.0810000002
v -0.681650937 0.681650937 0.108000003
v -0.611555099 0.745182097 0.108000003
v -0.66821593 0.66821593 0.0810000002
v -0.730494857 0.599501669 0.0810000002
v -0.745182097 0.611555099 0.108000003
v -0.681650937 0.681650937 0.108000003
v -0.730494857 0.599501669 0.0810000002
v -0.785738766 0.525013864 0.0810000002
v -0.801536679 0.535569727 0.108000003
v -0.745182097 0.611555099 0.108000003
v -0.785738766 0.525013864 0.0810000002
v -0.833415568 0.445469916 0.0810000002
v -0.850172102 0.454426467 0.108000003
v -0.801536679 0.535569727 0.108000003
v -0.833415568 0.445469916 0.0810000002
v -0.873066187 0.361635834 0.0810000002
v -0.890619874 0.368906826 0.108000003
v -0.850172102 0.454426467 0.108000003
v -0.873066187 0.361635834 0.0810000002
v -0.904308617 0.274319023 0.0810000002
v -0.922490478 0.279834419 0.108000003
v -0.890619874 0.368906826 0.108000003
v -0.904308617 0.274319023 0.0810000002
v -0.926842093 0.184360355 0.0810000002
v -0.945477009 0.188067064 0.108000003
v -0.922490478 0.279834419 0.108000003
v -0.926842093 0.184360355 0.0810000002
v -0.940449595 0.0926261991 0.0810000002
v -0.959358096 0.0944885239 0.108000003
v -0.945477009 0.188067064 0.108000003
v -0.940449595 0.0926261991 0.0810000002
v -0.944999993 1.15729119e-16 0.0810000002
v -0.963999987 1.18055945e-16 0.108000003
v -0.959358096 0.0944885239 0.108000003
v -0.944999993 1.15729119e-16 0.0810000002
v -0.940449595 -0.0926261991 0.0810000002
v -0.959358096 -0.0944885239 0.108000003
v -0.963999987 1.18055945e-16 0.108000003
v -0.940449595 -0.0926261991 0.0810000002
v -0.926842093 -0.184360355 0.0810000002
v -0.945477009 -0.188067064 0.108000003
v -0.959358096 -0.0944885239 0.108000003
v -0.926842093 -0.184360355 0.0810000002
v -0.904308617 -0.274319023 0.0810000002
v -0.922490478 -0.279834419 0.108000003
v -0.945477009 -0.188067064 0.108000003
v -0.904308617 -0.274319023 0.0810000002
v -0.873066187 -0.361635834 0.0810000002
v -0.890619874 -0.368906826 0.108000003
v -0.922490478 -0.279834419 0.108000003
v -0.873066187 -0.361635834 0.0810000002
v -0.833415568 -0.445469916 0.0810000002
v -0.850172102 -0.454426467 0.108000003
v -0.890619874 -0.368906826 0.108000003
v -0.833415568 -0.445469916 0.0810000002
v -0.785738766 -0.525013864 0.0810000002
v -0.801536679 -0.535569727 0.108000003
v -0.850172102 -0.454426467 0.108000003
v -0.785738766 -0.525013864 0.0810000002
v -0.730494857 -0.599501669 0.0810000002
v -0.745182097 -0.611555099 0.108000003
v -0.801536679 -0.535569727 0.108000003
v -0.730494857 -0.599501669 0.0810000002
v -0.66821593 -0.66821593 0.0810000002
v -0.681650937 -0.681650937 0.108000003
v -0.745182097 -0.611555099 0.108000003
v -0.66821593 -0.66821593 0.0810000002
v -0.599501669 -0.730494857 0.0810000002
v -0.611555099 -0.745182097 0.108000003
v -0.681650937 -0.681650937 0.108000003
v -0.599501669 -0.730494857 0.0810000002
v -0.525013864 -0.785738766 0.0810000002
v -0.535569727 -0.801536679 0.108000003
v -0.611555099 -0.745182097 0.108000003
v -0.525013864 -0.785738766 0.0810000002
v -0.445469916 -0.833415568 0.0810000002
v -0.454426467 -0.850172102 0.108000003
v -0.535569727 -0.801536679 0.108000003
v -0.445469916 -0.833415568 0.0810000002
v -0.361635834 -0.873066187 0.0810000002
v -0.368906826 -0.890619874 0.108000003
v -0.454426467 -0.850172102 0.108000003
v -0.361635834 -0.873066187 0.0810000002
v -0.274319023 -0.904308617 0.0810000002
v -0.279834419 -0.922490478 0.108000003
v -0.368906826 -0.890619874 0.108000003
v -0.274319023 -0.904308617 0.0810000002
v -0.184360355 -0.926842093 0.0810000002
v -0.188067064 -0.945477009 0.108000003
v -0.279834419 -0.922490478 0.108000003
v -0.184360355 -0.926842093 0.0810000002
v -0.0926261991 -0.940449595 0.0810000002
v -0.0944885239 -0.959358096 0.108000003
v -0.188067064 -0.945477009 0.108000003
v -0.0926261991 -0.940449595 0.0810000002
v -1.73593685e-16 -0.944999993 0.0810000002
v -1.77083924e-16 -0.963999987 0.108000003
v -0.0944885239 -0.959358096 0.108000003
v -1.73593685e-16 -0.944999993 0.0810000002
v 0.0926261991 -0.940449595 0.0810000002
v 0.0944885239 -0.959358096 0.108000003
v -1.77083924e-16 -0.963999987 0.108000003
v 0.0926261991 -0.940449595 0.0810000002
v 0.184360355 -0.926842093 0.0810000002
v 0.188067064 -0.945477009 0.108000003
v 0.0944885239 -0.959358096 0.108000003
v 0.184360355 -0.926842093 0.0810000002
v 0.274319023 -0.904308617 0.0810000002
v 0.279834419 -0.922490478 0.108000003
v 0.188067064 -0.945477009 0.108000003
v 0.274319023 -0.904308617 0.0810000002
v 0.361635834 -0.873066187 0.0810000002
v 0.368906826 -0.890619874 0.108000003
v 0.279834419 -0.922490478 0.108000003
v 0.361635834 -0.873066187 0.0810000002
v 0.445469916 -0.833415568 0.0810000002
v 0.454426467 -0.850172102 0.108000003
v 0.368906826 -0.890619874 0.108000003
v 0.445469916 -0.833415568 0.0810000002
v 0.525013864 -0.785738766 0.0810000002
v 0.535569727 -0.801536679 0.108000003
v 0.454426467 -0.850172102 0.108000003
v 0.525013864 -0.785738766 0.0810000002
v 0.599501669 -0.730494857 0.0810000002
v 0.611555099 -0.745182097 0.108000003
v 0.535569727 -0.801536679 0.108000003
v 0.599501669 -0.730494857 0.0810000002
v 0.66821593 -0.66821593 0.0810000002
v 0.681650937 -0.681650937 0.108000003
v 0.611555099 -0.745182097 0.108000003
v 0.66821593 -0.66821593 0.0810000002
v 0.730494857 -0.599501669 0.0810000002
v 0.745182097 -0.611555099 0.108000003
v 0.681650937 -0.681650937 0.108000003
v 0.730494857 -0.599501669 0.0810000002
v 0.785738766 -0.525013864 0.0810000002
v 0.801536679 -0.535569727 0.108000003
v 0.745182097 -0.611555099 0.108000003
v 0.785738766 -0.525013864 0.0810000002
v 0.833415568 -0.445469916 0.0810000002
v 0.850172102 -0.454426467 0.108000003
v 0.801536679 -0.535569727 0.108000003
v 0.833415568 -0.445469916 0.0810000002
v 0.873066187 -0.361635834 0.0810000002
v 0.890619874 -0.368906826 0.108000003
v 0.850172102 -0.454426467 0.108000003
v 0.873066187 -0.361635834 0.0810000002
v 0.904308617 -0.274319023 0.0810000002
v 0.922490478 -0.279834419 0.108000003
v 0.890619874 -0.368906826 0.108000003
v 0.904308617 -0.274319023 0.0810000002
v 0.926842093 -0.184360355 0.0810000002
v 0.945477009 -0.188067064 0.108000003
v 0.922490478 -0.279834419 0.108000003
v 0.926842093 -0.184360355 0.0810000002
v 0.940449595 -0.0926261991 0.0810000002
v 0.959358096 -0.0944885239 0.108000003
v 0.945477009 -0.188067064 0.108000003
v 0.940449595 -0.0926261991 0.0810000002
v 0.944999993 -2.31458238e-16 0.0810000002
v 0.963999987 -2.3611189e-16 0.108000003
v 0.959358096 -0.0944885239 0.108000003
v 1.01090097 -0.0141535373 -0.0500000007
v 1.01090097 0.0141535373 -0.0500000007
v 0.995902419 0.0139435446 -0.0500000007
v 0.995902419 -0.0139435446 -0.0500000007
v 0.995902419 0.0139435446 0.0500000007
v 1.01090097 0.0141535373 0.0500000007
v 1.01090097 -0.0141535373 0.0500000007
v 0.995902419 -0.0139435446 0.0500000007
v 0.995902419 -0.0139435446 0.0500000007
v 1.01090097 -0.0141535373 0.0500000007
v 1.01090097 -0.0141535373 -0.0500000007
v 0.995902419 -0.0139435446 -0.0500000007
v 1.01090097 -0.0141535373 0.0500000007
v 1.01090097 0.0141535373 0.0500000007
v 1.01090097 0.0141535373 -0.0500000007
v 1.01090097 -0.0141535373 -0.0500000007
v 1.01090097 0.0141535373 0.0500000007
v 0.995902419 0.0139435446 0.0500000007
v 0.995902419 0.0139435446 -0.0500000007
v 1.01090097 0.0141535373 -0.0500000007
v 0.995902419 0.0139435446 0.0500000007
v 0.995902419 -0.0139435446 0.0500000007
v 0.995902419 -0.0139435446 -0.0500000007
v 0.995902419 0.0139435446 -0.0500000007
v 1.00409997 0.117916599 -0.0500000007
v 1.00040507 0.145981506 -0.0500000007
v 0.985562325 0.143815607 -0.0500000007
v 0.989202321 0.116167091 -0.0500000007
v 0.985562325 0.143815607 0.0500000007
v 1.00040507 0.145981506 0.0500000007
v 1.00409997 0.117916599 0.0500000007
v 0.989202321 0.116167091 0.0500000007
v 0.989202321 0.116167091 0.0500000007
v 1.00409997 0.117916599 0.0500000007
v 1.00409997 0.117916599 -0.0500000007
v 0.989202321 0.116167091 -0.0500000007
v 1.00409997 0.117916599 0.0500000007
v 1.00040507 0.145981506 0.0500000007
v 1.00040507 0.145981506 -0.0500000007
v 1.00409997 0.117916599 -0.0500000007
v 1.00040507 0.145981506 0.0500000007
v 0.985562325 0.143815607 0.0500000007
v 0.985562325 0.143815607 -0.0500000007
v 1.00040507 0.145981506 -0.0500000007
v 0.985562325 0.143815607 0.0500000007
v 0.989202321 0.116167091 0.0500000007
v 0.989202321 0.116167091 -0.0500000007
v 0.985562325 0.143815607 -0.0500000007
v 0.980118513 0.247969151 -0.0500000007
v 0.972792089 0.275311679 -0.0500000007
v 0.958359003 0.271226943 -0.0500000007
v 0.965576708 0.244290084 -0.0500000007
v 0.958359003 0.271226943 0.0500000007
v 0.972792089 0.275311679 0.0500000007
v 0.980118513 0.247969151 0.0500000007
v 0.965576708 0.244290084 0.0500000007
v 0.965576708 0.244290084 0.0500000007
v 0.980118513 0.247969151 0.0500000007
v 0.980118513 0.247969151 -0.0500000007
v 0.965576708 0.244290084 -0.0500000007
v 0.980118513 0.247969151 0.0500000007
v 0.972792089 0.275311679 0.0500000007
v 0.972792089 0.275311679 -0.0500000007
v 0.980118513 0.247969151 -0.0500000007
v 0.972792089 0.275311679 0.0500000007
v 0.958359003 0.271226943 0.0500000007
v 0.958359003 0.271226943 -0.0500000007
v 0.972792089 0.275311679 -0.0500000007
v 0.958359003 0.271226943 0.0500000007
v 0.965576708 0.244290084 0.0500000007
v 0.965576708 0.244290084 -0.0500000007
v 0.958359003 0.271226943 -0.0500000007
v 0.939366996 0.37377888 -0.0500000007
v 0.928534329 0.399931192 -0.0500000007
v 0.914757848 0.39399749 -0.0500000007
v 0.925429821 0.368233204 -0.0500000007
v 0.914757848 0.39399749 0.0500000007
v 0.928534329 0.399931192 0.0500000007
v 0.939366996 0.37377888 0.0500000007
v 0.925429821 0.368233204 0.0500000007
v 0.925429821 0.368233204 0.0500000007
v 0.939366996 0.37377888 0.0500000007
v 0.939366996 0.37377888 -0.0500000007
v 0.925429821 0.368233204 -0.0500000007
v 0.939366996 0.37377888 0.0500000007
v 0.928534329 0.399931192 0.0500000007
v 0.928534329 0.399931192 -0.0500000007
v 0.939366996 0.37377888 -0.0500000007
v 0.928534329 0.399931192 0.0500000007
v 0.914757848 0.39399749 0.0500000007
v 0.914757848 0.39399749 -0.0500000007
v 0.928534329 0.399931192 -0.0500000007
v 0.914757848 0.39399749 0.0500000007
v 0.925429821 0.368233204 0.0500000007
v 0.925429821 0.368233204 -0.0500000007
v 0.914757848 0.39399749 -0.0500000007
v 0.88254267 0.49319315 -0.0500000007
v 0.86838913 0.517707765 -0.0500000007
v 0.85550499 0.510026634 -0.0500000007
v 0.869448543 0.485875726 -0.0500000007
v 0.85550499 0.510026634 0.0500000007
v 0.86838913 0.517707765 0.0500000007
v 0.88254267 0.49319315 0.0500000007
v 0.869448543 0.485875726 0.0500000007
v 0.869448543 0.485875726 0.0500000007
v 0.88254267 0.49319315 0.0500000007
v 0.88254267 0.49319315 -0.0500000007
v 0.869448543 0.485875726 -0.0500000007
v 0.88254267 0.49319315 0.0500000007
v 0.86838913 0.517707765 0.0500000007
v 0.86838913 0.517707765 -0.0500000007
v 0.88254267 0.49319315 -0.0500000007
v 0.86838913 0.517707765 0.0500000007
v 0.85550499 0.510026634 0.0500000007
v 0.85550499 0.510026634 -0.0500000007
v 0.86838913 0.517707765 -0.0500000007
v 0.85550499 0.510026634 0.0500000007
v 0.869448543 0.485875726 0.0500000007
v 0.869448543 0.485875726 -0.0500000007
v 0.85550499 0.510026634 -0.0500000007
v 0.810617745 0.604168713 -0.0500000007
v 0.793385506 0.626626253 -0.0500000007
v 0.781614184 0.617329121 -0.0500000007
v 0.798590779 0.59520483 -0.0500000007
v 0.781614184 0.617329121 0.0500000007
v 0.793385506 0.626626253 0.0500000007
v 0.810617745 0.604168713 0.0500000007
v 0.798590779 0.59520483 0.0500000007
v 0.798590779 0.59520483 0.0500000007
v 0.810617745 0.604168713 0.0500000007
v 0.810617745 0.604168713 -0.0500000007
v 0.798590779 0.59520483 -0.0500000007
v 0.810617745 0.604168713 0.0500000007
v 0.793385506 0.626626253 0.0500000007
v 0.793385506 0.626626253 -0.0500000007
v 0.810617745 0.604168713 -0.0500000007
v 0.793385506 0.626626253 0.0500000007
v 0.781614184 0.617329121 0.0500000007
v 0.781614184 0.617329121 -0.0500000007
v 0.793385506 0.626626253 -0.0500000007
v 0.781614184 0.617329121 0.0500000007
v 0.798590779 0.59520483 0.0500000007
v 0.798590779 0.59520483 -0.0500000007
v 0.781614184 0.617329121 -0.0500000007
v 0.724822938 0.704806864 -0.0500000007
v 0.704806864 0.724822938 -0.0500000007
v 0.694349766 0.71406889 -0.0500000007
v 0.71406889 0.694349766 -0.0500000007
v 0.694349766 0.71406889 0.0500000007
v 0.704806864 0.724822938 0.0500000007
v 0.724822938 0.704806864 0.0500000007
v 0.71406889 0.694349766 0.0500000007
v 0.71406889 0.694349766 0.0500000007
v 0.724822938 0.704806864 0.0500000007
v 0.724822938 0.704806864 -0.0500000007
v 0.71406889 0.694349766 -0.0500000007
v 0.724822938 0.704806864 0.0500000007
v 0.704806864 0.724822938 0.0500000007
v 0.704806864 0.724822938 -0.0500000007
v 0.724822938 0.704806864 -0.0500000007
v 0.704806864 0.724822938 0.0500000007
v 0.694349766 0.71406889 0.0500000007
v 0.694349766 0.71406889 -0.0500000007
v 0.704806864 0.724822938 -0.0500000007
v 0.694349766 0.71406889 0.0500000007
v 0.71406889 0.694349766 0.0500000007
v 0.71406889 0.694349766 -0.0500000007
v 0.694349766 0.71406889 -0.0500000007
v 0.626626253 0.793385506 -0.0500000007
v 0.604168713 0.810617745 -0.0500000007
v 0.59520483 0.798590779 -0.0500000007
v 0.617329121 0.781614184 -0.0500000007
v 0.59520483 0.798590779 0.0500000007
v 0.604168713 0.810617745 0.0500000007
v 0.626626253 0.793385506 0.0500000007
v 0.617329121 0.781614184 0.0500000007
v 0.617329121 0.781614184 0.0500000007
v 0.626626253 0.793385506 0.0500000007
v 0.626626253 0.793385506 -0.0500000007
v 0.617329121 0.781614184 -0.0500000007
v 0.626626253 0.793385506 0.0500000007
v 0.604168713 0.810617745 0.0500000007
v 0.604168713 0.810617745 -0.0500000007
v 0.626626253 0.793385506 -0.0500000007
v 0.604168713 0.810617745 0.0500000007
v 0.59520483 0.798590779 0.0500000007
v 0.59520483 0.798590779 -0.0500000007
v 0.604168713 0.810617745 -0.0500000007
v 0.59520483 0.798590779 0.0500000007
v 0.617329121 0.781614184 0.0500000007
v 0.617329121 0.781614184 -0.0500000007
v 0.59520483 0.798590779 -0.0500000007
v 0.517707765 0.86838913 -0.0500000007
v 0.49319315 0.88254267 -0.0500000007
v 0.485875726 0.869448543 -0.0500000007
v 0.510026634 0.85550499 -0.0500000007
v 0.485875726 0.869448543 0.0500000007
v 0.49319315 0.88254267 0.0500000007
v 0.517707765 0.86838913 0.0500000007
v 0.510026634 0.85550499 0.0500000007
v 0.510026634 0.85550499 0.0500000007
v 0.517707765 0.86838913 0.0500000007
v 0.517707765 0.86838913 -0.0500000007
v 0.510026634 0.85550499 -0.0500000007
v 0.517707765 0.86838913 0.0500000007
v 0.49319315 0.88254267 0.0500000007
v 0.49319315 0.88254267 -0.0500000007
v 0.517707765 0.86838913 -0.0500000007
v 0.49319315 0.88254267 0.0500000007
v 0.485875726 0.869448543 0.0500000007
v 0.485875726 0.869448543 -0.0500000007
v 0.49319315 0.88254267 -0.0500000007
v 0.485875726 0.869448543 0.0500000007
v 0.510026634 0.85550499 0.0500000007
v 0.510026634 0.85550499 -0.0500000007
v 0.485875726 0.869448543 -0.0500000007
v 0.399931192 0.928534329 -0.0500000007
v 0.37377888 0.939366996 -0.0500000007
v 0.368233204 0.925429821 -0.0500000007
v 0.39399749 0.914757848 -0.0500000007
v 0.368233204 0.925429821 0.0500000007
v 0.37377888 0.939366996 0.0500000007
v 0.399931192 0.928534329 0.0500000007
v 0.39399749 0.914757848 0.0500000007
v 0.39399749 0.914757848 0.0500000007
v 0.399931192 0.928534329 0.0500000007
v 0.399931192 0.928534329 -0.0500000007
v 0.39399749 0.914757848 -0.0500000007
v 0.399931192 0.928534329 0.0500000007
v 0.37377888 0.939366996 0.0500000007
v 0.37377888 0.939366996 -0.0500000007
v 0.399931192 0.928534329 -0.0500000007
v 0.37377888 0.939366996 0.0500000007
v 0.368233204 0.925429821 0.0500000007
v 0.368233204 0.925429821 -0.0500000007
v 0.37377888 0.939366996 -0.0500000007
v 0.368233204 0.925429821 0.0500000007
v 0.39399749 0.914757848 0.0500000007
v 0.39399749 0.914757848 -0.0500000007
v 0.368233204 0.925429821 -0.0500000007
v 0.275311679 0.972792089 -0.0500000007
v 0.247969151 0.980118513 -0.0500000007
v 0.244290084 0.965576708 -0.0500000007
v 0.271226943 0.958359003 -0.0500000007
v 0.244290084 0.965576708 0.0500000007
v 0.247969151 0.980118513 0.0500000007
v 0.275311679 0.972792089 0.0500000007
v 0.271226943 0.958359003 0.0500000007
v 0.271226943 0.958359003 0.0500000007
v 0.275311679 0.972792089 0.0500000007
v 0.275311679 0.972792089 -0.0500000007
v 0.271226943 0.958359003 -0.0500000007
v 0.275311679 0.972792089 0.0500000007
v 0.247969151 0.980118513 0.0500000007
v 0.247969151 0.980118513 -0.0500000007
v 0.275311679 0.972792089 -0.0500000007
v 0.247969151 0.980118513 0.0500000007
v 0.244290084 0.965576708 0.0500000007
v 0.244290084 0.965576708 -0.0500000007
v 0.247969151 0.980118513 -0.0500000007
v 0.244290084 0.965576708 0.0500000007
v 0.271226943 0.958359003 0.0500000007
v 0.271226943 0.958359003 -0.0500000007
v 0.244290084 0.965576708 -0.0500000007
v 0.145981506 1.00040507 -0.0500000007
v 0.117916599 1.00409997 -0.0500000007
v 0.116167091 0.989202321 -0.0500000007
v 0.143815607 0.985562325 -0.0500000007
v 0.116167091 0.989202321 0.0500000007
v 0.117916599 1.00409997 0.0500000007
v 0.145981506 1.00040507 0.0500000007
v 0.143815607 0.985562325 0.0500000007
v 0.143815607 0.985562325 0.0500000007
v 0.145981506 1.00040507 0.0500000007
v 0.145981506 1.00040507 -0.0500000007
v 0.143815607 0.985562325 -0.0500000007
v 0.145981506 1.00040507 0.0500000007
v 0.117916599 1.00409997 0.0500000007
v 0.117916599 1.00409997 -0.0500000007
v 0.145981506 1.00040507 -0.0500000007
v 0.117916599 1.00409997 0.0500000007
v 0.116167091 0.989202321 0.0500000007
v 0.116167091 0.989202321 -0.0500000007
v 0.117916599 1.00409997 -0.0500000007
v 0.116167091 0.989202321 0.0500000007
v 0.143815607 0.985562325 0.0500000007
v 0.143815607 0.985562325 -0.0500000007
v 0.116167091 0.989202321 -0.0500000007
v 0.0141535373 1.01090097 -0.0500000007
v -0.0141535373 1.01090097 -0.0500000007
v -0.0139435446 0.995902419 -0.0500000007
v 0.0139435446 0.995902419 -0.0500000007
v -0.0139435446 0.995902419 0.0500000007
v -0.0141535373 1.01090097 0.0500000007
v 0.0141535373 1.01090097 0.0500000007
v 0.0139435446 0.995902419 0.0500000007
v 0.0139435446 0.995902419 0.0500000007
v 0.0141535373 1.01090097 0.0500000007
v 0.0141535373 1.01090097 -0.0500000007
v 0.0139435446 0.995902419 -0.0500000007
v 0.0141535373 1.01090097 0.0500000007
v -0.0141535373 1.01090097 0.0500000007
v -0.0141535373 1.01090097 -0.0500000007
v 0.0141535373 1.01090097 -0.0500000007
v -0.0141535373 1.01090097 0.0500000007
v -0.0139435446 0.995902419 0.0500000007
v -0.0139435446 0.995902419 -0.0500000007
v -0.0141535373 1.01090097 -0.0500000007
v -0.0139435446 0.995902419 0.0500000007
v 0.0139435446 0.995902419 0.0500000007
v 0.0139435446 0.995902419 -0.0500000007
v -0.0139435446 0.995902419 -0.0500000007
v -0.117916599 1.00409997 -0.0500000007
v -0.145981506 1.00040507 -0.0500000007
v -0.143815607 0.985562325 -0.0500000007
v -0.116167091 0.989202321 -0.0500000007
v -0.143815607 0.985562325 0.0500000007
v -0.145981506 1.00040507 0.0500000007
v -0.117916599 1.00409997 0.0500000007
v -0.116167091 0.989202321 0.0500000007
v -0.116167091 0.989202321 0.0500000007
v -0.117916599 1.00409997 0.0500000007
v -0.117916599 1.00409997 -0.0500000007
v -0.116167091 0.989202321 -0.0500000007
v -0.117916599 1.00409997 0.0500000007
v -0.145981506 1.00040507 0.0500000007
v -0.145981506 1.00040507 -0.0500000007
v -0.117916599 1.00409997 -0.0500000007
v -0.145981506 1.00040507 0.0500000007
v -0.143815607 0.985562325 0.0500000007
v -0.143815607 0.985562325 -0.0500000007
v -0.145981506 1.00040507 -0.0500000007
v -0.143815607 0.985562325 0.0500000007
v -0.116167091 0.989202321 0.0500000007
v -0.116167091 0.989202321 -0.0500000007
v -0.143815607 0.985562325 -0.0500000007
v -0.247969151 0.980118513 -0.0500000007
v -0.275311679 0.972792089 -0.0500000007
v -0.271226943 0.958359003 -0.0500000007
v -0.244290084 0.965576708 -0.0500000007
v -0.271226943 0.958359003 0.0500000007
v -0.275311679 0.972792089 0.0500000007
v -0.247969151 0.980118513 0.0500000007
v -0.244290084 0.965576708 0.0500000007
v -0.244290084 0.965576708 0.0500000007
v -0.247969151 0.980118513 0.0500000007
v -0.247969151 0.980118513 -0.0500000007
v -0.244290084 0.965576708 -0.0500000007
v -0.247969151 0.980118513 0.0500000007
v -0.275311679 0.972792089 0.0500000007
v -0.275311679 0.972792089 -0.0500000007
v -0.247969151 0.980118513 -0.0500000007
v -0.275311679 0.972792089 0.0500000007
v -0.271226943 0.958359003 0.0500000007
v -0.271226943 0.958359003 -0.0500000007
v -0.275311679 0.972792089 -0.0500000007
v -0.271226943 0.958359003 0.0500000007
v -0.244290084 0.965576708 0.0500000007
v -0.244290084 0.965576708 -0.0500000007
v -0.271226943 0.958359003 -0.0500000007
v -0.37377888 0.939366996 -0.0500000007
v -0.399931192 0.928534329 -0.0500000007
v -0.39399749 0.914757848 -0.0500000007
v -0.368233204 0.925429821 -0.0500000007
v -0.39399749 0.914757848 0.0500000007
v -0.399931192 0.928534329 0.0500000007
v -0.37377888 0.939366996 0.0500000007
v -0.368233204 0.925429821 0.0500000007
v -0.368233204 0.925429821 0.0500000007
v -0.37377888 0.939366996 0.0500000007
v -0.37377888 0.939366996 -0.0500000007
v -0.368233204 0.925429821 -0.0500000007
v -0.37377888 0.939366996 0.0500000007
v -0.399931192 0.928534329 0.0500000007
v -0.399931192 0.928534329 -0.0500000007
v -0.37377888 0.939366996 -0.0500000007
v -0.399931192 0.928534329 0.0500000007
v -0.39399749 0.914757848 0.0500000007
v -0.39399749 0.914757848 -0.0500000007
v -0.399931192 0.928534329 -0.0500000007
v -0.39399749 0.914757848 0.0500000007
v -0.368233204 0.925429821 0.0500000007
v -0.368233204 0.925429821 -0.0500000007
v -0.39399749 0.914757848 -0.0500000007
v -0.49319315 0.88254267 -0.0500000007
v -0.517707765 0.86838913 -0.0500000007
v -0.510026634 0.85550499 -0.0500000007
v -0.485875726 0.869448543 -0.0500000007
v -0.510026634 0.85550499 0.0500000007
v -0.517707765 0.86838913 0.0500000007
v -0.49319315 0.88254267 0.0500000007
v -0.485875726 0.869448543 0.0500000007
v -0.485875726 0.869448543 0.0500000007
v -0.49319315 0.88254267 0.0500000007
v -0.49319315 0.88254267 -0.0500000007
v -0.485875726 0.869448543 -0.0500000007
v -0.49319315 0.88254267 0.0500000007
v -0.517707765 0.86838913 0.0500000007
v -0.517707765 0.86838913 -0.0500000007
v -0.49319315 0.88254267 -0.0500000007
v -0.517707765 0.86838913 0.0500000007
v -0.510026634 0.85550499 0.0500000007
v -0.510026634 0.85550499 -0.0500000007
v -0.517707765 0.86838913 -0.0500000007
v -0.510026634 0.85550499 0.0500000007
v -0.485875726 0.869448543 0.0500000007
v -0.485875726 0.869448543 -0.0500000007
v -0.510026634 0.85550499 -0.0500000007
v -0.604168713 0.810617745 -0.0500000007
v -0.626626253 0.793385506 -0.0500000007
v -0.617329121 0.781614184 -0.0500000007
v -0.59520483 0.798590779 -0.0500000007
v -0.617329121 0.781614184 0.0500000007
v -0.626626253 0.793385506 0.0500000007
v -0.604168713 0.810617745 0.0500000007
v -0.59520483 0.798590779 0.0500000007
v -0.59520483 0.798590779 0.0500000007
v -0.604168713 0.810617745 0.0500000007
v -0.604168713 0.810617745 -0.0500000007
v -0.59520483 0.798590779 -0.0500000007
v -0.604168713 0.810617745 0.0500000007
v -0.626626253 0.793385506 0.0500000007
v -0.626626253 0.793385506 -0.0500000007
v -0.604168713 0.810617745 -0.0500000007
v -0.626626253 0.793385506 0.0500000007
v -0.617329121 0.781614184 0.0500000007
v -0.617329121 0.781614184 -0.0500000007
v -0.626626253 0.793385506 -0.0500000007
v -0.617329121 0.781614184 0.0500000007
v -0.59520483 0.798590779 0.0500000007
v -0.59520483 0.798590779 -0.0500000007
v -0.617329121 0.781614184 -0.0500000007
v -0.704806864 0.724822938 -0.0500000007
v -0.724822938 0.704806864 -0.0500000007
v -0.71406889 0.694349766 -0.0500000007
v -0.694349766 0.71406889 -0.0500000007
v -0.71406889 0.694349766 0.0500000007
v -0.724822938 0.704806864 0.0500000007
v -0.704806864 0.724822938 0.0500000007
v -0.694349766 0.71406889 0.0500000007
v -0.694349766 0.71406889 0.0500000007
v -0.704806864 0.724822938 0.0500000007
v -0.704806864 0.724822938 -0.0500000007
v -0.694349766 0.71406889 -0.0500000007
v -0.704806864 0.724822938 0.0500000007
v -0.724822938 0.704806864 0.0500000007
v -0.724822938 0.704806864 -0.0500000007
v -0.704806864 0.724822938 -0.0500000007
v -0.724822938 0.704806864 0.0500000007
v -0.71406889 0.694349766 0.0500000007
v -0.71406889 0.694349766 -0.0500000007
v -0.724822938 0.704806864 -0.0500000007
v -0.71406889 0.694349766 0.0500000007
v -0.694349766 0.71406889 0.0500000007
v -0.694349766 0.71406889 -0.0500000007
v -0.71406889 0.694349766 -0.0500000007
v -0.793385506 0.626626253 -0.0500000007
v -0.810617745 0.604168713 -0.0500000007
v -0.798590779 0.59520483 -0.0500000007
v -0.781614184 0.617329121 -0.0500000007
v -0.798590779 0.59520483 0.0500000007
v -0.810617745 0.604168713 0.0500000007
v -0.793385506 0.626626253 0.0500000007
v -0.781614184 0.617329121 0.0500000007
v -0.781614184 0.617329121 0.0500000007
v -0.793385506 0.626626253 0.0500000007
v -0.793385506 0.626626253 -0.0500000007
v -0.781614184 0.617329121 -0.0500000007
v -0.793385506 0.626626253 0.0500000007
v -0.810617745 0.604168713 0.0500000007
v -0.810617745 0.604168713 -0.0500000007
v -0.793385506 0.626626253 -0.0500000007
v -0.810617745 0.604168713 0.0500000007
v -0.798590779 0.59520483 0.0500000007
v -0.798590779 0.59520483 -0.0500000007
v -0.810617745 0.604168713 -0.0500000007
v -0.798590779 0.59520483 0.0500000007
v -0.781614184 0.617329121 0.0500000007
v -0.781614184 0.617329121 -0.0500000007
v -0.798590779 0.59520483 -0.0500000007
v -0.86838913 0.517707765 -0.0500000007
v -0.88254267 0.49319315 -0.0500000007
v -0.869448543 0.485875726 -0.0500000007
v -0.85550499 0.510026634 -0.0500000007
v -0.869448543 0.485875726 0.0500000007
v -0.88254267 0.49319315 0.0500000007
v -0.86838913 0.517707765 0.0500000007
v -0.85550499 0.510026634 0.0500000007
v -0.85550499 0.510026634 0.0500000007
v -0.86838913 0.517707765 0.0500000007
v -0.86838913 0.517707765 -0.0500000007
v -0.85550499 0.510026634 -0.0500000007
v -0.86838913 0.517707765 0.0500000007
v -0.88254267 0.49319315 0.0500000007
v -0.88254267 0.49319315 -0.0500000007
v -0.86838913 0.517707765 -0.0500000007
v -0.88254267 0.49319315 0.0500000007
v -0.869448543 0.485875726 0.0500000007
v -0.869448543 0.485875726 -0.0500000007
v -0.88254267 0.49319315 -0.0500000007
v -0.869448543 0.485875726 0.0500000007
v -0.85550499 0.510026634 0.0500000007
v -0.85550499 0.510026634 -0.0500000007
v -0.869448543 0.485875726 -0.0500000007
v -0.928534329 0.399931192 -0.0500000007
v -0.939366996 0.37377888 -0.0500000007
v -0.925429821 0.368233204 -0.0500000007
v -0.914757848 0.39399749 -0.0500000007
v -0.925429821 0.368233204 0.0500000007
v -0.939366996 0.37377888 0.0500000007
v -0.928534329 0.399931192 0.0500000007
v -0.914757848 0.39399749 0.0500000007
v -0.914757848 0.39399749 0.0500000007
v -0.928534329 0.399931192 0.0500000007
v -0.928534329 0.399931192 -0.0500000007
v -0.914757848 0.39399749 -0.0500000007
v -0.928534329 0.399931192 0.0500000007
v -0.939366996 0.37377888 0.0500000007
v -0.939366996 0.37377888 -0.0500000007
v -0.928534329 0.399931192 -0.0500000007
v -0.939366996 0.37377888 0.0500000007
v -0.925429821 0.368233204 0.0500000007
v -0.925429821 0.368233204 -0.0500000007
v -0.939366996 0.37377888 -0.0500000007
v -0.925429821 0.368233204 0.0500000007
v -0.914757848 0.39399749 0.0500000007
v -0.914757848 0.39399749 -0.0500000007
v -0.925429821 0.368233204 -0.0500000007
v -0.972792089 0.275311679 -0.0500000007
v -0.980118513 0.247969151 -0.0500000007
v -0.965576708 0.244290084 -0.0500000007
v -0.958359003 0.271226943 -0.0500000007
v -0.965576708 0.244290084 0.0500000007
v -0.980118513 0.247969151 0.0500000007
v -0.972792089 0.275311679 0.0500000007
v -0.958359003 0.271226943 0.0500000007
v -0.958359003 0.271226943 0.0500000007
v -0.972792089 0.275311679 0.0500000007
v -0.972792089 0.275311679 -0.0500000007
v -0.958359003 0.271226943 -0.0500000007
v -0.972792089 0.275311679 0.0500000007
v -0.980118513 0.247969151 0.0500000007
v -0.980118513 0.247969151 -0.0500000007
v -0.972792089 0.275311679 -0.0500000007
v -0.980118513 0.247969151 0.0500000007
v -0.965576708 0.244290084 0.0500000007
v -0.965576708 0.244290084 -0.0500000007
v -0.980118513 0.247969151 -0.0500000007
v -0.965576708 0.244290084 0.0500000007
v -0.958359003 0.271226943 0.0500000007
v -0.958359003 0.271226943 -0.0500000007
v -0.965576708 0.244290084 -0.0500000007
v -1.00040507 0.145981506 -0.0500000007
v -1.00409997 0.117916599 -0.0500000007
v -0.989202321 0.116167091 -0.0500000007
v -0.985562325 0.143815607 -0.0500000007
v -0.989202321 0.116167091 0.0500000007
v -1.00409997 0.117916599 0.0500000007
v -1.00040507 0.145981506 0.0500000007
v -0.985562325 0.143815607 0.0500000007
v -0.985562325 0.143815607 0.0500000007
v -1.00040507 0.145981506 0.0500000007
v -1.00040507 0.145981506 -0.0500000007
v -0.985562325 0.143815607 -0.0500000007
v -1.00040507 0.145981506 0.0500000007
v -1.00409997 0.117916599 0.0500000007
v -1.00409997 0.117916599 -0.0500000007
v -1.00040507 0.145981506 -0.0500000007
v -1.00409997 0.117916599 0.0500000007
v -0.989202321 0.116167091 0.0500000007
v -0.989202321 0.116167091 -0.0500000007
v -1.00409997 0.117916599 -0.0500000007
v -0.989202321 0.116167091 0.0500000007
v -0.985562325 0.143815607 0.0500000007
v -0.985562325 0.143815607 -0.0500000007
v -0.989202321 0.116167091 -0.0500000007
v -1.01090097 0.0141535373 -0.0500000007
v -1.01090097 -0.0141535373 -0.0500000007
v -0.995902419 -0.0139435446 -0.0500000007
v -0.995902419 0.0139435446 -0.0500000007
v -0.995902419 -0.0139435446 0.0500000007
v -1.01090097 -0.0141535373 0.0500000007
v -1.01090097 0.0141535373 0.0500000007
v -0.995902419 0.0139435446 0.0500000007
v -0.995902419 0.0139435446 0.0500000007
v -1.01090097 0.0141535373 0.0500000007
v -1.01090097 0.0141535373 -0.0500000007
v -0.995902419 0.0139435446 -0.0500000007
v -1.01090097 0.0141535373 0.0500000007
v -1.01090097 -0.0141535373 0.0500000007
v -1.01090097 -0.0141535373 -0.0500000007
v -1.01090097 0.0141535373 -0.0500000007
v -1.01090097 -0.0141535373 0.0500000007
v -0.995902419 -0.0139435446 0.0500000007
v -0.995902419 -0.0139435446 -0.0500000007
v -1.01090097 -0.0141535373 -0.0500000007
v -0.995902419 -0.0139435446 0.0500000007
v -0.995902419 0.0139435446 0.0500000007
v -0.995902419 0.0139435446 -0.0500000007
v -0.995902419 -0.0139435446 -0.0500000007
v -1.00409997 -0.117916599 -0.0500000007
v -1.00040507 -0.145981506 -0.0500000007
v -0.985562325 -0.143815607 -0.0500000007
v -0.989202321 -0.116167091 -0.0500000007
v -0.985562325 -0.143815607 0.0500000007
v -1.00040507 -0.145981506 0.0500000007
v -1.00409997 -0.117916599 0.0500000007
v -0.989202321 -0.116167091 0.0500000007
v -0.989202321 -0.116167091 0.0500000007
v -1.00409997 -0.117916599 0.0500000007
v -1.00409997 -0.117916599 -0.0500000007
v -0.989202321 -0.116167091 -0.0500000007
v -1.00409997 -0.117916599 0.0500000007
v -1.00040507 -0.145981506 0.0500000007
v -1.00040507 -0.145981506 -0.0500000007
v -1.00409997 -0.117916599 -0.0500000007
v -1.00040507 -0.145981506 0.0500000007
v -0.985562325 -0.143815607 0.0500000007
v -0.985562325 -0.143815607 -0.0500000007
v -1.00040507 -0.145981506 -0.0500000007
v -0.985562325 -0.143815607 0.0500000007
v -0.989202321 -0.116167091 0.0500000007
v -0.989202321 -0.116167091 -0.0500000007
v -0.985562325 -0.143815607 -0.0500000007
v -0.980118513 -0.247969151 -0.0500000007
v -0.972792089 -0.275311679 -0.0500000007
v -0.958359003 -0.271226943 -0.0500000007
v -0.965576708 -0.244290084 -0.0500000007
v -0.958359003 -0.271226943 0.0500000007
v -0.972792089 -0.275311679 0.0500000007
v -0.980118513 -0.247969151 0.0500000007
v -0.965576708 -0.244290084 0.0500000007
v -0.965576708 -0.244290084 0.0500000007
v -0.980118513 -0.247969151 0.0500000007
v -0.980118513 -0.247969151 -0.0500000007
v -0.965576708 -0.244290084 -0.0500000007
v -0.980118513 -0.247969151 0.0500000007
v -0.972792089 -0.275311679 0.0500000007
v -0.972792089 -0.275311679 -0.0500000007
v -0.980118513 -0.247969151 -0.0500000007
v -0.972792089 -0.275311679 0.0500000007
v -0.958359003 -0.271226943 0.0500000007
v -0.958359003 -0.271226943 -0.0500000007
v -0.972792089 -0.275311679 -0.0500000007
v -0.958359003 -0.271226943 0.0500000007
v -0.965576708 -0.244290084 0.0500000007
v -0.965576708 -0.244290084 -0.0500000007
v -0.958359003 -0.271226943 -0.0500000007
v -0.939366996 -0.37377888 -0.0500000007
v -0.928534329 -0.399931192 -0.0500000007
v -0.914757848 -0.39399749 -0.0500000007
v -0.925429821 -0.368233204 -0.0500000007
v -0.914757848 -0.39399749 0.0500000007
v -0.928534329 -0.399931192 0.0500000007
v -0.939366996 -0.37377888 0.0500000007
v -0.925429821 -0.368233204 0.0500000007
v -0.925429821 -0.368233204 0.0500000007
v -0.939366996 -0.37377888 0.0500000007
v -0.939366996 -0.37377888 -0.0500000007
v -0.925429821 -0.368233204 -0.0500000007
v -0.939366996 -0.37377888 0.0500000007
v -0.928534329 -0.399931192 0.0500000007
v -0.928534329 -0.399931192 -0.0500000007
v -0.939366996 -0.37377888 -0.0500000007
v -0.928534329 -0.399931192 0.0500000007
v -0.914757848 -0.39399749 0.0500000007
v -0.914757848 -0.39399749 -0.0500000007
v -0.928534329 -0.399931192 -0.0500000007
v -0.914757848 -0.39399749 0.0500000007
v -0.925429821 -0.368233204 0.0500000007
v -0.925429821 -0.368233204 -0.0500000007
v -0.914757848 -0.39399749 -0.0500000007
v -0.88254267 -0.49319315 -0.0500000007
v -0.86838913 -0.517707765 -0.0500000007
v -0.85550499 -0.510026634 -0.0500000007
v -0.869448543 -0.485875726 -0.0500000007
v -0.85550499 -0.510026634 0.0500000007
v -0.86838913 -0.517707765 0.0500000007
v -0.88254267 -0.49319315 0.0500000007
v -0.869448543 -0.485875726 0.0500000007
v -0.869448543 -0.485875726 0.0500000007
v -0.88254267 -0.49319315 0.0500000007
v -0.88254267 -0.49319315 -0.0500000007
v -0.869448543 -0.485875726 -0.0500000007
v -0.88254267 -0.49319315 0.0500000007
v -0.86838913 -0.517707765 0.0500000007
v -0.86838913 -0.517707765 -0.0500000007
v -0.88254267 -0.49319315 -0.0500000007
v -0.86838913 -0.517707765 0.0500000007
v -0.85550499 -0.510026634 0.0500000007
v -0.85550499 -0.510026634 -0.0500000007
v -0.86838913 -0.517707765 -0.0500000007
v -0.85550499 -0.510026634 0.0500000007
v -0.869448543 -0.485875726 0.0500000007
v -0.869448543 -0.485875726 -0.0500000007
v -0.85550499 -0.510026634 -0.0500000007
v -0.810617745 -0.604168713 -0.0500000007
v -0.793385506 -0.626626253 -0.0500000007
v -0.781614184 -0.617329121 -0.0500000007
v -0.798590779 -0.59520483 -0.0500000007
v -0.781614184 -0.617329121 0.0500000007
v -0.793385506 -0.626626253 0.0500000007
v -0.810617745 -0.604168713 0.0500000007
v -0.798590779 -0.59520483 0.0500000007
v -0.798590779 -0.59520483 0.0500000007
v -0.810617745 -0.604168713 0.0500000007
v -0.810617745 -0.604168713 -0.0500000007
v -0.798590779 -0.59520483 -0.0500000007
v -0.810617745 -0.604168713 0.0500000007
v -0.793385506 -0.626626253 0.0500000007
v -0.793385506 -0.626626253 -0.0500000007
v -0.810617745 -0.604168713 -0.0500000007
v -0.793385506 -0.626626253 0.0500000007
v -0.781614184 -0.617329121 0.0500000007
v -0.781614184 -0.617329121 -0.0500000007
v -0.793385506 -0.626626253 -0.0500000007
v -0.781614184 -0.617329121 0.0500000007
v -0.798590779 -0.59520483 0.0500000007
v -0.798590779 -0.59520483 -0.0500000007
v -0.781614184 -0.617329121 -0.0500000007
v -0.724822938 -0.704806864 -0.0500000007
v -0.704806864 -0.724822938 -0.0500000007
v -0.694349766 -0.71406889 -0.0500000007
v -0.71406889 -0.694349766 -0.0500000007
v -0.694349766 -0.71406889 0.0500000007
v -0.704806864 -0.724822938 0.0500000007
v -0.724822938 -0.704806864 0.0500000007
v -0.71406889 -0.694349766 0.0500000007
v -0.71406889 -0.694349766 0.0500000007
v -0.724822938 -0.704806864 0.0500000007
v -0.724822938 -0.704806864 -0.0500000007
v -0.71406889 -0.694349766 -0.0500000007
v -0.724822938 -0.704806864 0.0500000007
v -0.704806864 -0.724822938 0.0500000007
v -0.704806864 -0.724822938 -0.0500000007
v -0.724822938 -0.704806864 -0.0500000007
v -0.704806864 -0.724822938 0.0500000007
v -0.694349766 -0.71406889 0.0500000007
v -0.694349766 -0.71406889 -0.0500000007
v -0.704806864 -0.724822938 -0.0500000007
v -0.694349766 -0.71406889 0.0500000007
v -0.71406889 -0.694349766 0.0500000007
v -0.71406889 -0.694349766 -0.0500000007
v -0.694349766 -0.71406889 -0.0500000007
v -0.626626253 -0.793385506 -0.0500000007
v -0.604168713 -0.810617745 -0.0500000007
v -0.59520483 -0.798590779 -0.0500000007
v -0.617329121 -0.781614184 -0.0500000007
v -0.59520483 -0.798590779 0.0500000007
v -0.604168713 -0.810617745 0.0500000007
v -0.626626253 -0.793385506 0.0500000007
v -0.617329121 -0.781614184 0.0500000007
v -0.617329121 -0.781614184 0.0500000007
v -0.626626253 -0.793385506 0.0500000007
v -0.626626253 -0.793385506 -0.0500000007
v -0.617329121 -0.781614184 -0.0500000007
v -0.626626253 -0.793385506 0.0500000007
v -0.604168713 -0.810617745 0.0500000007
v -0.604168713 -0.810617745 -0.0500000007
v -0.626626253 -0.793385506 -0.0500000007
v -0.604168713 -0.810617745 0.0500000007
v -0.59520483 -0.798590779 0.0500000007
v -0.59520483 -0.798590779 -0.0500000007
v -0.604168713 -0.810617745 -0.0500000007
v -0.59520483 -0.798590779 0.0500000007
v -0.617329121 -0.781614184 0.0500000007
v -0.617329121 -0.781614184 -0.0500000007
v -0.59520483 -0.798590779 -0.0500000007
v -0.517707765 -0.86838913 -0.0500000007
v -0.49319315 -0.88254267 -0.0500000007
v -0.485875726 -0.869448543 -0.0500000007
v -0.510026634 -0.85550499 -0.0500000007
v -0.485875726 -0.869448543 0.0500000007
v -0.49319315 -0.88254267 0.0500000007
v -0.517707765 -0.86838913 0.0500000007
v -0.510026634 -0.85550499 0.0500000007
v -0.510026634 -0.85550499 0.0500000007
v -0.517707765 -0.86838913 0.0500000007
v -0.517707765 -0.86838913 -0.0500000007
v -0.510026634 -0.85550499 -0.0500000007
v -0.517707765 -0.86838913 0.0500000007
v -0.49319315 -0.88254267 0.0500000007
v -0.49319315 -0.88254267 -0.0500000007
v -0.517707765 -0.86838913 -0.0500000007
v -0.49319315 -0.88254267 0.0500000007
v -0.485875726 -0.869448543 0.0500000007
v -0.485875726 -0.869448543 -0.0500000007
v -0.49319315 -0.88254267 -0.0500000007
v -0.485875726 -0.869448543 0.0500000007
v -0.510026634 -0.85550499 0.0500000007
v -0.510026634 -0.85550499 -0.0500000007
v -0.485875726 -0.869448543 -0.0500000007
v -0.399931192 -0.928534329 -0.0500000007
v -0.37377888 -0.939366996 -0.0500000007
v -0.368233204 -0.925429821 -0.0500000007
v -0.39399749 -0.914757848 -0.0500000007
v -0.368233204 -0.925429821 0.0500000007
v -0.37377888 -0.939366996 0.0500000007
v -0.399931192 -0.928534329 0.0500000007
v -0.39399749 -0.914757848 0.0500000007
v -0.39399749 -0.914757848 0.0500000007
v -0.399931192 -0.928534329 0.0500000007
v -0.399931192 -0.928534329 -0.0500000007
v -0.39399749 -0.914757848 -0.0500000007
v -0.399931192 -0.928534329 0.0500000007
v -0.37377888 -0.939366996 0.0500000007
v -0.37377888 -0.939366996 -0.0500000007
v -0.399931192 -0.928534329 -0.0500000007
v -0.37377888 -0.939366996 0.0500000007
v -0.368233204 -0.925429821 0.0500000007
v -0.368233204 -0.925429821 -0.0500000007
v -0.37377888 -0.939366996 -0.0500000007
v -0.368233204 -0.925429821 0.0500000007
v -0.39399749 -0.914757848 0.0500000007
v -0.39399749 -0.914757848 -0.0500000007
v -0.368233204 -0.925429821 -0.0500000007
v -0.275311679 -0.972792089 -0.0500000007
v -0.247969151 -0.980118513 -0.0500000007
v -0.244290084 -0.965576708 -0.0500000007
v -0.271226943 -0.958359003 -0.0500000007
v -0.244290084 -0.965576708 0.0500000007
v -0.247969151 -0.980118513 0.0500000007
v -0.275311679 -0.972792089 0.0500000007
v -0.271226943 -0.958359003 0.0500000007
v -0.271226943 -0.958359003 0.0500000007
v -0.275311679 -0.972792089 0.0500000007
v -0.275311679 -0.972792089 -0.0500000007
v -0.271226943 -0.958359003 -0.0500000007
v -0.275311679 -0.972792089 0.0500000007
v -0.247969151 -0.980118513 0.0500000007
v -0.247969151 -0.980118513 -0.0500000007
v -0.275311679 -0.972792089 -0.0500000007
v -0.247969151 -0.980118513 0.0500000007
v -0.244290084 -0.965576708 0.0500000007
v -0.244290084 -0.965576708 -0.0500000007
v -0.247969151 -0.980118513 -0.0500000007
v -0.244290084 -0.965576708 0.0500000007
v -0.271226943 -0.958359003 0.0500000007
v -0.271226943 -0.958359003 -0.0500000007
v -0.244290084 -0.965576708 -0.0500000007
v -0.145981506 -1.00040507 -0.0500000007
v -0.117916599 -1.00409997 -0.0500000007
v -0.116167091 -0.989202321 -0.0500000007
v -0.143815607 -0.985562325 -0.0500000007
v -0.116167091 -0.989202321 0.0500000007
v -0.117916599 -1.00409997 0.0500000007
v -0.145981506 -1.00040507 0.0500000007
v -0.143815607 -0.985562325 0.0500000007
v -0.143815607 -0.985562325 0.0500000007
v -0.145981506 -1.00040507 0.0500000007
v -0.145981506 -1.00040507 -0.0500000007
v -0.143815607 -0.985562325 -0.0500000007
v -0.145981506 -1.00040507 0.0500000007
v -0.117916599 -1.00409997 0.0500000007
v -0.117916599 -1.00409997 -0.0500000007
v -0.145981506 -1.00040507 -0.0500000007
v -0.117916599 -1.00409997 0.0500000007
v -0.116167091 -0.989202321 0.0500000007
v -0.116167091 -0.989202321 -0.0500000007
v -0.117916599 -1.00409997 -0.0500000007
v -0.116167091 -0.989202321 0.0500000007
v -0.143815607 -0.985562325 0.0500000007
v -0.143815607 -0.985562325 -0.0500000007
v -0.116167091 -0.989202321 -0.0500000007
v -0.0141535373 -1.01090097 -0.0500000007
v 0.0141535373 -1.01090097 -0.0500000007
v 0.0139435446 -0.995902419 -0.0500000007
v -0.0139435446 -0.995902419 -0.0500000007
v 0.0139435446 -0.995902419 0.0500000007
v 0.0141535373 -1.01090097 0.0500000007
v -0.0141535373 -1.01090097 0.0500000007
v -0.0139435446 -0.995902419 0.0500000007
v -0.0139435446 -0.995902419 0.0500000007
v -0.0141535373 -1.01090097 0.0500000007
v -0.0141535373 -1.01090097 -0.0500000007
v -0.0139435446 -0.995902419 -0.0500000007
v -0.0141535373 -1.01090097 0.0500000007
v 0.0141535373 -1.01090097 0.0500000007
v 0.0141535373 -1.01090097 -0.0500000007
v -0.0141535373 -1.01090097 -0.0500000007
v 0.0141535373 -1.01090097 0.0500000007
v 0.0139435446 -0.995902419 0.0500000007
v 0.0139435446 -0.995902419 -0.0500000007
v 0.0141535373 -1.01090097 -0.0500000007
v 0.0139435446 -0.995902419 0.0500000007
v -0.0139435446 -0.995902419 0.0500000007
v -0.0139435446 -0.995902419 -0.0500000007
v 0.0139435446 -0.995902419 -0.0500000007
v 0.117916599 -1.00409997 -0.0500000007
v 0.145981506 -1.00040507 -0.0500000007
v 0.143815607 -0.985562325 -0.0500000007
v 0.116167091 -0.989202321 -0.0500000007
v 0.143815607 -0.985562325 0.0500000007
v 0.145981506 -1.00040507 0.0500000007
v 0.117916599 -1.00409997 0.0500000007
v 0.116167091 -0.989202321 0.0500000007
v 0.116167091 -0.989202321 0.0500000007
v 0.117916599 -1.00409997 0.0500000007
v 0.117916599 -1.00409997 -0.0500000007
v 0.116167091 -0.989202321 -0.0500000007
v 0.117916599 -1.00409997 0.0500000007
v 0.145981506 -1.00040507 0.0500000007
v 0.145981506 -1.00040507 -0.0500000007
v 0.117916599 -1.00409997 -0.0500000007
v 0.145981506 -1.00040507 0.0500000007
v 0.143815607 -0.985562325 0.0500000007
v 0.143815607 -0.985562325 -0.0500000007
v 0.145981506 -1.00040507 -0.0500000007
v 0.143815607 -0.985562325 0.0500000007
v 0.116167091 -0.989202321 0.0500000007
v 0.116167091 -0.989202321 -0.0500000007
v 0.143815607 -0.985562325 -0.0500000007
v 0.247969151 -0.980118513 -0.0500000007
v 0.275311679 -0.972792089 -0.0500000007
v 0.271226943 -0.958359003 -0.0500000007
v 0.244290084 -0.965576708 -0.0500000007
v 0.271226943 -0.958359003 0.0500000007
v 0.275311679 -0.972792089 0.0500000007
v 0.247969151 -0.980118513 0.0500000007
v 0.244290084 -0.965576708 0.0500000007
v 0.244290084 -0.965576708 0.0500000007
v 0.247969151 -0.980118513 0.0500000007
v 0.247969151 -0.980118513 -0.0500000007
v 0.244290084 -0.965576708 -0.0500000007
v 0.247969151 -0.980118513 0.0500000007
v 0.275311679 -0.972792089 0.0500000007
v 0.275311679 -0.972792089 -0.0500000007
v 0.247969151 -0.980118513 -0.0500000007
v 0.275311679 -0.972792089 0.0500000007
v 0.271226943 -0.958359003 0.0500000007
v 0.271226943 -0.958359003 -0.0500000007
v 0.275311679 -0.972792089 -0.0500000007
v 0.271226943 -0.958359003 0.0500000007
v 0.244290084 -0.965576708 0.0500000007
v 0.244290084 -0.965576708 -0.0500000007
v 0.271226943 -0.958359003 -0.0500000007
v 0.37377888 -0.939366996 -0.0500000007
v 0.399931192 -0.928534329 -0.0500000007
v 0.39399749 -0.914757848 -0.0500000007
v 0.368233204 -0.925429821 -0.0500000007
v 0.39399749 -0.914757848 0.0500000007
v 0.399931192 -0.928534329 0.0500000007
v 0.37377888 -0.939366996 0.0500000007
v 0.368233204 -0.925429821 0.0500000007
v 0.368233204 -0.925429821 0.0500000007
v 0.37377888 -0.939366996 0.0500000007
v 0.37377888 -0.939366996 -0.0500000007
v 0.368233204 -0.925429821 -0.0500000007
v 0.37377888 -0.939366996 0.0500000007
v 0.399931192 -0.928534329 0.0500000007
v 0.399931192 -0.928534329 -0.0500000007
v 0.37377888 -0.939366996 -0.0500000007
v 0.399931192 -0.928534329 0.0500000007
v 0.39399749 -0.914757848 0.0500000007
v 0.39399749 -0.914757848 -0.0500000007
v 0.399931192 -0.928534329 -0.0500000007
v 0.39399749 -0.914757848 0.0500000007
v 0.368233204 -0.925429821 0.0500000007
v 0.368233204 -0.925429821 -0.0500000007
v 0.39399749 -0.914757848 -0.0500000007
v 0.49319315 -0.88254267 -0.0500000007
v 0.517707765 -0.86838913 -0.0500000007
v 0.510026634 -0.85550499 -0.0500000007
v 0.485875726 -0.869448543 -0.0500000007
v 0.510026634 -0.85550499 0.0500000007
v 0.517707765 -0.86838913 0.0500000007
v 0.49319315 -0.88254267 0.0500000007
v 0.485875726 -0.869448543 0.0500000007
v 0.485875726 -0.869448543 0.0500000007
v 0.49319315 -0.88254267 0.0500000007
v 0.49319315 -0.88254267 -0.0500000007
v 0.485875726 -0.869448543 -0.0500000007
v 0.49319315 -0.88254267 0.0500000007
v 0.517707765 -0.86838913 0.0500000007
v 0.517707765 -0.86838913 -0.0500000007
v 0.49319315 -0.88254267 -0.0500000007
v 0.517707765 -0.86838913 0.0500000007
v 0.510026634 -0.85550499 0.0500000007
v 0.510026634 -0.85550499 -0.0500000007
v 0.517707765 -0.86838913 -0.0500000007
v 0.510026634 -0.85550499 0.0500000007
v 0.485875726 -0.869448543 0.0500000007
v 0.485875726 -0.869448543 -0.0500000007
v 0.510026634 -0.85550499 -0.0500000007
v 0.604168713 -0.810617745 -0.0500000007
v 0.626626253 -0.793385506 -0.0500000007
v 0.617329121 -0.781614184 -0.0500000007
v 0.59520483 -0.798590779 -0.0500000007
v 0.617329121 -0.781614184 0.0500000007
v 0.626626253 -0.793385506 0.0500000007
v 0.604168713 -0.810617745 0.0500000007
v 0.59520483 -0.798590779 0.0500000007
v 0.59520483 -0.798590779 0.0500000007
v 0.604168713 -0.810617745 0.0500000007
v 0.604168713 -0.810617745 -0.0500000007
v 0.59520483 -0.798590779 -0.0500000007
v 0.604168713 -0.810617745 0.0500000007
v 0.626626253 -0.793385506 0.0500000007
v 0.626626253 -0.793385506 -0.0500000007
v 0.604168713 -0.810617745 -0.0500000007
v 0.626626253 -0.793385506 0.0500000007
v 0.617329121 -0.781614184 0.0500000007
v 0.617329121 -0.781614184 -0.0500000007
v 0.626626253 -0.793385506 -0.0500000007
v 0.617329121 -0.781614184 0.0500000007
v 0.59520483 -0.798590779 0.0500000007
v 0.59520483 -0.798590779 -0.0500000007
v 0.617329121 -0.781614184 -0.0500000007
v 0.704806864 -0.724822938 -0.0500000007
v 0.724822938 -0.704806864 -0.0500000007
v 0.71406889 -0.694349766 -0.0500000007
v 0.694349766 -0.71406889 -0.0500000007
v 0.71406889 -0.694349766 0.0500000007
v 0.724822938 -0.704806864 0.0500000007
v 0.704806864 -0.724822938 0.0500000007
v 0.694349766 -0.71406889 0.0500000007
v 0.694349766 -0.71406889 0.0500000007
v 0.704806864 -0.724822938 0.0500000007
v 0.704806864 -0.724822938 -0.0500000007
v 0.694349766 -0.71406889 -0.0500000007
v 0.704806864 -0.724822938 0.0500000007
v 0.724822938 -0.704806864 0.0500000007
v 0.724822938 -0.704806864 -0.0500000007
v 0.704806864 -0.724822938 -0.0500000007
v 0.724822938 -0.704806864 0.0500000007
v 0.71406889 -0.694349766 0.0500000007
v 0.71406889 -0.694349766 -0.0500000007
v 0.724822938 -0.704806864 -0.0500000007
v 0.71406889 -0.694349766 0.0500000007
v 0.694349766 -0.71406889 0.0500000007
v 0.694349766 -0.71406889 -0.0500000007
v 0.71406889 -0.694349766 -0.0500000007
v 0.793385506 -0.626626253 -0.0500000007
v 0.810617745 -0.604168713 -0.0500000007
v 0.798590779 -0.59520483 -0.0500000007
v 0.781614184 -0.617329121 -0.0500000007
v 0.798590779 -0.59520483 0.0500000007
v 0.810617745 -0.604168713 0.0500000007
v 0.793385506 -0.626626253 0.0500000007
v 0.781614184 -0.617329121 0.0500000007
v 0.781614184 -0.617329121 0.0500000007
v 0.793385506 -0.626626253 0.0500000007
v 0.793385506 -0.626626253 -0.0500000007
v 0.781614184 -0.617329121 -0.0500000007
v 0.793385506 -0.626626253 0.0500000007
v 0.810617745 -0.604168713 0.0500000007
v 0.810617745 -0.604168713 -0.0500000007
v 0.793385506 -0.626626253 -0.0500000007
v 0.810617745 -0.604168713 0.0500000007
v 0.798590779 -0.59520483 0.0500000007
v 0.798590779 -0.59520483 -0.0500000007
v 0.810617745 -0.604168713 -0.0500000007
v 0.798590779 -0.59520483 0.0500000007
v 0.781614184 -0.617329121 0.0500000007
v 0.781614184 -0.617329121 -0.0500000007
v 0.798590779 -0.59520483 -0.0500000007
v 0.86838913 -0.517707765 -0.0500000007
v 0.88254267 -0.49319315 -0.0500000007
v 0.869448543 -0.485875726 -0.0500000007
v 0.85550499 -0.510026634 -0.0500000007
v 0.869448543 -0.485875726 0.0500000007
v 0.88254267 -0.49319315 0.0500000007
v 0.86838913 -0.517707765 0.0500000007
v 0.85550499 -0.510026634 0.0500000007
v 0.85550499 -0.510026634 0.0500000007
v 0.86838913 -0.517707765 0.0500000007
v 0.86838913 -0.517707765 -0.0500000007
v 0.85550499 -0.510026634 -0.0500000007
v 0.86838913 -0.517707765 0.0500000007
v 0.88254267 -0.49319315 0.0500000007
v 0.88254267 -0.49319315 -0.0500000007
v 0.86838913 -0.517707765 -0.0500000007
v 0.88254267 -0.49319315 0.0500000007
v 0.869448543 -0.485875726 0.0500000007
v 0.869448543 -0.485875726 -0.0500000007
v 0.88254267 -0.49319315 -0.0500000007
v 0.869448543 -0.485875726 0.0500000007
v 0.85550499 -0.510026634 0.0500000007
v 0.85550499 -0.510026634 -0.0500000007
v 0.869448543 -0.485875726 -0.0500000007
v 0.928534329 -0.399931192 -0.0500000007
v 0.939366996 -0.37377888 -0.0500000007
v 0.925429821 -0.368233204 -0.0500000007
v 0.914757848 -0.39399749 -0.0500000007
v 0.925429821 -0.368233204 0.0500000007
v 0.939366996 -0.37377888 0.0500000007
v 0.928534329 -0.399931192 0.0500000007
v 0.914757848 -0.39399749 0.0500000007
v 0.914757848 -0.39399749 0.0500000007
v 0.928534329 -0.399931192 0.0500000007
v 0.928534329 -0.399931192 -0.0500000007
v 0.914757848 -0.39399749 -0.0500000007
v 0.928534329 -0.399931192 0.0500000007
v 0.939366996 -0.37377888 0.0500000007
v 0.939366996 -0.37377888 -0.0500000007
v 0.928534329 -0.399931192 -0.0500000007
v 0.939366996 -0.37377888 0.0500000007
v 0.925429821 -0.368233204 0.0500000007
v 0.925429821 -0.368233204 -0.0500000007
v 0.939366996 -0.37377888 -0.0500000007
v 0.925429821 -0.368233204 0.0500000007
v 0.914757848 -0.39399749 0.0500000007
v 0.914757848 -0.39399749 -0.0500000007
v 0.925429821 -0.368233204 -0.0500000007
v 0.972792089 -0.275311679 -0.0500000007
v 0.980118513 -0.247969151 -0.0500000007
v 0.965576708 -0.244290084 -0.0500000007
v 0.958359003 -0.271226943 -0.0500000007
v 0.965576708 -0.244290084 0.0500000007
v 0.980118513 -0.247969151 0.0500000007
v 0.972792089 -0.275311679 0.0500000007
v 0.958359003 -0.271226943 0.0500000007
v 0.958359003 -0.271226943 0.0500000007
v 0.972792089 -0.275311679 0.0500000007
v 0.972792089 -0.275311679 -0.0500000007
v 0.958359003 -0.271226943 -0.0500000007
v 0.972792089 -0.275311679 0.0500000007
v 0.980118513 -0.247969151 0.0500000007
v 0.980118513 -0.247969151 -0.0500000007
v 0.972792089 -0.275311679 -0.0500000007
v 0.980118513 -0.247969151 0.0500000007
v 0.965576708 -0.244290084 0.0500000007
v 0.965576708 -0.244290084 -0.0500000007
v 0.980118513 -0.247969151 -0.0500000007
v 0.965576708 -0.244290084 0.0500000007
v 0.958359003 -0.271226943 0.0500000007
v 0.958359003 -0.271226943 -0.0500000007
v 0.965576708 -0.244290084 -0.0500000007
v 1.00040507 -0.145981506 -0.0500000007
v 1.00409997 -0.117916599 -0.0500000007
v 0.989202321 -0.116167091 -0.0500000007
v 0.985562325 -0.143815607 -0.0500000007
v 0.989202321 -0.116167091 0.0500000007
v 1.00409997 -0.117916599 0.0500000007
v 1.00040507 -0.145981506 0.0500000007
v 0.985562325 -0.143815607 0.0500000007
v 0.985562325 -0.143815607 0.0500000007
v 1.00040507 -0.145981506 0.0500000007
v 1.00040507 -0.145981506 -0.0500000007
v 0.985562325 -0.143815607 -0.0500000007
v 1.00040507 -0.145981506 0.0500000007
v 1.00409997 -0.117916599 0.0500000007
v 1.00409997 -0.117916599 -0.0500000007
v 1.00040507 -0.145981506 -0.0500000007
v 1.00409997 -0.117916599 0.0500000007
v 0.989202321 -0.116167091 0.0500000007
v 0.989202321 -0.116167091 -0.0500000007
v 1.00409997 -0.117916599 -0.0500000007
v 0.989202321 -0.116167091 0.0500000007
v 0.985562325 -0.143815607 0.0500000007
v 0.985562325 -0.143815607 -0.0500000007
v 0.989202321 -0.116167091 -0.0500000007
v -0.389999986 0.449999988 -0.143000007
v -0.349999994 0.25 -0.143000007
v 0.389999986 0.25 -0.143000007
v 0.389999986 0.449999988 -0.143000007
v 0.389999986 0.449999988 -0.0780000016
v 0.389999986 0.25 -0.0780000016
v -0.349999994 0.25 -0.0780000016
v -0.389999986 0.449999988 -0.0780000016
v 0.389999986 0.449999988 -0.143000007
v 0.389999986 0.25 -0.143000007
v 0.389999986 0.25 -0.0780000016
v 0.389999986 0.449999988 -0.0780000016
v 0.389999986 0.25 -0.143000007
v -0.349999994 0.25 -0.143000007
v -0.349999994 0.25 -0.0780000016
v 0.389999986 0.25 -0.0780000016
v -0.349999994 0.25 -0.143000007
v -0.389999986 0.449999988 -0.143000007
v -0.389999986 0.449999988 -0.0780000016
v -0.349999994 0.25 -0.0780000016
v -0.389999986 0.449999988 -0.143000007
v 0.389999986 0.449999988 -0.143000007
v 0.389999986 0.449999988 -0.0780000016
v -0.389999986 0.449999988 -0.0780000016
v -0.36500001 0.289999992 -0.143000007
v 0.0350000001 -0.460000008 -0.143000007
v 0.300000012 -0.460000008 -0.143000007
v -0.104999997 0.289999992 -0.143000007
v -0.104999997 0.289999992 -0.0780000016
v 0.300000012 -0.460000008 -0.0780000016
v 0.0350000001 -0.460000008 -0.0780000016
v -0.36500001 0.289999992 -0.0780000016
v -0.104999997 0.289999992 -0.143000007
v 0.300000012 -0.460000008 -0.143000007
v 0.300000012 -0.460000008 -0.0780000016
v -0.104999997 0.289999992 -0.0780000016
v 0.300000012 -0.460000008 -0.143000007
v 0.0350000001 -0.460000008 -0.143000007
v 0.0350000001 -0.460000008 -0.0780000016
v 0.300000012 -0.460000008 -0.0780000016
v 0.0350000001 -0.460000008 -0.143000007
v -0.36500001 0.289999992 -0.143000007
v -0.36500001 0.289999992 -0.0780000016
v 0.0350000001 -0.460000008 -0.0780000016
v -0.36500001 0.289999992 -0.143000007
v -0.104999997 0.289999992 -0.143000007
v -0.104999997 0.289999992 -0.0780000016
v -0.36500001 0.289999992 -0.0780000016
v 0.389999986 0.449999988 0.143000007
v 0.349999994 0.25 0.143000007
v -0.389999986 0.25 0.143000007
v -0.389999986 0.449999988 0.143000007
v -0.389999986 0.449999988 0.0780000016
v -0.389999986 0.25 0.0780000016
v 0.349999994 0.25 0.0780000016
v 0.389999986 0.449999988 0.0780000016
v -0.389999986 0.449999988 0.143000007
v -0.389999986 0.25 0.143000007
v -0.389999986 0.25 0.0780000016
v -0.389999986 0.449999988 0.0780000016
v -0.389999986 0.25 0.143000007
v 0.349999994 0.25 0.143000007
v 0.349999994 0.25 0.0780000016
v -0.389999986 0.25 0.0780000016
v 0.349999994 0.25 0.143000007
v 0.389999986 0.449999988 0.143000007
v 0.389999986 0.449999988 0.0780000016
v 0.349999994 0.25 0.0780000016
v 0.389999986 0.449999988 0.143000007
v -0.389999986 0.449999988 0.143000007
v -0.389999986 0.449999988 0.0780000016
v 0.389999986 0.449999988 0.0780000016
v 0.36500001 0.289999992 0.143000007
v -0.0350000001 -0.460000008 0.143000007
v -0.300000012 -0.460000008 0.143000007
v 0.104999997 0.289999992 0.143000007
v 0.104999997 0.289999992 0.0780000016
v -0.300000012 -0.460000008 0.0780000016
v -0.0350000001 -0.460000008 0.0780000016
v 0.36500001 0.289999992 0.0780000016
v 0.104999997 0.289999992 0.143000007
v -0.300000012 -0.460000008 0.143000007
v -0.300000012 -0.460000008 0.0780000016
v 0.104999997 0.289999992 0.0780000016
v -0.300000012 -0.460000008 0.143000007
v -0.0350000001 -0.460000008 0.143000007
v -0.0350000001 -0.460000008 0.0780000016
v -0.300000012 -0.460000008 0.0780000016
v -0.0350000001 -0.460000008 0.143000007
v 0.36500001 0.289999992 0.143000007
v 0.36500001 0.289999992 0.0780000016
v -0.0350000001 -0.460000008 0.0780000016
v 0.36500001 0.289999992 0.143000007
v 0.104999997 0.289999992 0.143000007
v 0.104999997 0.289999992 0.0780000016
v 0.36500001 0.289999992 0.0780000016
vn 0 0 -1
vn 0 0 -1
vn 0 0 -1
vn 0 0 -1
vn 0 0 -1
vn 0 0 -1
vn 0 0 -1
vn 0 0 -1
vn 0 0 -1
vn 0 0 -1
vn 0 0 -1
vn 0 0 -1
vn 0 0 -1
vn 0 0 -1
vn 0 0 -1
vn 0 0 -1
vn 0 0 -1
vn 0 0 -1
vn 0 0 -1
vn 0 0 -1
vn 0 0 -1
vn 0 0 -1
vn 0 0 -1
vn 0 0 -1
vn 0 0 -1
vn 0 0 -1
vn 0 0 -1
vn 0 0 -1
vn 0 0 -1
vn 0 0 -1
vn 0 0 -1
vn 0 0 -1
vn 0 0 -1
vn 0 0 -1
vn 0 0 -1
vn 0 0 -1
vn 0 0 -1
vn 0 0 -1
vn 0 0 -1
vn 0 0 -1
vn 0 0 -1
vn 0 0 -1
vn 0 0 -1
vn 0 0 -1
vn 0 0 -1
vn 0 0 -1
vn 0 0 -1
vn 0 0 -1
vn 0 0 -1
vn -0 0 -1
vn 0 0 -1
vn -0 0 -1
vn -0 0 -1
vn -0 0 -1
vn -0 0 -1
vn -0 0 -1
vn -0 0 -1
vn -0 0 -1
vn -0 0 -1
vn -0 0 -1
vn -0 0 -1
vn -0 0 -1
vn -0 0 -1
vn -0 0 -1
vn -0 0 -1
vn -0 0 -1
vn -0 0 -1
vn -0 0 -1
vn -0 0 -1
vn -0 0 -1
vn -0 0 -1
vn -0 0 -1
vn -0 0 -1
vn -0 0 -1
vn -0 0 -1
vn -0 0 -1
vn -0 0 -1
vn -0 0 -1
vn -0 0 -1
vn -0 0 -1
vn -0 0 -1
vn -0 0 -1
vn -0 0 -1
vn -0 0 -1
vn -0 0 -1
vn -0 0 -1
vn -0 0 -1
vn -0 0 -1
vn -0 0 -1
vn -0 0 -1
vn -0 0 -1
vn -0 0 -1
vn -0 0 -1
vn -0 0 -1
vn -0 0 -1
vn -0 0 -1
vn -0 0 -1
vn -0 -0 -1
vn -0 0 -1
vn -0 -0 -1
vn -0 -0 -1
vn -0 -0 -1
vn -0 -0 -1
vn -0 -0 -1
vn -0 -0 -1
vn -0 -0 -1
vn -0 -0 -1
vn -0 -0 -1
vn -0 -0 -1
vn -0 -0 -1
vn -0 -0 -1
vn -0 -0 -1
vn -0 -0 -1
vn -0 -0 -1
vn -0 -0 -1
vn -0 -0 -1
vn -0 -0 -1
vn -0 -0 -1
vn -0 -0 -1
vn -0 -0 -1
vn -0 -0 -1
vn -0 -0 -1
vn -0 -0 -1
vn -0 -0 -1
vn -0 -0 -1
vn -0 -0 -1
vn -0 -0 -1
vn -0 -0 -1
vn -0 -0 -1
vn -0 -0 -1
vn -0 -0 -1
vn -0 -0 -1
vn -0 -0 -1
vn -0 -0 -1
vn -0 -0 -1
vn -0 -0 -1
vn -0 -0 -1
vn -0 -0 -1
vn -0 -0 -1
vn -0 -0 -1
vn -0 -0 -1
vn -0 -0 -1
vn -0 -0 -1
vn -0 -0 -1
vn -0 -0 -1
vn 0 -0 -1
vn -0 -0 -1
vn 0 -0 -1
vn 0 -0 -1
vn 0 -0 -1
vn 0 -0 -1
vn 0 -0 -1
vn 0 -0 -1
vn 0 -0 -1
vn 0 -0 -1
vn 0 -0 -1
vn 0 -0 -1
vn 0 -0 -1
vn 0 -0 -1
vn 0 -0 -1
vn 0 -0 -1
vn 0 -0 -1
vn 0 -0 -1
vn 0 -0 -1
vn 0 -0 -1
vn 0 -0 -1
vn 0 -0 -1
vn 0 -0 -1
vn 0 -0 -1
vn 0 -0 -1
vn 0 -0 -1
vn 0 -0 -1
vn 0 -0 -1
vn 0 -0 -1
vn 0 -0 -1
vn 0 -0 -1
vn 0 -0 -1
vn 0 -0 -1
vn 0 -0 -1
vn 0 -0 -1
vn 0 -0 -1
vn 0 -0 -1
vn 0 -0 -1
vn 0 -0 -1
vn 0 -0 -1
vn 0 -0 -1
vn 0 -0 -1
vn 0 -0 -1
vn 0 -0 -1
vn 0 -0 -1
vn 0 -0 -1
vn 0 -0 -1
vn 0 0 -1
vn 0 0 -1
vn 0 0 -1
vn 0 0 -1
vn 0 0 -1
vn 0 0 -1
vn 0 0 -1
vn 0 0 -1
vn 0 0 -1
vn 0 0 -1
vn 0 0 -1
vn 0 0 -1
vn 0 0 -1
vn 0 0 -1
vn 0 0 -1
vn 0 0 -1
vn 0 0 -1
vn 0 0 -1
vn 0 0 -1
vn 0 0 -1
vn 0 0 -1
vn 0 0 -1
vn 0 0 -1
vn 0 0 -1
vn 0 0 -1
vn 0 0 -1
vn 0 0 -1
vn 0 0 -1
vn 0 0 -1
vn 0 0 -1
vn 0 0 -1
vn 0 0 -1
vn 0 0 -1
vn 0 0 -1
vn 0 0 -1
vn 0 0 -1
vn 0 0 -1
vn 0 0 -1
vn 0 0 -1
vn 0 0 -1
vn 0 0 -1
vn 0 0 -1
vn 0 0 -1
vn 0 0 -1
vn 0 0 -1
vn 0 0 -1
vn 0 0 -1
vn 0 0 -1
vn 0 0 -1
vn 0 0 -1
vn 0 0 -1
vn 0 0 -1
vn 0 0 -1
vn 0 0 -1
vn 0 0 -1
vn 0 0 -1
vn 0 0 -1
vn 0 0 -1
vn 0 0 -1
vn 0 0 -1
vn 0 0 -1
vn 0 0 -1
vn 0 0 -1
vn 0 0 -1
vn 0 0 -1
vn -0 0 -1
vn -0 0 -1
vn 0 0 -1
vn -0 0 -1
vn -0 0 -1
vn -0 0 -1
vn -0 0 -1
vn -0 0 -1
vn -0 0 -1
vn -0 0 -1
vn -0 0 -1
vn -0 0 -1
vn -0 0 -1
vn -0 0 -1
vn -0 0 -1
vn -0 0 -1
vn -0 0 -1
vn -0 0 -1
vn -0 0 -1
vn -0 0 -1
vn -0 0 -1
vn -0 0 -1
vn -0 0 -1
vn -0 0 -1
vn -0 0 -1
vn -0 0 -1
vn -0 0 -1
vn -0 0 -1
vn -0 0 -1
vn -0 0 -1
vn -0 0 -1
vn -0 0 -1
vn -0 0 -1
vn -0 0 -1
vn -0 0 -1
vn -0 0 -1
vn -0 0 -1
vn -0 0 -1
vn -0 0 -1
vn -0 0 -1
vn -0 0 -1
vn -0 0 -1
vn -0 0 -1
vn -0 0 -1
vn -0 0 -1
vn -0 0 -1
vn -0 0 -1
vn -0 0 -1
vn -0 0 -1
vn -0 0 -1
vn -0 0 -1
vn -0 0 -1
vn -0 0 -1
vn -0 0 -1
vn -0 0 -1
vn -0 0 -1
vn -0 0 -1
vn -0 0 -1
vn -0 0 -1
vn -0 0 -1
vn -0 0 -1
vn -0 0 -1
vn -0 0 -1
vn -0 0 -1
vn -0 -0 -1
vn -0 -0 -1
vn -0 0 -1
vn -0 -0 -1
vn -0 -0 -1
vn -0 -0 -1
vn -0 -0 -1
vn -0 -0 -1
vn -0 -0 -1
vn -0 -0 -1
vn -0 -0 -1
vn -0 -0 -1
vn -0 -0 -1
vn -0 -0 -1
vn -0 -0 -1
vn -0 -0 -1
vn -0 -0 -1
vn -0 -0 -1
vn -0 -0 -1
vn -0 -0 -1
vn -0 -0 -1
vn -0 -0 -1
vn -0 -0 -1
vn -0 -0 -1
vn -0 -0 -1
vn -0 -0 -1
vn -0 -0 -1
vn -0 -0 -1
vn -0 -0 -1
vn -0 -0 -1
vn -0 -0 -1
vn -0 -0 -1
vn -0 -0 -1
vn -0 -0 -1
vn -0 -0 -1
vn -0 -0 -1
vn -0 -0 -1
vn -0 -0 -1
vn -0 -0 -1
vn -0 -0 -1
vn -0 -0 -1
vn -0 -0 -1
vn -0 -0 -1
vn -0 -0 -1
vn -0 -0 -1
vn -0 -0 -1
vn -0 -0 -1
vn -0 -0 -1
vn -0 -0 -1
vn -0 -0 -1
vn -0 -0 -1
vn -0 -0 -1
vn -0 -0 -1
vn -0 -0 -1
vn -0 -0 -1
vn -0 -0 -1
vn -0 -0 -1
vn -0 -0 -1
vn -0 -0 -1
vn -0 -0 -1
vn -0 -0 -1
vn -0 -0 -1
vn -0 -0 -1
vn -0 -0 -1
vn 0 -0 -1
vn 0 -0 -1
vn -0 -0 -1
vn 0 -0 -1
vn 0 -0 -1
vn 0 -0 -1
vn 0 -0 -1
vn 0 -0 -1
vn 0 -0 -1
vn 0 -0 -1
vn 0 -0 -1
vn 0 -0 -1
vn 0 -0 -1
vn 0 -0 -1
vn 0 -0 -1
vn 0 -0 -1
vn 0 -0 -1
vn 0 -0 -1
vn 0 -0 -1
vn 0 -0 -1
vn 0 -0 -1
vn 0 -0 -1
vn 0 -0 -1
vn 0 -0 -1
vn 0 -0 -1
vn 0 -0 -1
vn 0 -0 -1
vn 0 -0 -1
vn 0 -0 -1
vn 0 -0 -1
vn 0 -0 -1
vn 0 -0 -1
vn 0 -0 -1
vn 0 -0 -1
vn 0 -0 -1
vn 0 -0 -1
vn 0 -0 -1
vn 0 -0 -1
vn 0 -0 -1
vn 0 -0 -1
vn 0 -0 -1
vn 0 -0 -1
vn 0 -0 -1
vn 0 -0 -1
vn 0 -0 -1
vn 0 -0 -1
vn 0 -0 -1
vn 0 -0 -1
vn 0 -0 -1
vn 0 -0 -1
vn 0 -0 -1
vn 0 -0 -1
vn 0 -0 -1
vn 0 -0 -1
vn 0 -0 -1
vn 0 -0 -1
vn 0 -0 -1
vn 0 -0 -1
vn 0 -0 -1
vn 0 -0 -1
vn 0 -0 -1
vn 0 -0 -1
vn 0 -0 -1
vn 0.739940047 0 -0.672672808
vn 0.73637706 0.0725268126 -0.672672808
vn 0.73637706 0.0725268126 -0.672672808
vn 0.739940047 0 -0.672672808
vn 0.73637706 0.0725268126 -0.672672808
vn 0.725722313 0.144355148 -0.672672808
vn 0.725722313 0.144355148 -0.672672808
vn 0.73637706 0.0725268126 -0.672672808
vn 0.725722313 0.144355148 -0.672672808
vn 0.708078504 0.214793265 -0.672672808
vn 0.708078504 0.214793265 -0.672672808
vn 0.725722313 0.144355148 -0.672672808
vn 0.708078504 0.214793265 -0.672672808
vn 0.683615506 0.283162802 -0.672672808
vn 0.683615506 0.283162802 -0.672672808
vn 0.708078504 0.214793265 -0.672672808
vn 0.683615506 0.283162802 -0.672672808
vn 0.652568877 0.348805338 -0.672672808
vn 0.652568877 0.348805338 -0.672672808
vn 0.683615506 0.283162802 -0.672672808
vn 0.652568877 0.348805338 -0.672672808
vn 0.615237713 0.411088675 -0.672672808
vn 0.615237713 0.411088675 -0.672672808
vn 0.652568877 0.348805338 -0.672672808
vn 0.615237713 0.411088675 -0.672672808
vn 0.57198143 0.469413012 -0.672672808
vn 0.57198143 0.469413012 -0.672672808
vn 0.615237713 0.411088675 -0.672672808
vn 0.57198143 0.469413012 -0.672672808
vn 0.523216665 0.523216665 -0.672672808
vn 0.523216665 0.523216665 -0.672672808
vn 0.57198143 0.469413012 -0.672672808
vn 0.523216665 0.523216665 -0.672672808
vn 0.469413012 0.57198143 -0.672672808
vn 0.469413012 0.57198143 -0.672672808
vn 0.523216665 0.523216665 -0.672672808
vn 0.469413012 0.57198143 -0.672672808
vn 0.411088675 0.615237713 -0.672672808
vn 0.411088675 0.615237713 -0.672672808
vn 0.469413012 0.57198143 -0.672672808
vn 0.411088675 0.615237713 -0.672672808
vn 0.348805338 0.652568877 -0.672672808
vn 0.348805338 0.652568877 -0.672672808
vn 0.411088675 0.615237713 -0.672672808
vn 0.348805338 0.652568877 -0.672672808
vn 0.283162802 0.683615506 -0.672672808
vn 0.283162802 0.683615506 -0.672672808
vn 0.348805338 0.652568877 -0.672672808
vn 0.283162802 0.683615506 -0.672672808
vn 0.214793265 0.708078504 -0.672672808
vn 0.214793265 0.708078504 -0.672672808
vn 0.283162802 0.683615506 -0.672672808
vn 0.214793265 0.708078504 -0.672672808
vn 0.144355148 0.725722313 -0.672672808
vn 0.144355148 0.725722313 -0.672672808
vn 0.214793265 0.708078504 -0.672672808
vn 0.144355148 0.725722313 -0.672672808
vn 0.0725268126 0.73637706 -0.672672808
vn 0.0725268126 0.73637706 -0.672672808
vn 0.144355148 0.725722313 -0.672672808
vn 0.0725268126 0.73637706 -0.672672808
vn 4.53082622e-17 0.739940047 -0.672672808
vn 4.53082622e-17 0.739940047 -0.672672808
vn 0.0725268126 0.73637706 -0.672672808
vn 4.53082622e-17 0.739940047 -0.672672808
vn -0.0725268126 0.73637706 -0.672672808
vn -0.0725268126 0.73637706 -0.672672808
vn 4.53082622e-17 0.739940047 -0.672672808
vn -0.0725268126 0.73637706 -0.672672808
vn -0.144355148 0.725722313 -0.672672808
vn -0.144355148 0.725722313 -0.672672808
vn -0.0725268126 0.73637706 -0.672672808
vn -0.144355148 0.725722313 -0.672672808
vn -0.214793265 0.708078504 -0.672672808
vn -0.214793265 0.708078504 -0.672672808
vn -0.144355148 0.725722313 -0.672672808
vn -0.214793265 0.708078504 -0.672672808
vn -0.283162802 0.683615506 -0.672672808
vn -0.283162802 0.683615506 -0.672672808
vn -0.214793265 0.708078504 -0.672672808
vn -0.283162802 0.683615506 -0.672672808
vn -0.348805338 0.652568877 -0.672672808
vn -0.348805338 0.652568877 -0.672672808
vn -0.283162802 0.683615506 -0.672672808
vn -0.348805338 0.652568877 -0.672672808
vn -0.411088675 0.615237713 -0.672672808
vn -0.411088675 0.615237713 -0.672672808
vn -0.348805338 0.652568877 -0.672672808
vn -0.411088675 0.615237713 -0.672672808
vn -0.469413012 0.57198143 -0.672672808
vn -0.469413012 0.57198143 -0.672672808
vn -0.411088675 0.615237713 -0.672672808
vn -0.469413012 0.57198143 -0.672672808
vn -0.523216665 0.523216665 -0.672672808
vn -0.523216665 0.523216665 -0.672672808
vn -0.469413012 0.57198143 -0.672672808
vn -0.523216665 0.523216665 -0.672672808
vn -0.57198143 0.469413012 -0.672672808
vn -0.57198143 0.469413012 -0.672672808
vn -0.523216665 0.523216665 -0.672672808
vn -0.57198143 0.469413012 -0.672672808
vn -0.615237713 0.411088675 -0.672672808
vn -0.615237713 0.411088675 -0.672672808
vn -0.57198143 0.469413012 -0.672672808
vn -0.615237713 0.411088675 -0.672672808
vn -0.652568877 0.348805338 -0.672672808
vn -0.652568877 0.348805338 -0.672672808
vn -0.615237713 0.411088675 -0.672672808
vn -0.652568877 0.348805338 -0.672672808
vn -0.683615506 0.283162802 -0.672672808
vn -0.683615506 0.283162802 -0.672672808
vn -0.652568877 0.348805338 -0.672672808
vn -0.683615506 0.283162802 -0.672672808
vn -0.708078504 0.214793265 -0.672672808
vn -0.708078504 0.214793265 -0.672672808
vn -0.683615506 0.283162802 -0.672672808
vn -0.708078504 0.214793265 -0.672672808
vn -0.725722313 0.144355148 -0.672672808
vn -0.725722313 0.144355148 -0.672672808
vn -0.708078504 0.214793265 -0.672672808
vn -0.725722313 0.144355148 -0.672672808
vn -0.73637706 0.0725268126 -0.672672808
vn -0.73637706 0.0725268126 -0.672672808
vn -0.725722313 0.144355148 -0.672672808
vn -0.73637706 0.0725268126 -0.672672808
vn -0.739940047 9.06165244e-17 -0.672672808
vn -0.739940047 9.06165244e-17 -0.672672808
vn -0.73637706 0.0725268126 -0.672672808
vn -0.739940047 9.06165244e-17 -0.672672808
vn -0.73637706 -0.0725268126 -0.672672808
vn -0.73637706 -0.0725268126 -0.672672808
vn -0.739940047 9.06165244e-17 -0.672672808
vn -0.73637706 -0.0725268126 -0.672672808
vn -0.725722313 -0.144355148 -0.672672808
vn -0.725722313 -0.144355148 -0.672672808
vn -0.73637706 -0.0725268126 -0.672672808
vn -0.725722313 -0.144355148 -0.672672808
vn -0.708078504 -0.214793265 -0.672672808
vn -0.708078504 -0.214793265 -0.672672808
vn -0.725722313 -0.144355148 -0.672672808
vn -0.708078504 -0.214793265 -0.672672808
vn -0.683615506 -0.283162802 -0.672672808
vn -0.683615506 -0.283162802 -0.672672808
vn -0.708078504 -0.214793265 -0.672672808
vn -0.683615506 -0.283162802 -0.672672808
vn -0.652568877 -0.348805338 -0.672672808
vn -0.652568877 -0.348805338 -0.672672808
vn -0.683615506 -0.283162802 -0.672672808
vn -0.652568877 -0.348805338 -0.672672808
vn -0.615237713 -0.411088675 -0.672672808
vn -0.615237713 -0.411088675 -0.672672808
vn -0.652568877 -0.348805338 -0.672672808
vn -0.615237713 -0.411088675 -0.672672808
vn -0.57198143 -0.469413012 -0.672672808
vn -0.57198143 -0.469413012 -0.672672808
vn -0.615237713 -0.411088675 -0.672672808
vn -0.57198143 -0.469413012 -0.672672808
vn -0.523216665 -0.523216665 -0.672672808
vn -0.523216665 -0.523216665 -0.672672808
vn -0.57198143 -0.469413012 -0.672672808
vn -0.523216665 -0.523216665 -0.672672808
vn -0.469413012 -0.57198143 -0.672672808
vn -0.469413012 -0.57198143 -0.672672808
vn -0.523216665 -0.523216665 -0.672672808
vn -0.469413012 -0.57198143 -0.672672808
vn -0.411088675 -0.615237713 -0.672672808
vn -0.411088675 -0.615237713 -0.672672808
vn -0.469413012 -0.57198143 -0.672672808
vn -0.411088675 -0.615237713 -0.672672808
vn -0.348805338 -0.652568877 -0.672672808
vn -0.348805338 -0.652568877 -0.672672808
vn -0.411088675 -0.615237713 -0.672672808
vn -0.348805338 -0.652568877 -0.672672808
vn -0.283162802 -0.683615506 -0.672672808
vn -0.283162802 -0.683615506 -0.672672808
vn -0.348805338 -0.652568877 -0.672672808
vn -0.283162802 -0.683615506 -0.672672808
vn -0.214793265 -0.708078504 -0.672672808
vn -0.214793265 -0.708078504 -0.672672808
vn -0.283162802 -0.683615506 -0.672672808
vn -0.214793265 -0.708078504 -0.672672808
vn -0.144355148 -0.725722313 -0.672672808
vn -0.144355148 -0.725722313 -0.672672808
vn -0.214793265 -0.708078504 -0.672672808
vn -0.144355148 -0.725722313 -0.672672808
vn -0.0725268126 -0.73637706 -0.672672808
vn -0.0725268126 -0.73637706 -0.672672808
vn -0.144355148 -0.725722313 -0.672672808
vn -0.0725268126 -0.73637706 -0.672672808
vn -1.3592478e-16 -0.739940047 -0.672672808
vn -1.3592478e-16 -0.739940047 -0.672672808
vn -0.0725268126 -0.73637706 -0.672672808
vn -1.3592478e-16 -0.739940047 -0.672672808
vn 0.0725268126 -0.73637706 -0.672672808
vn 0.0725268126 -0.73637706 -0.672672808
vn -1.3592478e-16 -0.739940047 -0.672672808
vn 0.0725268126 -0.73637706 -0.672672808
vn 0.144355148 -0.725722313 -0.672672808
vn 0.144355148 -0.725722313 -0.672672808
vn 0.0725268126 -0.73637706 -0.672672808
vn 0.144355148 -0.725722313 -0.672672808
vn 0.214793265 -0.708078504 -0.672672808
vn 0.214793265 -0.708078504 -0.672672808
vn 0.144355148 -0.725722313 -0.672672808
vn 0.214793265 -0.708078504 -0.672672808
vn 0.283162802 -0.683615506 -0.672672808
vn 0.283162802 -0.683615506 -0.672672808
vn 0.214793265 -0.708078504 -0.672672808
vn 0.283162802 -0.683615506 -0.672672808
vn 0.348805338 -0.652568877 -0.672672808
vn 0.348805338 -0.652568877 -0.672672808
vn 0.283162802 -0.683615506 -0.672672808
vn 0.348805338 -0.652568877 -0.672672808
vn 0.411088675 -0.615237713 -0.672672808
vn 0.411088675 -0.615237713 -0.672672808
vn 0.348805338 -0.652568877 -0.672672808
vn 0.411088675 -0.615237713 -0.672672808
vn 0.469413012 -0.57198143 -0.672672808
vn 0.469413012 -0.57198143 -0.672672808
vn 0.411088675 -0.615237713 -0.672672808
vn 0.469413012 -0.57198143 -0.672672808
vn 0.523216665 -0.523216665 -0.672672808
vn 0.523216665 -0.523216665 -0.672672808
vn 0.469413012 -0.57198143 -0.672672808
vn 0.523216665 -0.523216665 -0.672672808
vn 0.57198143 -0.469413012 -0.672672808
vn 0.57198143 -0.469413012 -0.672672808
vn 0.523216665 -0.523216665 -0.672672808
vn 0.57198143 -0.469413012 -0.672672808
vn 0.615237713 -0.411088675 -0.672672808
vn 0.615237713 -0.411088675 -0.672672808
vn 0.57198143 -0.469413012 -0.672672808
vn 0.615237713 -0.411088675 -0.672672808
vn 0.652568877 -0.348805338 -0.672672808
vn 0.652568877 -0.348805338 -0.672672808
vn 0.615237713 -0.411088675 -0.672672808
vn 0.652568877 -0.348805338 -0.672672808
vn 0.683615506 -0.283162802 -0.672672808
vn 0.683615506 -0.283162802 -0.672672808
vn 0.652568877 -0.348805338 -0.672672808
vn 0.683615506 -0.283162802 -0.672672808
vn 0.708078504 -0.214793265 -0.672672808
vn 0.708078504 -0.214793265 -0.672672808
vn 0.683615506 -0.283162802 -0.672672808
vn 0.708078504 -0.214793265 -0.672672808
vn 0.725722313 -0.144355148 -0.672672808
vn 0.725722313 -0.144355148 -0.672672808
vn 0.708078504 -0.214793265 -0.672672808
vn 0.725722313 -0.144355148 -0.672672808
vn 0.73637706 -0.0725268126 -0.672672808
vn 0.73637706 -0.0725268126 -0.672672808
vn 0.725722313 -0.144355148 -0.672672808
vn 0.73637706 -0.0725268126 -0.672672808
vn 0.739940047 -1.81233049e-16 -0.672672808
vn 0.739940047 -1.81233049e-16 -0.672672808
vn 0.73637706 -0.0725268126 -0.672672808
vn 1 0 0
vn 0.99518472 0.0980171412 0
vn 0.99518472 0.0980171412 0
vn 1 0 0
vn 0.99518472 0.0980171412 0
vn 0.980785251 0.195090324 0
vn 0.980785251 0.195090324 0
vn 0.99518472 0.0980171412 0
vn 0.980785251 0.195090324 0
vn 0.956940353 0.290284663 0
vn 0.956940353 0.290284663 0
vn 0.980785251 0.195090324 0
vn 0.956940353 0.290284663 0
vn 0.923879504 0.382683426 0
vn 0.923879504 0.382683426 0
vn 0.956940353 0.290284663 0
vn 0.923879504 0.382683426 0
vn 0.881921291 0.471396744 0
vn 0.881921291 0.471396744 0
vn 0.923879504 0.382683426 0
vn 0.881921291 0.471396744 0
vn 0.831469595 0.555570245 0
vn 0.831469595 0.555570245 0
vn 0.881921291 0.471396744 0
vn 0.831469595 0.555570245 0
vn 0.773010433 0.634393275 0
vn 0.773010433 0.634393275 0
vn 0.831469595 0.555570245 0
vn 0.773010433 0.634393275 0
vn 0.707106769 0.707106769 0
vn 0.707106769 0.707106769 0
vn 0.773010433 0.634393275 0
vn 0.707106769 0.707106769 0
vn 0.634393275 0.773010433 0
vn 0.634393275 0.773010433 0
vn 0.707106769 0.707106769 0
vn 0.634393275 0.773010433 0
vn 0.555570245 0.831469595 0
vn 0.555570245 0.831469595 0
vn 0.634393275 0.773010433 0
vn 0.555570245 0.831469595 0
vn 0.471396744 0.881921291 0
vn 0.471396744 0.881921291 0
vn 0.555570245 0.831469595 0
vn 0.471396744 0.881921291 0
vn 0.382683426 0.923879504 0
vn 0.382683426 0.923879504 0
vn 0.471396744 0.881921291 0
vn 0.382683426 0.923879504 0
vn 0.290284663 0.956940353 0
vn 0.290284663 0.956940353 0
vn 0.382683426 0.923879504 0
vn 0.290284663 0.956940353 0
vn 0.195090324 0.980785251 0
vn 0.195090324 0.980785251 0
vn 0.290284663 0.956940353 0
vn 0.195090324 0.980785251 0
vn 0.0980171412 0.99518472 0
vn 0.0980171412 0.99518472 0
vn 0.195090324 0.980785251 0
vn 0.0980171412 0.99518472 0
vn 6.12323426e-17 1 0
vn 6.12323426e-17 1 0
vn 0.0980171412 0.99518472 0
vn 6.12323426e-17 1 0
vn -0.0980171412 0.99518472 0
vn -0.0980171412 0.99518472 0
vn 6.12323426e-17 1 0
vn -0.0980171412 0.99518472 0
vn -0.195090324 0.980785251 0
vn -0.195090324 0.980785251 0
vn -0.0980171412 0.99518472 0
vn -0.195090324 0.980785251 0
vn -0.290284663 0.956940353 0
vn -0.290284663 0.956940353 0
vn -0.195090324 0.980785251 0
vn -0.290284663 0.956940353 0
vn -0.382683426 0.923879504 0
vn -0.382683426 0.923879504 0
vn -0.290284663 0.956940353 0
vn -0.382683426 0.923879504 0
vn -0.471396744 0.881921291 0
vn -0.471396744 0.881921291 0
vn -0.382683426 0.923879504 0
vn -0.471396744 0.881921291 0
vn -0.555570245 0.831469595 0
vn -0.555570245 0.831469595 0
vn -0.471396744 0.881921291 0
vn -0.555570245 0.831469595 0
vn -0.634393275 0.773010433 0
vn -0.634393275 0.773010433 0
vn -0.555570245 0.831469595 0
vn -0.634393275 0.773010433 0
vn -0.707106769 0.707106769 0
vn -0.707106769 0.707106769 0
vn -0.634393275 0.773010433 0
vn -0.707106769 0.707106769 0
vn -0.773010433 0.634393275 0
vn -0.773010433 0.634393275 0
vn -0.707106769 0.707106769 0
vn -0.773010433 0.634393275 0
vn -0.831469595 0.555570245 0
vn -0.831469595 0.555570245 0
vn -0.773010433 0.634393275 0
vn -0.831469595 0.555570245 0
vn -0.881921291 0.471396744 0
vn -0.881921291 0.471396744 0
vn -0.831469595 0.555570245 0
vn -0.881921291 0.471396744 0
vn -0.923879504 0.382683426 0
vn -0.923879504 0.382683426 0
vn -0.881921291 0.471396744 0
vn -0.923879504 0.382683426 0
vn -0.956940353 0.290284663 0
vn -0.956940353 0.290284663 0
vn -0.923879504 0.382683426 0
vn -0.956940353 0.290284663 0
vn -0.980785251 0.195090324 0
vn -0.980785251 0.195090324 0
vn -0.956940353 0.290284663 0
vn -0.980785251 0.195090324 0
vn -0.99518472 0.0980171412 0
vn -0.99518472 0.0980171412 0
vn -0.980785251 0.195090324 0
vn -0.99518472 0.0980171412 0
vn -1 1.22464685e-16 0
vn -1 1.22464685e-16 0
vn -0.99518472 0.0980171412 0
vn -1 1.22464685e-16 0
vn -0.99518472 -0.0980171412 0
vn -0.99518472 -0.0980171412 0
vn -1 1.22464685e-16 0
vn -0.99518472 -0.0980171412 0
vn -0.980785251 -0.195090324 0
vn -0.980785251 -0.195090324 0
vn -0.99518472 -0.0980171412 0
vn -0.980785251 -0.195090324 0
vn -0.956940353 -0.290284663 0
vn -0.956940353 -0.290284663 0
vn -0.980785251 -0.195090324 0
vn -0.956940353 -0.290284663 0
vn -0.923879504 -0.382683426 0
vn -0.923879504 -0.382683426 0
vn -0.956940353 -0.290284663 0
vn -0.923879504 -0.382683426 0
vn -0.881921291 -0.471396744 0
vn -0.881921291 -0.471396744 0
vn -0.923879504 -0.382683426 0
vn -0.881921291 -0.471396744 0
vn -0.831469595 -0.555570245 0
vn -0.831469595 -0.555570245 0
vn -0.881921291 -0.471396744 0
vn -0.831469595 -0.555570245 0
vn -0.773010433 -0.634393275 0
vn -0.773010433 -0.634393275 0
vn -0.831469595 -0.555570245 0
vn -0.773010433 -0.634393275 0
vn -0.707106769 -0.707106769 0
vn -0.707106769 -0.707106769 0
vn -0.773010433 -0.634393275 0
vn -0.707106769 -0.707106769 0
vn -0.634393275 -0.773010433 0
vn -0.634393275 -0.773010433 0
vn -0.707106769 -0.707106769 0
vn -0.634393275 -0.773010433 0
vn -0.555570245 -0.831469595 0
vn -0.555570245 -0.831469595 0
vn -0.634393275 -0.773010433 0
vn -0.555570245 -0.831469595 0
vn -0.471396744 -0.881921291 0
vn -0.471396744 -0.881921291 0
vn -0.555570245 -0.831469595 0
vn -0.471396744 -0.881921291 0
vn -0.382683426 -0.923879504 0
vn -0.382683426 -0.923879504 0
vn -0.471396744 -0.881921291 0
vn -0.382683426 -0.923879504 0
vn -0.290284663 -0.956940353 0
vn -0.290284663 -0.956940353 0
vn -0.382683426 -0.923879504 0
vn -0.290284663 -0.956940353 0
vn -0.195090324 -0.980785251 0
vn -0.195090324 -0.980785251 0
vn -0.290284663 -0.956940353 0
vn -0.195090324 -0.980785251 0
vn -0.0980171412 -0.99518472 0
vn -0.0980171412 -0.99518472 0
vn -0.195090324 -0.980785251 0
vn -0.0980171412 -0.99518472 0
vn -1.83697015e-16 -1 0
vn -1.83697015e-16 -1 0
vn -0.0980171412 -0.99518472 0
vn -1.83697015e-16 -1 0
vn 0.0980171412 -0.99518472 0
vn 0.0980171412 -0.99518472 0
vn -1.83697015e-16 -1 0
vn 0.0980171412 -0.99518472 0
vn 0.195090324 -0.980785251 0
vn 0.195090324 -0.980785251 0
vn 0.0980171412 -0.99518472 0
vn 0.195090324 -0.980785251 0
vn 0.290284663 -0.956940353 0
vn 0.290284663 -0.956940353 0
vn 0.195090324 -0.980785251 0
vn 0.290284663 -0.956940353 0
vn 0.382683426 -0.923879504 0
vn 0.382683426 -0.923879504 0
vn 0.290284663 -0.956940353 0
vn 0.382683426 -0.923879504 0
vn 0.471396744 -0.881921291 0
vn 0.471396744 -0.881921291 0
vn 0.382683426 -0.923879504 0
vn 0.471396744 -0.881921291 0
vn 0.555570245 -0.831469595 0
vn 0.555570245 -0.831469595 0
vn 0.471396744 -0.881921291 0
vn 0.555570245 -0.831469595 0
vn 0.634393275 -0.773010433 0
vn 0.634393275 -0.773010433 0
vn 0.555570245 -0.831469595 0
vn 0.634393275 -0.773010433 0
vn 0.707106769 -0.707106769 0
vn 0.707106769 -0.707106769 0
vn 0.634393275 -0.773010433 0
vn 0.707106769 -0.707106769 0
vn 0.773010433 -0.634393275 0
vn 0.773010433 -0.634393275 0
vn 0.707106769 -0.707106769 0
vn 0.773010433 -0.634393275 0
vn 0.831469595 -0.555570245 0
vn 0.831469595 -0.555570245 0
vn 0.773010433 -0.634393275 0
vn 0.831469595 -0.555570245 0
vn 0.881921291 -0.471396744 0
vn 0.881921291 -0.471396744 0
vn 0.831469595 -0.555570245 0
vn 0.881921291 -0.471396744 0
vn 0.923879504 -0.382683426 0
vn 0.923879504 -0.382683426 0
vn 0.881921291 -0.471396744 0
vn 0.923879504 -0.382683426 0
vn 0.956940353 -0.290284663 0
vn 0.956940353 -0.290284663 0
vn 0.923879504 -0.382683426 0
vn 0.956940353 -0.290284663 0
vn 0.980785251 -0.195090324 0
vn 0.980785251 -0.195090324 0
vn 0.956940353 -0.290284663 0
vn 0.980785251 -0.195090324 0
vn 0.99518472 -0.0980171412 0
vn 0.99518472 -0.0980171412 0
vn 0.980785251 -0.195090324 0
vn 0.99518472 -0.0980171412 0
vn 1 -2.44929371e-16 0
vn 1 -2.44929371e-16 0
vn 0.99518472 -0.0980171412 0
vn 0.739940047 0 0.672672808
vn 0.73637706 0.0725268126 0.672672808
vn 0.73637706 0.0725268126 0.672672808
vn 0.739940047 0 0.672672808
vn 0.73637706 0.0725268126 0.672672808
vn 0.725722313 0.144355148 0.672672808
vn 0.725722313 0.144355148 0.672672808
vn 0.73637706 0.0725268126 0.672672808
vn 0.725722313 0.144355148 0.672672808
vn 0.708078504 0.214793265 0.672672808
vn 0.708078504 0.214793265 0.672672808
vn 0.725722313 0.144355148 0.672672808
vn 0.708078504 0.214793265 0.672672808
vn 0.683615506 0.283162802 0.672672808
vn 0.683615506 0.283162802 0.672672808
vn 0.708078504 0.214793265 0.672672808
vn 0.683615506 0.283162802 0.672672808
vn 0.652568877 0.348805338 0.672672808
vn 0.652568877 0.348805338 0.672672808
vn 0.683615506 0.283162802 0.672672808
vn 0.652568877 0.348805338 0.672672808
vn 0.615237713 0.411088675 0.672672808
vn 0.615237713 0.411088675 0.672672808
vn 0.652568877 0.348805338 0.672672808
vn 0.615237713 0.411088675 0.672672808
vn 0.57198143 0.469413012 0.672672808
vn 0.57198143 0.469413012 0.672672808
vn 0.615237713 0.411088675 0.672672808
vn 0.57198143 0.469413012 0.672672808
vn 0.523216665 0.523216665 0.672672808
vn 0.523216665 0.523216665 0.672672808
vn 0.57198143 0.469413012 0.672672808
vn 0.523216665 0.523216665 0.672672808
vn 0.469413012 0.57198143 0.672672808
vn 0.469413012 0.57198143 0.672672808
vn 0.523216665 0.523216665 0.672672808
vn 0.469413012 0.57198143 0.672672808
vn 0.411088675 0.615237713 0.672672808
vn 0.411088675 0.615237713 0.672672808
vn 0.469413012 0.57198143 0.672672808
vn 0.411088675 0.615237713 0.672672808
vn 0.348805338 0.652568877 0.672672808
vn 0.348805338 0.652568877 0.672672808
vn 0.411088675 0.615237713 0.672672808
vn 0.348805338 0.652568877 0.672672808
vn 0.283162802 0.683615506 0.672672808
vn 0.283162802 0.683615506 0.672672808
vn 0.348805338 0.652568877 0.672672808
vn 0.283162802 0.683615506 0.672672808
vn 0.214793265 0.708078504 0.672672808
vn 0.214793265 0.708078504 0.672672808
vn 0.283162802 0.683615506 0.672672808
vn 0.214793265 0.708078504 0.672672808
vn 0.144355148 0.725722313 0.672672808
vn 0.144355148 0.725722313 0.672672808
vn 0.214793265 0.708078504 0.672672808
vn 0.144355148 0.725722313 0.672672808
vn 0.0725268126 0.73637706 0.672672808
vn 0.0725268126 0.73637706 0.672672808
vn 0.144355148 0.725722313 0.672672808
vn 0.0725268126 0.73637706 0.672672808
vn 4.53082622e-17 0.739940047 0.672672808
vn 4.53082622e-17 0.739940047 0.672672808
vn 0.0725268126 0.73637706 0.672672808
vn 4.53082622e-17 0.739940047 0.672672808
vn -0.0725268126 0.73637706 0.672672808
vn -0.0725268126 0.73637706 0.672672808
vn 4.53082622e-17 0.739940047 0.672672808
vn -0.0725268126 0.73637706 0.672672808
vn -0.144355148 0.725722313 0.672672808
vn -0.144355148 0.725722313 0.672672808
vn -0.0725268126 0.73637706 0.672672808
vn -0.144355148 0.725722313 0.672672808
vn -0.214793265 0.708078504 0.672672808
vn -0.214793265 0.708078504 0.672672808
vn -0.144355148 0.725722313 0.672672808
vn -0.214793265 0.708078504 0.672672808
vn -0.283162802 0.683615506 0.672672808
vn -0.283162802 0.683615506 0.672672808
vn -0.214793265 0.708078504 0.672672808
vn -0.283162802 0.683615506 0.672672808
vn -0.348805338 0.652568877 0.672672808
vn -0.348805338 0.652568877 0.672672808
vn -0.283162802 0.683615506 0.672672808
vn -0.348805338 0.652568877 0.672672808
vn -0.411088675 0.615237713 0.672672808
vn -0.411088675 0.615237713 0.672672808
vn -0.348805338 0.652568877 0.672672808
vn -0.411088675 0.615237713 0.672672808
vn -0.469413012 0.57198143 0.672672808
vn -0.469413012 0.57198143 0.672672808
vn -0.411088675 0.615237713 0.672672808
vn -0.469413012 0.57198143 0.672672808
vn -0.523216665 0.523216665 0.672672808
vn -0.523216665 0.523216665 0.672672808
vn -0.469413012 0.57198143 0.672672808
vn -0.523216665 0.523216665 0.672672808
vn -0.57198143 0.469413012 0.672672808
vn -0.57198143 0.469413012 0.672672808
vn -0.523216665 0.523216665 0.672672808
vn -0.57198143 0.469413012 0.672672808
vn -0.615237713 0.411088675 0.672672808
vn -0.615237713 0.411088675 0.672672808
vn -0.57198143 0.469413012 0.672672808
vn -0.615237713 0.411088675 0.672672808
vn -0.652568877 0.348805338 0.672672808
vn -0.652568877 0.348805338 0.672672808
vn -0.615237713 0.411088675 0.672672808
vn -0.652568877 0.348805338 0.672672808
vn -0.683615506 0.283162802 0.672672808
vn -0.683615506 0.283162802 0.672672808
vn -0.652568877 0.348805338 0.672672808
vn -0.683615506 0.283162802 0.672672808
vn -0.708078504 0.214793265 0.672672808
vn -0.708078504 0.214793265 0.672672808
vn -0.683615506 0.283162802 0.672672808
vn -0.708078504 0.214793265 0.672672808
vn -0.725722313 0.144355148 0.672672808
vn -0.725722313 0.144355148 0.672672808
vn -0.708078504 0.214793265 0.672672808
vn -0.725722313 0.144355148 0.672672808
vn -0.73637706 0.0725268126 0.672672808
vn -0.73637706 0.0725268126 0.672672808
vn -0.725722313 0.144355148 0.672672808
vn -0.73637706 0.0725268126 0.672672808
vn -0.739940047 9.06165244e-17 0.672672808
vn -0.739940047 9.06165244e-17 0.672672808
vn -0.73637706 0.0725268126 0.672672808
vn -0.739940047 9.06165244e-17 0.672672808
vn -0.73637706 -0.0725268126 0.672672808
vn -0.73637706 -0.0725268126 0.672672808
vn -0.739940047 9.06165244e-17 0.672672808
vn -0.73637706 -0.0725268126 0.672672808
vn -0.725722313 -0.144355148 0.672672808
vn -0.725722313 -0.144355148 0.672672808
vn -0.73637706 -0.0725268126 0.672672808
vn -0.725722313 -0.144355148 0.672672808
vn -0.708078504 -0.214793265 0.672672808
vn -0.708078504 -0.214793265 0.672672808
vn -0.725722313 -0.144355148 0.672672808
vn -0.708078504 -0.214793265 0.672672808
vn -0.683615506 -0.283162802 0.672672808
vn -0.683615506 -0.283162802 0.672672808
vn -0.708078504 -0.214793265 0.672672808
vn -0.683615506 -0.283162802 0.672672808
vn -0.652568877 -0.348805338 0.672672808
vn -0.652568877 -0.348805338 0.672672808
vn -0.683615506 -0.283162802 0.672672808
vn -0.652568877 -0.348805338 0.672672808
vn -0.615237713 -0.411088675 0.672672808
vn -0.615237713 -0.411088675 0.672672808
vn -0.652568877 -0.348805338 0.672672808
vn -0.615237713 -0.411088675 0.672672808
vn -0.57198143 -0.469413012 0.672672808
vn -0.57198143 -0.469413012 0.672672808
vn -0.615237713 -0.411088675 0.672672808
vn -0.57198143 -0.469413012 0.672672808
vn -0.523216665 -0.523216665 0.672672808
vn -0.523216665 -0.523216665 0.672672808
vn -0.57198143 -0.469413012 0.672672808
vn -0.523216665 -0.523216665 0.672672808
vn -0.469413012 -0.57198143 0.672672808
vn -0.469413012 -0.57198143 0.672672808
vn -0.523216665 -0.523216665 0.672672808
vn -0.469413012 -0.57198143 0.672672808
vn -0.411088675 -0.615237713 0.672672808
vn -0.411088675 -0.615237713 0.672672808
vn -0.469413012 -0.57198143 0.672672808
vn -0.411088675 -0.615237713 0.672672808
vn -0.348805338 -0.652568877 0.672672808
vn -0.348805338 -0.652568877 0.672672808
vn -0.411088675 -0.615237713 0.672672808
vn -0.348805338 -0.652568877 0.672672808
vn -0.283162802 -0.683615506 0.672672808
vn -0.283162802 -0.683615506 0.672672808
vn -0.348805338 -0.652568877 0.672672808
vn -0.283162802 -0.683615506 0.672672808
vn -0.214793265 -0.708078504 0.672672808
vn -0.214793265 -0.708078504 0.672672808
vn -0.283162802 -0.683615506 0.672672808
vn -0.214793265 -0.708078504 0.672672808
vn -0.144355148 -0.725722313 0.672672808
vn -0.144355148 -0.725722313 0.672672808
vn -0.214793265 -0.708078504 0.672672808
vn -0.144355148 -0.725722313 0.672672808
vn -0.0725268126 -0.73637706 0.672672808
vn -0.0725268126 -0.73637706 0.672672808
vn -0.144355148 -0.725722313 0.672672808
vn -0.0725268126 -0.73637706 0.672672808
vn -1.3592478e-16 -0.739940047 0.672672808
vn -1.3592478e-16 -0.739940047 0.672672808
vn -0.0725268126 -0.73637706 0.672672808
vn -1.3592478e-16 -0.739940047 0.672672808
vn 0.0725268126 -0.73637706 0.672672808
vn 0.0725268126 -0.73637706 0.672672808
vn -1.3592478e-16 -0.739940047 0.672672808
vn 0.0725268126 -0.73637706 0.672672808
vn 0.144355148 -0.725722313 0.672672808
vn 0.144355148 -0.725722313 0.672672808
vn 0.0725268126 -0.73637706 0.672672808
vn 0.144355148 -0.725722313 0.672672808
vn 0.214793265 -0.708078504 0.672672808
vn 0.214793265 -0.708078504 0.672672808
vn 0.144355148 -0.725722313 0.672672808
vn 0.214793265 -0.708078504 0.672672808
vn 0.283162802 -0.683615506 0.672672808
vn 0.283162802 -0.683615506 0.672672808
vn 0.214793265 -0.708078504 0.672672808
vn 0.283162802 -0.683615506 0.672672808
vn 0.348805338 -0.652568877 0.672672808
vn 0.348805338 -0.652568877 0.672672808
vn 0.283162802 -0.683615506 0.672672808
vn 0.348805338 -0.652568877 0.672672808
vn 0.411088675 -0.615237713 0.672672808
vn 0.411088675 -0.615237713 0.672672808
vn 0.348805338 -0.652568877 0.672672808
vn 0.411088675 -0.615237713 0.672672808
vn 0.469413012 -0.57198143 0.672672808
vn 0.469413012 -0.57198143 0.672672808
vn 0.411088675 -0.615237713 0.672672808
vn 0.469413012 -0.57198143 0.672672808
vn 0.523216665 -0.523216665 0.672672808
vn 0.523216665 -0.523216665 0.672672808
vn 0.469413012 -0.57198143 0.672672808
vn 0.523216665 -0.523216665 0.672672808
vn 0.57198143 -0.469413012 0.672672808
vn 0.57198143 -0.469413012 0.672672808
vn 0.523216665 -0.523216665 0.672672808
vn 0.57198143 -0.469413012 0.672672808
vn 0.615237713 -0.411088675 0.672672808
vn 0.615237713 -0.411088675 0.672672808
vn 0.57198143 -0.469413012 0.672672808
vn 0.615237713 -0.411088675 0.672672808
vn 0.652568877 -0.348805338 0.672672808
vn 0.652568877 -0.348805338 0.672672808
vn 0.615237713 -0.411088675 0.672672808
vn 0.652568877 -0.348805338 0.672672808
vn 0.683615506 -0.283162802 0.672672808
vn 0.683615506 -0.283162802 0.672672808
vn 0.652568877 -0.348805338 0.672672808
vn 0.683615506 -0.283162802 0.672672808
vn 0.708078504 -0.214793265 0.672672808
vn 0.708078504 -0.214793265 0.672672808
vn 0.683615506 -0.283162802 0.672672808
vn 0.708078504 -0.214793265 0.672672808
vn 0.725722313 -0.144355148 0.672672808
vn 0.725722313 -0.144355148 0.672672808
vn 0.708078504 -0.214793265 0.672672808
vn 0.725722313 -0.144355148 0.672672808
vn 0.73637706 -0.0725268126 0.672672808
vn 0.73637706 -0.0725268126 0.672672808
vn 0.725722313 -0.144355148 0.672672808
vn 0.73637706 -0.0725268126 0.672672808
vn 0.739940047 -1.81233049e-16 0.672672808
vn 0.739940047 -1.81233049e-16 0.672672808
vn 0.73637706 -0.0725268126 0.672672808
vn 0 0 1
vn 0 0 1
vn 0 0 1
vn 0 0 1
vn 0 0 1
vn 0 0 1
vn 0 0 1
vn 0 0 1
vn 0 0 1
vn 0 0 1
vn 0 0 1
vn 0 0 1
vn 0 0 1
vn 0 0 1
vn 0 0 1
vn 0 0 1
vn 0 0 1
vn 0 0 1
vn 0 0 1
vn 0 0 1
vn 0 0 1
vn 0 0 1
vn 0 0 1
vn 0 0 1
vn 0 0 1
vn 0 0 1
vn 0 0 1
vn 0 0 1
vn 0 0 1
vn 0 0 1
vn 0 0 1
vn 0 0 1
vn 0 0 1
vn 0 0 1
vn 0 0 1
vn 0 0 1
vn 0 0 1
vn 0 0 1
vn 0 0 1
vn 0 0 1
vn 0 0 1
vn 0 0 1
vn 0 0 1
vn 0 0 1
vn 0 0 1
vn 0 0 1
vn 0 0 1
vn 0 0 1
vn 0 0 1
vn 0 0 1
vn 0 0 1
vn 0 0 1
vn 0 0 1
vn 0 0 1
vn 0 0 1
vn 0 0 1
vn 0 0 1
vn 0 0 1
vn 0 0 1
vn 0 0 1
vn 0 0 1
vn 0 0 1
vn 0 0 1
vn 0 0 1
vn 0 0 1
vn -0 0 1
vn -0 0 1
vn 0 0 1
vn -0 0 1
vn -0 0 1
vn -0 0 1
vn -0 0 1
vn -0 0 1
vn -0 0 1
vn -0 0 1
vn -0 0 1
vn -0 0 1
vn -0 0 1
vn -0 0 1
vn -0 0 1
vn -0 0 1
vn -0 0 1
vn -0 0 1
vn -0 0 1
vn -0 0 1
vn -0 0 1
vn -0 0 1
vn -0 0 1
vn -0 0 1
vn -0 0 1
vn -0 0 1
vn -0 0 1
vn -0 0 1
vn -0 0 1
vn -0 0 1
vn -0 0 1
vn -0 0 1
vn -0 0 1
vn -0 0 1
vn -0 0 1
vn -0 0 1
vn -0 0 1
vn -0 0 1
vn -0 0 1
vn -0 0 1
vn -0 0 1
vn -0 0 1
vn -0 0 1
vn -0 0 1
vn -0 0 1
vn -0 0 1
vn -0 0 1
vn -0 0 1
vn -0 0 1
vn -0 0 1
vn -0 0 1
vn -0 0 1
vn -0 0 1
vn -0 0 1
vn -0 0 1
vn -0 0 1
vn -0 0 1
vn -0 0 1
vn -0 0 1
vn -0 0 1
vn -0 0 1
vn -0 0 1
vn -0 0 1
vn -0 0 1
vn -0 -0 1
vn -0 -0 1
vn -0 0 1
vn -0 -0 1
vn -0 -0 1
vn -0 -0 1
vn -0 -0 1
vn -0 -0 1
vn -0 -0 1
vn -0 -0 1
vn -0 -0 1
vn -0 -0 1
vn -0 -0 1
vn -0 -0 1
vn -0 -0 1
vn -0 -0 1
vn -0 -0 1
vn -0 -0 1
vn -0 -0 1
vn -0 -0 1
vn -0 -0 1
vn -0 -0 1
vn -0 -0 1
vn -0 -0 1
vn -0 -0 1
vn -0 -0 1
vn -0 -0 1
vn -0 -0 1
vn -0 -0 1
vn -0 -0 1
vn -0 -0 1
vn -0 -0 1
vn -0 -0 1
vn -0 -0 1
vn -0 -0 1
vn -0 -0 1
vn -0 -0 1
vn -0 -0 1
vn -0 -0 1
vn -0 -0 1
vn -0 -0 1
vn -0 -0 1
vn -0 -0 1
vn -0 -0 1
vn -0 -0 1
vn -0 -0 1
vn -0 -0 1
vn -0 -0 1
vn -0 -0 1
vn -0 -0 1
vn -0 -0 1
vn -0 -0 1
vn -0 -0 1
vn -0 -0 1
vn -0 -0 1
vn -0 -0 1
vn -0 -0 1
vn -0 -0 1
vn -0 -0 1
vn -0 -0 1
vn -0 -0 1
vn -0 -0 1
vn -0 -0 1
vn -0 -0 1
vn 0 -0 1
vn 0 -0 1
vn -0 -0 1
vn 0 -0 1
vn 0 -0 1
vn 0 -0 1
vn 0 -0 1
vn 0 -0 1
vn 0 -0 1
vn 0 -0 1
vn 0 -0 1
vn 0 -0 1
vn 0 -0 1
vn 0 -0 1
vn 0 -0 1
vn 0 -0 1
vn 0 -0 1
vn 0 -0 1
vn 0 -0 1
vn 0 -0 1
vn 0 -0 1
vn 0 -0 1
vn 0 -0 1
vn 0 -0 1
vn 0 -0 1
vn 0 -0 1
vn 0 -0 1
vn 0 -0 1
vn 0 -0 1
vn 0 -0 1
vn 0 -0 1
vn 0 -0 1
vn 0 -0 1
vn 0 -0 1
vn 0 -0 1
vn 0 -0 1
vn 0 -0 1
vn 0 -0 1
vn 0 -0 1
vn 0 -0 1
vn 0 -0 1
vn 0 -0 1
vn 0 -0 1
vn 0 -0 1
vn 0 -0 1
vn 0 -0 1
vn 0 -0 1
vn 0 -0 1
vn 0 -0 1
vn 0 -0 1
vn 0 -0 1
vn 0 -0 1
vn 0 -0 1
vn 0 -0 1
vn 0 -0 1
vn 0 -0 1
vn 0 -0 1
vn 0 -0 1
vn 0 -0 1
vn 0 -0 1
vn 0 -0 1
vn 0 -0 1
vn 0 -0 1
vn 0 0 1
vn 0 0 1
vn 0 0 1
vn 0 0 1
vn 0 0 1
vn 0 0 1
vn 0 0 1
vn 0 0 1
vn 0 0 1
vn 0 0 1
vn 0 0 1
vn 0 0 1
vn 0 0 1
vn 0 0 1
vn 0 0 1
vn 0 0 1
vn 0 0 1
vn 0 0 1
vn 0 0 1
vn 0 0 1
vn 0 0 1
vn 0 0 1
vn 0 0 1
vn 0 0 1
vn 0 0 1
vn 0 0 1
vn 0 0 1
vn 0 0 1
vn 0 0 1
vn 0 0 1
vn 0 0 1
vn 0 0 1
vn 0 0 1
vn 0 0 1
vn 0 0 1
vn 0 0 1
vn 0 0 1
vn 0 0 1
vn 0 0 1
vn 0 0 1
vn 0 0 1
vn 0 0 1
vn 0 0 1
vn 0 0 1
vn 0 0 1
vn 0 0 1
vn 0 0 1
vn 0 0 1
vn -0 0 1
vn -0 0 1
vn 0 0 1
vn -0 0 1
vn -0 0 1
vn -0 0 1
vn -0 0 1
vn -0 0 1
vn -0 0 1
vn -0 0 1
vn -0 0 1
vn -0 0 1
vn -0 0 1
vn -0 0 1
vn -0 0 1
vn -0 0 1
vn -0 0 1
vn -0 0 1
vn -0 0 1
vn -0 0 1
vn -0 0 1
vn -0 0 1
vn -0 0 1
vn -0 0 1
vn -0 0 1
vn -0 0 1
vn -0 0 1
vn -0 0 1
vn -0 0 1
vn -0 0 1
vn -0 0 1
vn -0 0 1
vn -0 0 1
vn -0 0 1
vn -0 0 1
vn -0 0 1
vn -0 0 1
vn -0 0 1
vn -0 0 1
vn -0 0 1
vn -0 0 1
vn -0 0 1
vn -0 0 1
vn -0 0 1
vn -0 0 1
vn -0 0 1
vn -0 0 1
vn -0 0 1
vn -0 -0 1
vn -0 -0 1
vn -0 0 1
vn -0 -0 1
vn -0 -0 1
vn -0 -0 1
vn -0 -0 1
vn -0 -0 1
vn -0 -0 1
vn -0 -0 1
vn -0 -0 1
vn -0 -0 1
vn -0 -0 1
vn -0 -0 1
vn -0 -0 1
vn -0 -0 1
vn -0 -0 1
vn -0 -0 1
vn -0 -0 1
vn -0 -0 1
vn -0 -0 1
vn -0 -0 1
vn -0 -0 1
vn -0 -0 1
vn -0 -0 1
vn -0 -0 1
vn -0 -0 1
vn -0 -0 1
vn -0 -0 1
vn -0 -0 1
vn -0 -0 1
vn -0 -0 1
vn -0 -0 1
vn -0 -0 1
vn -0 -0 1
vn -0 -0 1
vn -0 -0 1
vn -0 -0 1
vn -0 -0 1
vn -0 -0 1
vn -0 -0 1
vn -0 -0 1
vn -0 -0 1
vn -0 -0 1
vn -0 -0 1
vn -0 -0 1
vn -0 -0 1
vn -0 -0 1
vn 0 -0 1
vn 0 -0 1
vn -0 -0 1
vn 0 -0 1
vn 0 -0 1
vn 0 -0 1
vn 0 -0 1
vn 0 -0 1
vn 0 -0 1
vn 0 -0 1
vn 0 -0 1
vn 0 -0 1
vn 0 -0 1
vn 0 -0 1
vn 0 -0 1
vn 0 -0 1
vn 0 -0 1
vn 0 -0 1
vn 0 -0 1
vn 0 -0 1
vn 0 -0 1
vn 0 -0 1
vn 0 -0 1
vn 0 -0 1
vn 0 -0 1
vn 0 -0 1
vn 0 -0 1
vn 0 -0 1
vn 0 -0 1
vn 0 -0 1
vn 0 -0 1
vn 0 -0 1
vn 0 -0 1
vn 0 -0 1
vn 0 -0 1
vn 0 -0 1
vn 0 -0 1
vn 0 -0 1
vn 0 -0 1
vn 0 -0 1
vn 0 -0 1
vn 0 -0 1
vn 0 -0 1
vn 0 -0 1
vn 0 -0 1
vn 0 -0 1
vn 0 -0 1
vn 0 -0 1
vn -0.654930532 -0 -0.755689085
vn -0.65177685 -0.0641944185 -0.755689085
vn -0.65177685 -0.0641944185 -0.755689085
vn -0.654930532 -0 -0.755689085
vn -0.65177685 -0.0641944185 -0.755689085
vn -0.642346203 -0.127770603 -0.755689085
vn -0.642346203 -0.127770603 -0.755689085
vn -0.65177685 -0.0641944185 -0.755689085
vn -0.642346203 -0.127770603 -0.755689085
vn -0.626729429 -0.190116301 -0.755689085
vn -0.626729429 -0.190116301 -0.755689085
vn -0.642346203 -0.127770603 -0.755689085
vn -0.626729429 -0.190116301 -0.755689085
vn -0.605076909 -0.250631064 -0.755689085
vn -0.605076909 -0.250631064 -0.755689085
vn -0.626729429 -0.190116301 -0.755689085
vn -0.605076909 -0.250631064 -0.755689085
vn -0.577597141 -0.308732122 -0.755689085
vn -0.577597141 -0.308732122 -0.755689085
vn -0.605076909 -0.250631064 -0.755689085
vn -0.577597141 -0.308732122 -0.755689085
vn -0.54455483 -0.363859922 -0.755689085
vn -0.54455483 -0.363859922 -0.755689085
vn -0.577597141 -0.308732122 -0.755689085
vn -0.54455483 -0.363859922 -0.755689085
vn -0.506268144 -0.415483534 -0.755689085
vn -0.506268144 -0.415483534 -0.755689085
vn -0.54455483 -0.363859922 -0.755689085
vn -0.506268144 -0.415483534 -0.755689085
vn -0.463105828 -0.463105828 -0.755689085
vn -0.463105828 -0.463105828 -0.755689085
vn -0.506268144 -0.415483534 -0.755689085
vn -0.463105828 -0.463105828 -0.755689085
vn -0.415483534 -0.506268144 -0.755689085
vn -0.415483534 -0.506268144 -0.755689085
vn -0.463105828 -0.463105828 -0.755689085
vn -0.415483534 -0.506268144 -0.755689085
vn -0.363859922 -0.54455483 -0.755689085
vn -0.363859922 -0.54455483 -0.755689085
vn -0.415483534 -0.506268144 -0.755689085
vn -0.363859922 -0.54455483 -0.755689085
vn -0.308732122 -0.577597141 -0.755689085
vn -0.308732122 -0.577597141 -0.755689085
vn -0.363859922 -0.54455483 -0.755689085
vn -0.308732122 -0.577597141 -0.755689085
vn -0.250631064 -0.605076909 -0.755689085
vn -0.250631064 -0.605076909 -0.755689085
vn -0.308732122 -0.577597141 -0.755689085
vn -0.250631064 -0.605076909 -0.755689085
vn -0.190116301 -0.626729429 -0.755689085
vn -0.190116301 -0.626729429 -0.755689085
vn -0.250631064 -0.605076909 -0.755689085
vn -0.190116301 -0.626729429 -0.755689085
vn -0.127770603 -0.642346203 -0.755689085
vn -0.127770603 -0.642346203 -0.755689085
vn -0.190116301 -0.626729429 -0.755689085
vn -0.127770603 -0.642346203 -0.755689085
vn -0.0641944185 -0.65177685 -0.755689085
vn -0.0641944185 -0.65177685 -0.755689085
vn -0.127770603 -0.642346203 -0.755689085
vn -0.0641944185 -0.65177685 -0.755689085
vn -4.01029304e-17 -0.654930532 -0.755689085
vn -4.01029304e-17 -0.654930532 -0.755689085
vn -0.0641944185 -0.65177685 -0.755689085
vn -4.01029304e-17 -0.654930532 -0.755689085
vn 0.0641944185 -0.65177685 -0.755689085
vn 0.0641944185 -0.65177685 -0.755689085
vn -4.01029304e-17 -0.654930532 -0.755689085
vn 0.0641944185 -0.65177685 -0.755689085
vn 0.127770603 -0.642346203 -0.755689085
vn 0.127770603 -0.642346203 -0.755689085
vn 0.0641944185 -0.65177685 -0.755689085
vn 0.127770603 -0.642346203 -0.755689085
vn 0.190116301 -0.626729429 -0.755689085
vn 0.190116301 -0.626729429 -0.755689085
vn 0.127770603 -0.642346203 -0.755689085
vn 0.190116301 -0.626729429 -0.755689085
vn 0.250631064 -0.605076909 -0.755689085
vn 0.250631064 -0.605076909 -0.755689085
vn 0.190116301 -0.626729429 -0.755689085
vn 0.250631064 -0.605076909 -0.755689085
vn 0.308732122 -0.577597141 -0.755689085
vn 0.308732122 -0.577597141 -0.755689085
vn 0.250631064 -0.605076909 -0.755689085
vn 0.308732122 -0.577597141 -0.755689085
vn 0.363859922 -0.54455483 -0.755689085
vn 0.363859922 -0.54455483 -0.755689085
vn 0.308732122 -0.577597141 -0.755689085
vn 0.363859922 -0.54455483 -0.755689085
vn 0.415483534 -0.506268144 -0.755689085
vn 0.415483534 -0.506268144 -0.755689085
vn 0.363859922 -0.54455483 -0.755689085
vn 0.415483534 -0.506268144 -0.755689085
vn 0.463105828 -0.463105828 -0.755689085
vn 0.463105828 -0.463105828 -0.755689085
vn 0.415483534 -0.506268144 -0.755689085
vn 0.463105828 -0.463105828 -0.755689085
vn 0.506268144 -0.415483534 -0.755689085
vn 0.506268144 -0.415483534 -0.755689085
vn 0.463105828 -0.463105828 -0.755689085
vn 0.506268144 -0.415483534 -0.755689085
vn 0.54455483 -0.363859922 -0.755689085
vn 0.54455483 -0.363859922 -0.755689085
vn 0.506268144 -0.415483534 -0.755689085
vn 0.54455483 -0.363859922 -0.755689085
vn 0.577597141 -0.308732122 -0.755689085
vn 0.577597141 -0.308732122 -0.755689085
vn 0.54455483 -0.363859922 -0.755689085
vn 0.577597141 -0.308732122 -0.755689085
vn 0.605076909 -0.250631064 -0.755689085
vn 0.605076909 -0.250631064 -0.755689085
vn 0.577597141 -0.308732122 -0.755689085
vn 0.605076909 -0.250631064 -0.755689085
vn 0.626729429 -0.190116301 -0.755689085
vn 0.626729429 -0.190116301 -0.755689085
vn 0.605076909 -0.250631064 -0.755689085
vn 0.626729429 -0.190116301 -0.755689085
vn 0.642346203 -0.127770603 -0.755689085
vn 0.642346203 -0.127770603 -0.755689085
vn 0.626729429 -0.190116301 -0.755689085
vn 0.642346203 -0.127770603 -0.755689085
vn 0.65177685 -0.0641944185 -0.755689085
vn 0.65177685 -0.0641944185 -0.755689085
vn 0.642346203 -0.127770603 -0.755689085
vn 0.65177685 -0.0641944185 -0.755689085
vn 0.654930532 -8.02058608e-17 -0.755689085
vn 0.654930532 -8.02058608e-17 -0.755689085
vn 0.65177685 -0.0641944185 -0.755689085
vn 0.654930532 -8.02058608e-17 -0.755689085
vn 0.65177685 0.0641944185 -0.755689085
vn 0.65177685 0.0641944185 -0.755689085
vn 0.654930532 -8.02058608e-17 -0.755689085
vn 0.65177685 0.0641944185 -0.755689085
vn 0.642346203 0.127770603 -0.755689085
vn 0.642346203 0.127770603 -0.755689085
vn 0.65177685 0.0641944185 -0.755689085
vn 0.642346203 0.127770603 -0.755689085
vn 0.626729429 0.190116301 -0.755689085
vn 0.626729429 0.190116301 -0.755689085
vn 0.642346203 0.127770603 -0.755689085
vn 0.626729429 0.190116301 -0.755689085
vn 0.605076909 0.250631064 -0.755689085
vn 0.605076909 0.250631064 -0.755689085
vn 0.626729429 0.190116301 -0.755689085
vn 0.605076909 0.250631064 -0.755689085
vn 0.577597141 0.308732122 -0.755689085
vn 0.577597141 0.308732122 -0.755689085
vn 0.605076909 0.250631064 -0.755689085
vn 0.577597141 0.308732122 -0.755689085
vn 0.54455483 0.363859922 -0.755689085
vn 0.54455483 0.363859922 -0.755689085
vn 0.577597141 0.308732122 -0.755689085
vn 0.54455483 0.363859922 -0.755689085
vn 0.506268144 0.415483534 -0.755689085
vn 0.506268144 0.415483534 -0.755689085
vn 0.54455483 0.363859922 -0.755689085
vn 0.506268144 0.415483534 -0.755689085
vn 0.463105828 0.463105828 -0.755689085
vn 0.463105828 0.463105828 -0.755689085
vn 0.506268144 0.415483534 -0.755689085
vn 0.463105828 0.463105828 -0.755689085
vn 0.415483534 0.506268144 -0.755689085
vn 0.415483534 0.506268144 -0.755689085
vn 0.463105828 0.463105828 -0.755689085
vn 0.415483534 0.506268144 -0.755689085
vn 0.363859922 0.54455483 -0.755689085
vn 0.363859922 0.54455483 -0.755689085
vn 0.415483534 0.506268144 -0.755689085
vn 0.363859922 0.54455483 -0.755689085
vn 0.308732122 0.577597141 -0.755689085
vn 0.308732122 0.577597141 -0.755689085
vn 0.363859922 0.54455483 -0.755689085
vn 0.308732122 0.577597141 -0.755689085
vn 0.250631064 0.605076909 -0.755689085
vn 0.250631064 0.605076909 -0.755689085
vn 0.308732122 0.577597141 -0.755689085
vn 0.250631064 0.605076909 -0.755689085
vn 0.190116301 0.626729429 -0.755689085
vn 0.190116301 0.626729429 -0.755689085
vn 0.250631064 0.605076909 -0.755689085
vn 0.190116301 0.626729429 -0.755689085
vn 0.127770603 0.642346203 -0.755689085
vn 0.127770603 0.642346203 -0.755689085
vn 0.190116301 0.626729429 -0.755689085
vn 0.127770603 0.642346203 -0.755689085
vn 0.0641944185 0.65177685 -0.755689085
vn 0.0641944185 0.65177685 -0.755689085
vn 0.127770603 0.642346203 -0.755689085
vn 0.0641944185 0.65177685 -0.755689085
vn 1.20308788e-16 0.654930532 -0.755689085
vn 1.20308788e-16 0.654930532 -0.755689085
vn 0.0641944185 0.65177685 -0.755689085
vn 1.20308788e-16 0.654930532 -0.755689085
vn -0.0641944185 0.65177685 -0.755689085
vn -0.0641944185 0.65177685 -0.755689085
vn 1.20308788e-16 0.654930532 -0.755689085
vn -0.0641944185 0.65177685 -0.755689085
vn -0.127770603 0.642346203 -0.755689085
vn -0.127770603 0.642346203 -0.755689085
vn -0.0641944185 0.65177685 -0.755689085
vn -0.127770603 0.642346203 -0.755689085
vn -0.190116301 0.626729429 -0.755689085
vn -0.190116301 0.626729429 -0.755689085
vn -0.127770603 0.642346203 -0.755689085
vn -0.190116301 0.626729429 -0.755689085
vn -0.250631064 0.605076909 -0.755689085
vn -0.250631064 0.605076909 -0.755689085
vn -0.190116301 0.626729429 -0.755689085
vn -0.250631064 0.605076909 -0.755689085
vn -0.308732122 0.577597141 -0.755689085
vn -0.308732122 0.577597141 -0.755689085
vn -0.250631064 0.605076909 -0.755689085
vn -0.308732122 0.577597141 -0.755689085
vn -0.363859922 0.54455483 -0.755689085
vn -0.363859922 0.54455483 -0.755689085
vn -0.308732122 0.577597141 -0.755689085
vn -0.363859922 0.54455483 -0.755689085
vn -0.415483534 0.506268144 -0.755689085
vn -0.415483534 0.506268144 -0.755689085
vn -0.363859922 0.54455483 -0.755689085
vn -0.415483534 0.506268144 -0.755689085
vn -0.463105828 0.463105828 -0.755689085
vn -0.463105828 0.463105828 -0.755689085
vn -0.415483534 0.506268144 -0.755689085
vn -0.463105828 0.463105828 -0.755689085
vn -0.506268144 0.415483534 -0.755689085
vn -0.506268144 0.415483534 -0.755689085
vn -0.463105828 0.463105828 -0.755689085
vn -0.506268144 0.415483534 -0.755689085
vn -0.54455483 0.363859922 -0.755689085
vn -0.54455483 0.363859922 -0.755689085
vn -0.506268144 0.415483534 -0.755689085
vn -0.54455483 0.363859922 -0.755689085
vn -0.577597141 0.308732122 -0.755689085
vn -0.577597141 0.308732122 -0.755689085
vn -0.54455483 0.363859922 -0.755689085
vn -0.577597141 0.308732122 -0.755689085
vn -0.605076909 0.250631064 -0.755689085
vn -0.605076909 0.250631064 -0.755689085
vn -0.577597141 0.308732122 -0.755689085
vn -0.605076909 0.250631064 -0.755689085
vn -0.626729429 0.190116301 -0.755689085
vn -0.626729429 0.190116301 -0.755689085
vn -0.605076909 0.250631064 -0.755689085
vn -0.626729429 0.190116301 -0.755689085
vn -0.642346203 0.127770603 -0.755689085
vn -0.642346203 0.127770603 -0.755689085
vn -0.626729429 0.190116301 -0.755689085
vn -0.642346203 0.127770603 -0.755689085
vn -0.65177685 0.0641944185 -0.755689085
vn -0.65177685 0.0641944185 -0.755689085
vn -0.642346203 0.127770603 -0.755689085
vn -0.65177685 0.0641944185 -0.755689085
vn -0.654930532 1.60411722e-16 -0.755689085
vn -0.654930532 1.60411722e-16 -0.755689085
vn -0.65177685 0.0641944185 -0.755689085
vn 0 0 -1
vn 0 0 -1
vn 0 0 -1
vn 0 0 -1
vn 0 0 -1
vn 0 0 -1
vn 0 0 -1
vn 0 0 -1
vn 0 0 -1
vn 0 0 -1
vn 0 0 -1
vn 0 0 -1
vn 0 0 -1
vn 0 0 -1
vn 0 0 -1
vn 0 0 -1
vn 0 0 -1
vn 0 0 -1
vn 0 0 -1
vn 0 0 -1
vn 0 0 -1
vn 0 0 -1
vn 0 0 -1
vn 0 0 -1
vn 0 0 -1
vn 0 0 -1
vn 0 0 -1
vn 0 0 -1
vn 0 0 -1
vn 0 0 -1
vn 0 0 -1
vn 0 0 -1
vn 0 0 -1
vn 0 0 -1
vn 0 0 -1
vn 0 0 -1
vn 0 0 -1
vn 0 0 -1
vn 0 0 -1
vn 0 0 -1
vn 0 0 -1
vn 0 0 -1
vn 0 0 -1
vn 0 0 -1
vn 0 0 -1
vn 0 0 -1
vn 0 0 -1
vn 0 0 -1
vn 0 0 -1
vn 0 0 -1
vn 0 0 -1
vn 0 0 -1
vn 0 0 -1
vn 0 0 -1
vn 0 0 -1
vn 0 0 -1
vn 0 0 -1
vn 0 0 -1
vn 0 0 -1
vn 0 0 -1
vn 0 0 -1
vn 0 0 -1
vn 0 0 -1
vn 0 0 -1
vn 0 0 -1
vn -0 0 -1
vn -0 0 -1
vn 0 0 -1
vn -0 0 -1
vn -0 0 -1
vn -0 0 -1
vn -0 0 -1
vn -0 0 -1
vn -0 0 -1
vn -0 0 -1
vn -0 0 -1
vn -0 0 -1
vn -0 0 -1
vn -0 0 -1
vn -0 0 -1
vn -0 0 -1
vn -0 0 -1
vn -0 0 -1
vn -0 0 -1
vn -0 0 -1
vn -0 0 -1
vn -0 0 -1
vn -0 0 -1
vn -0 0 -1
vn -0 0 -1
vn -0 0 -1
vn -0 0 -1
vn -0 0 -1
vn -0 0 -1
vn -0 0 -1
vn -0 0 -1
vn -0 0 -1
vn -0 0 -1
vn -0 0 -1
vn -0 0 -1
vn -0 0 -1
vn -0 0 -1
vn -0 0 -1
vn -0 0 -1
vn -0 0 -1
vn -0 0 -1
vn -0 0 -1
vn -0 0 -1
vn -0 0 -1
vn -0 0 -1
vn -0 0 -1
vn -0 0 -1
vn -0 0 -1
vn -0 0 -1
vn -0 0 -1
vn -0 0 -1
vn -0 0 -1
vn -0 0 -1
vn -0 0 -1
vn -0 0 -1
vn -0 0 -1
vn -0 0 -1
vn -0 0 -1
vn -0 0 -1
vn -0 0 -1
vn -0 0 -1
vn -0 0 -1
vn -0 0 -1
vn 0 0 -1
vn -0 -0 -1
vn -0 -0 -1
vn -0 0 -1
vn -0 -0 -1
vn -0 -0 -1
vn -0 -0 -1
vn -0 -0 -1
vn -0 -0 -1
vn -0 -0 -1
vn -0 -0 -1
vn -0 -0 -1
vn -0 -0 -1
vn -0 -0 -1
vn -0 -0 -1
vn -0 -0 -1
vn -0 -0 -1
vn -0 -0 -1
vn -0 -0 -1
vn -0 -0 -1
vn -0 -0 -1
vn -0 -0 -1
vn -0 -0 -1
vn -0 -0 -1
vn -0 -0 -1
vn -0 -0 -1
vn -0 -0 -1
vn -0 -0 -1
vn -0 -0 -1
vn -0 -0 -1
vn -0 -0 -1
vn -0 -0 -1
vn -0 -0 -1
vn -0 -0 -1
vn -0 -0 -1
vn -0 -0 -1
vn -0 -0 -1
vn -0 -0 -1
vn -0 -0 -1
vn -0 -0 -1
vn -0 -0 -1
vn -0 -0 -1
vn -0 -0 -1
vn -0 -0 -1
vn -0 -0 -1
vn -0 -0 -1
vn -0 -0 -1
vn -0 -0 -1
vn -0 -0 -1
vn -0 -0 -1
vn -0 -0 -1
vn -0 -0 -1
vn -0 -0 -1
vn -0 -0 -1
vn -0 -0 -1
vn -0 -0 -1
vn -0 -0 -1
vn -0 -0 -1
vn -0 -0 -1
vn -0 -0 -1
vn -0 -0 -1
vn -0 -0 -1
vn -0 -0 -1
vn -0 -0 -1
vn -0 -0 -1
vn 0 -0 -1
vn 0 -0 -1
vn -0 -0 -1
vn 0 -0 -1
vn 0 -0 -1
vn 0 -0 -1
vn 0 -0 -1
vn 0 -0 -1
vn 0 -0 -1
vn 0 -0 -1
vn 0 -0 -1
vn 0 -0 -1
vn 0 -0 -1
vn 0 -0 -1
vn 0 -0 -1
vn 0 -0 -1
vn 0 -0 -1
vn 0 -0 -1
vn 0 -0 -1
vn 0 -0 -1
vn 0 -0 -1
vn 0 -0 -1
vn 0 -0 -1
vn 0 -0 -1
vn 0 -0 -1
vn 0 -0 -1
vn 0 -0 -1
vn 0 -0 -1
vn 0 -0 -1
vn 0 -0 -1
vn 0 -0 -1
vn 0 -0 -1
vn 0 -0 -1
vn 0 -0 -1
vn 0 -0 -1
vn 0 -0 -1
vn 0 -0 -1
vn 0 -0 -1
vn 0 -0 -1
vn 0 -0 -1
vn 0 -0 -1
vn 0 -0 -1
vn 0 -0 -1
vn 0 -0 -1
vn 0 -0 -1
vn 0 -0 -1
vn 0 -0 -1
vn 0 -0 -1
vn 0 -0 -1
vn 0 -0 -1
vn 0 -0 -1
vn 0 -0 -1
vn 0 -0 -1
vn 0 -0 -1
vn 0 -0 -1
vn 0 -0 -1
vn 0 -0 -1
vn 0 -0 -1
vn 0 -0 -1
vn 0 -0 -1
vn 0 -0 -1
vn 0 -0 -1
vn 0 -0 -1
vn 0.692531824 0 -0.721387327
vn 0.689197123 0.0678799897 -0.721387327
vn 0.689197123 0.0678799897 -0.721387327
vn 0.692531824 0 -0.721387327
vn 0.689197123 0.0678799897 -0.721387327
vn 0.679225028 0.135106251 -0.721387327
vn 0.679225028 0.135106251 -0.721387327
vn 0.689197123 0.0678799897 -0.721387327
vn 0.679225028 0.135106251 -0.721387327
vn 0.66271162 0.201031372 -0.721387327
vn 0.66271162 0.201031372 -0.721387327
vn 0.679225028 0.135106251 -0.721387327
vn 0.66271162 0.201031372 -0.721387327
vn 0.639815986 0.26502046 -0.721387327
vn 0.639815986 0.26502046 -0.721387327
vn 0.66271162 0.201031372 -0.721387327
vn 0.639815986 0.26502046 -0.721387327
vn 0.610758543 0.326457232 -0.721387327
vn 0.610758543 0.326457232 -0.721387327
vn 0.639815986 0.26502046 -0.721387327
vn 0.610758543 0.326457232 -0.721387327
vn 0.575819194 0.384750068 -0.721387327
vn 0.575819194 0.384750068 -0.721387327
vn 0.610758543 0.326457232 -0.721387327
vn 0.575819194 0.384750068 -0.721387327
vn 0.535334349 0.439337552 -0.721387327
vn 0.535334349 0.439337552 -0.721387327
vn 0.575819194 0.384750068 -0.721387327
vn 0.535334349 0.439337552 -0.721387327
vn 0.48969394 0.48969394 -0.721387327
vn 0.48969394 0.48969394 -0.721387327
vn 0.535334349 0.439337552 -0.721387327
vn 0.48969394 0.48969394 -0.721387327
vn 0.439337552 0.535334349 -0.721387327
vn 0.439337552 0.535334349 -0.721387327
vn 0.48969394 0.48969394 -0.721387327
vn 0.439337552 0.535334349 -0.721387327
vn 0.384750068 0.575819194 -0.721387327
vn 0.384750068 0.575819194 -0.721387327
vn 0.439337552 0.535334349 -0.721387327
vn 0.384750068 0.575819194 -0.721387327
vn 0.326457232 0.610758543 -0.721387327
vn 0.326457232 0.610758543 -0.721387327
vn 0.384750068 0.575819194 -0.721387327
vn 0.326457232 0.610758543 -0.721387327
vn 0.26502046 0.639815986 -0.721387327
vn 0.26502046 0.639815986 -0.721387327
vn 0.326457232 0.610758543 -0.721387327
vn 0.26502046 0.639815986 -0.721387327
vn 0.201031372 0.66271162 -0.721387327
vn 0.201031372 0.66271162 -0.721387327
vn 0.26502046 0.639815986 -0.721387327
vn 0.201031372 0.66271162 -0.721387327
vn 0.135106251 0.679225028 -0.721387327
vn 0.135106251 0.679225028 -0.721387327
vn 0.201031372 0.66271162 -0.721387327
vn 0.135106251 0.679225028 -0.721387327
vn 0.0678799897 0.689197123 -0.721387327
vn 0.0678799897 0.689197123 -0.721387327
vn 0.135106251 0.679225028 -0.721387327
vn 0.0678799897 0.689197123 -0.721387327
vn 4.24053446e-17 0.692531824 -0.721387327
vn 4.24053446e-17 0.692531824 -0.721387327
vn 0.0678799897 0.689197123 -0.721387327
vn 4.24053446e-17 0.692531824 -0.721387327
vn -0.0678799897 0.689197123 -0.721387327
vn -0.0678799897 0.689197123 -0.721387327
vn 4.24053446e-17 0.692531824 -0.721387327
vn -0.0678799897 0.689197123 -0.721387327
vn -0.135106251 0.679225028 -0.721387327
vn -0.135106251 0.679225028 -0.721387327
vn -0.0678799897 0.689197123 -0.721387327
vn -0.135106251 0.679225028 -0.721387327
vn -0.201031372 0.66271162 -0.721387327
vn -0.201031372 0.66271162 -0.721387327
vn -0.135106251 0.679225028 -0.721387327
vn -0.201031372 0.66271162 -0.721387327
vn -0.26502046 0.639815986 -0.721387327
vn -0.26502046 0.639815986 -0.721387327
vn -0.201031372 0.66271162 -0.721387327
vn -0.26502046 0.639815986 -0.721387327
vn -0.326457232 0.610758543 -0.721387327
vn -0.326457232 0.610758543 -0.721387327
vn -0.26502046 0.639815986 -0.721387327
vn -0.326457232 0.610758543 -0.721387327
vn -0.384750068 0.575819194 -0.721387327
vn -0.384750068 0.575819194 -0.721387327
vn -0.326457232 0.610758543 -0.721387327
vn -0.384750068 0.575819194 -0.721387327
vn -0.439337552 0.535334349 -0.721387327
vn -0.439337552 0.535334349 -0.721387327
vn -0.384750068 0.575819194 -0.721387327
vn -0.439337552 0.535334349 -0.721387327
vn -0.48969394 0.48969394 -0.721387327
vn -0.48969394 0.48969394 -0.721387327
vn -0.439337552 0.535334349 -0.721387327
vn -0.48969394 0.48969394 -0.721387327
vn -0.535334349 0.439337552 -0.721387327
vn -0.535334349 0.439337552 -0.721387327
vn -0.48969394 0.48969394 -0.721387327
vn -0.535334349 0.439337552 -0.721387327
vn -0.575819194 0.384750068 -0.721387327
vn -0.575819194 0.384750068 -0.721387327
vn -0.535334349 0.439337552 -0.721387327
vn -0.575819194 0.384750068 -0.721387327
vn -0.610758543 0.326457232 -0.721387327
vn -0.610758543 0.326457232 -0.721387327
vn -0.575819194 0.384750068 -0.721387327
vn -0.610758543 0.326457232 -0.721387327
vn -0.639815986 0.26502046 -0.721387327
vn -0.639815986 0.26502046 -0.721387327
vn -0.610758543 0.326457232 -0.721387327
vn -0.639815986 0.26502046 -0.721387327
vn -0.66271162 0.201031372 -0.721387327
vn -0.66271162 0.201031372 -0.721387327
vn -0.639815986 0.26502046 -0.721387327
vn -0.66271162 0.201031372 -0.721387327
vn -0.679225028 0.135106251 -0.721387327
vn -0.679225028 0.135106251 -0.721387327
vn -0.66271162 0.201031372 -0.721387327
vn -0.679225028 0.135106251 -0.721387327
vn -0.689197123 0.0678799897 -0.721387327
vn -0.689197123 0.0678799897 -0.721387327
vn -0.679225028 0.135106251 -0.721387327
vn -0.689197123 0.0678799897 -0.721387327
vn -0.692531824 8.48106892e-17 -0.721387327
vn -0.692531824 8.48106892e-17 -0.721387327
vn -0.689197123 0.0678799897 -0.721387327
vn -0.692531824 8.48106892e-17 -0.721387327
vn -0.689197123 -0.0678799897 -0.721387327
vn -0.689197123 -0.0678799897 -0.721387327
vn -0.692531824 8.48106892e-17 -0.721387327
vn -0.689197123 -0.0678799897 -0.721387327
vn -0.679225028 -0.135106251 -0.721387327
vn -0.679225028 -0.135106251 -0.721387327
vn -0.689197123 -0.0678799897 -0.721387327
vn -0.679225028 -0.135106251 -0.721387327
vn -0.66271162 -0.201031372 -0.721387327
vn -0.66271162 -0.201031372 -0.721387327
vn -0.679225028 -0.135106251 -0.721387327
vn -0.66271162 -0.201031372 -0.721387327
vn -0.639815986 -0.26502046 -0.721387327
vn -0.639815986 -0.26502046 -0.721387327
vn -0.66271162 -0.201031372 -0.721387327
vn -0.639815986 -0.26502046 -0.721387327
vn -0.610758543 -0.326457232 -0.721387327
vn -0.610758543 -0.326457232 -0.721387327
vn -0.639815986 -0.26502046 -0.721387327
vn -0.610758543 -0.326457232 -0.721387327
vn -0.575819194 -0.384750068 -0.721387327
vn -0.575819194 -0.384750068 -0.721387327
vn -0.610758543 -0.326457232 -0.721387327
vn -0.575819194 -0.384750068 -0.721387327
vn -0.535334349 -0.439337552 -0.721387327
vn -0.535334349 -0.439337552 -0.721387327
vn -0.575819194 -0.384750068 -0.721387327
vn -0.535334349 -0.439337552 -0.721387327
vn -0.48969394 -0.48969394 -0.721387327
vn -0.48969394 -0.48969394 -0.721387327
vn -0.535334349 -0.439337552 -0.721387327
vn -0.48969394 -0.48969394 -0.721387327
vn -0.439337552 -0.535334349 -0.721387327
vn -0.439337552 -0.535334349 -0.721387327
vn -0.48969394 -0.48969394 -0.721387327
vn -0.439337552 -0.535334349 -0.721387327
vn -0.384750068 -0.575819194 -0.721387327
vn -0.384750068 -0.575819194 -0.721387327
vn -0.439337552 -0.535334349 -0.721387327
vn -0.384750068 -0.575819194 -0.721387327
vn -0.326457232 -0.610758543 -0.721387327
vn -0.326457232 -0.610758543 -0.721387327
vn -0.384750068 -0.575819194 -0.721387327
vn -0.326457232 -0.610758543 -0.721387327
vn -0.26502046 -0.639815986 -0.721387327
vn -0.26502046 -0.639815986 -0.721387327
vn -0.326457232 -0.610758543 -0.721387327
vn -0.26502046 -0.639815986 -0.721387327
vn -0.201031372 -0.66271162 -0.721387327
vn -0.201031372 -0.66271162 -0.721387327
vn -0.26502046 -0.639815986 -0.721387327
vn -0.201031372 -0.66271162 -0.721387327
vn -0.135106251 -0.679225028 -0.721387327
vn -0.135106251 -0.679225028 -0.721387327
vn -0.201031372 -0.66271162 -0.721387327
vn -0.135106251 -0.679225028 -0.721387327
vn -0.0678799897 -0.689197123 -0.721387327
vn -0.0678799897 -0.689197123 -0.721387327
vn -0.135106251 -0.679225028 -0.721387327
vn -0.0678799897 -0.689197123 -0.721387327
vn -1.27216037e-16 -0.692531824 -0.721387327
vn -1.27216037e-16 -0.692531824 -0.721387327
vn -0.0678799897 -0.689197123 -0.721387327
vn -1.27216037e-16 -0.692531824 -0.721387327
vn 0.0678799897 -0.689197123 -0.721387327
vn 0.0678799897 -0.689197123 -0.721387327
vn -1.27216037e-16 -0.692531824 -0.721387327
vn 0.0678799897 -0.689197123 -0.721387327
vn 0.135106251 -0.679225028 -0.721387327
vn 0.135106251 -0.679225028 -0.721387327
vn 0.0678799897 -0.689197123 -0.721387327
vn 0.135106251 -0.679225028 -0.721387327
vn 0.201031372 -0.66271162 -0.721387327
vn 0.201031372 -0.66271162 -0.721387327
vn 0.135106251 -0.679225028 -0.721387327
vn 0.201031372 -0.66271162 -0.721387327
vn 0.26502046 -0.639815986 -0.721387327
vn 0.26502046 -0.639815986 -0.721387327
vn 0.201031372 -0.66271162 -0.721387327
vn 0.26502046 -0.639815986 -0.721387327
vn 0.326457232 -0.610758543 -0.721387327
vn 0.326457232 -0.610758543 -0.721387327
vn 0.26502046 -0.639815986 -0.721387327
vn 0.326457232 -0.610758543 -0.721387327
vn 0.384750068 -0.575819194 -0.721387327
vn 0.384750068 -0.575819194 -0.721387327
vn 0.326457232 -0.610758543 -0.721387327
vn 0.384750068 -0.575819194 -0.721387327
vn 0.439337552 -0.535334349 -0.721387327
vn 0.439337552 -0.535334349 -0.721387327
vn 0.384750068 -0.575819194 -0.721387327
vn 0.439337552 -0.535334349 -0.721387327
vn 0.48969394 -0.48969394 -0.721387327
vn 0.48969394 -0.48969394 -0.721387327
vn 0.439337552 -0.535334349 -0.721387327
vn 0.48969394 -0.48969394 -0.721387327
vn 0.535334349 -0.439337552 -0.721387327
vn 0.535334349 -0.439337552 -0.721387327
vn 0.48969394 -0.48969394 -0.721387327
vn 0.535334349 -0.439337552 -0.721387327
vn 0.575819194 -0.384750068 -0.721387327
vn 0.575819194 -0.384750068 -0.721387327
vn 0.535334349 -0.439337552 -0.721387327
vn 0.575819194 -0.384750068 -0.721387327
vn 0.610758543 -0.326457232 -0.721387327
vn 0.610758543 -0.326457232 -0.721387327
vn 0.575819194 -0.384750068 -0.721387327
vn 0.610758543 -0.326457232 -0.721387327
vn 0.639815986 -0.26502046 -0.721387327
vn 0.639815986 -0.26502046 -0.721387327
vn 0.610758543 -0.326457232 -0.721387327
vn 0.639815986 -0.26502046 -0.721387327
vn 0.66271162 -0.201031372 -0.721387327
vn 0.66271162 -0.201031372 -0.721387327
vn 0.639815986 -0.26502046 -0.721387327
vn 0.66271162 -0.201031372 -0.721387327
vn 0.679225028 -0.135106251 -0.721387327
vn 0.679225028 -0.135106251 -0.721387327
vn 0.66271162 -0.201031372 -0.721387327
vn 0.679225028 -0.135106251 -0.721387327
vn 0.689197123 -0.0678799897 -0.721387327
vn 0.689197123 -0.0678799897 -0.721387327
vn 0.679225028 -0.135106251 -0.721387327
vn 0.689197123 -0.0678799897 -0.721387327
vn 0.692531824 -1.69621378e-16 -0.721387327
vn 0.692531824 -1.69621378e-16 -0.721387327
vn 0.689197123 -0.0678799897 -0.721387327
vn -0.817806423 -0 -0.575493395
vn -0.813868463 -0.0801590458 -0.575493395
vn -0.813868463 -0.0801590458 -0.575493395
vn -0.817806423 -0 -0.575493395
vn -0.813868463 -0.0801590458 -0.575493395
vn -0.802092493 -0.159546122 -0.575493395
vn -0.802092493 -0.159546122 -0.575493395
vn -0.813868463 -0.0801590458 -0.575493395
vn -0.802092493 -0.159546122 -0.575493395
vn -0.782591939 -0.237396672 -0.575493395
vn -0.782591939 -0.237396672 -0.575493395
vn -0.802092493 -0.159546122 -0.575493395
vn -0.782591939 -0.237396672 -0.575493395
vn -0.755554616 -0.312960982 -0.575493395
vn -0.755554616 -0.312960982 -0.575493395
vn -0.782591939 -0.237396672 -0.575493395
vn -0.755554616 -0.312960982 -0.575493395
vn -0.721240878 -0.385511279 -0.575493395
vn -0.721240878 -0.385511279 -0.575493395
vn -0.755554616 -0.312960982 -0.575493395
vn -0.721240878 -0.385511279 -0.575493395
vn -0.679981172 -0.454348892 -0.575493395
vn -0.679981172 -0.454348892 -0.575493395
vn -0.721240878 -0.385511279 -0.575493395
vn -0.679981172 -0.454348892 -0.575493395
vn -0.632172883 -0.518810928 -0.575493395
vn -0.632172883 -0.518810928 -0.575493395
vn -0.679981172 -0.454348892 -0.575493395
vn -0.632172883 -0.518810928 -0.575493395
vn -0.578276455 -0.578276455 -0.575493395
vn -0.578276455 -0.578276455 -0.575493395
vn -0.632172883 -0.518810928 -0.575493395
vn -0.578276455 -0.578276455 -0.575493395
vn -0.518810928 -0.632172883 -0.575493395
vn -0.518810928 -0.632172883 -0.575493395
vn -0.578276455 -0.578276455 -0.575493395
vn -0.518810928 -0.632172883 -0.575493395
vn -0.454348892 -0.679981172 -0.575493395
vn -0.454348892 -0.679981172 -0.575493395
vn -0.518810928 -0.632172883 -0.575493395
vn -0.454348892 -0.679981172 -0.575493395
vn -0.385511279 -0.721240878 -0.575493395
vn -0.385511279 -0.721240878 -0.575493395
vn -0.454348892 -0.679981172 -0.575493395
vn -0.385511279 -0.721240878 -0.575493395
vn -0.312960982 -0.755554616 -0.575493395
vn -0.312960982 -0.755554616 -0.575493395
vn -0.385511279 -0.721240878 -0.575493395
vn -0.312960982 -0.755554616 -0.575493395
vn -0.237396672 -0.782591939 -0.575493395
vn -0.237396672 -0.782591939 -0.575493395
vn -0.312960982 -0.755554616 -0.575493395
vn -0.237396672 -0.782591939 -0.575493395
vn -0.159546122 -0.802092493 -0.575493395
vn -0.159546122 -0.802092493 -0.575493395
vn -0.237396672 -0.782591939 -0.575493395
vn -0.159546122 -0.802092493 -0.575493395
vn -0.0801590458 -0.813868463 -0.575493395
vn -0.0801590458 -0.813868463 -0.575493395
vn -0.159546122 -0.802092493 -0.575493395
vn -0.0801590458 -0.813868463 -0.575493395
vn -5.00762007e-17 -0.817806423 -0.575493395
vn -5.00762007e-17 -0.817806423 -0.575493395
vn -0.0801590458 -0.813868463 -0.575493395
vn -5.00762007e-17 -0.817806423 -0.575493395
vn 0.0801590458 -0.813868463 -0.575493395
vn 0.0801590458 -0.813868463 -0.575493395
vn -5.00762007e-17 -0.817806423 -0.575493395
vn 0.0801590458 -0.813868463 -0.575493395
vn 0.159546122 -0.802092493 -0.575493395
vn 0.159546122 -0.802092493 -0.575493395
vn 0.0801590458 -0.813868463 -0.575493395
vn 0.159546122 -0.802092493 -0.575493395
vn 0.237396672 -0.782591939 -0.575493395
vn 0.237396672 -0.782591939 -0.575493395
vn 0.159546122 -0.802092493 -0.575493395
vn 0.237396672 -0.782591939 -0.575493395
vn 0.312960982 -0.755554616 -0.575493395
vn 0.312960982 -0.755554616 -0.575493395
vn 0.237396672 -0.782591939 -0.575493395
vn 0.312960982 -0.755554616 -0.575493395
vn 0.385511279 -0.721240878 -0.575493395
vn 0.385511279 -0.721240878 -0.575493395
vn 0.312960982 -0.755554616 -0.575493395
vn 0.385511279 -0.721240878 -0.575493395
vn 0.454348892 -0.679981172 -0.575493395
vn 0.454348892 -0.679981172 -0.575493395
vn 0.385511279 -0.721240878 -0.575493395
vn 0.454348892 -0.679981172 -0.575493395
vn 0.518810928 -0.632172883 -0.575493395
vn 0.518810928 -0.632172883 -0.575493395
vn 0.454348892 -0.679981172 -0.575493395
vn 0.518810928 -0.632172883 -0.575493395
vn 0.578276455 -0.578276455 -0.575493395
vn 0.578276455 -0.578276455 -0.575493395
vn 0.518810928 -0.632172883 -0.575493395
vn 0.578276455 -0.578276455 -0.575493395
vn 0.632172883 -0.518810928 -0.575493395
vn 0.632172883 -0.518810928 -0.575493395
vn 0.578276455 -0.578276455 -0.575493395
vn 0.632172883 -0.518810928 -0.575493395
vn 0.679981172 -0.454348892 -0.575493395
vn 0.679981172 -0.454348892 -0.575493395
vn 0.632172883 -0.518810928 -0.575493395
vn 0.679981172 -0.454348892 -0.575493395
vn 0.721240878 -0.385511279 -0.575493395
vn 0.721240878 -0.385511279 -0.575493395
vn 0.679981172 -0.454348892 -0.575493395
vn 0.721240878 -0.385511279 -0.575493395
vn 0.755554616 -0.312960982 -0.575493395
vn 0.755554616 -0.312960982 -0.575493395
vn 0.721240878 -0.385511279 -0.575493395
vn 0.755554616 -0.312960982 -0.575493395
vn 0.782591939 -0.237396672 -0.575493395
vn 0.782591939 -0.237396672 -0.575493395
vn 0.755554616 -0.312960982 -0.575493395
vn 0.782591939 -0.237396672 -0.575493395
vn 0.802092493 -0.159546122 -0.575493395
vn 0.802092493 -0.159546122 -0.575493395
vn 0.782591939 -0.237396672 -0.575493395
vn 0.802092493 -0.159546122 -0.575493395
vn 0.813868463 -0.0801590458 -0.575493395
vn 0.813868463 -0.0801590458 -0.575493395
vn 0.802092493 -0.159546122 -0.575493395
vn 0.813868463 -0.0801590458 -0.575493395
vn 0.817806423 -1.00152401e-16 -0.575493395
vn 0.817806423 -1.00152401e-16 -0.575493395
vn 0.813868463 -0.0801590458 -0.575493395
vn 0.817806423 -1.00152401e-16 -0.575493395
vn 0.813868463 0.0801590458 -0.575493395
vn 0.813868463 0.0801590458 -0.575493395
vn 0.817806423 -1.00152401e-16 -0.575493395
vn 0.813868463 0.0801590458 -0.575493395
vn 0.802092493 0.159546122 -0.575493395
vn 0.802092493 0.159546122 -0.575493395
vn 0.813868463 0.0801590458 -0.575493395
vn 0.802092493 0.159546122 -0.575493395
vn 0.782591939 0.237396672 -0.575493395
vn 0.782591939 0.237396672 -0.575493395
vn 0.802092493 0.159546122 -0.575493395
vn 0.782591939 0.237396672 -0.575493395
vn 0.755554616 0.312960982 -0.575493395
vn 0.755554616 0.312960982 -0.575493395
vn 0.782591939 0.237396672 -0.575493395
vn 0.755554616 0.312960982 -0.575493395
vn 0.721240878 0.385511279 -0.575493395
vn 0.721240878 0.385511279 -0.575493395
vn 0.755554616 0.312960982 -0.575493395
vn 0.721240878 0.385511279 -0.575493395
vn 0.679981172 0.454348892 -0.575493395
vn 0.679981172 0.454348892 -0.575493395
vn 0.721240878 0.385511279 -0.575493395
vn 0.679981172 0.454348892 -0.575493395
vn 0.632172883 0.518810928 -0.575493395
vn 0.632172883 0.518810928 -0.575493395
vn 0.679981172 0.454348892 -0.575493395
vn 0.632172883 0.518810928 -0.575493395
vn 0.578276455 0.578276455 -0.575493395
vn 0.578276455 0.578276455 -0.575493395
vn 0.632172883 0.518810928 -0.575493395
vn 0.578276455 0.578276455 -0.575493395
vn 0.518810928 0.632172883 -0.575493395
vn 0.518810928 0.632172883 -0.575493395
vn 0.578276455 0.578276455 -0.575493395
vn 0.518810928 0.632172883 -0.575493395
vn 0.454348892 0.679981172 -0.575493395
vn 0.454348892 0.679981172 -0.575493395
vn 0.518810928 0.632172883 -0.575493395
vn 0.454348892 0.679981172 -0.575493395
vn 0.385511279 0.721240878 -0.575493395
vn 0.385511279 0.721240878 -0.575493395
vn 0.454348892 0.679981172 -0.575493395
vn 0.385511279 0.721240878 -0.575493395
vn 0.312960982 0.755554616 -0.575493395
vn 0.312960982 0.755554616 -0.575493395
vn 0.385511279 0.721240878 -0.575493395
vn 0.312960982 0.755554616 -0.575493395
vn 0.237396672 0.782591939 -0.575493395
vn 0.237396672 0.782591939 -0.575493395
vn 0.312960982 0.755554616 -0.575493395
vn 0.237396672 0.782591939 -0.575493395
vn 0.159546122 0.802092493 -0.575493395
vn 0.159546122 0.802092493 -0.575493395
vn 0.237396672 0.782591939 -0.575493395
vn 0.159546122 0.802092493 -0.575493395
vn 0.0801590458 0.813868463 -0.575493395
vn 0.0801590458 0.813868463 -0.575493395
vn 0.159546122 0.802092493 -0.575493395
vn 0.0801590458 0.813868463 -0.575493395
vn 1.50228599e-16 0.817806423 -0.575493395
vn 1.50228599e-16 0.817806423 -0.575493395
vn 0.0801590458 0.813868463 -0.575493395
vn 1.50228599e-16 0.817806423 -0.575493395
vn -0.0801590458 0.813868463 -0.575493395
vn -0.0801590458 0.813868463 -0.575493395
vn 1.50228599e-16 0.817806423 -0.575493395
vn -0.0801590458 0.813868463 -0.575493395
vn -0.159546122 0.802092493 -0.575493395
vn -0.159546122 0.802092493 -0.575493395
vn -0.0801590458 0.813868463 -0.575493395
vn -0.159546122 0.802092493 -0.575493395
vn -0.237396672 0.782591939 -0.575493395
vn -0.237396672 0.782591939 -0.575493395
vn -0.159546122 0.802092493 -0.575493395
vn -0.237396672 0.782591939 -0.575493395
vn -0.312960982 0.755554616 -0.575493395
vn -0.312960982 0.755554616 -0.575493395
vn -0.237396672 0.782591939 -0.575493395
vn -0.312960982 0.755554616 -0.575493395
vn -0.385511279 0.721240878 -0.575493395
vn -0.385511279 0.721240878 -0.575493395
vn -0.312960982 0.755554616 -0.575493395
vn -0.385511279 0.721240878 -0.575493395
vn -0.454348892 0.679981172 -0.575493395
vn -0.454348892 0.679981172 -0.575493395
vn -0.385511279 0.721240878 -0.575493395
vn -0.454348892 0.679981172 -0.575493395
vn -0.518810928 0.632172883 -0.575493395
vn -0.518810928 0.632172883 -0.575493395
vn -0.454348892 0.679981172 -0.575493395
vn -0.518810928 0.632172883 -0.575493395
vn -0.578276455 0.578276455 -0.575493395
vn -0.578276455 0.578276455 -0.575493395
vn -0.518810928 0.632172883 -0.575493395
vn -0.578276455 0.578276455 -0.575493395
vn -0.632172883 0.518810928 -0.575493395
vn -0.632172883 0.518810928 -0.575493395
vn -0.578276455 0.578276455 -0.575493395
vn -0.632172883 0.518810928 -0.575493395
vn -0.679981172 0.454348892 -0.575493395
vn -0.679981172 0.454348892 -0.575493395
vn -0.632172883 0.518810928 -0.575493395
vn -0.679981172 0.454348892 -0.575493395
vn -0.721240878 0.385511279 -0.575493395
vn -0.721240878 0.385511279 -0.575493395
vn -0.679981172 0.454348892 -0.575493395
vn -0.721240878 0.385511279 -0.575493395
vn -0.755554616 0.312960982 -0.575493395
vn -0.755554616 0.312960982 -0.575493395
vn -0.721240878 0.385511279 -0.575493395
vn -0.755554616 0.312960982 -0.575493395
vn -0.782591939 0.237396672 -0.575493395
vn -0.782591939 0.237396672 -0.575493395
vn -0.755554616 0.312960982 -0.575493395
vn -0.782591939 0.237396672 -0.575493395
vn -0.802092493 0.159546122 -0.575493395
vn -0.802092493 0.159546122 -0.575493395
vn -0.782591939 0.237396672 -0.575493395
vn -0.802092493 0.159546122 -0.575493395
vn -0.813868463 0.0801590458 -0.575493395
vn -0.813868463 0.0801590458 -0.575493395
vn -0.802092493 0.159546122 -0.575493395
vn -0.813868463 0.0801590458 -0.575493395
vn -0.817806423 2.00304803e-16 -0.575493395
vn -0.817806423 2.00304803e-16 -0.575493395
vn -0.813868463 0.0801590458 -0.575493395
vn 0 0 -1
vn 0 0 -1
vn 0 0 -1
vn 0 0 -1
vn 0 0 -1
vn 0 0 -1
vn 0 0 -1
vn 0 0 -1
vn 0 0 -1
vn 0 0 -1
vn 0 0 -1
vn 0 0 -1
vn 0 0 -1
vn 0 0 -1
vn 0 0 -1
vn 0 0 -1
vn 0 0 -1
vn 0 0 -1
vn 0 0 -1
vn 0 0 -1
vn 0 0 -1
vn 0 0 -1
vn 0 0 -1
vn 0 0 -1
vn 0 0 -1
vn 0 0 -1
vn 0 0 -1
vn 0 0 -1
vn 0 0 -1
vn 0 0 -1
vn 0 0 -1
vn 0 0 -1
vn 0 0 -1
vn 0 0 -1
vn 0 0 -1
vn 0 0 -1
vn 0 0 -1
vn 0 0 -1
vn 0 0 -1
vn 0 0 -1
vn 0 0 -1
vn 0 0 -1
vn 0 0 -1
vn 0 0 -1
vn 0 0 -1
vn 0 0 -1
vn 0 0 -1
vn 0 0 -1
vn 0 0 -1
vn 0 0 -1
vn 0 0 -1
vn 0 0 -1
vn 0 0 -1
vn 0 0 -1
vn 0 0 -1
vn 0 0 -1
vn 0 0 -1
vn 0 0 -1
vn 0 0 -1
vn 0 0 -1
vn 0 0 -1
vn 0 0 -1
vn 0 0 -1
vn 0 0 -1
vn 0 0 -1
vn -0 0 -1
vn -0 0 -1
vn 0 0 -1
vn -0 0 -1
vn -0 0 -1
vn -0 0 -1
vn -0 0 -1
vn -0 0 -1
vn -0 0 -1
vn -0 0 -1
vn -0 0 -1
vn -0 0 -1
vn -0 0 -1
vn -0 0 -1
vn -0 0 -1
vn -0 0 -1
vn -0 0 -1
vn -0 0 -1
vn -0 0 -1
vn -0 0 -1
vn -0 0 -1
vn -0 0 -1
vn -0 0 -1
vn -0 0 -1
vn -0 0 -1
vn -0 0 -1
vn -0 0 -1
vn -0 0 -1
vn -0 0 -1
vn -0 0 -1
vn -0 0 -1
vn -0 0 -1
vn -0 0 -1
vn -0 0 -1
vn -0 0 -1
vn -0 0 -1
vn -0 0 -1
vn -0 0 -1
vn -0 0 -1
vn -0 0 -1
vn -0 0 -1
vn -0 0 -1
vn -0 0 -1
vn -0 0 -1
vn -0 0 -1
vn -0 0 -1
vn -0 0 -1
vn -0 0 -1
vn -0 0 -1
vn -0 0 -1
vn -0 0 -1
vn -0 0 -1
vn -0 0 -1
vn -0 0 -1
vn -0 0 -1
vn -0 0 -1
vn -0 0 -1
vn -0 0 -1
vn -0 0 -1
vn -0 0 -1
vn -0 0 -1
vn -0 0 -1
vn -0 0 -1
vn -0 0 -1
vn -0 -0 -1
vn -0 -0 -1
vn -0 0 -1
vn -0 -0 -1
vn -0 -0 -1
vn -0 -0 -1
vn -0 -0 -1
vn -0 -0 -1
vn -0 -0 -1
vn -0 -0 -1
vn -0 -0 -1
vn -0 -0 -1
vn -0 -0 -1
vn -0 -0 -1
vn -0 -0 -1
vn -0 -0 -1
vn -0 -0 -1
vn -0 -0 -1
vn -0 -0 -1
vn -0 -0 -1
vn -0 -0 -1
vn -0 -0 -1
vn -0 -0 -1
vn -0 -0 -1
vn -0 -0 -1
vn -0 -0 -1
vn -0 -0 -1
vn -0 -0 -1
vn -0 -0 -1
vn -0 -0 -1
vn -0 -0 -1
vn -0 -0 -1
vn -0 -0 -1
vn -0 -0 -1
vn -0 -0 -1
vn -0 -0 -1
vn -0 -0 -1
vn -0 -0 -1
vn -0 -0 -1
vn -0 -0 -1
vn -0 -0 -1
vn -0 -0 -1
vn -0 -0 -1
vn -0 -0 -1
vn -0 -0 -1
vn -0 -0 -1
vn -0 -0 -1
vn -0 -0 -1
vn -0 -0 -1
vn -0 -0 -1
vn -0 -0 -1
vn -0 -0 -1
vn -0 -0 -1
vn -0 -0 -1
vn -0 -0 -1
vn -0 -0 -1
vn -0 -0 -1
vn -0 -0 -1
vn -0 -0 -1
vn -0 -0 -1
vn -0 -0 -1
vn -0 -0 -1
vn -0 -0 -1
vn -0 -0 -1
vn 0 -0 -1
vn 0 -0 -1
vn -0 -0 -1
vn 0 -0 -1
vn 0 -0 -1
vn 0 -0 -1
vn 0 -0 -1
vn 0 -0 -1
vn 0 -0 -1
vn 0 -0 -1
vn 0 -0 -1
vn 0 -0 -1
vn 0 -0 -1
vn 0 -0 -1
vn 0 -0 -1
vn 0 -0 -1
vn 0 -0 -1
vn 0 -0 -1
vn 0 -0 -1
vn 0 -0 -1
vn 0 -0 -1
vn 0 -0 -1
vn 0 -0 -1
vn 0 -0 -1
vn 0 -0 -1
vn 0 -0 -1
vn 0 -0 -1
vn 0 -0 -1
vn 0 -0 -1
vn 0 -0 -1
vn 0 -0 -1
vn 0 -0 -1
vn 0 -0 -1
vn 0 -0 -1
vn 0 -0 -1
vn 0 -0 -1
vn 0 -0 -1
vn 0 -0 -1
vn 0 -0 -1
vn 0 -0 -1
vn 0 -0 -1
vn 0 -0 -1
vn 0 -0 -1
vn 0 -0 -1
vn 0 -0 -1
vn 0 -0 -1
vn 0 -0 -1
vn 0 -0 -1
vn 0 -0 -1
vn 0 -0 -1
vn 0 -0 -1
vn 0 -0 -1
vn 0 -0 -1
vn 0 -0 -1
vn 0 -0 -1
vn 0 -0 -1
vn 0 -0 -1
vn 0 -0 -1
vn 0 -0 -1
vn 0 -0 -1
vn 0 -0 -1
vn 0 -0 -1
vn 0 -0 -1
vn 0.911921501 0 -0.410364687
vn 0.907530367 0.0893839374 -0.410364687
vn 0.907530367 0.0893839374 -0.410364687
vn 0.911921501 0 -0.410364687
vn 0.907530367 0.0893839374 -0.410364687
vn 0.894399166 0.177907065 -0.410364687
vn 0.894399166 0.177907065 -0.410364687
vn 0.907530367 0.0893839374 -0.410364687
vn 0.894399166 0.177907065 -0.410364687
vn 0.872654498 0.264716834 -0.410364687
vn 0.872654498 0.264716834 -0.410364687
vn 0.894399166 0.177907065 -0.410364687
vn 0.872654498 0.264716834 -0.410364687
vn 0.842505634 0.348977238 -0.410364687
vn 0.842505634 0.348977238 -0.410364687
vn 0.872654498 0.264716834 -0.410364687
vn 0.842505634 0.348977238 -0.410364687
vn 0.804242969 0.429876834 -0.410364687
vn 0.804242969 0.429876834 -0.410364687
vn 0.842505634 0.348977238 -0.410364687
vn 0.804242969 0.429876834 -0.410364687
vn 0.758235037 0.506636441 -0.410364687
vn 0.758235037 0.506636441 -0.410364687
vn 0.804242969 0.429876834 -0.410364687
vn 0.758235037 0.506636441 -0.410364687
vn 0.704924881 0.578516901 -0.410364687
vn 0.704924881 0.578516901 -0.410364687
vn 0.758235037 0.506636441 -0.410364687
vn 0.704924881 0.578516901 -0.410364687
vn 0.644825876 0.644825876 -0.410364687
vn 0.644825876 0.644825876 -0.410364687
vn 0.704924881 0.578516901 -0.410364687
vn 0.644825876 0.644825876 -0.410364687
vn 0.578516901 0.704924881 -0.410364687
vn 0.578516901 0.704924881 -0.410364687
vn 0.644825876 0.644825876 -0.410364687
vn 0.578516901 0.704924881 -0.410364687
vn 0.506636441 0.758235037 -0.410364687
vn 0.506636441 0.758235037 -0.410364687
vn 0.578516901 0.704924881 -0.410364687
vn 0.506636441 0.758235037 -0.410364687
vn 0.429876834 0.804242969 -0.410364687
vn 0.429876834 0.804242969 -0.410364687
vn 0.506636441 0.758235037 -0.410364687
vn 0.429876834 0.804242969 -0.410364687
vn 0.348977238 0.842505634 -0.410364687
vn 0.348977238 0.842505634 -0.410364687
vn 0.429876834 0.804242969 -0.410364687
vn 0.348977238 0.842505634 -0.410364687
vn 0.264716834 0.872654498 -0.410364687
vn 0.264716834 0.872654498 -0.410364687
vn 0.348977238 0.842505634 -0.410364687
vn 0.264716834 0.872654498 -0.410364687
vn 0.177907065 0.894399166 -0.410364687
vn 0.177907065 0.894399166 -0.410364687
vn 0.264716834 0.872654498 -0.410364687
vn 0.177907065 0.894399166 -0.410364687
vn 0.0893839374 0.907530367 -0.410364687
vn 0.0893839374 0.907530367 -0.410364687
vn 0.177907065 0.894399166 -0.410364687
vn 0.0893839374 0.907530367 -0.410364687
vn 5.58390853e-17 0.911921501 -0.410364687
vn 5.58390853e-17 0.911921501 -0.410364687
vn 0.0893839374 0.907530367 -0.410364687
vn 5.58390853e-17 0.911921501 -0.410364687
vn -0.0893839374 0.907530367 -0.410364687
vn -0.0893839374 0.907530367 -0.410364687
vn 5.58390853e-17 0.911921501 -0.410364687
vn -0.0893839374 0.907530367 -0.410364687
vn -0.177907065 0.894399166 -0.410364687
vn -0.177907065 0.894399166 -0.410364687
vn -0.0893839374 0.907530367 -0.410364687
vn -0.177907065 0.894399166 -0.410364687
vn -0.264716834 0.872654498 -0.410364687
vn -0.264716834 0.872654498 -0.410364687
vn -0.177907065 0.894399166 -0.410364687
vn -0.264716834 0.872654498 -0.410364687
vn -0.348977238 0.842505634 -0.410364687
vn -0.348977238 0.842505634 -0.410364687
vn -0.264716834 0.872654498 -0.410364687
vn -0.348977238 0.842505634 -0.410364687
vn -0.429876834 0.804242969 -0.410364687
vn -0.429876834 0.804242969 -0.410364687
vn -0.348977238 0.842505634 -0.410364687
vn -0.429876834 0.804242969 -0.410364687
vn -0.506636441 0.758235037 -0.410364687
vn -0.506636441 0.758235037 -0.410364687
vn -0.429876834 0.804242969 -0.410364687
vn -0.506636441 0.758235037 -0.410364687
vn -0.578516901 0.704924881 -0.410364687
vn -0.578516901 0.704924881 -0.410364687
vn -0.506636441 0.758235037 -0.410364687
vn -0.578516901 0.704924881 -0.410364687
vn -0.644825876 0.644825876 -0.410364687
vn -0.644825876 0.644825876 -0.410364687
vn -0.578516901 0.704924881 -0.410364687
vn -0.644825876 0.644825876 -0.410364687
vn -0.704924881 0.578516901 -0.410364687
vn -0.704924881 0.578516901 -0.410364687
vn -0.644825876 0.644825876 -0.410364687
vn -0.704924881 0.578516901 -0.410364687
vn -0.758235037 0.506636441 -0.410364687
vn -0.758235037 0.506636441 -0.410364687
vn -0.704924881 0.578516901 -0.410364687
vn -0.758235037 0.506636441 -0.410364687
vn -0.804242969 0.429876834 -0.410364687
vn -0.804242969 0.429876834 -0.410364687
vn -0.758235037 0.506636441 -0.410364687
vn -0.804242969 0.429876834 -0.410364687
vn -0.842505634 0.348977238 -0.410364687
vn -0.842505634 0.348977238 -0.410364687
vn -0.804242969 0.429876834 -0.410364687
vn -0.842505634 0.348977238 -0.410364687
vn -0.872654498 0.264716834 -0.410364687
vn -0.872654498 0.264716834 -0.410364687
vn -0.842505634 0.348977238 -0.410364687
vn -0.872654498 0.264716834 -0.410364687
vn -0.894399166 0.177907065 -0.410364687
vn -0.894399166 0.177907065 -0.410364687
vn -0.872654498 0.264716834 -0.410364687
vn -0.894399166 0.177907065 -0.410364687
vn -0.907530367 0.0893839374 -0.410364687
vn -0.907530367 0.0893839374 -0.410364687
vn -0.894399166 0.177907065 -0.410364687
vn -0.907530367 0.0893839374 -0.410364687
vn -0.911921501 1.11678171e-16 -0.410364687
vn -0.911921501 1.11678171e-16 -0.410364687
vn -0.907530367 0.0893839374 -0.410364687
vn -0.911921501 1.11678171e-16 -0.410364687
vn -0.907530367 -0.0893839374 -0.410364687
vn -0.907530367 -0.0893839374 -0.410364687
vn -0.911921501 1.11678171e-16 -0.410364687
vn -0.907530367 -0.0893839374 -0.410364687
vn -0.894399166 -0.177907065 -0.410364687
vn -0.894399166 -0.177907065 -0.410364687
vn -0.907530367 -0.0893839374 -0.410364687
vn -0.894399166 -0.177907065 -0.410364687
vn -0.872654498 -0.264716834 -0.410364687
vn -0.872654498 -0.264716834 -0.410364687
vn -0.894399166 -0.177907065 -0.410364687
vn -0.872654498 -0.264716834 -0.410364687
vn -0.842505634 -0.348977238 -0.410364687
vn -0.842505634 -0.348977238 -0.410364687
vn -0.872654498 -0.264716834 -0.410364687
vn -0.842505634 -0.348977238 -0.410364687
vn -0.804242969 -0.429876834 -0.410364687
vn -0.804242969 -0.429876834 -0.410364687
vn -0.842505634 -0.348977238 -0.410364687
vn -0.804242969 -0.429876834 -0.410364687
vn -0.758235037 -0.506636441 -0.410364687
vn -0.758235037 -0.506636441 -0.410364687
vn -0.804242969 -0.429876834 -0.410364687
vn -0.758235037 -0.506636441 -0.410364687
vn -0.704924881 -0.578516901 -0.410364687
vn -0.704924881 -0.578516901 -0.410364687
vn -0.758235037 -0.506636441 -0.410364687
vn -0.704924881 -0.578516901 -0.410364687
vn -0.644825876 -0.644825876 -0.410364687
vn -0.644825876 -0.644825876 -0.410364687
vn -0.704924881 -0.578516901 -0.410364687
vn -0.644825876 -0.644825876 -0.410364687
vn -0.578516901 -0.704924881 -0.410364687
vn -0.578516901 -0.704924881 -0.410364687
vn -0.644825876 -0.644825876 -0.410364687
vn -0.578516901 -0.704924881 -0.410364687
vn -0.506636441 -0.758235037 -0.410364687
vn -0.506636441 -0.758235037 -0.410364687
vn -0.578516901 -0.704924881 -0.410364687
vn -0.506636441 -0.758235037 -0.410364687
vn -0.429876834 -0.804242969 -0.410364687
vn -0.429876834 -0.804242969 -0.410364687
vn -0.506636441 -0.758235037 -0.410364687
vn -0.429876834 -0.804242969 -0.410364687
vn -0.348977238 -0.842505634 -0.410364687
vn -0.348977238 -0.842505634 -0.410364687
vn -0.429876834 -0.804242969 -0.410364687
vn -0.348977238 -0.842505634 -0.410364687
vn -0.264716834 -0.872654498 -0.410364687
vn -0.264716834 -0.872654498 -0.410364687
vn -0.348977238 -0.842505634 -0.410364687
vn -0.264716834 -0.872654498 -0.410364687
vn -0.177907065 -0.894399166 -0.410364687
vn -0.177907065 -0.894399166 -0.410364687
vn -0.264716834 -0.872654498 -0.410364687
vn -0.177907065 -0.894399166 -0.410364687
vn -0.0893839374 -0.907530367 -0.410364687
vn -0.0893839374 -0.907530367 -0.410364687
vn -0.177907065 -0.894399166 -0.410364687
vn -0.0893839374 -0.907530367 -0.410364687
vn -1.67517269e-16 -0.911921501 -0.410364687
vn -1.67517269e-16 -0.911921501 -0.410364687
vn -0.0893839374 -0.907530367 -0.410364687
vn -1.67517269e-16 -0.911921501 -0.410364687
vn 0.0893839374 -0.907530367 -0.410364687
vn 0.0893839374 -0.907530367 -0.410364687
vn -1.67517269e-16 -0.911921501 -0.410364687
vn 0.0893839374 -0.907530367 -0.410364687
vn 0.177907065 -0.894399166 -0.410364687
vn 0.177907065 -0.894399166 -0.410364687
vn 0.0893839374 -0.907530367 -0.410364687
vn 0.177907065 -0.894399166 -0.410364687
vn 0.264716834 -0.872654498 -0.410364687
vn 0.264716834 -0.872654498 -0.410364687
vn 0.177907065 -0.894399166 -0.410364687
vn 0.264716834 -0.872654498 -0.410364687
vn 0.348977238 -0.842505634 -0.410364687
vn 0.348977238 -0.842505634 -0.410364687
vn 0.264716834 -0.872654498 -0.410364687
vn 0.348977238 -0.842505634 -0.410364687
vn 0.429876834 -0.804242969 -0.410364687
vn 0.429876834 -0.804242969 -0.410364687
vn 0.348977238 -0.842505634 -0.410364687
vn 0.429876834 -0.804242969 -0.410364687
vn 0.506636441 -0.758235037 -0.410364687
vn 0.506636441 -0.758235037 -0.410364687
vn 0.429876834 -0.804242969 -0.410364687
vn 0.506636441 -0.758235037 -0.410364687
vn 0.578516901 -0.704924881 -0.410364687
vn 0.578516901 -0.704924881 -0.410364687
vn 0.506636441 -0.758235037 -0.410364687
vn 0.578516901 -0.704924881 -0.410364687
vn 0.644825876 -0.644825876 -0.410364687
vn 0.644825876 -0.644825876 -0.410364687
vn 0.578516901 -0.704924881 -0.410364687
vn 0.644825876 -0.644825876 -0.410364687
vn 0.704924881 -0.578516901 -0.410364687
vn 0.704924881 -0.578516901 -0.410364687
vn 0.644825876 -0.644825876 -0.410364687
vn 0.704924881 -0.578516901 -0.410364687
vn 0.758235037 -0.506636441 -0.410364687
vn 0.758235037 -0.506636441 -0.410364687
vn 0.704924881 -0.578516901 -0.410364687
vn 0.758235037 -0.506636441 -0.410364687
vn 0.804242969 -0.429876834 -0.410364687
vn 0.804242969 -0.429876834 -0.410364687
vn 0.758235037 -0.506636441 -0.410364687
vn 0.804242969 -0.429876834 -0.410364687
vn 0.842505634 -0.348977238 -0.410364687
vn 0.842505634 -0.348977238 -0.410364687
vn 0.804242969 -0.429876834 -0.410364687
vn 0.842505634 -0.348977238 -0.410364687
vn 0.872654498 -0.264716834 -0.410364687
vn 0.872654498 -0.264716834 -0.410364687
vn 0.842505634 -0.348977238 -0.410364687
vn 0.872654498 -0.264716834 -0.410364687
vn 0.894399166 -0.177907065 -0.410364687
vn 0.894399166 -0.177907065 -0.410364687
vn 0.872654498 -0.264716834 -0.410364687
vn 0.894399166 -0.177907065 -0.410364687
vn 0.907530367 -0.0893839374 -0.410364687
vn 0.907530367 -0.0893839374 -0.410364687
vn 0.894399166 -0.177907065 -0.410364687
vn 0.907530367 -0.0893839374 -0.410364687
vn 0.911921501 -2.23356341e-16 -0.410364687
vn 0.911921501 -2.23356341e-16 -0.410364687
vn 0.907530367 -0.0893839374 -0.410364687
vn 0.692531824 0 0.721387327
vn 0.689197123 0.0678799897 0.721387327
vn 0.689197123 0.0678799897 0.721387327
vn 0.692531824 0 0.721387327
vn 0.689197123 0.0678799897 0.721387327
vn 0.679225028 0.135106251 0.721387327
vn 0.679225028 0.135106251 0.721387327
vn 0.689197123 0.0678799897 0.721387327
vn 0.679225028 0.135106251 0.721387327
vn 0.66271162 0.201031372 0.721387327
vn 0.66271162 0.201031372 0.721387327
vn 0.679225028 0.135106251 0.721387327
vn 0.66271162 0.201031372 0.721387327
vn 0.639815986 0.26502046 0.721387327
vn 0.639815986 0.26502046 0.721387327
vn 0.66271162 0.201031372 0.721387327
vn 0.639815986 0.26502046 0.721387327
vn 0.610758543 0.326457232 0.721387327
vn 0.610758543 0.326457232 0.721387327
vn 0.639815986 0.26502046 0.721387327
vn 0.610758543 0.326457232 0.721387327
vn 0.575819194 0.384750068 0.721387327
vn 0.575819194 0.384750068 0.721387327
vn 0.610758543 0.326457232 0.721387327
vn 0.575819194 0.384750068 0.721387327
vn 0.535334349 0.439337552 0.721387327
vn 0.535334349 0.439337552 0.721387327
vn 0.575819194 0.384750068 0.721387327
vn 0.535334349 0.439337552 0.721387327
vn 0.48969394 0.48969394 0.721387327
vn 0.48969394 0.48969394 0.721387327
vn 0.535334349 0.439337552 0.721387327
vn 0.48969394 0.48969394 0.721387327
vn 0.439337552 0.535334349 0.721387327
vn 0.439337552 0.535334349 0.721387327
vn 0.48969394 0.48969394 0.721387327
vn 0.439337552 0.535334349 0.721387327
vn 0.384750068 0.575819194 0.721387327
vn 0.384750068 0.575819194 0.721387327
vn 0.439337552 0.535334349 0.721387327
vn 0.384750068 0.575819194 0.721387327
vn 0.326457232 0.610758543 0.721387327
vn 0.326457232 0.610758543 0.721387327
vn 0.384750068 0.575819194 0.721387327
vn 0.326457232 0.610758543 0.721387327
vn 0.26502046 0.639815986 0.721387327
vn 0.26502046 0.639815986 0.721387327
vn 0.326457232 0.610758543 0.721387327
vn 0.26502046 0.639815986 0.721387327
vn 0.201031372 0.66271162 0.721387327
vn 0.201031372 0.66271162 0.721387327
vn 0.26502046 0.639815986 0.721387327
vn 0.201031372 0.66271162 0.721387327
vn 0.135106251 0.679225028 0.721387327
vn 0.135106251 0.679225028 0.721387327
vn 0.201031372 0.66271162 0.721387327
vn 0.135106251 0.679225028 0.721387327
vn 0.0678799897 0.689197123 0.721387327
vn 0.0678799897 0.689197123 0.721387327
vn 0.135106251 0.679225028 0.721387327
vn 0.0678799897 0.689197123 0.721387327
vn 4.24053446e-17 0.692531824 0.721387327
vn 4.24053446e-17 0.692531824 0.721387327
vn 0.0678799897 0.689197123 0.721387327
vn 4.24053446e-17 0.692531824 0.721387327
vn -0.0678799897 0.689197123 0.721387327
vn -0.0678799897 0.689197123 0.721387327
vn 4.24053446e-17 0.692531824 0.721387327
vn -0.0678799897 0.689197123 0.721387327
vn -0.135106251 0.679225028 0.721387327
vn -0.135106251 0.679225028 0.721387327
vn -0.0678799897 0.689197123 0.721387327
vn -0.135106251 0.679225028 0.721387327
vn -0.201031372 0.66271162 0.721387327
vn -0.201031372 0.66271162 0.721387327
vn -0.135106251 0.679225028 0.721387327
vn -0.201031372 0.66271162 0.721387327
vn -0.26502046 0.639815986 0.721387327
vn -0.26502046 0.639815986 0.721387327
vn -0.201031372 0.66271162 0.721387327
vn -0.26502046 0.639815986 0.721387327
vn -0.326457232 0.610758543 0.721387327
vn -0.326457232 0.610758543 0.721387327
vn -0.26502046 0.639815986 0.721387327
vn -0.326457232 0.610758543 0.721387327
vn -0.384750068 0.575819194 0.721387327
vn -0.384750068 0.575819194 0.721387327
vn -0.326457232 0.610758543 0.721387327
vn -0.384750068 0.575819194 0.721387327
vn -0.439337552 0.535334349 0.721387327
vn -0.439337552 0.535334349 0.721387327
vn -0.384750068 0.575819194 0.721387327
vn -0.439337552 0.535334349 0.721387327
vn -0.48969394 0.48969394 0.721387327
vn -0.48969394 0.48969394 0.721387327
vn -0.439337552 0.535334349 0.721387327
vn -0.48969394 0.48969394 0.721387327
vn -0.535334349 0.439337552 0.721387327
vn -0.535334349 0.439337552 0.721387327
vn -0.48969394 0.48969394 0.721387327
vn -0.535334349 0.439337552 0.721387327
vn -0.575819194 0.384750068 0.721387327
vn -0.575819194 0.384750068 0.721387327
vn -0.535334349 0.439337552 0.721387327
vn -0.575819194 0.384750068 0.721387327
vn -0.610758543 0.326457232 0.721387327
vn -0.610758543 0.326457232 0.721387327
vn -0.575819194 0.384750068 0.721387327
vn -0.610758543 0.326457232 0.721387327
vn -0.639815986 0.26502046 0.721387327
vn -0.639815986 0.26502046 0.721387327
vn -0.610758543 0.326457232 0.721387327
vn -0.639815986 0.26502046 0.721387327
vn -0.66271162 0.201031372 0.721387327
vn -0.66271162 0.201031372 0.721387327
vn -0.639815986 0.26502046 0.721387327
vn -0.66271162 0.201031372 0.721387327
vn -0.679225028 0.135106251 0.721387327
vn -0.679225028 0.135106251 0.721387327
vn -0.66271162 0.201031372 0.721387327
vn -0.679225028 0.135106251 0.721387327
vn -0.689197123 0.0678799897 0.721387327
vn -0.689197123 0.0678799897 0.721387327
vn -0.679225028 0.135106251 0.721387327
vn -0.689197123 0.0678799897 0.721387327
vn -0.692531824 8.48106892e-17 0.721387327
vn -0.692531824 8.48106892e-17 0.721387327
vn -0.689197123 0.0678799897 0.721387327
vn -0.692531824 8.48106892e-17 0.721387327
vn -0.689197123 -0.0678799897 0.721387327
vn -0.689197123 -0.0678799897 0.721387327
vn -0.692531824 8.48106892e-17 0.721387327
vn -0.689197123 -0.0678799897 0.721387327
vn -0.679225028 -0.135106251 0.721387327
vn -0.679225028 -0.135106251 0.721387327
vn -0.689197123 -0.0678799897 0.721387327
vn -0.679225028 -0.135106251 0.721387327
vn -0.66271162 -0.201031372 0.721387327
vn -0.66271162 -0.201031372 0.721387327
vn -0.679225028 -0.135106251 0.721387327
vn -0.66271162 -0.201031372 0.721387327
vn -0.639815986 -0.26502046 0.721387327
vn -0.639815986 -0.26502046 0.721387327
vn -0.66271162 -0.201031372 0.721387327
vn -0.639815986 -0.26502046 0.721387327
vn -0.610758543 -0.326457232 0.721387327
vn -0.610758543 -0.326457232 0.721387327
vn -0.639815986 -0.26502046 0.721387327
vn -0.610758543 -0.326457232 0.721387327
vn -0.575819194 -0.384750068 0.721387327
vn -0.575819194 -0.384750068 0.721387327
vn -0.610758543 -0.326457232 0.721387327
vn -0.575819194 -0.384750068 0.721387327
vn -0.535334349 -0.439337552 0.721387327
vn -0.535334349 -0.439337552 0.721387327
vn -0.575819194 -0.384750068 0.721387327
vn -0.535334349 -0.439337552 0.721387327
vn -0.48969394 -0.48969394 0.721387327
vn -0.48969394 -0.48969394 0.721387327
vn -0.535334349 -0.439337552 0.721387327
vn -0.48969394 -0.48969394 0.721387327
vn -0.439337552 -0.535334349 0.721387327
vn -0.439337552 -0.535334349 0.721387327
vn -0.48969394 -0.48969394 0.721387327
vn -0.439337552 -0.535334349 0.721387327
vn -0.384750068 -0.575819194 0.721387327
vn -0.384750068 -0.575819194 0.721387327
vn -0.439337552 -0.535334349 0.721387327
vn -0.384750068 -0.575819194 0.721387327
vn -0.326457232 -0.610758543 0.721387327
vn -0.326457232 -0.610758543 0.721387327
vn -0.384750068 -0.575819194 0.721387327
vn -0.326457232 -0.610758543 0.721387327
vn -0.26502046 -0.639815986 0.721387327
vn -0.26502046 -0.639815986 0.721387327
vn -0.326457232 -0.610758543 0.721387327
vn -0.26502046 -0.639815986 0.721387327
vn -0.201031372 -0.66271162 0.721387327
vn -0.201031372 -0.66271162 0.721387327
vn -0.26502046 -0.639815986 0.721387327
vn -0.201031372 -0.66271162 0.721387327
vn -0.135106251 -0.679225028 0.721387327
vn -0.135106251 -0.679225028 0.721387327
vn -0.201031372 -0.66271162 0.721387327
vn -0.135106251 -0.679225028 0.721387327
vn -0.0678799897 -0.689197123 0.721387327
vn -0.0678799897 -0.689197123 0.721387327
vn -0.135106251 -0.679225028 0.721387327
vn -0.0678799897 -0.689197123 0.721387327
vn -1.27216037e-16 -0.692531824 0.721387327
vn -1.27216037e-16 -0.692531824 0.721387327
vn -0.0678799897 -0.689197123 0.721387327
vn -1.27216037e-16 -0.692531824 0.721387327
vn 0.0678799897 -0.689197123 0.721387327
vn 0.0678799897 -0.689197123 0.721387327
vn -1.27216037e-16 -0.692531824 0.721387327
vn 0.0678799897 -0.689197123 0.721387327
vn 0.135106251 -0.679225028 0.721387327
vn 0.135106251 -0.679225028 0.721387327
vn 0.0678799897 -0.689197123 0.721387327
vn 0.135106251 -0.679225028 0.721387327
vn 0.201031372 -0.66271162 0.721387327
vn 0.201031372 -0.66271162 0.721387327
vn 0.135106251 -0.679225028 0.721387327
vn 0.201031372 -0.66271162 0.721387327
vn 0.26502046 -0.639815986 0.721387327
vn 0.26502046 -0.639815986 0.721387327
vn 0.201031372 -0.66271162 0.721387327
vn 0.26502046 -0.639815986 0.721387327
vn 0.326457232 -0.610758543 0.721387327
vn 0.326457232 -0.610758543 0.721387327
vn 0.26502046 -0.639815986 0.721387327
vn 0.326457232 -0.610758543 0.721387327
vn 0.384750068 -0.575819194 0.721387327
vn 0.384750068 -0.575819194 0.721387327
vn 0.326457232 -0.610758543 0.721387327
vn 0.384750068 -0.575819194 0.721387327
vn 0.439337552 -0.535334349 0.721387327
vn 0.439337552 -0.535334349 0.721387327
vn 0.384750068 -0.575819194 0.721387327
vn 0.439337552 -0.535334349 0.721387327
vn 0.48969394 -0.48969394 0.721387327
vn 0.48969394 -0.48969394 0.721387327
vn 0.439337552 -0.535334349 0.721387327
vn 0.48969394 -0.48969394 0.721387327
vn 0.535334349 -0.439337552 0.721387327
vn 0.535334349 -0.439337552 0.721387327
vn 0.48969394 -0.48969394 0.721387327
vn 0.535334349 -0.439337552 0.721387327
vn 0.575819194 -0.384750068 0.721387327
vn 0.575819194 -0.384750068 0.721387327
vn 0.535334349 -0.439337552 0.721387327
vn 0.575819194 -0.384750068 0.721387327
vn 0.610758543 -0.326457232 0.721387327
vn 0.610758543 -0.326457232 0.721387327
vn 0.575819194 -0.384750068 0.721387327
vn 0.610758543 -0.326457232 0.721387327
vn 0.639815986 -0.26502046 0.721387327
vn 0.639815986 -0.26502046 0.721387327
vn 0.610758543 -0.326457232 0.721387327
vn 0.639815986 -0.26502046 0.721387327
vn 0.66271162 -0.201031372 0.721387327
vn 0.66271162 -0.201031372 0.721387327
vn 0.639815986 -0.26502046 0.721387327
vn 0.66271162 -0.201031372 0.721387327
vn 0.679225028 -0.135106251 0.721387327
vn 0.679225028 -0.135106251 0.721387327
vn 0.66271162 -0.201031372 0.721387327
vn 0.679225028 -0.135106251 0.721387327
vn 0.689197123 -0.0678799897 0.721387327
vn 0.689197123 -0.0678799897 0.721387327
vn 0.679225028 -0.135106251 0.721387327
vn 0.689197123 -0.0678799897 0.721387327
vn 0.692531824 -1.69621378e-16 0.721387327
vn 0.692531824 -1.69621378e-16 0.721387327
vn 0.689197123 -0.0678799897 0.721387327
vn 0 0 1
vn 0 0 1
vn 0 0 1
vn 0 0 1
vn 0 0 1
vn 0 0 1
vn 0 0 1
vn 0 0 1
vn 0 0 1
vn 0 0 1
vn 0 0 1
vn 0 0 1
vn 0 0 1
vn 0 0 1
vn 0 0 1
vn 0 0 1
vn 0 0 1
vn 0 0 1
vn 0 0 1
vn 0 0 1
vn 0 0 1
vn 0 0 1
vn 0 0 1
vn 0 0 1
vn 0 0 1
vn 0 0 1
vn 0 0 1
vn 0 0 1
vn 0 0 1
vn 0 0 1
vn 0 0 1
vn 0 0 1
vn 0 0 1
vn 0 0 1
vn 0 0 1
vn 0 0 1
vn 0 0 1
vn 0 0 1
vn 0 0 1
vn 0 0 1
vn 0 0 1
vn 0 0 1
vn 0 0 1
vn 0 0 1
vn 0 0 1
vn 0 0 1
vn 0 0 1
vn 0 0 1
vn 0 0 1
vn 0 0 1
vn 0 0 1
vn 0 0 1
vn 0 0 1
vn 0 0 1
vn 0 0 1
vn 0 0 1
vn 0 0 1
vn 0 0 1
vn 0 0 1
vn 0 0 1
vn 0 0 1
vn 0 0 1
vn 0 0 1
vn 0 0 1
vn 0 0 1
vn -0 0 1
vn -0 0 1
vn 0 0 1
vn -0 0 1
vn -0 0 1
vn -0 0 1
vn -0 0 1
vn -0 0 1
vn -0 0 1
vn -0 0 1
vn -0 0 1
vn -0 0 1
vn -0 0 1
vn -0 0 1
vn -0 0 1
vn -0 0 1
vn -0 0 1
vn -0 0 1
vn -0 0 1
vn -0 0 1
vn -0 0 1
vn -0 0 1
vn -0 0 1
vn -0 0 1
vn -0 0 1
vn -0 0 1
vn -0 0 1
vn -0 0 1
vn -0 0 1
vn -0 0 1
vn -0 0 1
vn -0 0 1
vn -0 0 1
vn -0 0 1
vn -0 0 1
vn -0 0 1
vn -0 0 1
vn -0 0 1
vn -0 0 1
vn -0 0 1
vn -0 0 1
vn -0 0 1
vn -0 0 1
vn -0 0 1
vn -0 0 1
vn -0 0 1
vn -0 0 1
vn -0 0 1
vn -0 0 1
vn -0 0 1
vn -0 0 1
vn -0 0 1
vn -0 0 1
vn -0 0 1
vn -0 0 1
vn -0 0 1
vn -0 0 1
vn -0 0 1
vn -0 0 1
vn -0 0 1
vn -0 0 1
vn -0 0 1
vn -0 0 1
vn -0 0 1
vn -0 -0 1
vn -0 -0 1
vn -0 0 1
vn -0 -0 1
vn -0 -0 1
vn -0 -0 1
vn -0 -0 1
vn -0 -0 1
vn -0 -0 1
vn -0 -0 1
vn -0 -0 1
vn -0 -0 1
vn -0 -0 1
vn -0 -0 1
vn -0 -0 1
vn -0 -0 1
vn -0 -0 1
vn -0 -0 1
vn -0 -0 1
vn -0 -0 1
vn -0 -0 1
vn -0 -0 1
vn -0 -0 1
vn -0 -0 1
vn -0 -0 1
vn -0 -0 1
vn -0 -0 1
vn -0 -0 1
vn -0 -0 1
vn -0 -0 1
vn -0 -0 1
vn -0 -0 1
vn -0 -0 1
vn -0 -0 1
vn -0 -0 1
vn -0 -0 1
vn -0 -0 1
vn -0 -0 1
vn -0 -0 1
vn -0 -0 1
vn -0 -0 1
vn -0 -0 1
vn -0 -0 1
vn -0 -0 1
vn -0 -0 1
vn -0 -0 1
vn -0 -0 1
vn -0 -0 1
vn -0 -0 1
vn -0 -0 1
vn -0 -0 1
vn -0 -0 1
vn -0 -0 1
vn -0 -0 1
vn -0 -0 1
vn -0 -0 1
vn -0 -0 1
vn -0 -0 1
vn -0 -0 1
vn -0 -0 1
vn -0 -0 1
vn -0 -0 1
vn -0 -0 1
vn -0 -0 1
vn 0 -0 1
vn 0 -0 1
vn -0 -0 1
vn 0 -0 1
vn 0 -0 1
vn 0 -0 1
vn 0 -0 1
vn 0 -0 1
vn 0 -0 1
vn 0 -0 1
vn 0 -0 1
vn 0 -0 1
vn 0 -0 1
vn 0 -0 1
vn 0 -0 1
vn 0 -0 1
vn 0 -0 1
vn 0 -0 1
vn 0 -0 1
vn 0 -0 1
vn 0 -0 1
vn 0 -0 1
vn 0 -0 1
vn 0 -0 1
vn 0 -0 1
vn 0 -0 1
vn 0 -0 1
vn 0 -0 1
vn 0 -0 1
vn 0 -0 1
vn 0 -0 1
vn 0 -0 1
vn 0 -0 1
vn 0 -0 1
vn 0 -0 1
vn 0 -0 1
vn 0 -0 1
vn 0 -0 1
vn 0 -0 1
vn 0 -0 1
vn 0 -0 1
vn 0 -0 1
vn 0 -0 1
vn 0 -0 1
vn 0 -0 1
vn 0 -0 1
vn 0 -0 1
vn 0 -0 1
vn 0 -0 1
vn 0 -0 1
vn 0 -0 1
vn 0 -0 1
vn 0 -0 1
vn 0 -0 1
vn 0 -0 1
vn 0 -0 1
vn 0 -0 1
vn 0 -0 1
vn 0 -0 1
vn 0 -0 1
vn 0 -0 1
vn 0 -0 1
vn 0 -0 1
vn -0.654930532 -0 0.755689085
vn -0.65177685 -0.0641944185 0.755689085
vn -0.65177685 -0.0641944185 0.755689085
vn -0.654930532 -0 0.755689085
vn -0.65177685 -0.0641944185 0.755689085
vn -0.642346203 -0.127770603 0.755689085
vn -0.642346203 -0.127770603 0.755689085
vn -0.65177685 -0.0641944185 0.755689085
vn -0.642346203 -0.127770603 0.755689085
vn -0.626729429 -0.190116301 0.755689085
vn -0.626729429 -0.190116301 0.755689085
vn -0.642346203 -0.127770603 0.755689085
vn -0.626729429 -0.190116301 0.755689085
vn -0.605076909 -0.250631064 0.755689085
vn -0.605076909 -0.250631064 0.755689085
vn -0.626729429 -0.190116301 0.755689085
vn -0.605076909 -0.250631064 0.755689085
vn -0.577597141 -0.308732122 0.755689085
vn -0.577597141 -0.308732122 0.755689085
vn -0.605076909 -0.250631064 0.755689085
vn -0.577597141 -0.308732122 0.755689085
vn -0.54455483 -0.363859922 0.755689085
vn -0.54455483 -0.363859922 0.755689085
vn -0.577597141 -0.308732122 0.755689085
vn -0.54455483 -0.363859922 0.755689085
vn -0.506268144 -0.415483534 0.755689085
vn -0.506268144 -0.415483534 0.755689085
vn -0.54455483 -0.363859922 0.755689085
vn -0.506268144 -0.415483534 0.755689085
vn -0.463105828 -0.463105828 0.755689085
vn -0.463105828 -0.463105828 0.755689085
vn -0.506268144 -0.415483534 0.755689085
vn -0.463105828 -0.463105828 0.755689085
vn -0.415483534 -0.506268144 0.755689085
vn -0.415483534 -0.506268144 0.755689085
vn -0.463105828 -0.463105828 0.755689085
vn -0.415483534 -0.506268144 0.755689085
vn -0.363859922 -0.54455483 0.755689085
vn -0.363859922 -0.54455483 0.755689085
vn -0.415483534 -0.506268144 0.755689085
vn -0.363859922 -0.54455483 0.755689085
vn -0.308732122 -0.577597141 0.755689085
vn -0.308732122 -0.577597141 0.755689085
vn -0.363859922 -0.54455483 0.755689085
vn -0.308732122 -0.577597141 0.755689085
vn -0.250631064 -0.605076909 0.755689085
vn -0.250631064 -0.605076909 0.755689085
vn -0.308732122 -0.577597141 0.755689085
vn -0.250631064 -0.605076909 0.755689085
vn -0.190116301 -0.626729429 0.755689085
vn -0.190116301 -0.626729429 0.755689085
vn -0.250631064 -0.605076909 0.755689085
vn -0.190116301 -0.626729429 0.755689085
vn -0.127770603 -0.642346203 0.755689085
vn -0.127770603 -0.642346203 0.755689085
vn -0.190116301 -0.626729429 0.755689085
vn -0.127770603 -0.642346203 0.755689085
vn -0.0641944185 -0.65177685 0.755689085
vn -0.0641944185 -0.65177685 0.755689085
vn -0.127770603 -0.642346203 0.755689085
vn -0.0641944185 -0.65177685 0.755689085
vn -4.01029304e-17 -0.654930532 0.755689085
vn -4.01029304e-17 -0.654930532 0.755689085
vn -0.0641944185 -0.65177685 0.755689085
vn -4.01029304e-17 -0.654930532 0.755689085
vn 0.0641944185 -0.65177685 0.755689085
vn 0.0641944185 -0.65177685 0.755689085
vn -4.01029304e-17 -0.654930532 0.755689085
vn 0.0641944185 -0.65177685 0.755689085
vn 0.127770603 -0.642346203 0.755689085
vn 0.127770603 -0.642346203 0.755689085
vn 0.0641944185 -0.65177685 0.755689085
vn 0.127770603 -0.642346203 0.755689085
vn 0.190116301 -0.626729429 0.755689085
vn 0.190116301 -0.626729429 0.755689085
vn 0.127770603 -0.642346203 0.755689085
vn 0.190116301 -0.626729429 0.755689085
vn 0.250631064 -0.605076909 0.755689085
vn 0.250631064 -0.605076909 0.755689085
vn 0.190116301 -0.626729429 0.755689085
vn 0.250631064 -0.605076909 0.755689085
vn 0.308732122 -0.577597141 0.755689085
vn 0.308732122 -0.577597141 0.755689085
vn 0.250631064 -0.605076909 0.755689085
vn 0.308732122 -0.577597141 0.755689085
vn 0.363859922 -0.54455483 0.755689085
vn 0.363859922 -0.54455483 0.755689085
vn 0.308732122 -0.577597141 0.755689085
vn 0.363859922 -0.54455483 0.755689085
vn 0.415483534 -0.506268144 0.755689085
vn 0.415483534 -0.506268144 0.755689085
vn 0.363859922 -0.54455483 0.755689085
vn 0.415483534 -0.506268144 0.755689085
vn 0.463105828 -0.463105828 0.755689085
vn 0.463105828 -0.463105828 0.755689085
vn 0.415483534 -0.506268144 0.755689085
vn 0.463105828 -0.463105828 0.755689085
vn 0.506268144 -0.415483534 0.755689085
vn 0.506268144 -0.415483534 0.755689085
vn 0.463105828 -0.463105828 0.755689085
vn 0.506268144 -0.415483534 0.755689085
vn 0.54455483 -0.363859922 0.755689085
vn 0.54455483 -0.363859922 0.755689085
vn 0.506268144 -0.415483534 0.755689085
vn 0.54455483 -0.363859922 0.755689085
vn 0.577597141 -0.308732122 0.755689085
vn 0.577597141 -0.308732122 0.755689085
vn 0.54455483 -0.363859922 0.755689085
vn 0.577597141 -0.308732122 0.755689085
vn 0.605076909 -0.250631064 0.755689085
vn 0.605076909 -0.250631064 0.755689085
vn 0.577597141 -0.308732122 0.755689085
vn 0.605076909 -0.250631064 0.755689085
vn 0.626729429 -0.190116301 0.755689085
vn 0.626729429 -0.190116301 0.755689085
vn 0.605076909 -0.250631064 0.755689085
vn 0.626729429 -0.190116301 0.755689085
vn 0.642346203 -0.127770603 0.755689085
vn 0.642346203 -0.127770603 0.755689085
vn 0.626729429 -0.190116301 0.755689085
vn 0.642346203 -0.127770603 0.755689085
vn 0.65177685 -0.0641944185 0.755689085
vn 0.65177685 -0.0641944185 0.755689085
vn 0.642346203 -0.127770603 0.755689085
vn 0.65177685 -0.0641944185 0.755689085
vn 0.654930532 -8.02058608e-17 0.755689085
vn 0.654930532 -8.02058608e-17 0.755689085
vn 0.65177685 -0.0641944185 0.755689085
vn 0.654930532 -8.02058608e-17 0.755689085
vn 0.65177685 0.0641944185 0.755689085
vn 0.65177685 0.0641944185 0.755689085
vn 0.654930532 -8.02058608e-17 0.755689085
vn 0.65177685 0.0641944185 0.755689085
vn 0.642346203 0.127770603 0.755689085
vn 0.642346203 0.127770603 0.755689085
vn 0.65177685 0.0641944185 0.755689085
vn 0.642346203 0.127770603 0.755689085
vn 0.626729429 0.190116301 0.755689085
vn 0.626729429 0.190116301 0.755689085
vn 0.642346203 0.127770603 0.755689085
vn 0.626729429 0.190116301 0.755689085
vn 0.605076909 0.250631064 0.755689085
vn 0.605076909 0.250631064 0.755689085
vn 0.626729429 0.190116301 0.755689085
vn 0.605076909 0.250631064 0.755689085
vn 0.577597141 0.308732122 0.755689085
vn 0.577597141 0.308732122 0.755689085
vn 0.605076909 0.250631064 0.755689085
vn 0.577597141 0.308732122 0.755689085
vn 0.54455483 0.363859922 0.755689085
vn 0.54455483 0.363859922 0.755689085
vn 0.577597141 0.308732122 0.755689085
vn 0.54455483 0.363859922 0.755689085
vn 0.506268144 0.415483534 0.755689085
vn 0.506268144 0.415483534 0.755689085
vn 0.54455483 0.363859922 0.755689085
vn 0.506268144 0.415483534 0.755689085
vn 0.463105828 0.463105828 0.755689085
vn 0.463105828 0.463105828 0.755689085
vn 0.506268144 0.415483534 0.755689085
vn 0.463105828 0.463105828 0.755689085
vn 0.415483534 0.506268144 0.755689085
vn 0.415483534 0.506268144 0.755689085
vn 0.463105828 0.463105828 0.755689085
vn 0.415483534 0.506268144 0.755689085
vn 0.363859922 0.54455483 0.755689085
vn 0.363859922 0.54455483 0.755689085
vn 0.415483534 0.506268144 0.755689085
vn 0.363859922 0.54455483 0.755689085
vn 0.308732122 0.577597141 0.755689085
vn 0.308732122 0.577597141 0.755689085
vn 0.363859922 0.54455483 0.755689085
vn 0.308732122 0.577597141 0.755689085
vn 0.250631064 0.605076909 0.755689085
vn 0.250631064 0.605076909 0.755689085
vn 0.308732122 0.577597141 0.755689085
vn 0.250631064 0.605076909 0.755689085
vn 0.190116301 0.626729429 0.755689085
vn 0.190116301 0.626729429 0.755689085
vn 0.250631064 0.605076909 0.755689085
vn 0.190116301 0.626729429 0.755689085
vn 0.127770603 0.642346203 0.755689085
vn 0.127770603 0.642346203 0.755689085
vn 0.190116301 0.626729429 0.755689085
vn 0.127770603 0.642346203 0.755689085
vn 0.0641944185 0.65177685 0.755689085
vn 0.0641944185 0.65177685 0.755689085
vn 0.127770603 0.642346203 0.755689085
vn 0.0641944185 0.65177685 0.755689085
vn 1.20308788e-16 0.654930532 0.755689085
vn 1.20308788e-16 0.654930532 0.755689085
vn 0.0641944185 0.65177685 0.755689085
vn 1.20308788e-16 0.654930532 0.755689085
vn -0.0641944185 0.65177685 0.755689085
vn -0.0641944185 0.65177685 0.755689085
vn 1.20308788e-16 0.654930532 0.755689085
vn -0.0641944185 0.65177685 0.755689085
vn -0.127770603 0.642346203 0.755689085
vn -0.127770603 0.642346203 0.755689085
vn -0.0641944185 0.65177685 0.755689085
vn -0.127770603 0.642346203 0.755689085
vn -0.190116301 0.626729429 0.755689085
vn -0.190116301 0.626729429 0.755689085
vn -0.127770603 0.642346203 0.755689085
vn -0.190116301 0.626729429 0.755689085
vn -0.250631064 0.605076909 0.755689085
vn -0.250631064 0.605076909 0.755689085
vn -0.190116301 0.626729429 0.755689085
vn -0.250631064 0.605076909 0.755689085
vn -0.308732122 0.577597141 0.755689085
vn -0.308732122 0.577597141 0.755689085
vn -0.250631064 0.605076909 0.755689085
vn -0.308732122 0.577597141 0.755689085
vn -0.363859922 0.54455483 0.755689085
vn -0.363859922 0.54455483 0.755689085
vn -0.308732122 0.577597141 0.755689085
vn -0.363859922 0.54455483 0.755689085
vn -0.415483534 0.506268144 0.755689085
vn -0.415483534 0.506268144 0.755689085
vn -0.363859922 0.54455483 0.755689085
vn -0.415483534 0.506268144 0.755689085
vn -0.463105828 0.463105828 0.755689085
vn -0.463105828 0.463105828 0.755689085
vn -0.415483534 0.506268144 0.755689085
vn -0.463105828 0.463105828 0.755689085
vn -0.506268144 0.415483534 0.755689085
vn -0.506268144 0.415483534 0.755689085
vn -0.463105828 0.463105828 0.755689085
vn -0.506268144 0.415483534 0.755689085
vn -0.54455483 0.363859922 0.755689085
vn -0.54455483 0.363859922 0.755689085
vn -0.506268144 0.415483534 0.755689085
vn -0.54455483 0.363859922 0.755689085
vn -0.577597141 0.308732122 0.755689085
vn -0.577597141 0.308732122 0.755689085
vn -0.54455483 0.363859922 0.755689085
vn -0.577597141 0.308732122 0.755689085
vn -0.605076909 0.250631064 0.755689085
vn -0.605076909 0.250631064 0.755689085
vn -0.577597141 0.308732122 0.755689085
vn -0.605076909 0.250631064 0.755689085
vn -0.626729429 0.190116301 0.755689085
vn -0.626729429 0.190116301 0.755689085
vn -0.605076909 0.250631064 0.755689085
vn -0.626729429 0.190116301 0.755689085
vn -0.642346203 0.127770603 0.755689085
vn -0.642346203 0.127770603 0.755689085
vn -0.626729429 0.190116301 0.755689085
vn -0.642346203 0.127770603 0.755689085
vn -0.65177685 0.0641944185 0.755689085
vn -0.65177685 0.0641944185 0.755689085
vn -0.642346203 0.127770603 0.755689085
vn -0.65177685 0.0641944185 0.755689085
vn -0.654930532 1.60411722e-16 0.755689085
vn -0.654930532 1.60411722e-16 0.755689085
vn -0.65177685 0.0641944185 0.755689085
vn 0.911921501 0 0.410364687
vn 0.907530367 0.0893839374 0.410364687
vn 0.907530367 0.0893839374 0.410364687
vn 0.911921501 0 0.410364687
vn 0.907530367 0.0893839374 0.410364687
vn 0.894399166 0.177907065 0.410364687
vn 0.894399166 0.177907065 0.410364687
vn 0.907530367 0.0893839374 0.410364687
vn 0.894399166 0.177907065 0.410364687
vn 0.872654498 0.264716834 0.410364687
vn 0.872654498 0.264716834 0.410364687
vn 0.894399166 0.177907065 0.410364687
vn 0.872654498 0.264716834 0.410364687
vn 0.842505634 0.348977238 0.410364687
vn 0.842505634 0.348977238 0.410364687
vn 0.872654498 0.264716834 0.410364687
vn 0.842505634 0.348977238 0.410364687
vn 0.804242969 0.429876834 0.410364687
vn 0.804242969 0.429876834 0.410364687
vn 0.842505634 0.348977238 0.410364687
vn 0.804242969 0.429876834 0.410364687
vn 0.758235037 0.506636441 0.410364687
vn 0.758235037 0.506636441 0.410364687
vn 0.804242969 0.429876834 0.410364687
vn 0.758235037 0.506636441 0.410364687
vn 0.704924881 0.578516901 0.410364687
vn 0.704924881 0.578516901 0.410364687
vn 0.758235037 0.506636441 0.410364687
vn 0.704924881 0.578516901 0.410364687
vn 0.644825876 0.644825876 0.410364687
vn 0.644825876 0.644825876 0.410364687
vn 0.704924881 0.578516901 0.410364687
vn 0.644825876 0.644825876 0.410364687
vn 0.578516901 0.704924881 0.410364687
vn 0.578516901 0.704924881 0.410364687
vn 0.644825876 0.644825876 0.410364687
vn 0.578516901 0.704924881 0.410364687
vn 0.506636441 0.758235037 0.410364687
vn 0.506636441 0.758235037 0.410364687
vn 0.578516901 0.704924881 0.410364687
vn 0.506636441 0.758235037 0.410364687
vn 0.429876834 0.804242969 0.410364687
vn 0.429876834 0.804242969 0.410364687
vn 0.506636441 0.758235037 0.410364687
vn 0.429876834 0.804242969 0.410364687
vn 0.348977238 0.842505634 0.410364687
vn 0.348977238 0.842505634 0.410364687
vn 0.429876834 0.804242969 0.410364687
vn 0.348977238 0.842505634 0.410364687
vn 0.264716834 0.872654498 0.410364687
vn 0.264716834 0.872654498 0.410364687
vn 0.348977238 0.842505634 0.410364687
vn 0.264716834 0.872654498 0.410364687
vn 0.177907065 0.894399166 0.410364687
vn 0.177907065 0.894399166 0.410364687
vn 0.264716834 0.872654498 0.410364687
vn 0.177907065 0.894399166 0.410364687
vn 0.0893839374 0.907530367 0.410364687
vn 0.0893839374 0.907530367 0.410364687
vn 0.177907065 0.894399166 0.410364687
vn 0.0893839374 0.907530367 0.410364687
vn 5.58390853e-17 0.911921501 0.410364687
vn 5.58390853e-17 0.911921501 0.410364687
vn 0.0893839374 0.907530367 0.410364687
vn 5.58390853e-17 0.911921501 0.410364687
vn -0.0893839374 0.907530367 0.410364687
vn -0.0893839374 0.907530367 0.410364687
vn 5.58390853e-17 0.911921501 0.410364687
vn -0.0893839374 0.907530367 0.410364687
vn -0.177907065 0.894399166 0.410364687
vn -0.177907065 0.894399166 0.410364687
vn -0.0893839374 0.907530367 0.410364687
vn -0.177907065 0.894399166 0.410364687
vn -0.264716834 0.872654498 0.410364687
vn -0.264716834 0.872654498 0.410364687
vn -0.177907065 0.894399166 0.410364687
vn -0.264716834 0.872654498 0.410364687
vn -0.348977238 0.842505634 0.410364687
vn -0.348977238 0.842505634 0.410364687
vn -0.264716834 0.872654498 0.410364687
vn -0.348977238 0.842505634 0.410364687
vn -0.429876834 0.804242969 0.410364687
vn -0.429876834 0.804242969 0.410364687
vn -0.348977238 0.842505634 0.410364687
vn -0.429876834 0.804242969 0.410364687
vn -0.506636441 0.758235037 0.410364687
vn -0.506636441 0.758235037 0.410364687
vn -0.429876834 0.804242969 0.410364687
vn -0.506636441 0.758235037 0.410364687
vn -0.578516901 0.704924881 0.410364687
vn -0.578516901 0.704924881 0.410364687
vn -0.506636441 0.758235037 0.410364687
vn -0.578516901 0.704924881 0.410364687
vn -0.644825876 0.644825876 0.410364687
vn -0.644825876 0.644825876 0.410364687
vn -0.578516901 0.704924881 0.410364687
vn -0.644825876 0.644825876 0.410364687
vn -0.704924881 0.578516901 0.410364687
vn -0.704924881 0.578516901 0.410364687
vn -0.644825876 0.644825876 0.410364687
vn -0.704924881 0.578516901 0.410364687
vn -0.758235037 0.506636441 0.410364687
vn -0.758235037 0.506636441 0.410364687
vn -0.704924881 0.578516901 0.410364687
vn -0.758235037 0.506636441 0.410364687
vn -0.804242969 0.429876834 0.410364687
vn -0.804242969 0.429876834 0.410364687
vn -0.758235037 0.506636441 0.410364687
vn -0.804242969 0.429876834 0.410364687
vn -0.842505634 0.348977238 0.410364687
vn -0.842505634 0.348977238 0.410364687
vn -0.804242969 0.429876834 0.410364687
vn -0.842505634 0.348977238 0.410364687
vn -0.872654498 0.264716834 0.410364687
vn -0.872654498 0.264716834 0.410364687
vn -0.842505634 0.348977238 0.410364687
vn -0.872654498 0.264716834 0.410364687
vn -0.894399166 0.177907065 0.410364687
vn -0.894399166 0.177907065 0.410364687
vn -0.872654498 0.264716834 0.410364687
vn -0.894399166 0.177907065 0.410364687
vn -0.907530367 0.0893839374 0.410364687
vn -0.907530367 0.0893839374 0.410364687
vn -0.894399166 0.177907065 0.410364687
vn -0.907530367 0.0893839374 0.410364687
vn -0.911921501 1.11678171e-16 0.410364687
vn -0.911921501 1.11678171e-16 0.410364687
vn -0.907530367 0.0893839374 0.410364687
vn -0.911921501 1.11678171e-16 0.410364687
vn -0.907530367 -0.0893839374 0.410364687
vn -0.907530367 -0.0893839374 0.410364687
vn -0.911921501 1.11678171e-16 0.410364687
vn -0.907530367 -0.0893839374 0.410364687
vn -0.894399166 -0.177907065 0.410364687
vn -0.894399166 -0.177907065 0.410364687
vn -0.907530367 -0.0893839374 0.410364687
vn -0.894399166 -0.177907065 0.410364687
vn -0.872654498 -0.264716834 0.410364687
vn -0.872654498 -0.264716834 0.410364687
vn -0.894399166 -0.177907065 0.410364687
vn -0.872654498 -0.264716834 0.410364687
vn -0.842505634 -0.348977238 0.410364687
vn -0.842505634 -0.348977238 0.410364687
vn -0.872654498 -0.264716834 0.410364687
vn -0.842505634 -0.348977238 0.410364687
vn -0.804242969 -0.429876834 0.410364687
vn -0.804242969 -0.429876834 0.410364687
vn -0.842505634 -0.348977238 0.410364687
vn -0.804242969 -0.429876834 0.410364687
vn -0.758235037 -0.506636441 0.410364687
vn -0.758235037 -0.506636441 0.410364687
vn -0.804242969 -0.429876834 0.410364687
vn -0.758235037 -0.506636441 0.410364687
vn -0.704924881 -0.578516901 0.410364687
vn -0.704924881 -0.578516901 0.410364687
vn -0.758235037 -0.506636441 0.410364687
vn -0.704924881 -0.578516901 0.410364687
vn -0.644825876 -0.644825876 0.410364687
vn -0.644825876 -0.644825876 0.410364687
vn -0.704924881 -0.578516901 0.410364687
vn -0.644825876 -0.644825876 0.410364687
vn -0.578516901 -0.704924881 0.410364687
vn -0.578516901 -0.704924881 0.410364687
vn -0.644825876 -0.644825876 0.410364687
vn -0.578516901 -0.704924881 0.410364687
vn -0.506636441 -0.758235037 0.410364687
vn -0.506636441 -0.758235037 0.410364687
vn -0.578516901 -0.704924881 0.410364687
vn -0.506636441 -0.758235037 0.410364687
vn -0.429876834 -0.804242969 0.410364687
vn -0.429876834 -0.804242969 0.410364687
vn -0.506636441 -0.758235037 0.410364687
vn -0.429876834 -0.804242969 0.410364687
vn -0.348977238 -0.842505634 0.410364687
vn -0.348977238 -0.842505634 0.410364687
vn -0.429876834 -0.804242969 0.410364687
vn -0.348977238 -0.842505634 0.410364687
vn -0.264716834 -0.872654498 0.410364687
vn -0.264716834 -0.872654498 0.410364687
vn -0.348977238 -0.842505634 0.410364687
vn -0.264716834 -0.872654498 0.410364687
vn -0.177907065 -0.894399166 0.410364687
vn -0.177907065 -0.894399166 0.410364687
vn -0.264716834 -0.872654498 0.410364687
vn -0.177907065 -0.894399166 0.410364687
vn -0.0893839374 -0.907530367 0.410364687
vn -0.0893839374 -0.907530367 0.410364687
vn -0.177907065 -0.894399166 0.410364687
vn -0.0893839374 -0.907530367 0.410364687
vn -1.67517269e-16 -0.911921501 0.410364687
vn -1.67517269e-16 -0.911921501 0.410364687
vn -0.0893839374 -0.907530367 0.410364687
vn -1.67517269e-16 -0.911921501 0.410364687
vn 0.0893839374 -0.907530367 0.410364687
vn 0.0893839374 -0.907530367 0.410364687
vn -1.67517269e-16 -0.911921501 0.410364687
vn 0.0893839374 -0.907530367 0.410364687
vn 0.177907065 -0.894399166 0.410364687
vn 0.177907065 -0.894399166 0.410364687
vn 0.0893839374 -0.907530367 0.410364687
vn 0.177907065 -0.894399166 0.410364687
vn 0.264716834 -0.872654498 0.410364687
vn 0.264716834 -0.872654498 0.410364687
vn 0.177907065 -0.894399166 0.410364687
vn 0.264716834 -0.872654498 0.410364687
vn 0.348977238 -0.842505634 0.410364687
vn 0.348977238 -0.842505634 0.410364687
vn 0.264716834 -0.872654498 0.410364687
vn 0.348977238 -0.842505634 0.410364687
vn 0.429876834 -0.804242969 0.410364687
vn 0.429876834 -0.804242969 0.410364687
vn 0.348977238 -0.842505634 0.410364687
vn 0.429876834 -0.804242969 0.410364687
vn 0.506636441 -0.758235037 0.410364687
vn 0.506636441 -0.758235037 0.410364687
vn 0.429876834 -0.804242969 0.410364687
vn 0.506636441 -0.758235037 0.410364687
vn 0.578516901 -0.704924881 0.410364687
vn 0.578516901 -0.704924881 0.410364687
vn 0.506636441 -0.758235037 0.410364687
vn 0.578516901 -0.704924881 0.410364687
vn 0.644825876 -0.644825876 0.410364687
vn 0.644825876 -0.644825876 0.410364687
vn 0.578516901 -0.704924881 0.410364687
vn 0.644825876 -0.644825876 0.410364687
vn 0.704924881 -0.578516901 0.410364687
vn 0.704924881 -0.578516901 0.410364687
vn 0.644825876 -0.644825876 0.410364687
vn 0.704924881 -0.578516901 0.410364687
vn 0.758235037 -0.506636441 0.410364687
vn 0.758235037 -0.506636441 0.410364687
vn 0.704924881 -0.578516901 0.410364687
vn 0.758235037 -0.506636441 0.410364687
vn 0.804242969 -0.429876834 0.410364687
vn 0.804242969 -0.429876834 0.410364687
vn 0.758235037 -0.506636441 0.410364687
vn 0.804242969 -0.429876834 0.410364687
vn 0.842505634 -0.348977238 0.410364687
vn 0.842505634 -0.348977238 0.410364687
vn 0.804242969 -0.429876834 0.410364687
vn 0.842505634 -0.348977238 0.410364687
vn 0.872654498 -0.264716834 0.410364687
vn 0.872654498 -0.264716834 0.410364687
vn 0.842505634 -0.348977238 0.410364687
vn 0.872654498 -0.264716834 0.410364687
vn 0.894399166 -0.177907065 0.410364687
vn 0.894399166 -0.177907065 0.410364687
vn 0.872654498 -0.264716834 0.410364687
vn 0.894399166 -0.177907065 0.410364687
vn 0.907530367 -0.0893839374 0.410364687
vn 0.907530367 -0.0893839374 0.410364687
vn 0.894399166 -0.177907065 0.410364687
vn 0.907530367 -0.0893839374 0.410364687
vn 0.911921501 -2.23356341e-16 0.410364687
vn 0.911921501 -2.23356341e-16 0.410364687
vn 0.907530367 -0.0893839374 0.410364687
vn 0 0 1
vn 0 0 1
vn 0 0 1
vn 0 0 1
vn 0 0 1
vn 0 0 1
vn 0 0 1
vn 0 0 1
vn 0 0 1
vn 0 0 1
vn 0 0 1
vn 0 0 1
vn 0 0 1
vn 0 0 1
vn 0 0 1
vn 0 0 1
vn 0 0 1
vn 0 0 1
vn 0 0 1
vn 0 0 1
vn 0 0 1
vn 0 0 1
vn 0 0 1
vn 0 0 1
vn 0 0 1
vn 0 0 1
vn 0 0 1
vn 0 0 1
vn 0 0 1
vn 0 0 1
vn 0 0 1
vn 0 0 1
vn 0 0 1
vn 0 0 1
vn 0 0 1
vn 0 0 1
vn 0 0 1
vn 0 0 1
vn 0 0 1
vn 0 0 1
vn 0 0 1
vn 0 0 1
vn 0 0 1
vn 0 0 1
vn 0 0 1
vn 0 0 1
vn 0 0 1
vn 0 0 1
vn 0 0 1
vn 0 0 1
vn 0 0 1
vn 0 0 1
vn 0 0 1
vn 0 0 1
vn 0 0 1
vn 0 0 1
vn 0 0 1
vn 0 0 1
vn 0 0 1
vn 0 0 1
vn 0 0 1
vn 0 0 1
vn 0 0 1
vn 0 0 1
vn 0 0 1
vn -0 0 1
vn -0 0 1
vn 0 0 1
vn -0 0 1
vn -0 0 1
vn -0 0 1
vn -0 0 1
vn -0 0 1
vn -0 0 1
vn -0 0 1
vn -0 0 1
vn -0 0 1
vn -0 0 1
vn -0 0 1
vn -0 0 1
vn -0 0 1
vn -0 0 1
vn -0 0 1
vn -0 0 1
vn -0 0 1
vn -0 0 1
vn -0 0 1
vn -0 0 1
vn -0 0 1
vn -0 0 1
vn -0 0 1
vn -0 0 1
vn -0 0 1
vn -0 0 1
vn -0 0 1
vn -0 0 1
vn -0 0 1
vn -0 0 1
vn -0 0 1
vn -0 0 1
vn -0 0 1
vn -0 0 1
vn -0 0 1
vn -0 0 1
vn -0 0 1
vn -0 0 1
vn -0 0 1
vn -0 0 1
vn -0 0 1
vn -0 0 1
vn -0 0 1
vn -0 0 1
vn -0 0 1
vn -0 0 1
vn -0 0 1
vn -0 0 1
vn -0 0 1
vn -0 0 1
vn -0 0 1
vn -0 0 1
vn -0 0 1
vn -0 0 1
vn -0 0 1
vn -0 0 1
vn -0 0 1
vn -0 0 1
vn -0 0 1
vn -0 0 1
vn -0 0 1
vn -0 -0 1
vn -0 -0 1
vn -0 0 1
vn -0 -0 1
vn -0 -0 1
vn -0 -0 1
vn -0 -0 1
vn -0 -0 1
vn -0 -0 1
vn -0 -0 1
vn -0 -0 1
vn -0 -0 1
vn -0 -0 1
vn -0 -0 1
vn -0 -0 1
vn -0 -0 1
vn -0 -0 1
vn -0 -0 1
vn -0 -0 1
vn -0 -0 1
vn -0 -0 1
vn -0 -0 1
vn -0 -0 1
vn -0 -0 1
vn -0 -0 1
vn -0 -0 1
vn -0 -0 1
vn -0 -0 1
vn -0 -0 1
vn -0 -0 1
vn -0 -0 1
vn -0 -0 1
vn -0 -0 1
vn -0 -0 1
vn -0 -0 1
vn -0 -0 1
vn -0 -0 1
vn -0 -0 1
vn -0 -0 1
vn -0 -0 1
vn -0 -0 1
vn -0 -0 1
vn -0 -0 1
vn -0 -0 1
vn -0 -0 1
vn -0 -0 1
vn -0 -0 1
vn -0 -0 1
vn -0 -0 1
vn -0 -0 1
vn -0 -0 1
vn -0 -0 1
vn -0 -0 1
vn -0 -0 1
vn -0 -0 1
vn -0 -0 1
vn -0 -0 1
vn -0 -0 1
vn -0 -0 1
vn -0 -0 1
vn -0 -0 1
vn -0 -0 1
vn -0 -0 1
vn -0 -0 1
vn 0 -0 1
vn 0 -0 1
vn -0 -0 1
vn 0 -0 1
vn 0 -0 1
vn 0 -0 1
vn 0 -0 1
vn 0 -0 1
vn 0 -0 1
vn 0 -0 1
vn 0 -0 1
vn 0 -0 1
vn 0 -0 1
vn 0 -0 1
vn 0 -0 1
vn 0 -0 1
vn 0 -0 1
vn 0 -0 1
vn 0 -0 1
vn 0 -0 1
vn 0 -0 1
vn 0 -0 1
vn 0 -0 1
vn 0 -0 1
vn 0 -0 1
vn 0 -0 1
vn 0 -0 1
vn 0 -0 1
vn 0 -0 1
vn 0 -0 1
vn 0 -0 1
vn 0 -0 1
vn 0 -0 1
vn 0 -0 1
vn 0 -0 1
vn 0 -0 1
vn 0 -0 1
vn 0 -0 1
vn 0 -0 1
vn 0 -0 1
vn 0 -0 1
vn 0 -0 1
vn 0 -0 1
vn 0 -0 1
vn 0 -0 1
vn 0 -0 1
vn 0 -0 1
vn 0 -0 1
vn 0 -0 1
vn 0 -0 1
vn 0 -0 1
vn 0 -0 1
vn 0 -0 1
vn 0 -0 1
vn 0 -0 1
vn 0 -0 1
vn 0 -0 1
vn 0 -0 1
vn 0 -0 1
vn 0 -0 1
vn 0 -0 1
vn 0 -0 1
vn 0 -0 1
vn -0.817806423 -0 0.575493395
vn -0.813868463 -0.0801590458 0.575493395
vn -0.813868463 -0.0801590458 0.575493395
vn -0.817806423 -0 0.575493395
vn -0.813868463 -0.0801590458 0.575493395
vn -0.802092493 -0.159546122 0.575493395
vn -0.802092493 -0.159546122 0.575493395
vn -0.813868463 -0.0801590458 0.575493395
vn -0.802092493 -0.159546122 0.575493395
vn -0.782591939 -0.237396672 0.575493395
vn -0.782591939 -0.237396672 0.575493395
vn -0.802092493 -0.159546122 0.575493395
vn -0.782591939 -0.237396672 0.575493395
vn -0.755554616 -0.312960982 0.575493395
vn -0.755554616 -0.312960982 0.575493395
vn -0.782591939 -0.237396672 0.575493395
vn -0.755554616 -0.312960982 0.575493395
vn -0.721240878 -0.385511279 0.575493395
vn -0.721240878 -0.385511279 0.575493395
vn -0.755554616 -0.312960982 0.575493395
vn -0.721240878 -0.385511279 0.575493395
vn -0.679981172 -0.454348892 0.575493395
vn -0.679981172 -0.454348892 0.575493395
vn -0.721240878 -0.385511279 0.575493395
vn -0.679981172 -0.454348892 0.575493395
vn -0.632172883 -0.518810928 0.575493395
vn -0.632172883 -0.518810928 0.575493395
vn -0.679981172 -0.454348892 0.575493395
vn -0.632172883 -0.518810928 0.575493395
vn -0.578276455 -0.578276455 0.575493395
vn -0.578276455 -0.578276455 0.575493395
vn -0.632172883 -0.518810928 0.575493395
vn -0.578276455 -0.578276455 0.575493395
vn -0.518810928 -0.632172883 0.575493395
vn -0.518810928 -0.632172883 0.575493395
vn -0.578276455 -0.578276455 0.575493395
vn -0.518810928 -0.632172883 0.575493395
vn -0.454348892 -0.679981172 0.575493395
vn -0.454348892 -0.679981172 0.575493395
vn -0.518810928 -0.632172883 0.575493395
vn -0.454348892 -0.679981172 0.575493395
vn -0.385511279 -0.721240878 0.575493395
vn -0.385511279 -0.721240878 0.575493395
vn -0.454348892 -0.679981172 0.575493395
vn -0.385511279 -0.721240878 0.575493395
vn -0.312960982 -0.755554616 0.575493395
vn -0.312960982 -0.755554616 0.575493395
vn -0.385511279 -0.721240878 0.575493395
vn -0.312960982 -0.755554616 0.575493395
vn -0.237396672 -0.782591939 0.575493395
vn -0.237396672 -0.782591939 0.575493395
vn -0.312960982 -0.755554616 0.575493395
vn -0.237396672 -0.782591939 0.575493395
vn -0.159546122 -0.802092493 0.575493395
vn -0.159546122 -0.802092493 0.575493395
vn -0.237396672 -0.782591939 0.575493395
vn -0.159546122 -0.802092493 0.575493395
vn -0.0801590458 -0.813868463 0.575493395
vn -0.0801590458 -0.813868463 0.575493395
vn -0.159546122 -0.802092493 0.575493395
vn -0.0801590458 -0.813868463 0.575493395
vn -5.00762007e-17 -0.817806423 0.575493395
vn -5.00762007e-17 -0.817806423 0.575493395
vn -0.0801590458 -0.813868463 0.575493395
vn -5.00762007e-17 -0.817806423 0.575493395
vn 0.0801590458 -0.813868463 0.575493395
vn 0.0801590458 -0.813868463 0.575493395
vn -5.00762007e-17 -0.817806423 0.575493395
vn 0.0801590458 -0.813868463 0.575493395
vn 0.159546122 -0.802092493 0.575493395
vn 0.159546122 -0.802092493 0.575493395
vn 0.0801590458 -0.813868463 0.575493395
vn 0.159546122 -0.802092493 0.575493395
vn 0.237396672 -0.782591939 0.575493395
vn 0.237396672 -0.782591939 0.575493395
vn 0.159546122 -0.802092493 0.575493395
vn 0.237396672 -0.782591939 0.575493395
vn 0.312960982 -0.755554616 0.575493395
vn 0.312960982 -0.755554616 0.575493395
vn 0.237396672 -0.782591939 0.575493395
vn 0.312960982 -0.755554616 0.575493395
vn 0.385511279 -0.721240878 0.575493395
vn 0.385511279 -0.721240878 0.575493395
vn 0.312960982 -0.755554616 0.575493395
vn 0.385511279 -0.721240878 0.575493395
vn 0.454348892 -0.679981172 0.575493395
vn 0.454348892 -0.679981172 0.575493395
vn 0.385511279 -0.721240878 0.575493395
vn 0.454348892 -0.679981172 0.575493395
vn 0.518810928 -0.632172883 0.575493395
vn 0.518810928 -0.632172883 0.575493395
vn 0.454348892 -0.679981172 0.575493395
vn 0.518810928 -0.632172883 0.575493395
vn 0.578276455 -0.578276455 0.575493395
vn 0.578276455 -0.578276455 0.575493395
vn 0.518810928 -0.632172883 0.575493395
vn 0.578276455 -0.578276455 0.575493395
vn 0.632172883 -0.518810928 0.575493395
vn 0.632172883 -0.518810928 0.575493395
vn 0.578276455 -0.578276455 0.575493395
vn 0.632172883 -0.518810928 0.575493395
vn 0.679981172 -0.454348892 0.575493395
vn 0.679981172 -0.454348892 0.575493395
vn 0.632172883 -0.518810928 0.575493395
vn 0.679981172 -0.454348892 0.575493395
vn 0.721240878 -0.385511279 0.575493395
vn 0.721240878 -0.385511279 0.575493395
vn 0.679981172 -0.454348892 0.575493395
vn 0.721240878 -0.385511279 0.575493395
vn 0.755554616 -0.312960982 0.575493395
vn 0.755554616 -0.312960982 0.575493395
vn 0.721240878 -0.385511279 0.575493395
vn 0.755554616 -0.312960982 0.575493395
vn 0.782591939 -0.237396672 0.575493395
vn 0.782591939 -0.237396672 0.575493395
vn 0.755554616 -0.312960982 0.575493395
vn 0.782591939 -0.237396672 0.575493395
vn 0.802092493 -0.159546122 0.575493395
vn 0.802092493 -0.159546122 0.575493395
vn 0.782591939 -0.237396672 0.575493395
vn 0.802092493 -0.159546122 0.575493395
vn 0.813868463 -0.0801590458 0.575493395
vn 0.813868463 -0.0801590458 0.575493395
vn 0.802092493 -0.159546122 0.575493395
vn 0.813868463 -0.0801590458 0.575493395
vn 0.817806423 -1.00152401e-16 0.575493395
vn 0.817806423 -1.00152401e-16 0.575493395
vn 0.813868463 -0.0801590458 0.575493395
vn 0.817806423 -1.00152401e-16 0.575493395
vn 0.813868463 0.0801590458 0.575493395
vn 0.813868463 0.0801590458 0.575493395
vn 0.817806423 -1.00152401e-16 0.575493395
vn 0.813868463 0.0801590458 0.575493395
vn 0.802092493 0.159546122 0.575493395
vn 0.802092493 0.159546122 0.575493395
vn 0.813868463 0.0801590458 0.575493395
vn 0.802092493 0.159546122 0.575493395
vn 0.782591939 0.237396672 0.575493395
vn 0.782591939 0.237396672 0.575493395
vn 0.802092493 0.159546122 0.575493395
vn 0.782591939 0.237396672 0.575493395
vn 0.755554616 0.312960982 0.575493395
vn 0.755554616 0.312960982 0.575493395
vn 0.782591939 0.237396672 0.575493395
vn 0.755554616 0.312960982 0.575493395
vn 0.721240878 0.385511279 0.575493395
vn 0.721240878 0.385511279 0.575493395
vn 0.755554616 0.312960982 0.575493395
vn 0.721240878 0.385511279 0.575493395
vn 0.679981172 0.454348892 0.575493395
vn 0.679981172 0.454348892 0.575493395
vn 0.721240878 0.385511279 0.575493395
vn 0.679981172 0.454348892 0.575493395
vn 0.632172883 0.518810928 0.575493395
vn 0.632172883 0.518810928 0.575493395
vn 0.679981172 0.454348892 0.575493395
vn 0.632172883 0.518810928 0.575493395
vn 0.578276455 0.578276455 0.575493395
vn 0.578276455 0.578276455 0.575493395
vn 0.632172883 0.518810928 0.575493395
vn 0.578276455 0.578276455 0.575493395
vn 0.518810928 0.632172883 0.575493395
vn 0.518810928 0.632172883 0.575493395
vn 0.578276455 0.578276455 0.575493395
vn 0.518810928 0.632172883 0.575493395
vn 0.454348892 0.679981172 0.575493395
vn 0.454348892 0.679981172 0.575493395
vn 0.518810928 0.632172883 0.575493395
vn 0.454348892 0.679981172 0.575493395
vn 0.385511279 0.721240878 0.575493395
vn 0.385511279 0.721240878 0.575493395
vn 0.454348892 0.679981172 0.575493395
vn 0.385511279 0.721240878 0.575493395
vn 0.312960982 0.755554616 0.575493395
vn 0.312960982 0.755554616 0.575493395
vn 0.385511279 0.721240878 0.575493395
vn 0.312960982 0.755554616 0.575493395
vn 0.237396672 0.782591939 0.575493395
vn 0.237396672 0.782591939 0.575493395
vn 0.312960982 0.755554616 0.575493395
vn 0.237396672 0.782591939 0.575493395
vn 0.159546122 0.802092493 0.575493395
vn 0.159546122 0.802092493 0.575493395
vn 0.237396672 0.782591939 0.575493395
vn 0.159546122 0.802092493 0.575493395
vn 0.0801590458 0.813868463 0.575493395
vn 0.0801590458 0.813868463 0.575493395
vn 0.159546122 0.802092493 0.575493395
vn 0.0801590458 0.813868463 0.575493395
vn 1.50228599e-16 0.817806423 0.575493395
vn 1.50228599e-16 0.817806423 0.575493395
vn 0.0801590458 0.813868463 0.575493395
vn 1.50228599e-16 0.817806423 0.575493395
vn -0.0801590458 0.813868463 0.575493395
vn -0.0801590458 0.813868463 0.575493395
vn 1.50228599e-16 0.817806423 0.575493395
vn -0.0801590458 0.813868463 0.575493395
vn -0.159546122 0.802092493 0.575493395
vn -0.159546122 0.802092493 0.575493395
vn -0.0801590458 0.813868463 0.575493395
vn -0.159546122 0.802092493 0.575493395
vn -0.237396672 0.782591939 0.575493395
vn -0.237396672 0.782591939 0.575493395
vn -0.159546122 0.802092493 0.575493395
vn -0.237396672 0.782591939 0.575493395
vn -0.312960982 0.755554616 0.575493395
vn -0.312960982 0.755554616 0.575493395
vn -0.237396672 0.782591939 0.575493395
vn -0.312960982 0.755554616 0.575493395
vn -0.385511279 0.721240878 0.575493395
vn -0.385511279 0.721240878 0.575493395
vn -0.312960982 0.755554616 0.575493395
vn -0.385511279 0.721240878 0.575493395
vn -0.454348892 0.679981172 0.575493395
vn -0.454348892 0.679981172 0.575493395
vn -0.385511279 0.721240878 0.575493395
vn -0.454348892 0.679981172 0.575493395
vn -0.518810928 0.632172883 0.575493395
vn -0.518810928 0.632172883 0.575493395
vn -0.454348892 0.679981172 0.575493395
vn -0.518810928 0.632172883 0.575493395
vn -0.578276455 0.578276455 0.575493395
vn -0.578276455 0.578276455 0.575493395
vn -0.518810928 0.632172883 0.575493395
vn -0.578276455 0.578276455 0.575493395
vn -0.632172883 0.518810928 0.575493395
vn -0.632172883 0.518810928 0.575493395
vn -0.578276455 0.578276455 0.575493395
vn -0.632172883 0.518810928 0.575493395
vn -0.679981172 0.454348892 0.575493395
vn -0.679981172 0.454348892 0.575493395
vn -0.632172883 0.518810928 0.575493395
vn -0.679981172 0.454348892 0.575493395
vn -0.721240878 0.385511279 0.575493395
vn -0.721240878 0.385511279 0.575493395
vn -0.679981172 0.454348892 0.575493395
vn -0.721240878 0.385511279 0.575493395
vn -0.755554616 0.312960982 0.575493395
vn -0.755554616 0.312960982 0.575493395
vn -0.721240878 0.385511279 0.575493395
vn -0.755554616 0.312960982 0.575493395
vn -0.782591939 0.237396672 0.575493395
vn -0.782591939 0.237396672 0.575493395
vn -0.755554616 0.312960982 0.575493395
vn -0.782591939 0.237396672 0.575493395
vn -0.802092493 0.159546122 0.575493395
vn -0.802092493 0.159546122 0.575493395
vn -0.782591939 0.237396672 0.575493395
vn -0.802092493 0.159546122 0.575493395
vn -0.813868463 0.0801590458 0.575493395
vn -0.813868463 0.0801590458 0.575493395
vn -0.802092493 0.159546122 0.575493395
vn -0.813868463 0.0801590458 0.575493395
vn -0.817806423 2.00304803e-16 0.575493395
vn -0.817806423 2.00304803e-16 0.575493395
vn -0.813868463 0.0801590458 0.575493395
vn 0 0 -1
vn 0 0 -1
vn 0 0 -1
vn 0 0 -1
vn -0 0 1
vn -0 0 1
vn -0 0 1
vn -0 0 1
vn -0.0139995422 -0.99990201 0
vn -0.0139995422 -0.99990201 0
vn -0.0139995422 -0.99990201 0
vn -0.0139995422 -0.99990201 0
vn 1 0 0
vn 1 0 0
vn 1 0 0
vn 1 0 0
vn -0.0139995422 0.99990201 0
vn -0.0139995422 0.99990201 0
vn -0.0139995422 0.99990201 0
vn -0.0139995422 0.99990201 0
vn -1 0 0
vn -1 0 0
vn -1 0 0
vn -1 0 0
vn 0 0 -1
vn 0 0 -1
vn 0 0 -1
vn 0 0 -1
vn 0 0 1
vn 0 0 1
vn 0 0 1
vn 0 0 1
vn 0.116633624 -0.99317503 0
vn 0.116633624 -0.99317503 0
vn 0.116633624 -0.99317503 0
vn 0.116633624 -0.99317503 0
vn 0.991444886 0.130526185 0
vn 0.991444886 0.130526185 0
vn 0.991444886 0.130526185 0
vn 0.991444886 0.130526185 0
vn -0.144393176 0.989520371 0
vn -0.144393176 0.989520371 0
vn -0.144393176 0.989520371 0
vn -0.144393176 0.989520371 0
vn -0.991444886 -0.130526185 0
vn -0.991444886 -0.130526185 0
vn -0.991444886 -0.130526185 0
vn -0.991444886 -0.130526185 0
vn 0 0 -1
vn 0 0 -1
vn 0 0 -1
vn 0 0 -1
vn 0 0 1
vn 0 0 1
vn 0 0 1
vn 0 0 1
vn 0.245271161 -0.969454527 0
vn 0.245271161 -0.969454527 0
vn 0.245271161 -0.969454527 0
vn 0.245271161 -0.969454527 0
vn 0.965925813 0.258819044 0
vn 0.965925813 0.258819044 0
vn 0.965925813 0.258819044 0
vn 0.965925813 0.258819044 0
vn -0.272316188 0.962207794 0
vn -0.272316188 0.962207794 0
vn -0.272316188 0.962207794 0
vn -0.272316188 0.962207794 0
vn -0.965925813 -0.258819044 0
vn -0.965925813 -0.258819044 0
vn -0.965925813 -0.258819044 0
vn -0.965925813 -0.258819044 0
vn 0 0 -1
vn 0 0 -1
vn 0 0 -1
vn 0 0 -1
vn 0 0 1
vn 0 0 1
vn 0 0 1
vn 0 0 1
vn 0.369712025 -0.929146409 0
vn 0.369712025 -0.929146409 0
vn 0.369712025 -0.929146409 0
vn 0.369712025 -0.929146409 0
vn 0.923879504 0.382683426 0
vn 0.923879504 0.382683426 0
vn 0.923879504 0.382683426 0
vn 0.923879504 0.382683426 0
vn -0.395579815 0.91843158 0
vn -0.395579815 0.91843158 0
vn -0.395579815 0.91843158 0
vn -0.395579815 0.91843158 0
vn -0.923879504 -0.382683426 0
vn -0.923879504 -0.382683426 0
vn -0.923879504 -0.382683426 0
vn -0.923879504 -0.382683426 0
vn 0 0 -1
vn 0 0 -1
vn 0 0 -1
vn 0 0 -1
vn 0 -0 1
vn 0 -0 1
vn 0 -0 1
vn 0 -0 1
vn 0.487827033 -0.872940302 0
vn 0.487827033 -0.872940302 0
vn 0.487827033 -0.872940302 0
vn 0.487827033 -0.872940302 0
vn 0.866025388 0.5 0
vn 0.866025388 0.5 0
vn 0.866025388 0.5 0
vn 0.866025388 0.5 0
vn -0.512074947 0.85894078 0
vn -0.512074947 0.85894078 0
vn -0.512074947 0.85894078 0
vn -0.512074947 0.85894078 0
vn -0.866025388 -0.5 0
vn -0.866025388 -0.5 0
vn -0.866025388 -0.5 0
vn -0.866025388 -0.5 0
vn 0 0 -1
vn 0 0 -1
vn 0 0 -1
vn 0 0 -1
vn 0 -0 1
vn 0 -0 1
vn 0 -0 1
vn 0 -0 1
vn 0.597595215 -0.801797986 0
vn 0.597595215 -0.801797986 0
vn 0.597595215 -0.801797986 0
vn 0.597595215 -0.801797986 0
vn 0.793353319 0.60876143 0
vn 0.793353319 0.60876143 0
vn 0.793353319 0.60876143 0
vn 0.793353319 0.60876143 0
vn -0.619808376 0.784753203 0
vn -0.619808376 0.784753203 0
vn -0.619808376 0.784753203 0
vn -0.619808376 0.784753203 0
vn -0.793353319 -0.60876143 0
vn -0.793353319 -0.60876143 0
vn -0.793353319 -0.60876143 0
vn -0.793353319 -0.60876143 0
vn 0 0 -1
vn 0 0 -1
vn 0 0 -1
vn 0 0 -1
vn 0 -0 1
vn 0 -0 1
vn 0 -0 1
vn 0 -0 1
vn 0.697138309 -0.716936648 0
vn 0.697138309 -0.716936648 0
vn 0.697138309 -0.716936648 0
vn 0.697138309 -0.716936648 0
vn 0.707106769 0.707106769 0
vn 0.707106769 0.707106769 0
vn 0.707106769 0.707106769 0
vn 0.707106769 0.707106769 0
vn -0.716936648 0.697138309 0
vn -0.716936648 0.697138309 0
vn -0.716936648 0.697138309 0
vn -0.716936648 0.697138309 0
vn -0.707106769 -0.707106769 0
vn -0.707106769 -0.707106769 0
vn -0.707106769 -0.707106769 0
vn -0.707106769 -0.707106769 0
vn 0 0 -1
vn 0 0 -1
vn 0 0 -1
vn 0 0 -1
vn 0 -0 1
vn 0 -0 1
vn 0 -0 1
vn 0 -0 1
vn 0.784753203 -0.619808376 0
vn 0.784753203 -0.619808376 0
vn 0.784753203 -0.619808376 0
vn 0.784753203 -0.619808376 0
vn 0.60876143 0.793353319 0
vn 0.60876143 0.793353319 0
vn 0.60876143 0.793353319 0
vn 0.60876143 0.793353319 0
vn -0.801797986 0.597595215 0
vn -0.801797986 0.597595215 0
vn -0.801797986 0.597595215 0
vn -0.801797986 0.597595215 0
vn -0.60876143 -0.793353319 0
vn -0.60876143 -0.793353319 0
vn -0.60876143 -0.793353319 0
vn -0.60876143 -0.793353319 0
vn 0 0 -1
vn 0 0 -1
vn 0 0 -1
vn 0 0 -1
vn 0 -0 1
vn 0 -0 1
vn 0 -0 1
vn 0 -0 1
vn 0.85894078 -0.512074947 0
vn 0.85894078 -0.512074947 0
vn 0.85894078 -0.512074947 0
vn 0.85894078 -0.512074947 0
vn 0.5 0.866025388 0
vn 0.5 0.866025388 0
vn 0.5 0.866025388 0
vn 0.5 0.866025388 0
vn -0.872940302 0.487827033 0
vn -0.872940302 0.487827033 0
vn -0.872940302 0.487827033 0
vn -0.872940302 0.487827033 0
vn -0.5 -0.866025388 0
vn -0.5 -0.866025388 0
vn -0.5 -0.866025388 0
vn -0.5 -0.866025388 0
vn 0 0 -1
vn 0 0 -1
vn 0 0 -1
vn 0 0 -1
vn 0 -0 1
vn 0 -0 1
vn 0 -0 1
vn 0 -0 1
vn 0.91843158 -0.395579815 0
vn 0.91843158 -0.395579815 0
vn 0.91843158 -0.395579815 0
vn 0.91843158 -0.395579815 0
vn 0.382683426 0.923879504 0
vn 0.382683426 0.923879504 0
vn 0.382683426 0.923879504 0
vn 0.382683426 0.923879504 0
vn -0.929146409 0.369712025 0
vn -0.929146409 0.369712025 0
vn -0.929146409 0.369712025 0
vn -0.929146409 0.369712025 0
vn -0.382683426 -0.923879504 0
vn -0.382683426 -0.923879504 0
vn -0.382683426 -0.923879504 0
vn -0.382683426 -0.923879504 0
vn 0 0 -1
vn 0 0 -1
vn 0 0 -1
vn 0 0 -1
vn 0 -0 1
vn 0 -0 1
vn 0 -0 1
vn 0 -0 1
vn 0.962207794 -0.272316188 0
vn 0.962207794 -0.272316188 0
vn 0.962207794 -0.272316188 0
vn 0.962207794 -0.272316188 0
vn 0.258819044 0.965925813 0
vn 0.258819044 0.965925813 0
vn 0.258819044 0.965925813 0
vn 0.258819044 0.965925813 0
vn -0.969454527 0.245271161 0
vn -0.969454527 0.245271161 0
vn -0.969454527 0.245271161 0
vn -0.969454527 0.245271161 0
vn -0.258819044 -0.965925813 0
vn -0.258819044 -0.965925813 0
vn -0.258819044 -0.965925813 0
vn -0.258819044 -0.965925813 0
vn 0 0 -1
vn 0 0 -1
vn 0 0 -1
vn 0 0 -1
vn 0 -0 1
vn 0 -0 1
vn 0 -0 1
vn 0 -0 1
vn 0.989520371 -0.144393176 0
vn 0.989520371 -0.144393176 0
vn 0.989520371 -0.144393176 0
vn 0.989520371 -0.144393176 0
vn 0.130526185 0.991444886 0
vn 0.130526185 0.991444886 0
vn 0.130526185 0.991444886 0
vn 0.130526185 0.991444886 0
vn -0.99317503 0.116633624 0
vn -0.99317503 0.116633624 0
vn -0.99317503 0.116633624 0
vn -0.99317503 0.116633624 0
vn -0.130526185 -0.991444886 0
vn -0.130526185 -0.991444886 0
vn -0.130526185 -0.991444886 0
vn -0.130526185 -0.991444886 0
vn 0 0 -1
vn 0 0 -1
vn 0 0 -1
vn 0 0 -1
vn 0 -0 1
vn 0 -0 1
vn 0 -0 1
vn 0 -0 1
vn 0.99990201 -0.0139995422 0
vn 0.99990201 -0.0139995422 0
vn 0.99990201 -0.0139995422 0
vn 0.99990201 -0.0139995422 0
vn 0 1 0
vn 0 1 0
vn 0 1 0
vn 0 1 0
vn -0.99990201 -0.0139995422 0
vn -0.99990201 -0.0139995422 0
vn -0.99990201 -0.0139995422 0
vn -0.99990201 -0.0139995422 0
vn 0 -1 0
vn 0 -1 0
vn 0 -1 0
vn 0 -1 0
vn -0 0 -1
vn -0 0 -1
vn -0 0 -1
vn -0 0 -1
vn 0 0 1
vn 0 0 1
vn 0 0 1
vn 0 0 1
vn 0.99317503 0.116633624 0
vn 0.99317503 0.116633624 0
vn 0.99317503 0.116633624 0
vn 0.99317503 0.116633624 0
vn -0.130526185 0.991444886 0
vn -0.130526185 0.991444886 0
vn -0.130526185 0.991444886 0
vn -0.130526185 0.991444886 0
vn -0.989520371 -0.144393176 0
vn -0.989520371 -0.144393176 0
vn -0.989520371 -0.144393176 0
vn -0.989520371 -0.144393176 0
vn 0.130526185 -0.991444886 0
vn 0.130526185 -0.991444886 0
vn 0.130526185 -0.991444886 0
vn 0.130526185 -0.991444886 0
vn -0 0 -1
vn -0 0 -1
vn -0 0 -1
vn -0 0 -1
vn 0 0 1
vn 0 0 1
vn 0 0 1
vn 0 0 1
vn 0.969454527 0.245271161 0
vn 0.969454527 0.245271161 0
vn 0.969454527 0.245271161 0
vn 0.969454527 0.245271161 0
vn -0.258819044 0.965925813 0
vn -0.258819044 0.965925813 0
vn -0.258819044 0.965925813 0
vn -0.258819044 0.965925813 0
vn -0.962207794 -0.272316188 0
vn -0.962207794 -0.272316188 0
vn -0.962207794 -0.272316188 0
vn -0.962207794 -0.272316188 0
vn 0.258819044 -0.965925813 0
vn 0.258819044 -0.965925813 0
vn 0.258819044 -0.965925813 0
vn 0.258819044 -0.965925813 0
vn -0 0 -1
vn -0 0 -1
vn -0 0 -1
vn -0 0 -1
vn 0 0 1
vn 0 0 1
vn 0 0 1
vn 0 0 1
vn 0.929146409 0.369712025 0
vn 0.929146409 0.369712025 0
vn 0.929146409 0.369712025 0
vn 0.929146409 0.369712025 0
vn -0.382683426 0.923879504 0
vn -0.382683426 0.923879504 0
vn -0.382683426 0.923879504 0
vn -0.382683426 0.923879504 0
vn -0.91843158 -0.395579815 0
vn -0.91843158 -0.395579815 0
vn -0.91843158 -0.395579815 0
vn -0.91843158 -0.395579815 0
vn 0.382683426 -0.923879504 0
vn 0.382683426 -0.923879504 0
vn 0.382683426 -0.923879504 0
vn 0.382683426 -0.923879504 0
vn 0 0 -1
vn 0 0 -1
vn 0 0 -1
vn 0 0 -1
vn 0 0 1
vn 0 0 1
vn 0 0 1
vn 0 0 1
vn 0.872940302 0.487827033 0
vn 0.872940302 0.487827033 0
vn 0.872940302 0.487827033 0
vn 0.872940302 0.487827033 0
vn -0.5 0.866025388 0
vn -0.5 0.866025388 0
vn -0.5 0.866025388 0
vn -0.5 0.866025388 0
vn -0.85894078 -0.512074947 0
vn -0.85894078 -0.512074947 0
vn -0.85894078 -0.512074947 0
vn -0.85894078 -0.512074947 0
vn 0.5 -0.866025388 0
vn 0.5 -0.866025388 0
vn 0.5 -0.866025388 0
vn 0.5 -0.866025388 0
vn 0 0 -1
vn 0 0 -1
vn 0 0 -1
vn 0 0 -1
vn 0 0 1
vn 0 0 1
vn 0 0 1
vn 0 0 1
vn 0.801797986 0.597595215 0
vn 0.801797986 0.597595215 0
vn 0.801797986 0.597595215 0
vn 0.801797986 0.597595215 0
vn -0.60876143 0.793353319 0
vn -0.60876143 0.793353319 0
vn -0.60876143 0.793353319 0
vn -0.60876143 0.793353319 0
vn -0.784753203 -0.619808376 0
vn -0.784753203 -0.619808376 0
vn -0.784753203 -0.619808376 0
vn -0.784753203 -0.619808376 0
vn 0.60876143 -0.793353319 0
vn 0.60876143 -0.793353319 0
vn 0.60876143 -0.793353319 0
vn 0.60876143 -0.793353319 0
vn 0 0 -1
vn 0 0 -1
vn 0 0 -1
vn 0 0 -1
vn 0 0 1
vn 0 0 1
vn 0 0 1
vn 0 0 1
vn 0.716936648 0.697138309 0
vn 0.716936648 0.697138309 0
vn 0.716936648 0.697138309 0
vn 0.716936648 0.697138309 0
vn -0.707106769 0.707106769 0
vn -0.707106769 0.707106769 0
vn -0.707106769 0.707106769 0
vn -0.707106769 0.707106769 0
vn -0.697138309 -0.716936648 0
vn -0.697138309 -0.716936648 0
vn -0.697138309 -0.716936648 0
vn -0.697138309 -0.716936648 0
vn 0.707106769 -0.707106769 0
vn 0.707106769 -0.707106769 0
vn 0.707106769 -0.707106769 0
vn 0.707106769 -0.707106769 0
vn 0 0 -1
vn 0 0 -1
vn 0 0 -1
vn 0 0 -1
vn 0 0 1
vn 0 0 1
vn 0 0 1
vn 0 0 1
vn 0.619808376 0.784753203 0
vn 0.619808376 0.784753203 0
vn 0.619808376 0.784753203 0
vn 0.619808376 0.784753203 0
vn -0.793353319 0.60876143 0
vn -0.793353319 0.60876143 0
vn -0.793353319 0.60876143 0
vn -0.793353319 0.60876143 0
vn -0.597595215 -0.801797986 0
vn -0.597595215 -0.801797986 0
vn -0.597595215 -0.801797986 0
vn -0.597595215 -0.801797986 0
vn 0.793353319 -0.60876143 0
vn 0.793353319 -0.60876143 0
vn 0.793353319 -0.60876143 0
vn 0.793353319 -0.60876143 0
vn 0 0 -1
vn 0 0 -1
vn 0 0 -1
vn 0 0 -1
vn 0 0 1
vn 0 0 1
vn 0 0 1
vn 0 0 1
vn 0.512074947 0.85894078 0
vn 0.512074947 0.85894078 0
vn 0.512074947 0.85894078 0
vn 0.512074947 0.85894078 0
vn -0.866025388 0.5 0
vn -0.866025388 0.5 0
vn -0.866025388 0.5 0
vn -0.866025388 0.5 0
vn -0.487827033 -0.872940302 0
vn -0.487827033 -0.872940302 0
vn -0.487827033 -0.872940302 0
vn -0.487827033 -0.872940302 0
vn 0.866025388 -0.5 0
vn 0.866025388 -0.5 0
vn 0.866025388 -0.5 0
vn 0.866025388 -0.5 0
vn 0 0 -1
vn 0 0 -1
vn 0 0 -1
vn 0 0 -1
vn 0 0 1
vn 0 0 1
vn 0 0 1
vn 0 0 1
vn 0.395579815 0.91843158 0
vn 0.395579815 0.91843158 0
vn 0.395579815 0.91843158 0
vn 0.395579815 0.91843158 0
vn -0.923879504 0.382683426 0
vn -0.923879504 0.382683426 0
vn -0.923879504 0.382683426 0
vn -0.923879504 0.382683426 0
vn -0.369712025 -0.929146409 0
vn -0.369712025 -0.929146409 0
vn -0.369712025 -0.929146409 0
vn -0.369712025 -0.929146409 0
vn 0.923879504 -0.382683426 0
vn 0.923879504 -0.382683426 0
vn 0.923879504 -0.382683426 0
vn 0.923879504 -0.382683426 0
vn 0 0 -1
vn 0 0 -1
vn 0 0 -1
vn 0 0 -1
vn 0 0 1
vn 0 0 1
vn 0 0 1
vn 0 0 1
vn 0.272316188 0.962207794 0
vn 0.272316188 0.962207794 0
vn 0.272316188 0.962207794 0
vn 0.272316188 0.962207794 0
vn -0.965925813 0.258819044 0
vn -0.965925813 0.258819044 0
vn -0.965925813 0.258819044 0
vn -0.965925813 0.258819044 0
vn -0.245271161 -0.969454527 0
vn -0.245271161 -0.969454527 0
vn -0.245271161 -0.969454527 0
vn -0.245271161 -0.969454527 0
vn 0.965925813 -0.258819044 0
vn 0.965925813 -0.258819044 0
vn 0.965925813 -0.258819044 0
vn 0.965925813 -0.258819044 0
vn 0 0 -1
vn 0 0 -1
vn 0 0 -1
vn 0 0 -1
vn 0 0 1
vn 0 0 1
vn 0 0 1
vn 0 0 1
vn 0.144393176 0.989520371 0
vn 0.144393176 0.989520371 0
vn 0.144393176 0.989520371 0
vn 0.144393176 0.989520371 0
vn -0.991444886 0.130526185 0
vn -0.991444886 0.130526185 0
vn -0.991444886 0.130526185 0
vn -0.991444886 0.130526185 0
vn -0.116633624 -0.99317503 0
vn -0.116633624 -0.99317503 0
vn -0.116633624 -0.99317503 0
vn -0.116633624 -0.99317503 0
vn 0.991444886 -0.130526185 0
vn 0.991444886 -0.130526185 0
vn 0.991444886 -0.130526185 0
vn 0.991444886 -0.130526185 0
vn 0 -0 -1
vn 0 -0 -1
vn 0 -0 -1
vn 0 -0 -1
vn 0 0 1
vn 0 0 1
vn 0 0 1
vn 0 0 1
vn 0.0139995422 0.99990201 0
vn 0.0139995422 0.99990201 0
vn 0.0139995422 0.99990201 0
vn 0.0139995422 0.99990201 0
vn -1 0 0
vn -1 0 0
vn -1 0 0
vn -1 0 0
vn 0.0139995422 -0.99990201 0
vn 0.0139995422 -0.99990201 0
vn 0.0139995422 -0.99990201 0
vn 0.0139995422 -0.99990201 0
vn 1 0 0
vn 1 0 0
vn 1 0 0
vn 1 0 0
vn 0 -0 -1
vn 0 -0 -1
vn 0 -0 -1
vn 0 -0 -1
vn 0 0 1
vn 0 0 1
vn 0 0 1
vn 0 0 1
vn -0.116633624 0.99317503 0
vn -0.116633624 0.99317503 0
vn -0.116633624 0.99317503 0
vn -0.116633624 0.99317503 0
vn -0.991444886 -0.130526185 0
vn -0.991444886 -0.130526185 0
vn -0.991444886 -0.130526185 0
vn -0.991444886 -0.130526185 0
vn 0.144393176 -0.989520371 0
vn 0.144393176 -0.989520371 0
vn 0.144393176 -0.989520371 0
vn 0.144393176 -0.989520371 0
vn 0.991444886 0.130526185 0
vn 0.991444886 0.130526185 0
vn 0.991444886 0.130526185 0
vn 0.991444886 0.130526185 0
vn 0 -0 -1
vn 0 -0 -1
vn 0 -0 -1
vn 0 -0 -1
vn 0 0 1
vn 0 0 1
vn 0 0 1
vn 0 0 1
vn -0.245271161 0.969454527 0
vn -0.245271161 0.969454527 0
vn -0.245271161 0.969454527 0
vn -0.245271161 0.969454527 0
vn -0.965925813 -0.258819044 0
vn -0.965925813 -0.258819044 0
vn -0.965925813 -0.258819044 0
vn -0.965925813 -0.258819044 0
vn 0.272316188 -0.962207794 0
vn 0.272316188 -0.962207794 0
vn 0.272316188 -0.962207794 0
vn 0.272316188 -0.962207794 0
vn 0.965925813 0.258819044 0
vn 0.965925813 0.258819044 0
vn 0.965925813 0.258819044 0
vn 0.965925813 0.258819044 0
vn 0 -0 -1
vn 0 -0 -1
vn 0 -0 -1
vn 0 -0 -1
vn 0 0 1
vn 0 0 1
vn 0 0 1
vn 0 0 1
vn -0.369712025 0.929146409 0
vn -0.369712025 0.929146409 0
vn -0.369712025 0.929146409 0
vn -0.369712025 0.929146409 0
vn -0.923879504 -0.382683426 0
vn -0.923879504 -0.382683426 0
vn -0.923879504 -0.382683426 0
vn -0.923879504 -0.382683426 0
vn 0.395579815 -0.91843158 0
vn 0.395579815 -0.91843158 0
vn 0.395579815 -0.91843158 0
vn 0.395579815 -0.91843158 0
vn 0.923879504 0.382683426 0
vn 0.923879504 0.382683426 0
vn 0.923879504 0.382683426 0
vn 0.923879504 0.382683426 0
vn 0 0 -1
vn 0 0 -1
vn 0 0 -1
vn 0 0 -1
vn 0 0 1
vn 0 0 1
vn 0 0 1
vn 0 0 1
vn -0.487827033 0.872940302 0
vn -0.487827033 0.872940302 0
vn -0.487827033 0.872940302 0
vn -0.487827033 0.872940302 0
vn -0.866025388 -0.5 0
vn -0.866025388 -0.5 0
vn -0.866025388 -0.5 0
vn -0.866025388 -0.5 0
vn 0.512074947 -0.85894078 0
vn 0.512074947 -0.85894078 0
vn 0.512074947 -0.85894078 0
vn 0.512074947 -0.85894078 0
vn 0.866025388 0.5 0
vn 0.866025388 0.5 0
vn 0.866025388 0.5 0
vn 0.866025388 0.5 0
vn 0 0 -1
vn 0 0 -1
vn 0 0 -1
vn 0 0 -1
vn 0 0 1
vn 0 0 1
vn 0 0 1
vn 0 0 1
vn -0.597595215 0.801797986 0
vn -0.597595215 0.801797986 0
vn -0.597595215 0.801797986 0
vn -0.597595215 0.801797986 0
vn -0.793353319 -0.60876143 0
vn -0.793353319 -0.60876143 0
vn -0.793353319 -0.60876143 0
vn -0.793353319 -0.60876143 0
vn 0.619808376 -0.784753203 0
vn 0.619808376 -0.784753203 0
vn 0.619808376 -0.784753203 0
vn 0.619808376 -0.784753203 0
vn 0.793353319 0.60876143 0
vn 0.793353319 0.60876143 0
vn 0.793353319 0.60876143 0
vn 0.793353319 0.60876143 0
vn 0 0 -1
vn 0 0 -1
vn 0 0 -1
vn 0 0 -1
vn 0 0 1
vn 0 0 1
vn 0 0 1
vn 0 0 1
vn -0.697138309 0.716936648 0
vn -0.697138309 0.716936648 0
vn -0.697138309 0.716936648 0
vn -0.697138309 0.716936648 0
vn -0.707106769 -0.707106769 0
vn -0.707106769 -0.707106769 0
vn -0.707106769 -0.707106769 0
vn -0.707106769 -0.707106769 0
vn 0.716936648 -0.697138309 0
vn 0.716936648 -0.697138309 0
vn 0.716936648 -0.697138309 0
vn 0.716936648 -0.697138309 0
vn 0.707106769 0.707106769 0
vn 0.707106769 0.707106769 0
vn 0.707106769 0.707106769 0
vn 0.707106769 0.707106769 0
vn 0 0 -1
vn 0 0 -1
vn 0 0 -1
vn 0 0 -1
vn 0 0 1
vn 0 0 1
vn 0 0 1
vn 0 0 1
vn -0.784753203 0.619808376 0
vn -0.784753203 0.619808376 0
vn -0.784753203 0.619808376 0
vn -0.784753203 0.619808376 0
vn -0.60876143 -0.793353319 0
vn -0.60876143 -0.793353319 0
vn -0.60876143 -0.793353319 0
vn -0.60876143 -0.793353319 0
vn 0.801797986 -0.597595215 0
vn 0.801797986 -0.597595215 0
vn 0.801797986 -0.597595215 0
vn 0.801797986 -0.597595215 0
vn 0.60876143 0.793353319 0
vn 0.60876143 0.793353319 0
vn 0.60876143 0.793353319 0
vn 0.60876143 0.793353319 0
vn 0 0 -1
vn 0 0 -1
vn 0 0 -1
vn 0 0 -1
vn 0 0 1
vn 0 0 1
vn 0 0 1
vn 0 0 1
vn -0.85894078 0.512074947 0
vn -0.85894078 0.512074947 0
vn -0.85894078 0.512074947 0
vn -0.85894078 0.512074947 0
vn -0.5 -0.866025388 0
vn -0.5 -0.866025388 0
vn -0.5 -0.866025388 0
vn -0.5 -0.866025388 0
vn 0.872940302 -0.487827033 0
vn 0.872940302 -0.487827033 0
vn 0.872940302 -0.487827033 0
vn 0.872940302 -0.487827033 0
vn 0.5 0.866025388 0
vn 0.5 0.866025388 0
vn 0.5 0.866025388 0
vn 0.5 0.866025388 0
vn 0 0 -1
vn 0 0 -1
vn 0 0 -1
vn 0 0 -1
vn 0 0 1
vn 0 0 1
vn 0 0 1
vn 0 0 1
vn -0.91843158 0.395579815 0
vn -0.91843158 0.395579815 0
vn -0.91843158 0.395579815 0
vn -0.91843158 0.395579815 0
vn -0.382683426 -0.923879504 0
vn -0.382683426 -0.923879504 0
vn -0.382683426 -0.923879504 0
vn -0.382683426 -0.923879504 0
vn 0.929146409 -0.369712025 0
vn 0.929146409 -0.369712025 0
vn 0.929146409 -0.369712025 0
vn 0.929146409 -0.369712025 0
vn 0.382683426 0.923879504 0
vn 0.382683426 0.923879504 0
vn 0.382683426 0.923879504 0
vn 0.382683426 0.923879504 0
vn 0 0 -1
vn 0 0 -1
vn 0 0 -1
vn 0 0 -1
vn 0 0 1
vn 0 0 1
vn 0 0 1
vn 0 0 1
vn -0.962207794 0.272316188 0
vn -0.962207794 0.272316188 0
vn -0.962207794 0.272316188 0
vn -0.962207794 0.272316188 0
vn -0.258819044 -0.965925813 0
vn -0.258819044 -0.965925813 0
vn -0.258819044 -0.965925813 0
vn -0.258819044 -0.965925813 0
vn 0.969454527 -0.245271161 0
vn 0.969454527 -0.245271161 0
vn 0.969454527 -0.245271161 0
vn 0.969454527 -0.245271161 0
vn 0.258819044 0.965925813 0
vn 0.258819044 0.965925813 0
vn 0.258819044 0.965925813 0
vn 0.258819044 0.965925813 0
vn 0 0 -1
vn 0 0 -1
vn 0 0 -1
vn 0 0 -1
vn 0 0 1
vn 0 0 1
vn 0 0 1
vn 0 0 1
vn -0.989520371 0.144393176 0
vn -0.989520371 0.144393176 0
vn -0.989520371 0.144393176 0
vn -0.989520371 0.144393176 0
vn -0.130526185 -0.991444886 0
vn -0.130526185 -0.991444886 0
vn -0.130526185 -0.991444886 0
vn -0.130526185 -0.991444886 0
vn 0.99317503 -0.116633624 0
vn 0.99317503 -0.116633624 0
vn 0.99317503 -0.116633624 0
vn 0.99317503 -0.116633624 0
vn 0.130526185 0.991444886 0
vn 0.130526185 0.991444886 0
vn 0.130526185 0.991444886 0
vn 0.130526185 0.991444886 0
vn 0 0 -1
vn 0 0 -1
vn 0 0 -1
vn 0 0 -1
vn 0 0 1
vn 0 0 1
vn 0 0 1
vn 0 0 1
vn -0.99990201 0.0139995422 0
vn -0.99990201 0.0139995422 0
vn -0.99990201 0.0139995422 0
vn -0.99990201 0.0139995422 0
vn 0 -1 0
vn 0 -1 0
vn 0 -1 0
vn 0 -1 0
vn 0.99990201 0.0139995422 0
vn 0.99990201 0.0139995422 0
vn 0.99990201 0.0139995422 0
vn 0.99990201 0.0139995422 0
vn 0 1 0
vn 0 1 0
vn 0 1 0
vn 0 1 0
vn 0 0 -1
vn 0 0 -1
vn 0 0 -1
vn 0 0 -1
vn 0 0 1
vn 0 0 1
vn 0 0 1
vn 0 0 1
vn -0.99317503 -0.116633624 0
vn -0.99317503 -0.116633624 0
vn -0.99317503 -0.116633624 0
vn -0.99317503 -0.116633624 0
vn 0.130526185 -0.991444886 0
vn 0.130526185 -0.991444886 0
vn 0.130526185 -0.991444886 0
vn 0.130526185 -0.991444886 0
vn 0.989520371 0.144393176 0
vn 0.989520371 0.144393176 0
vn 0.989520371 0.144393176 0
vn 0.989520371 0.144393176 0
vn -0.130526185 0.991444886 0
vn -0.130526185 0.991444886 0
vn -0.130526185 0.991444886 0
vn -0.130526185 0.991444886 0
vn 0 0 -1
vn 0 0 -1
vn 0 0 -1
vn 0 0 -1
vn 0 0 1
vn 0 0 1
vn 0 0 1
vn 0 0 1
vn -0.969454527 -0.245271161 0
vn -0.969454527 -0.245271161 0
vn -0.969454527 -0.245271161 0
vn -0.969454527 -0.245271161 0
vn 0.258819044 -0.965925813 0
vn 0.258819044 -0.965925813 0
vn 0.258819044 -0.965925813 0
vn 0.258819044 -0.965925813 0
vn 0.962207794 0.272316188 0
vn 0.962207794 0.272316188 0
vn 0.962207794 0.272316188 0
vn 0.962207794 0.272316188 0
vn -0.258819044 0.965925813 0
vn -0.258819044 0.965925813 0
vn -0.258819044 0.965925813 0
vn -0.258819044 0.965925813 0
vn 0 0 -1
vn 0 0 -1
vn 0 0 -1
vn 0 0 -1
vn 0 0 1
vn 0 0 1
vn 0 0 1
vn 0 0 1
vn -0.929146409 -0.369712025 0
vn -0.929146409 -0.369712025 0
vn -0.929146409 -0.369712025 0
vn -0.929146409 -0.369712025 0
vn 0.382683426 -0.923879504 0
vn 0.382683426 -0.923879504 0
vn 0.382683426 -0.923879504 0
vn 0.382683426 -0.923879504 0
vn 0.91843158 0.395579815 0
vn 0.91843158 0.395579815 0
vn 0.91843158 0.395579815 0
vn 0.91843158 0.395579815 0
vn -0.382683426 0.923879504 0
vn -0.382683426 0.923879504 0
vn -0.382683426 0.923879504 0
vn -0.382683426 0.923879504 0
vn 0 0 -1
vn 0 0 -1
vn 0 0 -1
vn 0 0 -1
vn -0 0 1
vn -0 0 1
vn -0 0 1
vn -0 0 1
vn -0.872940302 -0.487827033 0
vn -0.872940302 -0.487827033 0
vn -0.872940302 -0.487827033 0
vn -0.872940302 -0.487827033 0
vn 0.5 -0.866025388 0
vn 0.5 -0.866025388 0
vn 0.5 -0.866025388 0
vn 0.5 -0.866025388 0
vn 0.85894078 0.512074947 0
vn 0.85894078 0.512074947 0
vn 0.85894078 0.512074947 0
vn 0.85894078 0.512074947 0
vn -0.5 0.866025388 0
vn -0.5 0.866025388 0
vn -0.5 0.866025388 0
vn -0.5 0.866025388 0
vn 0 0 -1
vn 0 0 -1
vn 0 0 -1
vn 0 0 -1
vn -0 0 1
vn -0 0 1
vn -0 0 1
vn -0 0 1
vn -0.801797986 -0.597595215 0
vn -0.801797986 -0.597595215 0
vn -0.801797986 -0.597595215 0
vn -0.801797986 -0.597595215 0
vn 0.60876143 -0.793353319 0
vn 0.60876143 -0.793353319 0
vn 0.60876143 -0.793353319 0
vn 0.60876143 -0.793353319 0
vn 0.784753203 0.619808376 0
vn 0.784753203 0.619808376 0
vn 0.784753203 0.619808376 0
vn 0.784753203 0.619808376 0
vn -0.60876143 0.793353319 0
vn -0.60876143 0.793353319 0
vn -0.60876143 0.793353319 0
vn -0.60876143 0.793353319 0
vn 0 0 -1
vn 0 0 -1
vn 0 0 -1
vn 0 0 -1
vn -0 0 1
vn -0 0 1
vn -0 0 1
vn -0 0 1
vn -0.716936648 -0.697138309 0
vn -0.716936648 -0.697138309 0
vn -0.716936648 -0.697138309 0
vn -0.716936648 -0.697138309 0
vn 0.707106769 -0.707106769 0
vn 0.707106769 -0.707106769 0
vn 0.707106769 -0.707106769 0
vn 0.707106769 -0.707106769 0
vn 0.697138309 0.716936648 0
vn 0.697138309 0.716936648 0
vn 0.697138309 0.716936648 0
vn 0.697138309 0.716936648 0
vn -0.707106769 0.707106769 0
vn -0.707106769 0.707106769 0
vn -0.707106769 0.707106769 0
vn -0.707106769 0.707106769 0
vn 0 0 -1
vn 0 0 -1
vn 0 0 -1
vn 0 0 -1
vn -0 0 1
vn -0 0 1
vn -0 0 1
vn -0 0 1
vn -0.619808376 -0.784753203 0
vn -0.619808376 -0.784753203 0
vn -0.619808376 -0.784753203 0
vn -0.619808376 -0.784753203 0
vn 0.793353319 -0.60876143 0
vn 0.793353319 -0.60876143 0
vn 0.793353319 -0.60876143 0
vn 0.793353319 -0.60876143 0
vn 0.597595215 0.801797986 0
vn 0.597595215 0.801797986 0
vn 0.597595215 0.801797986 0
vn 0.597595215 0.801797986 0
vn -0.793353319 0.60876143 0
vn -0.793353319 0.60876143 0
vn -0.793353319 0.60876143 0
vn -0.793353319 0.60876143 0
vn 0 0 -1
vn 0 0 -1
vn 0 0 -1
vn 0 0 -1
vn -0 0 1
vn -0 0 1
vn -0 0 1
vn -0 0 1
vn -0.512074947 -0.85894078 0
vn -0.512074947 -0.85894078 0
vn -0.512074947 -0.85894078 0
vn -0.512074947 -0.85894078 0
vn 0.866025388 -0.5 0
vn 0.866025388 -0.5 0
vn 0.866025388 -0.5 0
vn 0.866025388 -0.5 0
vn 0.487827033 0.872940302 0
vn 0.487827033 0.872940302 0
vn 0.487827033 0.872940302 0
vn 0.487827033 0.872940302 0
vn -0.866025388 0.5 0
vn -0.866025388 0.5 0
vn -0.866025388 0.5 0
vn -0.866025388 0.5 0
vn 0 0 -1
vn 0 0 -1
vn 0 0 -1
vn 0 0 -1
vn -0 0 1
vn -0 0 1
vn -0 0 1
vn -0 0 1
vn -0.395579815 -0.91843158 0
vn -0.395579815 -0.91843158 0
vn -0.395579815 -0.91843158 0
vn -0.395579815 -0.91843158 0
vn 0.923879504 -0.382683426 0
vn 0.923879504 -0.382683426 0
vn 0.923879504 -0.382683426 0
vn 0.923879504 -0.382683426 0
vn 0.369712025 0.929146409 0
vn 0.369712025 0.929146409 0
vn 0.369712025 0.929146409 0
vn 0.369712025 0.929146409 0
vn -0.923879504 0.382683426 0
vn -0.923879504 0.382683426 0
vn -0.923879504 0.382683426 0
vn -0.923879504 0.382683426 0
vn 0 0 -1
vn 0 0 -1
vn 0 0 -1
vn 0 0 -1
vn -0 0 1
vn -0 0 1
vn -0 0 1
vn -0 0 1
vn -0.272316188 -0.962207794 0
vn -0.272316188 -0.962207794 0
vn -0.272316188 -0.962207794 0
vn -0.272316188 -0.962207794 0
vn 0.965925813 -0.258819044 0
vn 0.965925813 -0.258819044 0
vn 0.965925813 -0.258819044 0
vn 0.965925813 -0.258819044 0
vn 0.245271161 0.969454527 0
vn 0.245271161 0.969454527 0
vn 0.245271161 0.969454527 0
vn 0.245271161 0.969454527 0
vn -0.965925813 0.258819044 0
vn -0.965925813 0.258819044 0
vn -0.965925813 0.258819044 0
vn -0.965925813 0.258819044 0
vn 0 0 -1
vn 0 0 -1
vn 0 0 -1
vn 0 0 -1
vn -0 0 1
vn -0 0 1
vn -0 0 1
vn -0 0 1
vn -0.144393176 -0.989520371 0
vn -0.144393176 -0.989520371 0
vn -0.144393176 -0.989520371 0
vn -0.144393176 -0.989520371 0
vn 0.991444886 -0.130526185 0
vn 0.991444886 -0.130526185 0
vn 0.991444886 -0.130526185 0
vn 0.991444886 -0.130526185 0
vn 0.116633624 0.99317503 0
vn 0.116633624 0.99317503 0
vn 0.116633624 0.99317503 0
vn 0.116633624 0.99317503 0
vn -0.991444886 0.130526185 0
vn -0.991444886 0.130526185 0
vn -0.991444886 0.130526185 0
vn -0.991444886 0.130526185 0
vn 0 0 -1
vn 0 0 -1
vn 0 0 -1
vn 0 0 -1
vn 0 0 1
vn 0 0 1
vn 0 0 1
vn 0 0 1
vn 1 0 0
vn 1 0 0
vn 1 0 0
vn 1 0 0
vn -0 -1 0
vn -0 -1 0
vn -0 -1 0
vn -0 -1 0
vn -0.980580688 -0.196116135 0
vn -0.980580688 -0.196116135 0
vn -0.980580688 -0.196116135 0
vn -0.980580688 -0.196116135 0
vn -0 1 0
vn -0 1 0
vn -0 1 0
vn -0 1 0
vn 0 0 -1
vn 0 0 -1
vn 0 0 -1
vn 0 0 -1
vn 0 0 1
vn 0 0 1
vn 0 0 1
vn 0 0 1
vn 0.879905403 0.475148916 0
vn 0.879905403 0.475148916 0
vn 0.879905403 0.475148916 0
vn 0.879905403 0.475148916 0
vn -0 -1 0
vn -0 -1 0
vn -0 -1 0
vn -0 -1 0
vn -0.882352948 -0.470588237 0
vn -0.882352948 -0.470588237 0
vn -0.882352948 -0.470588237 0
vn -0.882352948 -0.470588237 0
vn -0 1 0
vn -0 1 0
vn -0 1 0
vn -0 1 0
vn 0 0 1
vn 0 0 1
vn 0 0 1
vn 0 0 1
vn 0 0 -1
vn 0 0 -1
vn 0 0 -1
vn 0 0 -1
vn -1 0 0
vn -1 0 0
vn -1 0 0
vn -1 0 0
vn 0 -1 0
vn 0 -1 0
vn 0 -1 0
vn 0 -1 0
vn 0.980580688 -0.196116135 0
vn 0.980580688 -0.196116135 0
vn 0.980580688 -0.196116135 0
vn 0.980580688 -0.196116135 0
vn 0 1 0
vn 0 1 0
vn 0 1 0
vn 0 1 0
vn 0 0 1
vn 0 0 1
vn 0 0 1
vn 0 0 1
vn 0 0 -1
vn 0 0 -1
vn 0 0 -1
vn 0 0 -1
vn -0.879905403 0.475148916 0
vn -0.879905403 0.475148916 0
vn -0.879905403 0.475148916 0
vn -0.879905403 0.475148916 0
vn 0 -1 0
vn 0 -1 0
vn 0 -1 0
vn 0 -1 0
vn 0.882352948 -0.470588237 0
vn 0.882352948 -0.470588237 0
vn 0.882352948 -0.470588237 0
vn 0.882352948 -0.470588237 0
vn 0 1 0
vn 0 1 0
vn 0 1 0
vn 0 1 0
g coin_body
f 1//1 3//3 2//2
f 4//4 6//6 5//5
f 7//7 9//9 8//8
f 10//10 12//12 11//11
f 13//13 15//15 14//14
f 16//16 18//18 17//17
f 19//19 21//21 20//20
f 22//22 24//24 23//23
f 25//25 27//27 26//26
f 28//28 30//30 29//29
f 31//31 33//33 32//32
f 34//34 36//36 35//35
f 37//37 39//39 38//38
f 40//40 42//42 41//41
f 43//43 45//45 44//44
f 46//46 48//48 47//47
f 49//49 51//51 50//50
f 52//52 54//54 53//53
f 55//55 57//57 56//56
f 58//58 60//60 59//59
f 61//61 63//63 62//62
f 64//64 66//66 65//65
f 67//67 69//69 68//68
f 70//70 72//72 71//71
f 73//73 75//75 74//74
f 76//76 78//78 77//77
f 79//79 81//81 80//80
f 82//82 84//84 83//83
f 85//85 87//87 86//86
f 88//88 90//90 89//89
f 91//91 93//93 92//92
f 94//94 96//96 95//95
f 97//97 99//99 98//98
f 100//100 102//102 101//101
f 103//103 105//105 104//104
f 106//106 108//108 107//107
f 109//109 111//111 110//110
f 112//112 114//114 113//113
f 115//115 117//117 116//116
f 118//118 120//120 119//119
f 121//121 123//123 122//122
f 124//124 126//126 125//125
f 127//127 129//129 128//128
f 130//130 132//132 131//131
f 133//133 135//135 134//134
f 136//136 138//138 137//137
f 139//139 141//141 140//140
f 142//142 144//144 143//143
f 145//145 147//147 146//146
f 148//148 150//150 149//149
f 151//151 153//153 152//152
f 154//154 156//156 155//155
f 157//157 159//159 158//158
f 160//160 162//162 161//161
f 163//163 165//165 164//164
f 166//166 168//168 167//167
f 169//169 171//171 170//170
f 172//172 174//174 173//173
f 175//175 177//177 176//176
f 178//178 180//180 179//179
f 181//181 183//183 182//182
f 184//184 186//186 185//185
f 187//187 189//189 188//188
f 190//190 192//192 191//191
f 193//193 196//196 195//195 194//194
f 197//197 200//200 199//199 198//198
f 201//201 204//204 203//203 202//202
f 205//205 208//208 207//207 206//206
f 209//209 212//212 211//211 210//210
f 213//213 216//216 215//215 214//214
f 217//217 220//220 219//219 218//218
f 221//221 224//224 223//223 222//222
f 225//225 228//228 227//227 226//226
f 229//229 232//232 231//231 230//230
f 233//233 236//236 235//235 234//234
f 237//237 240//240 239//239 238//238
f 241//241 244//244 243//243 242//242
f 245//245 248//248 247//247 246//246
f 249//249 252//252 251//251 250//250
f 253//253 256//256 255//255 254//254
f 257//257 260//260 259//259 258//258
f 261//261 264//264 263//263 262//262
f 265//265 268//268 267//267 266//266
f 269//269 272//272 271//271 270//270
f 273//273 276//276 275//275 274//274
f 277//277 280//280 279//279 278//278
f 281//281 284//284 283//283 282//282
f 285//285 288//288 287//287 286//286
f 289//289 292//292 291//291 290//290
f 293//293 296//296 295//295 294//294
f 297//297 300//300 299//299 298//298
f 301//301 304//304 303//303 302//302
f 305//305 308//308 307//307 306//306
f 309//309 312//312 311//311 310//310
f 313//313 316//316 315//315 314//314
f 317//317 320//320 319//319 318//318
f 321//321 324//324 323//323 322//322
f 325//325 328//328 327//327 326//326
f 329//329 332//332 331//331 330//330
f 333//333 336//336 335//335 334//334
f 337//337 340//340 339//339 338//338
f 341//341 344//344 343//343 342//342
f 345//345 348//348 347//347 346//346
f 349//349 352//352 351//351 350//350
f 353//353 356//356 355//355 354//354
f 357//357 360//360 359//359 358//358
f 361//361 364//364 363//363 362//362
f 365//365 368//368 367//367 366//366
f 369//369 372//372 371//371 370//370
f 373//373 376//376 375//375 374//374
f 377//377 380//380 379//379 378//378
f 381//381 384//384 383//383 382//382
f 385//385 388//388 387//387 386//386
f 389//389 392//392 391//391 390//390
f 393//393 396//396 395//395 394//394
f 397//397 400//400 399//399 398//398
f 401//401 404//404 403//403 402//402
f 405//405 408//408 407//407 406//406
f 409//409 412//412 411//411 410//410
f 413//413 416//416 415//415 414//414
f 417//417 420//420 419//419 418//418
f 421//421 424//424 423//423 422//422
f 425//425 428//428 427//427 426//426
f 429//429 432//432 431//431 430//430
f 433//433 436//436 435//435 434//434
f 437//437 440//440 439//439 438//438
f 441//441 444//444 443//443 442//442
f 445//445 448//448 447//447 446//446
f 449//449 452//452 451//451 450//450
f 453//453 456//456 455//455 454//454
f 457//457 460//460 459//459 458//458
f 461//461 464//464 463//463 462//462
f 465//465 468//468 467//467 466//466
f 469//469 472//472 471//471 470//470
f 473//473 476//476 475//475 474//474
f 477//477 480//480 479//479 478//478
f 481//481 484//484 483//483 482//482
f 485//485 488//488 487//487 486//486
f 489//489 492//492 491//491 490//490
f 493//493 496//496 495//495 494//494
f 497//497 500//500 499//499 498//498
f 501//501 504//504 503//503 502//502
f 505//505 508//508 507//507 506//506
f 509//509 512//512 511//511 510//510
f 513//513 516//516 515//515 514//514
f 517//517 520//520 519//519 518//518
f 521//521 524//524 523//523 522//522
f 525//525 528//528 527//527 526//526
f 529//529 532//532 531//531 530//530
f 533//533 536//536 535//535 534//534
f 537//537 540//540 539//539 538//538
f 541//541 544//544 543//543 542//542
f 545//545 548//548 547//547 546//546
f 549//549 552//552 551//551 550//550
f 553//553 556//556 555//555 554//554
f 557//557 560//560 559//559 558//558
f 561//561 564//564 563//563 562//562
f 565//565 568//568 567//567 566//566
f 569//569 572//572 571//571 570//570
f 573//573 576//576 575//575 574//574
f 577//577 580//580 579//579 578//578
f 581//581 584//584 583//583 582//582
f 585//585 588//588 587//587 586//586
f 589//589 592//592 591//591 590//590
f 593//593 596//596 595//595 594//594
f 597//597 600//600 599//599 598//598
f 601//601 604//604 603//603 602//602
f 605//605 608//608 607//607 606//606
f 609//609 612//612 611//611 610//610
f 613//613 616//616 615//615 614//614
f 617//617 620//620 619//619 618//618
f 621//621 624//624 623//623 622//622
f 625//625 628//628 627//627 626//626
f 629//629 632//632 631//631 630//630
f 633//633 636//636 635//635 634//634
f 637//637 640//640 639//639 638//638
f 641//641 644//644 643//643 642//642
f 645//645 648//648 647//647 646//646
f 649//649 652//652 651//651 650//650
f 653//653 656//656 655//655 654//654
f 657//657 660//660 659//659 658//658
f 661//661 664//664 663//663 662//662
f 665//665 668//668 667//667 666//666
f 669//669 672//672 671//671 670//670
f 673//673 676//676 675//675 674//674
f 677//677 680//680 679//679 678//678
f 681//681 684//684 683//683 682//682
f 685//685 688//688 687//687 686//686
f 689//689 692//692 691//691 690//690
f 693//693 696//696 695//695 694//694
f 697//697 700//700 699//699 698//698
f 701//701 704//704 703//703 702//702
f 705//705 708//708 707//707 706//706
f 709//709 712//712 711//711 710//710
f 713//713 716//716 715//715 714//714
f 717//717 720//720 719//719 718//718
f 721//721 724//724 723//723 722//722
f 725//725 728//728 727//727 726//726
f 729//729 732//732 731//731 730//730
f 733//733 736//736 735//735 734//734
f 737//737 740//740 739//739 738//738
f 741//741 744//744 743//743 742//742
f 745//745 748//748 747//747 746//746
f 749//749 752//752 751//751 750//750
f 753//753 756//756 755//755 754//754
f 757//757 760//760 759//759 758//758
f 761//761 764//764 763//763 762//762
f 765//765 768//768 767//767 766//766
f 769//769 772//772 771//771 770//770
f 773//773 776//776 775//775 774//774
f 777//777 780//780 779//779 778//778
f 781//781 784//784 783//783 782//782
f 785//785 788//788 787//787 786//786
f 789//789 792//792 791//791 790//790
f 793//793 796//796 795//795 794//794
f 797//797 800//800 799//799 798//798
f 801//801 804//804 803//803 802//802
f 805//805 808//808 807//807 806//806
f 809//809 812//812 811//811 810//810
f 813//813 816//816 815//815 814//814
f 817//817 820//820 819//819 818//818
f 821//821 824//824 823//823 822//822
f 825//825 828//828 827//827 826//826
f 829//829 832//832 831//831 830//830
f 833//833 836//836 835//835 834//834
f 837//837 840//840 839//839 838//838
f 841//841 844//844 843//843 842//842
f 845//845 848//848 847//847 846//846
f 849//849 852//852 851//851 850//850
f 853//853 856//856 855//855 854//854
f 857//857 860//860 859//859 858//858
f 861//861 864//864 863//863 862//862
f 865//865 868//868 867//867 866//866
f 869//869 872//872 871//871 870//870
f 873//873 876//876 875//875 874//874
f 877//877 880//880 879//879 878//878
f 881//881 884//884 883//883 882//882
f 885//885 888//888 887//887 886//886
f 889//889 892//892 891//891 890//890
f 893//893 896//896 895//895 894//894
f 897//897 900//900 899//899 898//898
f 901//901 904//904 903//903 902//902
f 905//905 908//908 907//907 906//906
f 909//909 912//912 911//911 910//910
f 913//913 916//916 915//915 914//914
f 917//917 920//920 919//919 918//918
f 921//921 924//924 923//923 922//922
f 925//925 928//928 927//927 926//926
f 929//929 932//932 931//931 930//930
f 933//933 936//936 935//935 934//934
f 937//937 940//940 939//939 938//938
f 941//941 944//944 943//943 942//942
f 945//945 948//948 947//947 946//946
f 949//949 952//952 951//951 950//950
f 953//953 956//956 955//955 954//954
f 957//957 960//960 959//959 958//958
f 961//961 964//964 963//963 962//962
f 965//965 968//968 967//967 966//966
f 969//969 972//972 971//971 970//970
f 973//973 976//976 975//975 974//974
f 977//977 980//980 979//979 978//978
f 981//981 984//984 983//983 982//982
f 985//985 988//988 987//987 986//986
f 989//989 992//992 991//991 990//990
f 993//993 996//996 995//995 994//994
f 997//997 1000//1000 999//999 998//998
f 1001//1001 1004//1004 1003//1003 1002//1002
f 1005//1005 1008//1008 1007//1007 1006//1006
f 1009//1009 1012//1012 1011//1011 1010//1010
f 1013//1013 1016//1016 1015//1015 1014//1014
f 1017//1017 1020//1020 1019//1019 1018//1018
f 1021//1021 1024//1024 1023//1023 1022//1022
f 1025//1025 1028//1028 1027//1027 1026//1026
f 1029//1029 1032//1032 1031//1031 1030//1030
f 1033//1033 1036//1036 1035//1035 1034//1034
f 1037//1037 1040//1040 1039//1039 1038//1038
f 1041//1041 1044//1044 1043//1043 1042//1042
f 1045//1045 1048//1048 1047//1047 1046//1046
f 1049//1049 1052//1052 1051//1051 1050//1050
f 1053//1053 1056//1056 1055//1055 1054//1054
f 1057//1057 1060//1060 1059//1059 1058//1058
f 1061//1061 1064//1064 1063//1063 1062//1062
f 1065//1065 1068//1068 1067//1067 1066//1066
f 1069//1069 1072//1072 1071//1071 1070//1070
f 1073//1073 1076//1076 1075//1075 1074//1074
f 1077//1077 1080//1080 1079//1079 1078//1078
f 1081//1081 1084//1084 1083//1083 1082//1082
f 1085//1085 1088//1088 1087//1087 1086//1086
f 1089//1089 1092//1092 1091//1091 1090//1090
f 1093//1093 1096//1096 1095//1095 1094//1094
f 1097//1097 1100//1100 1099//1099 1098//1098
f 1101//1101 1104//1104 1103//1103 1102//1102
f 1105//1105 1108//1108 1107//1107 1106//1106
f 1109//1109 1112//1112 1111//1111 1110//1110
f 1113//1113 1116//1116 1115//1115 1114//1114
f 1117//1117 1120//1120 1119//1119 1118//1118
f 1121//1121 1124//1124 1123//1123 1122//1122
f 1125//1125 1128//1128 1127//1127 1126//1126
f 1129//1129 1132//1132 1131//1131 1130//1130
f 1133//1133 1136//1136 1135//1135 1134//1134
f 1137//1137 1140//1140 1139//1139 1138//1138
f 1141//1141 1144//1144 1143//1143 1142//1142
f 1145//1145 1148//1148 1147//1147 1146//1146
f 1149//1149 1152//1152 1151//1151 1150//1150
f 1153//1153 1156//1156 1155//1155 1154//1154
f 1157//1157 1160//1160 1159//1159 1158//1158
f 1161//1161 1164//1164 1163//1163 1162//1162
f 1165//1165 1168//1168 1167//1167 1166//1166
f 1169//1169 1172//1172 1171//1171 1170//1170
f 1173//1173 1176//1176 1175//1175 1174//1174
f 1177//1177 1180//1180 1179//1179 1178//1178
f 1181//1181 1184//1184 1183//1183 1182//1182
f 1185//1185 1188//1188 1187//1187 1186//1186
f 1189//1189 1192//1192 1191//1191 1190//1190
f 1193//1193 1196//1196 1195//1195 1194//1194
f 1197//1197 1200//1200 1199//1199 1198//1198
f 1201//1201 1204//1204 1203//1203 1202//1202
f 1205//1205 1208//1208 1207//1207 1206//1206
f 1209//1209 1212//1212 1211//1211 1210//1210
f 1213//1213 1216//1216 1215//1215 1214//1214
f 1217//1217 1220//1220 1219//1219 1218//1218
f 1221//1221 1224//1224 1223//1223 1222//1222
f 1225//1225 1228//1228 1227//1227 1226//1226
f 1229//1229 1232//1232 1231//1231 1230//1230
f 1233//1233 1236//1236 1235//1235 1234//1234
f 1237//1237 1240//1240 1239//1239 1238//1238
f 1241//1241 1244//1244 1243//1243 1242//1242
f 1245//1245 1248//1248 1247//1247 1246//1246
f 1249//1249 1252//1252 1251//1251 1250//1250
f 1253//1253 1256//1256 1255//1255 1254//1254
f 1257//1257 1260//1260 1259//1259 1258//1258
f 1261//1261 1264//1264 1263//1263 1262//1262
f 1265//1265 1268//1268 1267//1267 1266//1266
f 1269//1269 1272//1272 1271//1271 1270//1270
f 1273//1273 1276//1276 1275//1275 1274//1274
f 1277//1277 1280//1280 1279//1279 1278//1278
f 1281//1281 1284//1284 1283//1283 1282//1282
f 1285//1285 1288//1288 1287//1287 1286//1286
f 1289//1289 1292//1292 1291//1291 1290//1290
f 1293//1293 1296//1296 1295//1295 1294//1294
f 1297//1297 1300//1300 1299//1299 1298//1298
f 1301//1301 1304//1304 1303//1303 1302//1302
f 1305//1305 1308//1308 1307//1307 1306//1306
f 1309//1309 1312//1312 1311//1311 1310//1310
f 1313//1313 1316//1316 1315//1315 1314//1314
f 1317//1317 1320//1320 1319//1319 1318//1318
f 1321//1321 1324//1324 1323//1323 1322//1322
f 1325//1325 1328//1328 1327//1327 1326//1326
f 1329//1329 1332//1332 1331//1331 1330//1330
f 1333//1333 1336//1336 1335//1335 1334//1334
f 1337//1337 1340//1340 1339//1339 1338//1338
f 1341//1341 1344//1344 1343//1343 1342//1342
f 1345//1345 1348//1348 1347//1347 1346//1346
f 1349//1349 1352//1352 1351//1351 1350//1350
f 1353//1353 1356//1356 1355//1355 1354//1354
f 1357//1357 1360//1360 1359//1359 1358//1358
f 1361//1361 1364//1364 1363//1363 1362//1362
f 1365//1365 1368//1368 1367//1367 1366//1366
f 1369//1369 1372//1372 1371//1371 1370//1370
f 1373//1373 1376//1376 1375//1375 1374//1374
f 1377//1377 1380//1380 1379//1379 1378//1378
f 1381//1381 1384//1384 1383//1383 1382//1382
f 1385//1385 1388//1388 1387//1387 1386//1386
f 1389//1389 1392//1392 1391//1391 1390//1390
f 1393//1393 1396//1396 1395//1395 1394//1394
f 1397//1397 1400//1400 1399//1399 1398//1398
f 1401//1401 1404//1404 1403//1403 1402//1402
f 1405//1405 1408//1408 1407//1407 1406//1406
f 1409//1409 1412//1412 1411//1411 1410//1410
f 1413//1413 1416//1416 1415//1415 1414//1414
f 1417//1417 1420//1420 1419//1419 1418//1418
f 1421//1421 1424//1424 1423//1423 1422//1422
f 1425//1425 1428//1428 1427//1427 1426//1426
f 1429//1429 1432//1432 1431//1431 1430//1430
f 1433//1433 1436//1436 1435//1435 1434//1434
f 1437//1437 1440//1440 1439//1439 1438//1438
f 1441//1441 1444//1444 1443//1443 1442//1442
f 1445//1445 1448//1448 1447//1447 1446//1446
f 1449//1449 1452//1452 1451//1451 1450//1450
f 1453//1453 1456//1456 1455//1455 1454//1454
f 1457//1457 1460//1460 1459//1459 1458//1458
f 1461//1461 1464//1464 1463//1463 1462//1462
f 1465//1465 1468//1468 1467//1467 1466//1466
f 1469//1469 1472//1472 1471//1471 1470//1470
f 1473//1473 1475//1475 1474//1474
f 1476//1476 1478//1478 1477//1477
f 1479//1479 1481//1481 1480//1480
f 1482//1482 1484//1484 1483//1483
f 1485//1485 1487//1487 1486//1486
f 1488//1488 1490//1490 1489//1489
f 1491//1491 1493//1493 1492//1492
f 1494//1494 1496//1496 1495//1495
f 1497//1497 1499//1499 1498//1498
f 1500//1500 1502//1502 1501//1501
f 1503//1503 1505//1505 1504//1504
f 1506//1506 1508//1508 1507//1507
f 1509//1509 1511//1511 1510//1510
f 1512//1512 1514//1514 1513//1513
f 1515//1515 1517//1517 1516//1516
f 1518//1518 1520//1520 1519//1519
f 1521//1521 1523//1523 1522//1522
f 1524//1524 1526//1526 1525//1525
f 1527//1527 1529//1529 1528//1528
f 1530//1530 1532//1532 1531//1531
f 1533//1533 1535//1535 1534//1534
f 1536//1536 1538//1538 1537//1537
f 1539//1539 1541//1541 1540//1540
f 1542//1542 1544//1544 1543//1543
f 1545//1545 1547//1547 1546//1546
f 1548//1548 1550//1550 1549//1549
f 1551//1551 1553//1553 1552//1552
f 1554//1554 1556//1556 1555//1555
f 1557//1557 1559//1559 1558//1558
f 1560//1560 1562//1562 1561//1561
f 1563//1563 1565//1565 1564//1564
f 1566//1566 1568//1568 1567//1567
f 1569//1569 1571//1571 1570//1570
f 1572//1572 1574//1574 1573//1573
f 1575//1575 1577//1577 1576//1576
f 1578//1578 1580//1580 1579//1579
f 1581//1581 1583//1583 1582//1582
f 1584//1584 1586//1586 1585//1585
f 1587//1587 1589//1589 1588//1588
f 1590//1590 1592//1592 1591//1591
f 1593//1593 1595//1595 1594//1594
f 1596//1596 1598//1598 1597//1597
f 1599//1599 1601//1601 1600//1600
f 1602//1602 1604//1604 1603//1603
f 1605//1605 1607//1607 1606//1606
f 1608//1608 1610//1610 1609//1609
f 1611//1611 1613//1613 1612//1612
f 1614//1614 1616//1616 1615//1615
f 1617//1617 1619//1619 1618//1618
f 1620//1620 1622//1622 1621//1621
f 1623//1623 1625//1625 1624//1624
f 1626//1626 1628//1628 1627//1627
f 1629//1629 1631//1631 1630//1630
f 1632//1632 1634//1634 1633//1633
f 1635//1635 1637//1637 1636//1636
f 1638//1638 1640//1640 1639//1639
f 1641//1641 1643//1643 1642//1642
f 1644//1644 1646//1646 1645//1645
f 1647//1647 1649//1649 1648//1648
f 1650//1650 1652//1652 1651//1651
f 1653//1653 1655//1655 1654//1654
f 1656//1656 1658//1658 1657//1657
f 1659//1659 1661//1661 1660//1660
f 1662//1662 1664//1664 1663//1663
g coin_rim
f 1665//1665 1668//1668 1667//1667 1666//1666
f 1669//1669 1672//1672 1671//1671 1670//1670
f 1673//1673 1676//1676 1675//1675 1674//1674
f 1677//1677 1680//1680 1679//1679 1678//1678
f 1681//1681 1684//1684 1683//1683 1682//1682
f 1685//1685 1688//1688 1687//1687 1686//1686
f 1689//1689 1692//1692 1691//1691 1690//1690
f 1693//1693 1696//1696 1695//1695 1694//1694
f 1697//1697 1700//1700 1699//1699 1698//1698
f 1701//1701 1704//1704 1703//1703 1702//1702
f 1705//1705 1708//1708 1707//1707 1706//1706
f 1709//1709 1712//1712 1711//1711 1710//1710
f 1713//1713 1716//1716 1715//1715 1714//1714
f 1717//1717 1720//1720 1719//1719 1718//1718
f 1721//1721 1724//1724 1723//1723 1722//1722
f 1725//1725 1728//1728 1727//1727 1726//1726
f 1729//1729 1732//1732 1731//1731 1730//1730
f 1733//1733 1736//1736 1735//1735 1734//1734
f 1737//1737 1740//1740 1739//1739 1738//1738
f 1741//1741 1744//1744 1743//1743 1742//1742
f 1745//1745 1748//1748 1747//1747 1746//1746
f 1749//1749 1752//1752 1751//1751 1750//1750
f 1753//1753 1756//1756 1755//1755 1754//1754
f 1757//1757 1760//1760 1759//1759 1758//1758
f 1761//1761 1764//1764 1763//1763 1762//1762
f 1765//1765 1768//1768 1767//1767 1766//1766
f 1769//1769 1772//1772 1771//1771 1770//1770
f 1773//1773 1776//1776 1775//1775 1774//1774
f 1777//1777 1780//1780 1779//1779 1778//1778
f 1781//1781 1784//1784 1783//1783 1782//1782
f 1785//1785 1788//1788 1787//1787 1786//1786
f 1789//1789 1792//1792 1791//1791 1790//1790
f 1793//1793 1796//1796 1795//1795 1794//1794
f 1797//1797 1800//1800 1799//1799 1798//1798
f 1801//1801 1804//1804 1803//1803 1802//1802
f 1805//1805 1808//1808 1807//1807 1806//1806
f 1809//1809 1812//1812 1811//1811 1810//1810
f 1813//1813 1816//1816 1815//1815 1814//1814
f 1817//1817 1820//1820 1819//1819 1818//1818
f 1821//1821 1824//1824 1823//1823 1822//1822
f 1825//1825 1828//1828 1827//1827 1826//1826
f 1829//1829 1832//1832 1831//1831 1830//1830
f 1833//1833 1836//1836 1835//1835 1834//1834
f 1837//1837 1840//1840 1839//1839 1838//1838
f 1841//1841 1844//1844 1843//1843 1842//1842
f 1845//1845 1848//1848 1847//1847 1846//1846
f 1849//1849 1852//1852 1851//1851 1850//1850
f 1853//1853 1856//1856 1855//1855 1854//1854
f 1857//1857 1860//1860 1859//1859 1858//1858
f 1861//1861 1864//1864 1863//1863 1862//1862
f 1865//1865 1868//1868 1867//1867 1866//1866
f 1869//1869 1872//1872 1871//1871 1870//1870
f 1873//1873 1876//1876 1875//1875 1874//1874
f 1877//1877 1880//1880 1879//1879 1878//1878
f 1881//1881 1884//1884 1883//1883 1882//1882
f 1885//1885 1888//1888 1887//1887 1886//1886
f 1889//1889 1892//1892 1891//1891 1890//1890
f 1893//1893 1896//1896 1895//1895 1894//1894
f 1897//1897 1900//1900 1899//1899 1898//1898
f 1901//1901 1904//1904 1903//1903 1902//1902
f 1905//1905 1908//1908 1907//1907 1906//1906
f 1909//1909 1912//1912 1911//1911 1910//1910
f 1913//1913 1916//1916 1915//1915 1914//1914
f 1917//1917 1920//1920 1919//1919 1918//1918
f 1921//1921 1924//1924 1923//1923 1922//1922
f 1925//1925 1928//1928 1927//1927 1926//1926
f 1929//1929 1932//1932 1931//1931 1930//1930
f 1933//1933 1936//1936 1935//1935 1934//1934
f 1937//1937 1940//1940 1939//1939 1938//1938
f 1941//1941 1944//1944 1943//1943 1942//1942
f 1945//1945 1948//1948 1947//1947 1946//1946
f 1949//1949 1952//1952 1951//1951 1950//1950
f 1953//1953 1956//1956 1955//1955 1954//1954
f 1957//1957 1960//1960 1959//1959 1958//1958
f 1961//1961 1964//1964 1963//1963 1962//1962
f 1965//1965 1968//1968 1967//1967 1966//1966
f 1969//1969 1972//1972 1971//1971 1970//1970
f 1973//1973 1976//1976 1975//1975 1974//1974
f 1977//1977 1980//1980 1979//1979 1978//1978
f 1981//1981 1984//1984 1983//1983 1982//1982
f 1985//1985 1988//1988 1987//1987 1986//1986
f 1989//1989 1992//1992 1991//1991 1990//1990
f 1993//1993 1996//1996 1995//1995 1994//1994
f 1997//1997 2000//2000 1999//1999 1998//1998
f 2001//2001 2004//2004 2003//2003 2002//2002
f 2005//2005 2008//2008 2007//2007 2006//2006
f 2009//2009 2012//2012 2011//2011 2010//2010
f 2013//2013 2016//2016 2015//2015 2014//2014
f 2017//2017 2020//2020 2019//2019 2018//2018
f 2021//2021 2024//2024 2023//2023 2022//2022
f 2025//2025 2028//2028 2027//2027 2026//2026
f 2029//2029 2032//2032 2031//2031 2030//2030
f 2033//2033 2036//2036 2035//2035 2034//2034
f 2037//2037 2040//2040 2039//2039 2038//2038
f 2041//2041 2044//2044 2043//2043 2042//2042
f 2045//2045 2048//2048 2047//2047 2046//2046
f 2049//2049 2052//2052 2051//2051 2050//2050
f 2053//2053 2056//2056 2055//2055 2054//2054
f 2057//2057 2060//2060 2059//2059 2058//2058
f 2061//2061 2064//2064 2063//2063 2062//2062
f 2065//2065 2068//2068 2067//2067 2066//2066
f 2069//2069 2072//2072 2071//2071 2070//2070
f 2073//2073 2076//2076 2075//2075 2074//2074
f 2077//2077 2080//2080 2079//2079 2078//2078
f 2081//2081 2084//2084 2083//2083 2082//2082
f 2085//2085 2088//2088 2087//2087 2086//2086
f 2089//2089 2092//2092 2091//2091 2090//2090
f 2093//2093 2096//2096 2095//2095 2094//2094
f 2097//2097 2100//2100 2099//2099 2098//2098
f 2101//2101 2104//2104 2103//2103 2102//2102
f 2105//2105 2108//2108 2107//2107 2106//2106
f 2109//2109 2112//2112 2111//2111 2110//2110
f 2113//2113 2116//2116 2115//2115 2114//2114
f 2117//2117 2120//2120 2119//2119 2118//2118
f 2121//2121 2124//2124 2123//2123 2122//2122
f 2125//2125 2128//2128 2127//2127 2126//2126
f 2129//2129 2132//2132 2131//2131 2130//2130
f 2133//2133 2136//2136 2135//2135 2134//2134
f 2137//2137 2140//2140 2139//2139 2138//2138
f 2141//2141 2144//2144 2143//2143 2142//2142
f 2145//2145 2148//2148 2147//2147 2146//2146
f 2149//2149 2152//2152 2151//2151 2150//2150
f 2153//2153 2156//2156 2155//2155 2154//2154
f 2157//2157 2160//2160 2159//2159 2158//2158
f 2161//2161 2164//2164 2163//2163 2162//2162
f 2165//2165 2168//2168 2167//2167 2166//2166
f 2169//2169 2172//2172 2171//2171 2170//2170
f 2173//2173 2176//2176 2175//2175 2174//2174
f 2177//2177 2180//2180 2179//2179 2178//2178
f 2181//2181 2184//2184 2183//2183 2182//2182
f 2185//2185 2188//2188 2187//2187 2186//2186
f 2189//2189 2192//2192 2191//2191 2190//2190
f 2193//2193 2196//2196 2195//2195 2194//2194
f 2197//2197 2200//2200 2199//2199 2198//2198
f 2201//2201 2204//2204 2203//2203 2202//2202
f 2205//2205 2208//2208 2207//2207 2206//2206
f 2209//2209 2212//2212 2211//2211 2210//2210
f 2213//2213 2216//2216 2215//2215 2214//2214
f 2217//2217 2220//2220 2219//2219 2218//2218
f 2221//2221 2224//2224 2223//2223 2222//2222
f 2225//2225 2228//2228 2227//2227 2226//2226
f 2229//2229 2232//2232 2231//2231 2230//2230
f 2233//2233 2236//2236 2235//2235 2234//2234
f 2237//2237 2240//2240 2239//2239 2238//2238
f 2241//2241 2244//2244 2243//2243 2242//2242
f 2245//2245 2248//2248 2247//2247 2246//2246
f 2249//2249 2252//2252 2251//2251 2250//2250
f 2253//2253 2256//2256 2255//2255 2254//2254
f 2257//2257 2260//2260 2259//2259 2258//2258
f 2261//2261 2264//2264 2263//2263 2262//2262
f 2265//2265 2268//2268 2267//2267 2266//2266
f 2269//2269 2272//2272 2271//2271 2270//2270
f 2273//2273 2276//2276 2275//2275 2274//2274
f 2277//2277 2280//2280 2279//2279 2278//2278
f 2281//2281 2284//2284 2283//2283 2282//2282
f 2285//2285 2288//2288 2287//2287 2286//2286
f 2289//2289 2292//2292 2291//2291 2290//2290
f 2293//2293 2296//2296 2295//2295 2294//2294
f 2297//2297 2300//2300 2299//2299 2298//2298
f 2301//2301 2304//2304 2303//2303 2302//2302
f 2305//2305 2308//2308 2307//2307 2306//2306
f 2309//2309 2312//2312 2311//2311 2310//2310
f 2313//2313 2316//2316 2315//2315 2314//2314
f 2317//2317 2320//2320 2319//2319 2318//2318
f 2321//2321 2324//2324 2323//2323 2322//2322
f 2325//2325 2328//2328 2327//2327 2326//2326
f 2329//2329 2332//2332 2331//2331 2330//2330
f 2333//2333 2336//2336 2335//2335 2334//2334
f 2337//2337 2340//2340 2339//2339 2338//2338
f 2341//2341 2344//2344 2343//2343 2342//2342
f 2345//2345 2348//2348 2347//2347 2346//2346
f 2349//2349 2352//2352 2351//2351 2350//2350
f 2353//2353 2356//2356 2355//2355 2354//2354
f 2357//2357 2360//2360 2359//2359 2358//2358
f 2361//2361 2364//2364 2363//2363 2362//2362
f 2365//2365 2368//2368 2367//2367 2366//2366
f 2369//2369 2372//2372 2371//2371 2370//2370
f 2373//2373 2376//2376 2375//2375 2374//2374
f 2377//2377 2380//2380 2379//2379 2378//2378
f 2381//2381 2384//2384 2383//2383 2382//2382
f 2385//2385 2388//2388 2387//2387 2386//2386
f 2389//2389 2392//2392 2391//2391 2390//2390
f 2393//2393 2396//2396 2395//2395 2394//2394
f 2397//2397 2400//2400 2399//2399 2398//2398
f 2401//2401 2404//2404 2403//2403 2402//2402
f 2405//2405 2408//2408 2407//2407 2406//2406
f 2409//2409 2412//2412 2411//2411 2410//2410
f 2413//2413 2416//2416 2415//2415 2414//2414
f 2417//2417 2420//2420 2419//2419 2418//2418
f 2421//2421 2424//2424 2423//2423 2422//2422
f 2425//2425 2428//2428 2427//2427 2426//2426
f 2429//2429 2432//2432 2431//2431 2430//2430
f 2433//2433 2436//2436 2435//2435 2434//2434
f 2437//2437 2440//2440 2439//2439 2438//2438
f 2441//2441 2444//2444 2443//2443 2442//2442
f 2445//2445 2448//2448 2447//2447 2446//2446
f 2449//2449 2452//2452 2451//2451 2450//2450
f 2453//2453 2456//2456 2455//2455 2454//2454
f 2457//2457 2460//2460 2459//2459 2458//2458
f 2461//2461 2464//2464 2463//2463 2462//2462
f 2465//2465 2468//2468 2467//2467 2466//2466
f 2469//2469 2472//2472 2471//2471 2470//2470
f 2473//2473 2476//2476 2475//2475 2474//2474
f 2477//2477 2480//2480 2479//2479 2478//2478
f 2481//2481 2484//2484 2483//2483 2482//2482
f 2485//2485 2488//2488 2487//2487 2486//2486
f 2489//2489 2492//2492 2491//2491 2490//2490
f 2493//2493 2496//2496 2495//2495 2494//2494
f 2497//2497 2500//2500 2499//2499 2498//2498
f 2501//2501 2504//2504 2503//2503 2502//2502
f 2505//2505 2508//2508 2507//2507 2506//2506
f 2509//2509 2512//2512 2511//2511 2510//2510
f 2513//2513 2516//2516 2515//2515 2514//2514
f 2517//2517 2520//2520 2519//2519 2518//2518
f 2521//2521 2524//2524 2523//2523 2522//2522
f 2525//2525 2528//2528 2527//2527 2526//2526
f 2529//2529 2532//2532 2531//2531 2530//2530
f 2533//2533 2536//2536 2535//2535 2534//2534
f 2537//2537 2540//2540 2539//2539 2538//2538
f 2541//2541 2544//2544 2543//2543 2542//2542
f 2545//2545 2548//2548 2547//2547 2546//2546
f 2549//2549 2552//2552 2551//2551 2550//2550
f 2553//2553 2556//2556 2555//2555 2554//2554
f 2557//2557 2560//2560 2559//2559 2558//2558
f 2561//2561 2564//2564 2563//2563 2562//2562
f 2565//2565 2568//2568 2567//2567 2566//2566
f 2569//2569 2572//2572 2571//2571 2570//2570
f 2573//2573 2576//2576 2575//2575 2574//2574
f 2577//2577 2580//2580 2579//2579 2578//2578
f 2581//2581 2584//2584 2583//2583 2582//2582
f 2585//2585 2588//2588 2587//2587 2586//2586
f 2589//2589 2592//2592 2591//2591 2590//2590
f 2593//2593 2596//2596 2595//2595 2594//2594
f 2597//2597 2600//2600 2599//2599 2598//2598
f 2601//2601 2604//2604 2603//2603 2602//2602
f 2605//2605 2608//2608 2607//2607 2606//2606
f 2609//2609 2612//2612 2611//2611 2610//2610
f 2613//2613 2616//2616 2615//2615 2614//2614
f 2617//2617 2620//2620 2619//2619 2618//2618
f 2621//2621 2624//2624 2623//2623 2622//2622
f 2625//2625 2628//2628 2627//2627 2626//2626
f 2629//2629 2632//2632 2631//2631 2630//2630
f 2633//2633 2636//2636 2635//2635 2634//2634
f 2637//2637 2640//2640 2639//2639 2638//2638
f 2641//2641 2644//2644 2643//2643 2642//2642
f 2645//2645 2648//2648 2647//2647 2646//2646
f 2649//2649 2652//2652 2651//2651 2650//2650
f 2653//2653 2656//2656 2655//2655 2654//2654
f 2657//2657 2660//2660 2659//2659 2658//2658
f 2661//2661 2664//2664 2663//2663 2662//2662
f 2665//2665 2668//2668 2667//2667 2666//2666
f 2669//2669 2672//2672 2671//2671 2670//2670
f 2673//2673 2676//2676 2675//2675 2674//2674
f 2677//2677 2680//2680 2679//2679 2678//2678
f 2681//2681 2684//2684 2683//2683 2682//2682
f 2685//2685 2688//2688 2687//2687 2686//2686
f 2689//2689 2692//2692 2691//2691 2690//2690
f 2693//2693 2696//2696 2695//2695 2694//2694
f 2697//2697 2700//2700 2699//2699 2698//2698
f 2701//2701 2704//2704 2703//2703 2702//2702
f 2705//2705 2708//2708 2707//2707 2706//2706
f 2709//2709 2712//2712 2711//2711 2710//2710
f 2713//2713 2716//2716 2715//2715 2714//2714
f 2717//2717 2720//2720 2719//2719 2718//2718
f 2721//2721 2724//2724 2723//2723 2722//2722
f 2725//2725 2728//2728 2727//2727 2726//2726
f 2729//2729 2732//2732 2731//2731 2730//2730
f 2733//2733 2736//2736 2735//2735 2734//2734
f 2737//2737 2740//2740 2739//2739 2738//2738
f 2741//2741 2744//2744 2743//2743 2742//2742
f 2745//2745 2748//2748 2747//2747 2746//2746
f 2749//2749 2752//2752 2751//2751 2750//2750
f 2753//2753 2756//2756 2755//2755 2754//2754
f 2757//2757 2760//2760 2759//2759 2758//2758
f 2761//2761 2764//2764 2763//2763 2762//2762
f 2765//2765 2768//2768 2767//2767 2766//2766
f 2769//2769 2772//2772 2771//2771 2770//2770
f 2773//2773 2776//2776 2775//2775 2774//2774
f 2777//2777 2780//2780 2779//2779 2778//2778
f 2781//2781 2784//2784 2783//2783 2782//2782
f 2785//2785 2788//2788 2787//2787 2786//2786
f 2789//2789 2792//2792 2791//2791 2790//2790
f 2793//2793 2796//2796 2795//2795 2794//2794
f 2797//2797 2800//2800 2799//2799 2798//2798
f 2801//2801 2804//2804 2803//2803 2802//2802
f 2805//2805 2808//2808 2807//2807 2806//2806
f 2809//2809 2812//2812 2811//2811 2810//2810
f 2813//2813 2816//2816 2815//2815 2814//2814
f 2817//2817 2820//2820 2819//2819 2818//2818
f 2821//2821 2824//2824 2823//2823 2822//2822
f 2825//2825 2828//2828 2827//2827 2826//2826
f 2829//2829 2832//2832 2831//2831 2830//2830
f 2833//2833 2836//2836 2835//2835 2834//2834
f 2837//2837 2840//2840 2839//2839 2838//2838
f 2841//2841 2844//2844 2843//2843 2842//2842
f 2845//2845 2848//2848 2847//2847 2846//2846
f 2849//2849 2852//2852 2851//2851 2850//2850
f 2853//2853 2856//2856 2855//2855 2854//2854
f 2857//2857 2860//2860 2859//2859 2858//2858
f 2861//2861 2864//2864 2863//2863 2862//2862
f 2865//2865 2868//2868 2867//2867 2866//2866
f 2869//2869 2872//2872 2871//2871 2870//2870
f 2873//2873 2876//2876 2875//2875 2874//2874
f 2877//2877 2880//2880 2879//2879 2878//2878
f 2881//2881 2884//2884 2883//2883 2882//2882
f 2885//2885 2888//2888 2887//2887 2886//2886
f 2889//2889 2892//2892 2891//2891 2890//2890
f 2893//2893 2896//2896 2895//2895 2894//2894
f 2897//2897 2900//2900 2899//2899 2898//2898
f 2901//2901 2904//2904 2903//2903 2902//2902
f 2905//2905 2908//2908 2907//2907 2906//2906
f 2909//2909 2912//2912 2911//2911 2910//2910
f 2913//2913 2916//2916 2915//2915 2914//2914
f 2917//2917 2920//2920 2919//2919 2918//2918
f 2921//2921 2924//2924 2923//2923 2922//2922
f 2925//2925 2928//2928 2927//2927 2926//2926
f 2929//2929 2932//2932 2931//2931 2930//2930
f 2933//2933 2936//2936 2935//2935 2934//2934
f 2937//2937 2940//2940 2939//2939 2938//2938
f 2941//2941 2944//2944 2943//2943 2942//2942
f 2945//2945 2948//2948 2947//2947 2946//2946
f 2949//2949 2952//2952 2951//2951 2950//2950
f 2953//2953 2956//2956 2955//2955 2954//2954
f 2957//2957 2960//2960 2959//2959 2958//2958
f 2961//2961 2964//2964 2963//2963 2962//2962
f 2965//2965 2968//2968 2967//2967 2966//2966
f 2969//2969 2972//2972 2971//2971 2970//2970
f 2973//2973 2976//2976 2975//2975 2974//2974
f 2977//2977 2980//2980 2979//2979 2978//2978
f 2981//2981 2984//2984 2983//2983 2982//2982
f 2985//2985 2988//2988 2987//2987 2986//2986
f 2989//2989 2992//2992 2991//2991 2990//2990
f 2993//2993 2996//2996 2995//2995 2994//2994
f 2997//2997 3000//3000 2999//2999 2998//2998
f 3001//3001 3004//3004 3003//3003 3002//3002
f 3005//3005 3008//3008 3007//3007 3006//3006
f 3009//3009 3012//3012 3011//3011 3010//3010
f 3013//3013 3016//3016 3015//3015 3014//3014
f 3017//3017 3020//3020 3019//3019 3018//3018
f 3021//3021 3024//3024 3023//3023 3022//3022
f 3025//3025 3028//3028 3027//3027 3026//3026
f 3029//3029 3032//3032 3031//3031 3030//3030
f 3033//3033 3036//3036 3035//3035 3034//3034
f 3037//3037 3040//3040 3039//3039 3038//3038
f 3041//3041 3044//3044 3043//3043 3042//3042
f 3045//3045 3048//3048 3047//3047 3046//3046
f 3049//3049 3052//3052 3051//3051 3050//3050
f 3053//3053 3056//3056 3055//3055 3054//3054
f 3057//3057 3060//3060 3059//3059 3058//3058
f 3061//3061 3064//3064 3063//3063 3062//3062
f 3065//3065 3068//3068 3067//3067 3066//3066
f 3069//3069 3072//3072 3071//3071 3070//3070
f 3073//3073 3076//3076 3075//3075 3074//3074
f 3077//3077 3080//3080 3079//3079 3078//3078
f 3081//3081 3084//3084 3083//3083 3082//3082
f 3085//3085 3088//3088 3087//3087 3086//3086
f 3089//3089 3092//3092 3091//3091 3090//3090
f 3093//3093 3096//3096 3095//3095 3094//3094
f 3097//3097 3100//3100 3099//3099 3098//3098
f 3101//3101 3104//3104 3103//3103 3102//3102
f 3105//3105 3108//3108 3107//3107 3106//3106
f 3109//3109 3112//3112 3111//3111 3110//3110
f 3113//3113 3116//3116 3115//3115 3114//3114
f 3117//3117 3120//3120 3119//3119 3118//3118
f 3121//3121 3124//3124 3123//3123 3122//3122
f 3125//3125 3128//3128 3127//3127 3126//3126
f 3129//3129 3132//3132 3131//3131 3130//3130
f 3133//3133 3136//3136 3135//3135 3134//3134
f 3137//3137 3140//3140 3139//3139 3138//3138
f 3141//3141 3144//3144 3143//3143 3142//3142
f 3145//3145 3148//3148 3147//3147 3146//3146
f 3149//3149 3152//3152 3151//3151 3150//3150
f 3153//3153 3156//3156 3155//3155 3154//3154
f 3157//3157 3160//3160 3159//3159 3158//3158
f 3161//3161 3164//3164 3163//3163 3162//3162
f 3165//3165 3168//3168 3167//3167 3166//3166
f 3169//3169 3172//3172 3171//3171 3170//3170
f 3173//3173 3176//3176 3175//3175 3174//3174
f 3177//3177 3180//3180 3179//3179 3178//3178
f 3181//3181 3184//3184 3183//3183 3182//3182
f 3185//3185 3188//3188 3187//3187 3186//3186
f 3189//3189 3192//3192 3191//3191 3190//3190
f 3193//3193 3196//3196 3195//3195 3194//3194
f 3197//3197 3200//3200 3199//3199 3198//3198
f 3201//3201 3204//3204 3203//3203 3202//3202
f 3205//3205 3208//3208 3207//3207 3206//3206
f 3209//3209 3212//3212 3211//3211 3210//3210
f 3213//3213 3216//3216 3215//3215 3214//3214
f 3217//3217 3220//3220 3219//3219 3218//3218
f 3221//3221 3224//3224 3223//3223 3222//3222
f 3225//3225 3228//3228 3227//3227 3226//3226
f 3229//3229 3232//3232 3231//3231 3230//3230
f 3233//3233 3236//3236 3235//3235 3234//3234
f 3237//3237 3240//3240 3239//3239 3238//3238
f 3241//3241 3244//3244 3243//3243 3242//3242
f 3245//3245 3248//3248 3247//3247 3246//3246
f 3249//3249 3252//3252 3251//3251 3250//3250
f 3253//3253 3256//3256 3255//3255 3254//3254
f 3257//3257 3260//3260 3259//3259 3258//3258
f 3261//3261 3264//3264 3263//3263 3262//3262
f 3265//3265 3268//3268 3267//3267 3266//3266
f 3269//3269 3272//3272 3271//3271 3270//3270
f 3273//3273 3276//3276 3275//3275 3274//3274
f 3277//3277 3280//3280 3279//3279 3278//3278
f 3281//3281 3284//3284 3283//3283 3282//3282
f 3285//3285 3288//3288 3287//3287 3286//3286
f 3289//3289 3292//3292 3291//3291 3290//3290
f 3293//3293 3296//3296 3295//3295 3294//3294
f 3297//3297 3300//3300 3299//3299 3298//3298
f 3301//3301 3304//3304 3303//3303 3302//3302
f 3305//3305 3308//3308 3307//3307 3306//3306
f 3309//3309 3312//3312 3311//3311 3310//3310
f 3313//3313 3316//3316 3315//3315 3314//3314
f 3317//3317 3320//3320 3319//3319 3318//3318
f 3321//3321 3324//3324 3323//3323 3322//3322
f 3325//3325 3328//3328 3327//3327 3326//3326
f 3329//3329 3332//3332 3331//3331 3330//3330
f 3333//3333 3336//3336 3335//3335 3334//3334
f 3337//3337 3340//3340 3339//3339 3338//3338
f 3341//3341 3344//3344 3343//3343 3342//3342
f 3345//3345 3348//3348 3347//3347 3346//3346
f 3349//3349 3352//3352 3351//3351 3350//3350
f 3353//3353 3356//3356 3355//3355 3354//3354
f 3357//3357 3360//3360 3359//3359 3358//3358
f 3361//3361 3364//3364 3363//3363 3362//3362
f 3365//3365 3368//3368 3367//3367 3366//3366
f 3369//3369 3372//3372 3371//3371 3370//3370
f 3373//3373 3376//3376 3375//3375 3374//3374
f 3377//3377 3380//3380 3379//3379 3378//3378
f 3381//3381 3384//3384 3383//3383 3382//3382
f 3385//3385 3388//3388 3387//3387 3386//3386
f 3389//3389 3392//3392 3391//3391 3390//3390
f 3393//3393 3396//3396 3395//3395 3394//3394
f 3397//3397 3400//3400 3399//3399 3398//3398
f 3401//3401 3404//3404 3403//3403 3402//3402
f 3405//3405 3408//3408 3407//3407 3406//3406
f 3409//3409 3412//3412 3411//3411 3410//3410
f 3413//3413 3416//3416 3415//3415 3414//3414
f 3417//3417 3420//3420 3419//3419 3418//3418
f 3421//3421 3424//3424 3423//3423 3422//3422
f 3425//3425 3428//3428 3427//3427 3426//3426
f 3429//3429 3432//3432 3431//3431 3430//3430
f 3433//3433 3436//3436 3435//3435 3434//3434
f 3437//3437 3440//3440 3439//3439 3438//3438
f 3441//3441 3444//3444 3443//3443 3442//3442
f 3445//3445 3448//3448 3447//3447 3446//3446
f 3449//3449 3452//3452 3451//3451 3450//3450
f 3453//3453 3456//3456 3455//3455 3454//3454
f 3457//3457 3460//3460 3459//3459 3458//3458
f 3461//3461 3464//3464 3463//3463 3462//3462
f 3465//3465 3468//3468 3467//3467 3466//3466
f 3469//3469 3472//3472 3471//3471 3470//3470
f 3473//3473 3476//3476 3475//3475 3474//3474
f 3477//3477 3480//3480 3479//3479 3478//3478
f 3481//3481 3484//3484 3483//3483 3482//3482
f 3485//3485 3488//3488 3487//3487 3486//3486
f 3489//3489 3492//3492 3491//3491 3490//3490
f 3493//3493 3496//3496 3495//3495 3494//3494
f 3497//3497 3500//3500 3499//3499 3498//3498
f 3501//3501 3504//3504 3503//3503 3502//3502
f 3505//3505 3508//3508 3507//3507 3506//3506
f 3509//3509 3512//3512 3511//3511 3510//3510
f 3513//3513 3516//3516 3515//3515 3514//3514
f 3517//3517 3520//3520 3519//3519 3518//3518
f 3521//3521 3524//3524 3523//3523 3522//3522
f 3525//3525 3528//3528 3527//3527 3526//3526
f 3529//3529 3532//3532 3531//3531 3530//3530
f 3533//3533 3536//3536 3535//3535 3534//3534
f 3537//3537 3540//3540 3539//3539 3538//3538
f 3541//3541 3544//3544 3543//3543 3542//3542
f 3545//3545 3548//3548 3547//3547 3546//3546
f 3549//3549 3552//3552 3551//3551 3550//3550
f 3553//3553 3556//3556 3555//3555 3554//3554
f 3557//3557 3560//3560 3559//3559 3558//3558
f 3561//3561 3564//3564 3563//3563 3562//3562
f 3565//3565 3568//3568 3567//3567 3566//3566
f 3569//3569 3572//3572 3571//3571 3570//3570
f 3573//3573 3576//3576 3575//3575 3574//3574
f 3577//3577 3580//3580 3579//3579 3578//3578
f 3581//3581 3584//3584 3583//3583 3582//3582
f 3585//3585 3588//3588 3587//3587 3586//3586
f 3589//3589 3592//3592 3591//3591 3590//3590
f 3593//3593 3596//3596 3595//3595 3594//3594
f 3597//3597 3600//3600 3599//3599 3598//3598
f 3601//3601 3604//3604 3603//3603 3602//3602
f 3605//3605 3608//3608 3607//3607 3606//3606
f 3609//3609 3612//3612 3611//3611 3610//3610
f 3613//3613 3616//3616 3615//3615 3614//3614
f 3617//3617 3620//3620 3619//3619 3618//3618
f 3621//3621 3624//3624 3623//3623 3622//3622
f 3625//3625 3628//3628 3627//3627 3626//3626
f 3629//3629 3632//3632 3631//3631 3630//3630
f 3633//3633 3636//3636 3635//3635 3634//3634
f 3637//3637 3640//3640 3639//3639 3638//3638
f 3641//3641 3644//3644 3643//3643 3642//3642
f 3645//3645 3648//3648 3647//3647 3646//3646
f 3649//3649 3652//3652 3651//3651 3650//3650
f 3653//3653 3656//3656 3655//3655 3654//3654
f 3657//3657 3660//3660 3659//3659 3658//3658
f 3661//3661 3664//3664 3663//3663 3662//3662
f 3665//3665 3668//3668 3667//3667 3666//3666
f 3669//3669 3672//3672 3671//3671 3670//3670
f 3673//3673 3676//3676 3675//3675 3674//3674
f 3677//3677 3680//3680 3679//3679 3678//3678
f 3681//3681 3684//3684 3683//3683 3682//3682
f 3685//3685 3688//3688 3687//3687 3686//3686
f 3689//3689 3692//3692 3691//3691 3690//3690
f 3693//3693 3696//3696 3695//3695 3694//3694
f 3697//3697 3700//3700 3699//3699 3698//3698
f 3701//3701 3704//3704 3703//3703 3702//3702
f 3705//3705 3708//3708 3707//3707 3706//3706
f 3709//3709 3712//3712 3711//3711 3710//3710
f 3713//3713 3716//3716 3715//3715 3714//3714
f 3717//3717 3720//3720 3719//3719 3718//3718
f 3721//3721 3724//3724 3723//3723 3722//3722
f 3725//3725 3728//3728 3727//3727 3726//3726
f 3729//3729 3732//3732 3731//3731 3730//3730
f 3733//3733 3736//3736 3735//3735 3734//3734
f 3737//3737 3740//3740 3739//3739 3738//3738
f 3741//3741 3744//3744 3743//3743 3742//3742
f 3745//3745 3748//3748 3747//3747 3746//3746
f 3749//3749 3752//3752 3751//3751 3750//3750
f 3753//3753 3756//3756 3755//3755 3754//3754
f 3757//3757 3760//3760 3759//3759 3758//3758
f 3761//3761 3764//3764 3763//3763 3762//3762
f 3765//3765 3768//3768 3767//3767 3766//3766
f 3769//3769 3772//3772 3771//3771 3770//3770
f 3773//3773 3776//3776 3775//3775 3774//3774
f 3777//3777 3780//3780 3779//3779 3778//3778
f 3781//3781 3784//3784 3783//3783 3782//3782
f 3785//3785 3788//3788 3787//3787 3786//3786
f 3789//3789 3792//3792 3791//3791 3790//3790
f 3793//3793 3796//3796 3795//3795 3794//3794
f 3797//3797 3800//3800 3799//3799 3798//3798
f 3801//3801 3804//3804 3803//3803 3802//3802
f 3805//3805 3808//3808 3807//3807 3806//3806
f 3809//3809 3812//3812 3811//3811 3810//3810
f 3813//3813 3816//3816 3815//3815 3814//3814
f 3817//3817 3820//3820 3819//3819 3818//3818
f 3821//3821 3824//3824 3823//3823 3822//3822
f 3825//3825 3828//3828 3827//3827 3826//3826
f 3829//3829 3832//3832 3831//3831 3830//3830
f 3833//3833 3836//3836 3835//3835 3834//3834
f 3837//3837 3840//3840 3839//3839 3838//3838
f 3841//3841 3844//3844 3843//3843 3842//3842
f 3845//3845 3848//3848 3847//3847 3846//3846
f 3849//3849 3852//3852 3851//3851 3850//3850
f 3853//3853 3856//3856 3855//3855 3854//3854
f 3857//3857 3860//3860 3859//3859 3858//3858
f 3861//3861 3864//3864 3863//3863 3862//3862
f 3865//3865 3868//3868 3867//3867 3866//3866
f 3869//3869 3872//3872 3871//3871 3870//3870
f 3873//3873 3876//3876 3875//3875 3874//3874
f 3877//3877 3880//3880 3879//3879 3878//3878
f 3881//3881 3884//3884 3883//3883 3882//3882
f 3885//3885 3888//3888 3887//3887 3886//3886
f 3889//3889 3892//3892 3891//3891 3890//3890
f 3893//3893 3896//3896 3895//3895 3894//3894
f 3897//3897 3900//3900 3899//3899 3898//3898
f 3901//3901 3904//3904 3903//3903 3902//3902
f 3905//3905 3908//3908 3907//3907 3906//3906
f 3909//3909 3912//3912 3911//3911 3910//3910
f 3913//3913 3916//3916 3915//3915 3914//3914
f 3917//3917 3920//3920 3919//3919 3918//3918
f 3921//3921 3924//3924 3923//3923 3922//3922
f 3925//3925 3928//3928 3927//3927 3926//3926
f 3929//3929 3932//3932 3931//3931 3930//3930
f 3933//3933 3936//3936 3935//3935 3934//3934
f 3937//3937 3940//3940 3939//3939 3938//3938
f 3941//3941 3944//3944 3943//3943 3942//3942
f 3945//3945 3948//3948 3947//3947 3946//3946
f 3949//3949 3952//3952 3951//3951 3950//3950
f 3953//3953 3956//3956 3955//3955 3954//3954
f 3957//3957 3960//3960 3959//3959 3958//3958
f 3961//3961 3964//3964 3963//3963 3962//3962
f 3965//3965 3968//3968 3967//3967 3966//3966
f 3969//3969 3972//3972 3971//3971 3970//3970
f 3973//3973 3976//3976 3975//3975 3974//3974
f 3977//3977 3980//3980 3979//3979 3978//3978
f 3981//3981 3984//3984 3983//3983 3982//3982
f 3985//3985 3988//3988 3987//3987 3986//3986
f 3989//3989 3992//3992 3991//3991 3990//3990
f 3993//3993 3996//3996 3995//3995 3994//3994
f 3997//3997 4000//4000 3999//3999 3998//3998
f 4001//4001 4004//4004 4003//4003 4002//4002
f 4005//4005 4008//4008 4007//4007 4006//4006
f 4009//4009 4012//4012 4011//4011 4010//4010
f 4013//4013 4016//4016 4015//4015 4014//4014
f 4017//4017 4020//4020 4019//4019 4018//4018
f 4021//4021 4024//4024 4023//4023 4022//4022
f 4025//4025 4028//4028 4027//4027 4026//4026
f 4029//4029 4032//4032 4031//4031 4030//4030
f 4033//4033 4036//4036 4035//4035 4034//4034
f 4037//4037 4040//4040 4039//4039 4038//4038
f 4041//4041 4044//4044 4043//4043 4042//4042
f 4045//4045 4048//4048 4047//4047 4046//4046
f 4049//4049 4052//4052 4051//4051 4050//4050
f 4053//4053 4056//4056 4055//4055 4054//4054
f 4057//4057 4060//4060 4059//4059 4058//4058
f 4061//4061 4064//4064 4063//4063 4062//4062
f 4065//4065 4068//4068 4067//4067 4066//4066
f 4069//4069 4072//4072 4071//4071 4070//4070
f 4073//4073 4076//4076 4075//4075 4074//4074
f 4077//4077 4080//4080 4079//4079 4078//4078
f 4081//4081 4084//4084 4083//4083 4082//4082
f 4085//4085 4088//4088 4087//4087 4086//4086
f 4089//4089 4092//4092 4091//4091 4090//4090
f 4093//4093 4096//4096 4095//4095 4094//4094
f 4097//4097 4100//4100 4099//4099 4098//4098
f 4101//4101 4104//4104 4103//4103 4102//4102
f 4105//4105 4108//4108 4107//4107 4106//4106
f 4109//4109 4112//4112 4111//4111 4110//4110
f 4113//4113 4116//4116 4115//4115 4114//4114
f 4117//4117 4120//4120 4119//4119 4118//4118
f 4121//4121 4124//4124 4123//4123 4122//4122
f 4125//4125 4128//4128 4127//4127 4126//4126
f 4129//4129 4132//4132 4131//4131 4130//4130
f 4133//4133 4136//4136 4135//4135 4134//4134
f 4137//4137 4140//4140 4139//4139 4138//4138
f 4141//4141 4144//4144 4143//4143 4142//4142
f 4145//4145 4148//4148 4147//4147 4146//4146
f 4149//4149 4152//4152 4151//4151 4150//4150
f 4153//4153 4156//4156 4155//4155 4154//4154
f 4157//4157 4160//4160 4159//4159 4158//4158
f 4161//4161 4164//4164 4163//4163 4162//4162
f 4165//4165 4168//4168 4167//4167 4166//4166
f 4169//4169 4172//4172 4171//4171 4170//4170
f 4173//4173 4176//4176 4175//4175 4174//4174
f 4177//4177 4180//4180 4179//4179 4178//4178
f 4181//4181 4184//4184 4183//4183 4182//4182
f 4185//4185 4188//4188 4187//4187 4186//4186
f 4189//4189 4192//4192 4191//4191 4190//4190
f 4193//4193 4196//4196 4195//4195 4194//4194
f 4197//4197 4200//4200 4199//4199 4198//4198
f 4201//4201 4204//4204 4203//4203 4202//4202
f 4205//4205 4208//4208 4207//4207 4206//4206
f 4209//4209 4212//4212 4211//4211 4210//4210
f 4213//4213 4216//4216 4215//4215 4214//4214
f 4217//4217 4220//4220 4219//4219 4218//4218
f 4221//4221 4224//4224 4223//4223 4222//4222
f 4225//4225 4228//4228 4227//4227 4226//4226
f 4229//4229 4232//4232 4231//4231 4230//4230
f 4233//4233 4236//4236 4235//4235 4234//4234
f 4237//4237 4240//4240 4239//4239 4238//4238
f 4241//4241 4244//4244 4243//4243 4242//4242
f 4245//4245 4248//4248 4247//4247 4246//4246
f 4249//4249 4252//4252 4251//4251 4250//4250
f 4253//4253 4256//4256 4255//4255 4254//4254
f 4257//4257 4260//4260 4259//4259 4258//4258
f 4261//4261 4264//4264 4263//4263 4262//4262
f 4265//4265 4268//4268 4267//4267 4266//4266
f 4269//4269 4272//4272 4271//4271 4270//4270
f 4273//4273 4276//4276 4275//4275 4274//4274
f 4277//4277 4280//4280 4279//4279 4278//4278
f 4281//4281 4284//4284 4283//4283 4282//4282
f 4285//4285 4288//4288 4287//4287 4286//4286
f 4289//4289 4292//4292 4291//4291 4290//4290
f 4293//4293 4296//4296 4295//4295 4294//4294
f 4297//4297 4300//4300 4299//4299 4298//4298
f 4301//4301 4304//4304 4303//4303 4302//4302
f 4305//4305 4308//4308 4307//4307 4306//4306
f 4309//4309 4312//4312 4311//4311 4310//4310
f 4313//4313 4316//4316 4315//4315 4314//4314
f 4317//4317 4320//4320 4319//4319 4318//4318
f 4321//4321 4324//4324 4323//4323 4322//4322
f 4325//4325 4328//4328 4327//4327 4326//4326
f 4329//4329 4332//4332 4331//4331 4330//4330
f 4333//4333 4336//4336 4335//4335 4334//4334
f 4337//4337 4340//4340 4339//4339 4338//4338
f 4341//4341 4344//4344 4343//4343 4342//4342
f 4345//4345 4348//4348 4347//4347 4346//4346
f 4349//4349 4352//4352 4351//4351 4350//4350
f 4353//4353 4356//4356 4355//4355 4354//4354
f 4357//4357 4360//4360 4359//4359 4358//4358
f 4361//4361 4364//4364 4363//4363 4362//4362
f 4365//4365 4368//4368 4367//4367 4366//4366
f 4369//4369 4372//4372 4371//4371 4370//4370
f 4373//4373 4376//4376 4375//4375 4374//4374
f 4377//4377 4380//4380 4379//4379 4378//4378
f 4381//4381 4384//4384 4383//4383 4382//4382
f 4385//4385 4388//4388 4387//4387 4386//4386
f 4389//4389 4392//4392 4391//4391 4390//4390
f 4393//4393 4396//4396 4395//4395 4394//4394
f 4397//4397 4400//4400 4399//4399 4398//4398
f 4401//4401 4404//4404 4403//4403 4402//4402
f 4405//4405 4408//4408 4407//4407 4406//4406
f 4409//4409 4412//4412 4411//4411 4410//4410
f 4413//4413 4416//4416 4415//4415 4414//4414
f 4417//4417 4420//4420 4419//4419 4418//4418
f 4421//4421 4424//4424 4423//4423 4422//4422
f 4425//4425 4428//4428 4427//4427 4426//4426
f 4429//4429 4432//4432 4431//4431 4430//4430
f 4433//4433 4436//4436 4435//4435 4434//4434
f 4437//4437 4440//4440 4439//4439 4438//4438
f 4441//4441 4444//4444 4443//4443 4442//4442
f 4445//4445 4448//4448 4447//4447 4446//4446
f 4449//4449 4452//4452 4451//4451 4450//4450
f 4453//4453 4456//4456 4455//4455 4454//4454
f 4457//4457 4460//4460 4459//4459 4458//4458
f 4461//4461 4464//4464 4463//4463 4462//4462
f 4465//4465 4468//4468 4467//4467 4466//4466
f 4469//4469 4472//4472 4471//4471 4470//4470
f 4473//4473 4476//4476 4475//4475 4474//4474
f 4477//4477 4480//4480 4479//4479 4478//4478
f 4481//4481 4484//4484 4483//4483 4482//4482
f 4485//4485 4488//4488 4487//4487 4486//4486
f 4489//4489 4492//4492 4491//4491 4490//4490
f 4493//4493 4496//4496 4495//4495 4494//4494
f 4497//4497 4500//4500 4499//4499 4498//4498
f 4501//4501 4504//4504 4503//4503 4502//4502
f 4505//4505 4508//4508 4507//4507 4506//4506
f 4509//4509 4512//4512 4511//4511 4510//4510
f 4513//4513 4516//4516 4515//4515 4514//4514
f 4517//4517 4520//4520 4519//4519 4518//4518
f 4521//4521 4524//4524 4523//4523 4522//4522
f 4525//4525 4528//4528 4527//4527 4526//4526
f 4529//4529 4532//4532 4531//4531 4530//4530
f 4533//4533 4536//4536 4535//4535 4534//4534
f 4537//4537 4540//4540 4539//4539 4538//4538
f 4541//4541 4544//4544 4543//4543 4542//4542
f 4545//4545 4548//4548 4547//4547 4546//4546
f 4549//4549 4552//4552 4551//4551 4550//4550
f 4553//4553 4556//4556 4555//4555 4554//4554
f 4557//4557 4560//4560 4559//4559 4558//4558
f 4561//4561 4564//4564 4563//4563 4562//4562
f 4565//4565 4568//4568 4567//4567 4566//4566
f 4569//4569 4572//4572 4571//4571 4570//4570
f 4573//4573 4576//4576 4575//4575 4574//4574
f 4577//4577 4580//4580 4579//4579 4578//4578
f 4581//4581 4584//4584 4583//4583 4582//4582
f 4585//4585 4588//4588 4587//4587 4586//4586
f 4589//4589 4592//4592 4591//4591 4590//4590
f 4593//4593 4596//4596 4595//4595 4594//4594
f 4597//4597 4600//4600 4599//4599 4598//4598
f 4601//4601 4604//4604 4603//4603 4602//4602
f 4605//4605 4608//4608 4607//4607 4606//4606
f 4609//4609 4612//4612 4611//4611 4610//4610
f 4613//4613 4616//4616 4615//4615 4614//4614
f 4617//4617 4620//4620 4619//4619 4618//4618
f 4621//4621 4624//4624 4623//4623 4622//4622
f 4625//4625 4628//4628 4627//4627 4626//4626
f 4629//4629 4632//4632 4631//4631 4630//4630
f 4633//4633 4636//4636 4635//4635 4634//4634
f 4637//4637 4640//4640 4639//4639 4638//4638
f 4641//4641 4644//4644 4643//4643 4642//4642
f 4645//4645 4648//4648 4647//4647 4646//4646
f 4649//4649 4652//4652 4651//4651 4650//4650
f 4653//4653 4656//4656 4655//4655 4654//4654
f 4657//4657 4660//4660 4659//4659 4658//4658
f 4661//4661 4664//4664 4663//4663 4662//4662
f 4665//4665 4668//4668 4667//4667 4666//4666
f 4669//4669 4672//4672 4671//4671 4670//4670
f 4673//4673 4676//4676 4675//4675 4674//4674
f 4677//4677 4680//4680 4679//4679 4678//4678
f 4681//4681 4684//4684 4683//4683 4682//4682
f 4685//4685 4688//4688 4687//4687 4686//4686
f 4689//4689 4692//4692 4691//4691 4690//4690
f 4693//4693 4696//4696 4695//4695 4694//4694
f 4697//4697 4700//4700 4699//4699 4698//4698
f 4701//4701 4704//4704 4703//4703 4702//4702
f 4705//4705 4708//4708 4707//4707 4706//4706
f 4709//4709 4712//4712 4711//4711 4710//4710
f 4713//4713 4716//4716 4715//4715 4714//4714
f 4717//4717 4720//4720 4719//4719 4718//4718
f 4721//4721 4724//4724 4723//4723 4722//4722
f 4725//4725 4728//4728 4727//4727 4726//4726
f 4729//4729 4732//4732 4731//4731 4730//4730
f 4733//4733 4736//4736 4735//4735 4734//4734
g coin_reeds
f 4737//4737 4740//4740 4739//4739 4738//4738
f 4741//4741 4744//4744 4743//4743 4742//4742
f 4745//4745 4748//4748 4747//4747 4746//4746
f 4749//4749 4752//4752 4751//4751 4750//4750
f 4753//4753 4756//4756 4755//4755 4754//4754
f 4757//4757 4760//4760 4759//4759 4758//4758
f 4761//4761 4764//4764 4763//4763 4762//4762
f 4765//4765 4768//4768 4767//4767 4766//4766
f 4769//4769 4772//4772 4771//4771 4770//4770
f 4773//4773 4776//4776 4775//4775 4774//4774
f 4777//4777 4780//4780 4779//4779 4778//4778
f 4781//4781 4784//4784 4783//4783 4782//4782
f 4785//4785 4788//4788 4787//4787 4786//4786
f 4789//4789 4792//4792 4791//4791 4790//4790
f 4793//4793 4796//4796 4795//4795 4794//4794
f 4797//4797 4800//4800 4799//4799 4798//4798
f 4801//4801 4804//4804 4803//4803 4802//4802
f 4805//4805 4808//4808 4807//4807 4806//4806
f 4809//4809 4812//4812 4811//4811 4810//4810
f 4813//4813 4816//4816 4815//4815 4814//4814
f 4817//4817 4820//4820 4819//4819 4818//4818
f 4821//4821 4824//4824 4823//4823 4822//4822
f 4825//4825 4828//4828 4827//4827 4826//4826
f 4829//4829 4832//4832 4831//4831 4830//4830
f 4833//4833 4836//4836 4835//4835 4834//4834
f 4837//4837 4840//4840 4839//4839 4838//4838
f 4841//4841 4844//4844 4843//4843 4842//4842
f 4845//4845 4848//4848 4847//4847 4846//4846
f 4849//4849 4852//4852 4851//4851 4850//4850
f 4853//4853 4856//4856 4855//4855 4854//4854
f 4857//4857 4860//4860 4859//4859 4858//4858
f 4861//4861 4864//4864 4863//4863 4862//4862
f 4865//4865 4868//4868 4867//4867 4866//4866
f 4869//4869 4872//4872 4871//4871 4870//4870
f 4873//4873 4876//4876 4875//4875 4874//4874
f 4877//4877 4880//4880 4879//4879 4878//4878
f 4881//4881 4884//4884 4883//4883 4882//4882
f 4885//4885 4888//4888 4887//4887 4886//4886
f 4889//4889 4892//4892 4891//4891 4890//4890
f 4893//4893 4896//4896 4895//4895 4894//4894
f 4897//4897 4900//4900 4899//4899 4898//4898
f 4901//4901 4904//4904 4903//4903 4902//4902
f 4905//4905 4908//4908 4907//4907 4906//4906
f 4909//4909 4912//4912 4911//4911 4910//4910
f 4913//4913 4916//4916 4915//4915 4914//4914
f 4917//4917 4920//4920 4919//4919 4918//4918
f 4921//4921 4924//4924 4923//4923 4922//4922
f 4925//4925 4928//4928 4927//4927 4926//4926
f 4929//4929 4932//4932 4931//4931 4930//4930
f 4933//4933 4936//4936 4935//4935 4934//4934
f 4937//4937 4940//4940 4939//4939 4938//4938
f 4941//4941 4944//4944 4943//4943 4942//4942
f 4945//4945 4948//4948 4947//4947 4946//4946
f 4949//4949 4952//4952 4951//4951 4950//4950
f 4953//4953 4956//4956 4955//4955 4954//4954
f 4957//4957 4960//4960 4959//4959 4958//4958
f 4961//4961 4964//4964 4963//4963 4962//4962
f 4965//4965 4968//4968 4967//4967 4966//4966
f 4969//4969 4972//4972 4971//4971 4970//4970
f 4973//4973 4976//4976 4975//4975 4974//4974
f 4977//4977 4980//4980 4979//4979 4978//4978
f 4981//4981 4984//4984 4983//4983 4982//4982
f 4985//4985 4988//4988 4987//4987 4986//4986
f 4989//4989 4992//4992 4991//4991 4990//4990
f 4993//4993 4996//4996 4995//4995 4994//4994
f 4997//4997 5000//5000 4999//4999 4998//4998
f 5001//5001 5004//5004 5003//5003 5002//5002
f 5005//5005 5008//5008 5007//5007 5006//5006
f 5009//5009 5012//5012 5011//5011 5010//5010
f 5013//5013 5016//5016 5015//5015 5014//5014
f 5017//5017 5020//5020 5019//5019 5018//5018
f 5021//5021 5024//5024 5023//5023 5022//5022
f 5025//5025 5028//5028 5027//5027 5026//5026
f 5029//5029 5032//5032 5031//5031 5030//5030
f 5033//5033 5036//5036 5035//5035 5034//5034
f 5037//5037 5040//5040 5039//5039 5038//5038
f 5041//5041 5044//5044 5043//5043 5042//5042
f 5045//5045 5048//5048 5047//5047 5046//5046
f 5049//5049 5052//5052 5051//5051 5050//5050
f 5053//5053 5056//5056 5055//5055 5054//5054
f 5057//5057 5060//5060 5059//5059 5058//5058
f 5061//5061 5064//5064 5063//5063 5062//5062
f 5065//5065 5068//5068 5067//5067 5066//5066
f 5069//5069 5072//5072 5071//5071 5070//5070
f 5073//5073 5076//5076 5075//5075 5074//5074
f 5077//5077 5080//5080 5079//5079 5078//5078
f 5081//5081 5084//5084 5083//5083 5082//5082
f 5085//5085 5088//5088 5087//5087 5086//5086
f 5089//5089 5092//5092 5091//5091 5090//5090
f 5093//5093 5096//5096 5095//5095 5094//5094
f 5097//5097 5100//5100 5099//5099 5098//5098
f 5101//5101 5104//5104 5103//5103 5102//5102
f 5105//5105 5108//5108 5107//5107 5106//5106
f 5109//5109 5112//5112 5111//5111 5110//5110
f 5113//5113 5116//5116 5115//5115 5114//5114
f 5117//5117 5120//5120 5119//5119 5118//5118
f 5121//5121 5124//5124 5123//5123 5122//5122
f 5125//5125 5128//5128 5127//5127 5126//5126
f 5129//5129 5132//5132 5131//5131 5130//5130
f 5133//5133 5136//5136 5135//5135 5134//5134
f 5137//5137 5140//5140 5139//5139 5138//5138
f 5141//5141 5144//5144 5143//5143 5142//5142
f 5145//5145 5148//5148 5147//5147 5146//5146
f 5149//5149 5152//5152 5151//5151 5150//5150
f 5153//5153 5156//5156 5155//5155 5154//5154
f 5157//5157 5160//5160 5159//5159 5158//5158
f 5161//5161 5164//5164 5163//5163 5162//5162
f 5165//5165 5168//5168 5167//5167 5166//5166
f 5169//5169 5172//5172 5171//5171 5170//5170
f 5173//5173 5176//5176 5175//5175 5174//5174
f 5177//5177 5180//5180 5179//5179 5178//5178
f 5181//5181 5184//5184 5183//5183 5182//5182
f 5185//5185 5188//5188 5187//5187 5186//5186
f 5189//5189 5192//5192 5191//5191 5190//5190
f 5193//5193 5196//5196 5195//5195 5194//5194
f 5197//5197 5200//5200 5199//5199 5198//5198
f 5201//5201 5204//5204 5203//5203 5202//5202
f 5205//5205 5208//5208 5207//5207 5206//5206
f 5209//5209 5212//5212 5211//5211 5210//5210
f 5213//5213 5216//5216 5215//5215 5214//5214
f 5217//5217 5220//5220 5219//5219 5218//5218
f 5221//5221 5224//5224 5223//5223 5222//5222
f 5225//5225 5228//5228 5227//5227 5226//5226
f 5229//5229 5232//5232 5231//5231 5230//5230
f 5233//5233 5236//5236 5235//5235 5234//5234
f 5237//5237 5240//5240 5239//5239 5238//5238
f 5241//5241 5244//5244 5243//5243 5242//5242
f 5245//5245 5248//5248 5247//5247 5246//5246
f 5249//5249 5252//5252 5251//5251 5250//5250
f 5253//5253 5256//5256 5255//5255 5254//5254
f 5257//5257 5260//5260 5259//5259 5258//5258
f 5261//5261 5264//5264 5263//5263 5262//5262
f 5265//5265 5268//5268 5267//5267 5266//5266
f 5269//5269 5272//5272 5271//5271 5270//5270
f 5273//5273 5276//5276 5275//5275 5274//5274
f 5277//5277 5280//5280 5279//5279 5278//5278
f 5281//5281 5284//5284 5283//5283 5282//5282
f 5285//5285 5288//5288 5287//5287 5286//5286
f 5289//5289 5292//5292 5291//5291 5290//5290
f 5293//5293 5296//5296 5295//5295 5294//5294
f 5297//5297 5300//5300 5299//5299 5298//5298
f 5301//5301 5304//5304 5303//5303 5302//5302
f 5305//5305 5308//5308 5307//5307 5306//5306
f 5309//5309 5312//5312 5311//5311 5310//5310
f 5313//5313 5316//5316 5315//5315 5314//5314
f 5317//5317 5320//5320 5319//5319 5318//5318
f 5321//5321 5324//5324 5323//5323 5322//5322
f 5325//5325 5328//5328 5327//5327 5326//5326
f 5329//5329 5332//5332 5331//5331 5330//5330
f 5333//5333 5336//5336 5335//5335 5334//5334
f 5337//5337 5340//5340 5339//5339 5338//5338
f 5341//5341 5344//5344 5343//5343 5342//5342
f 5345//5345 5348//5348 5347//5347 5346//5346
f 5349//5349 5352//5352 5351//5351 5350//5350
f 5353//5353 5356//5356 5355//5355 5354//5354
f 5357//5357 5360//5360 5359//5359 5358//5358
f 5361//5361 5364//5364 5363//5363 5362//5362
f 5365//5365 5368//5368 5367//5367 5366//5366
f 5369//5369 5372//5372 5371//5371 5370//5370
f 5373//5373 5376//5376 5375//5375 5374//5374
f 5377//5377 5380//5380 5379//5379 5378//5378
f 5381//5381 5384//5384 5383//5383 5382//5382
f 5385//5385 5388//5388 5387//5387 5386//5386
f 5389//5389 5392//5392 5391//5391 5390//5390
f 5393//5393 5396//5396 5395//5395 5394//5394
f 5397//5397 5400//5400 5399//5399 5398//5398
f 5401//5401 5404//5404 5403//5403 5402//5402
f 5405//5405 5408//5408 5407//5407 5406//5406
f 5409//5409 5412//5412 5411//5411 5410//5410
f 5413//5413 5416//5416 5415//5415 5414//5414
f 5417//5417 5420//5420 5419//5419 5418//5418
f 5421//5421 5424//5424 5423//5423 5422//5422
f 5425//5425 5428//5428 5427//5427 5426//5426
f 5429//5429 5432//5432 5431//5431 5430//5430
f 5433//5433 5436//5436 5435//5435 5434//5434
f 5437//5437 5440//5440 5439//5439 5438//5438
f 5441//5441 5444//5444 5443//5443 5442//5442
f 5445//5445 5448//5448 5447//5447 5446//5446
f 5449//5449 5452//5452 5451//5451 5450//5450
f 5453//5453 5456//5456 5455//5455 5454//5454
f 5457//5457 5460//5460 5459//5459 5458//5458
f 5461//5461 5464//5464 5463//5463 5462//5462
f 5465//5465 5468//5468 5467//5467 5466//5466
f 5469//5469 5472//5472 5471//5471 5470//5470
f 5473//5473 5476//5476 5475//5475 5474//5474
f 5477//5477 5480//5480 5479//5479 5478//5478
f 5481//5481 5484//5484 5483//5483 5482//5482
f 5485//5485 5488//5488 5487//5487 5486//5486
f 5489//5489 5492//5492 5491//5491 5490//5490
f 5493//5493 5496//5496 5495//5495 5494//5494
f 5497//5497 5500//5500 5499//5499 5498//5498
f 5501//5501 5504//5504 5503//5503 5502//5502
f 5505//5505 5508//5508 5507//5507 5506//5506
f 5509//5509 5512//5512 5511//5511 5510//5510
f 5513//5513 5516//5516 5515//5515 5514//5514
f 5517//5517 5520//5520 5519//5519 5518//5518
f 5521//5521 5524//5524 5523//5523 5522//5522
f 5525//5525 5528//5528 5527//5527 5526//5526
f 5529//5529 5532//5532 5531//5531 5530//5530
f 5533//5533 5536//5536 5535//5535 5534//5534
f 5537//5537 5540//5540 5539//5539 5538//5538
f 5541//5541 5544//5544 5543//5543 5542//5542
f 5545//5545 5548//5548 5547//5547 5546//5546
f 5549//5549 5552//5552 5551//5551 5550//5550
f 5553//5553 5556//5556 5555//5555 5554//5554
f 5557//5557 5560//5560 5559//5559 5558//5558
f 5561//5561 5564//5564 5563//5563 5562//5562
f 5565//5565 5568//5568 5567//5567 5566//5566
f 5569//5569 5572//5572 5571//5571 5570//5570
f 5573//5573 5576//5576 5575//5575 5574//5574
f 5577//5577 5580//5580 5579//5579 5578//5578
f 5581//5581 5584//5584 5583//5583 5582//5582
f 5585//5585 5588//5588 5587//5587 5586//5586
f 5589//5589 5592//5592 5591//5591 5590//5590
f 5593//5593 5596//5596 5595//5595 5594//5594
f 5597//5597 5600//5600 5599//5599 5598//5598
f 5601//5601 5604//5604 5603//5603 5602//5602
f 5605//5605 5608//5608 5607//5607 5606//5606
f 5609//5609 5612//5612 5611//5611 5610//5610
f 5613//5613 5616//5616 5615//5615 5614//5614
f 5617//5617 5620//5620 5619//5619 5618//5618
f 5621//5621 5624//5624 5623//5623 5622//5622
f 5625//5625 5628//5628 5627//5627 5626//5626
f 5629//5629 5632//5632 5631//5631 5630//5630
f 5633//5633 5636//5636 5635//5635 5634//5634
f 5637//5637 5640//5640 5639//5639 5638//5638
f 5641//5641 5644//5644 5643//5643 5642//5642
f 5645//5645 5648//5648 5647//5647 5646//5646
f 5649//5649 5652//5652 5651//5651 5650//5650
f 5653//5653 5656//5656 5655//5655 5654//5654
f 5657//5657 5660//5660 5659//5659 5658//5658
f 5661//5661 5664//5664 5663//5663 5662//5662
f 5665//5665 5668//5668 5667//5667 5666//5666
f 5669//5669 5672//5672 5671//5671 5670//5670
f 5673//5673 5676//5676 5675//5675 5674//5674
f 5677//5677 5680//5680 5679//5679 5678//5678
f 5681//5681 5684//5684 5683//5683 5682//5682
f 5685//5685 5688//5688 5687//5687 5686//5686
f 5689//5689 5692//5692 5691//5691 5690//5690
f 5693//5693 5696//5696 5695//5695 5694//5694
f 5697//5697 5700//5700 5699//5699 5698//5698
f 5701//5701 5704//5704 5703//5703 5702//5702
f 5705//5705 5708//5708 5707//5707 5706//5706
f 5709//5709 5712//5712 5711//5711 5710//5710
f 5713//5713 5716//5716 5715//5715 5714//5714
f 5717//5717 5720//5720 5719//5719 5718//5718
f 5721//5721 5724//5724 5723//5723 5722//5722
f 5725//5725 5728//5728 5727//5727 5726//5726
f 5729//5729 5732//5732 5731//5731 5730//5730
f 5733//5733 5736//5736 5735//5735 5734//5734
f 5737//5737 5740//5740 5739//5739 5738//5738
f 5741//5741 5744//5744 5743//5743 5742//5742
f 5745//5745 5748//5748 5747//5747 5746//5746
f 5749//5749 5752//5752 5751//5751 5750//5750
f 5753//5753 5756//5756 5755//5755 5754//5754
f 5757//5757 5760//5760 5759//5759 5758//5758
f 5761//5761 5764//5764 5763//5763 5762//5762
f 5765//5765 5768//5768 5767//5767 5766//5766
f 5769//5769 5772//5772 5771//5771 5770//5770
f 5773//5773 5776//5776 5775//5775 5774//5774
f 5777//5777 5780//5780 5779//5779 5778//5778
f 5781//5781 5784//5784 5783//5783 5782//5782
f 5785//5785 5788//5788 5787//5787 5786//5786
f 5789//5789 5792//5792 5791//5791 5790//5790
f 5793//5793 5796//5796 5795//5795 5794//5794
f 5797//5797 5800//5800 5799//5799 5798//5798
f 5801//5801 5804//5804 5803//5803 5802//5802
f 5805//5805 5808//5808 5807//5807 5806//5806
f 5809//5809 5812//5812 5811//5811 5810//5810
f 5813//5813 5816//5816 5815//5815 5814//5814
f 5817//5817 5820//5820 5819//5819 5818//5818
f 5821//5821 5824//5824 5823//5823 5822//5822
f 5825//5825 5828//5828 5827//5827 5826//5826
f 5829//5829 5832//5832 5831//5831 5830//5830
f 5833//5833 5836//5836 5835//5835 5834//5834
f 5837//5837 5840//5840 5839//5839 5838//5838
f 5841//5841 5844//5844 5843//5843 5842//5842
f 5845//5845 5848//5848 5847//5847 5846//5846
f 5849//5849 5852//5852 5851//5851 5850//5850
f 5853//5853 5856//5856 5855//5855 5854//5854
f 5857//5857 5860//5860 5859//5859 5858//5858
f 5861//5861 5864//5864 5863//5863 5862//5862
f 5865//5865 5868//5868 5867//5867 5866//5866
f 5869//5869 5872//5872 5871//5871 5870//5870
f 5873//5873 5876//5876 5875//5875 5874//5874
f 5877//5877 5880//5880 5879//5879 5878//5878
f 5881//5881 5884//5884 5883//5883 5882//5882
f 5885//5885 5888//5888 5887//5887 5886//5886
g coin_seven
f 5889//5889 5892//5892 5891//5891 5890//5890
f 5893//5893 5896//5896 5895//5895 5894//5894
f 5897//5897 5900//5900 5899//5899 5898//5898
f 5901//5901 5904//5904 5903//5903 5902//5902
f 5905//5905 5908//5908 5907//5907 5906//5906
f 5909//5909 5912//5912 5911//5911 5910//5910
f 5913//5913 5916//5916 5915//5915 5914//5914
f 5917//5917 5920//5920 5919//5919 5918//5918
f 5921//5921 5924//5924 5923//5923 5922//5922
f 5925//5925 5928//5928 5927//5927 5926//5926
f 5929//5929 5932//5932 5931//5931 5930//5930
f 5933//5933 5936//5936 5935//5935 5934//5934
f 5937//5937 5940//5940 5939//5939 5938//5938
f 5941//5941 5944//5944 5943//5943 5942//5942
f 5945//5945 5948//5948 5947//5947 5946//5946
f 5949//5949 5952//5952 5951//5951 5950//5950
f 5953//5953 5956//5956 5955//5955 5954//5954
f 5957//5957 5960//5960 5959//5959 5958//5958
f 5961//5961 5964//5964 5963//5963 5962//5962
f 5965//5965 5968//5968 5967//5967 5966//5966
f 5969//5969 5972//5972 5971//5971 5970//5970
f 5973//5973 5976//5976 5975//5975 5974//5974
f 5977//5977 5980//5980 5979//5979 5978//5978
f 5981//5981 5984//5984 5983//5983 5982//5982
