# Houdini Apprentice / Slot-chan non-commercial demo
v -0.92 0.94 -0.26
v -1.01 0.15 -0.26
v -0.74 0.18 -0.26
v -0.70566 0.24318 -0.26
v -0.66303 0.28869 -0.26
v -0.61271 0.31907 -0.26
v -0.55528 0.33685 -0.26
v -0.49133 0.34458 -0.26
v -0.42146 0.34478 -0.26
v -0.34625 0.34 -0.26
v -0.2663 0.33277 -0.26
v -0.18219 0.32563 -0.26
v -0.09452 0.32111 -0.26
v -0.00387 0.32175 -0.26
v 0.08915 0.33009 -0.26
v 0.18398 0.34866 -0.26
v 0.28 0.38 -0.26
v 0.09674 0.24889 -0.26
v 0.00374 0.18482 -0.26
v -0.08922 0.12047 -0.26
v -0.18141 0.05489 -0.26
v -0.27213 -0.01287 -0.26
v 0.18906 0.31363 -0.26
v -0.36065 -0.08377 -0.26
v -0.44625 -0.15875 -0.26
v -0.52822 -0.23877 -0.26
v -0.60584 -0.32479 -0.26
v -0.67839 -0.41774 -0.26
v -0.74516 -0.51859 -0.26
v -0.80542 -0.62829 -0.26
v -0.85846 -0.74779 -0.26
v -0.90356 -0.87804 -0.26
v -0.94 -1.02 -0.26
v 0.08 -1.02 -0.26
v 0.08312 -0.80414 -0.26
v 0.10579 -0.6056 -0.26
v 0.14547 -0.42297 -0.26
v 0.19963 -0.25481 -0.26
v 0.26573 -0.09972 -0.26
v 0.34125 0.04375 -0.26
v 0.42364 0.17701 -0.26
v 0.51037 0.30148 -0.26
v 0.59891 0.41859 -0.26
v 0.68671 0.52977 -0.26
v 0.77126 0.63643 -0.26
v 0.85 0.74 -0.26
v 0.8592 0.76194 -0.26
v 0.8669 0.78306 -0.26
v 0.87328 0.80375 -0.26
v 0.87852 0.82444 -0.26
v 0.88278 0.84556 -0.26
v 0.88625 0.8675 -0.26
v 0.88909 0.89069 -0.26
v 0.89148 0.91556 -0.26
v 0.89359 0.9425 -0.26
v 0.8956 0.97194 -0.26
v 0.89768 1.00431 -0.26
v 0.9 1.04 -0.26
v 0.74411 1.00743 -0.26
v 0.60042 0.98778 -0.26
v 0.46734 0.97812 -0.26
v 0.34333 0.97556 -0.26
v 0.22682 0.97715 -0.26
v 0.11625 0.98 -0.26
v 0.01005 0.98118 -0.26
v -0.09333 0.97778 -0.26
v -0.19547 0.96688 -0.26
v -0.29792 0.94556 -0.26
v -0.40224 0.9109 -0.26
v -0.51 0.86 -0.26
v -0.53 0.98 -0.26
v -0.75762 0.20621 0.11
v -0.97821 0.1817 0.11
v -0.89473 0.91444 0.11
v -0.72855 0.2597 0.11
v -0.68082 0.31066 0.11
v -0.62425 0.3448 0.11
v -0.56114 0.36435 0.11
v -0.49306 0.37257 0.11
v -0.42061 0.37278 0.11
v -0.3441 0.36792 0.11
v -0.26385 0.36066 0.11
v -0.18028 0.35357 0.11
v -0.0939 0.34911 0.11
v -0.00523 0.34974 0.11
v 0.0852 0.35785 0.11
v 0.17691 0.37581 0.11
v 0.43892 0.46132 0.11
v -0.07313 0.09755 0.11
v 0.01965 0.16178 0.11
v 0.11272 0.22589 0.11
v -0.16492 0.03226 0.11
v -0.25499 -0.03502 0.11
v 0.20536 0.29086 0.11
v -0.34266 -0.10524 0.11
v -0.42723 -0.17931 0.11
v -0.50803 -0.25819 0.11
v -0.58438 -0.3428 0.11
v -0.65565 -0.43411 0.11
v -0.72117 -0.53309 0.11
v -0.78031 -0.64074 0.11
v -0.83239 -0.75807 0.11
v -0.87672 -0.88612 0.11
v -0.9039 -0.992 0.11
v 0.05514 -0.80234 0.11
v 0.0524 -0.992 0.11
v 0.07813 -0.60103 0.11
v 0.1184 -0.41569 0.11
v 0.17337 -0.24501 0.11
v 0.24043 -0.08769 0.11
v 0.31692 0.05765 0.11
v 0.40023 0.19239 0.11
v 0.48771 0.31793 0.11
v 0.57675 0.43572 0.11
v 0.82555 0.75411 0.11
v 0.74914 0.6536 0.11
v 0.66475 0.54714 0.11
v 0.83312 0.77216 0.11
v 0.84035 0.79199 0.11
v 0.84631 0.81132 0.11
v 0.85121 0.83066 0.11
v 0.85522 0.85051 0.11
v 0.85852 0.87139 0.11
v 0.86125 0.89374 0.11
v 0.86359 0.91799 0.11
v 0.86567 0.94455 0.11
v 0.86766 0.97379 0.11
v 0.86967 1.00506 0.11
v 0.86974 1.00611 0.11
v 0.74888 0.97982 0.11
v 0.60333 0.95992 0.11
v 0.46865 0.95015 0.11
v 0.34343 0.94755 0.11
v 0.22627 0.94916 0.11
v 0.11573 0.952 0.11
v 0.01036 0.95318 0.11
v -0.09138 0.94983 0.11
v -0.19112 0.93918 0.11
v -0.29063 0.91847 0.11
v -0.39181 0.88486 0.11
v -0.53153 0.81886 0.11
v -0.5533 0.94946 0.11
v -1.01 0.15 0.082
v -0.74 0.18 0.082
v -0.70566 0.24318 0.082
v -0.66303 0.28869 0.082
v -0.61271 0.31907 0.082
v -0.55528 0.33685 0.082
v -0.49133 0.34458 0.082
v -0.42146 0.34478 0.082
v -0.34625 0.34 0.082
v -0.2663 0.33277 0.082
v -0.18219 0.32563 0.082
v -0.09452 0.32111 0.082
v -0.00387 0.32175 0.082
v 0.08915 0.33009 0.082
v 0.18398 0.34866 0.082
v 0.28 0.38 0.082
v 0.18906 0.31363 0.082
v 0.09674 0.24889 0.082
v 0.00374 0.18482 0.082
v -0.08922 0.12047 0.082
v -0.18141 0.05489 0.082
v -0.27213 -0.01287 0.082
v -0.36065 -0.08377 0.082
v -0.44625 -0.15875 0.082
v -0.52822 -0.23877 0.082
v -0.60584 -0.32479 0.082
v -0.67839 -0.41774 0.082
v -0.74516 -0.51859 0.082
v -0.80542 -0.62829 0.082
v -0.85846 -0.74779 0.082
v -0.90356 -0.87804 0.082
v -0.94 -1.02 0.082
v 0.08 -1.02 0.082
v 0.08312 -0.80414 0.082
v 0.10579 -0.6056 0.082
v 0.14547 -0.42297 0.082
v 0.19963 -0.25481 0.082
v 0.26573 -0.09972 0.082
v 0.34125 0.04375 0.082
v 0.42364 0.17701 0.082
v 0.51037 0.30148 0.082
v 0.59891 0.41859 0.082
v 0.68671 0.52977 0.082
v 0.77126 0.63643 0.082
v 0.85 0.74 0.082
v 0.8592 0.76194 0.082
v 0.8669 0.78306 0.082
v 0.87328 0.80375 0.082
v 0.87852 0.82444 0.082
v 0.88278 0.84556 0.082
v 0.88625 0.8675 0.082
v 0.88909 0.89069 0.082
v 0.89148 0.91556 0.082
v 0.89359 0.9425 0.082
v 0.8956 0.97194 0.082
v 0.89768 1.00431 0.082
v 0.9 1.04 0.082
v 0.74411 1.00743 0.082
v 0.60042 0.98778 0.082
v 0.46734 0.97812 0.082
v 0.34333 0.97556 0.082
v 0.22682 0.97715 0.082
v 0.11625 0.98 0.082
v 0.01005 0.98118 0.082
v -0.09333 0.97778 0.082
v -0.19547 0.96688 0.082
v -0.29792 0.94556 0.082
v -0.40224 0.9109 0.082
v -0.51 0.86 0.082
v -0.53 0.98 0.082
v -0.92 0.94 0.082
v -0.98428 0.17565 0.16758
v -0.75098 0.19634 0.16758
v -0.74641 0.18953 0.14
v -0.99009 0.16986 0.14
v -0.97026 0.18963 0.179
v -0.76203 0.21277 0.179
v -0.95624 0.20361 0.16758
v -0.77307 0.2292 0.16758
v -0.95043 0.2094 0.14
v -0.77764 0.23601 0.14
v -0.95624 0.20361 0.11242
v -0.77307 0.2292 0.11242
v -0.97026 0.18963 0.101
v -0.76203 0.21277 0.101
v -0.98428 0.17565 0.11242
v -0.75098 0.19634 0.11242
v -0.71933 0.24989 0.16758
v -0.71225 0.24574 0.14
v -0.73641 0.25989 0.179
v -0.7535 0.2699 0.16758
v -0.76057 0.27404 0.14
v -0.7535 0.2699 0.11242
v -0.73641 0.25989 0.101
v -0.71933 0.24989 0.11242
v -0.71798 0.25208 0.16758
v -0.71134 0.24728 0.14
v -0.73404 0.26366 0.179
v -0.75009 0.27525 0.16758
v -0.75674 0.28005 0.14
v -0.75009 0.27525 0.11242
v -0.73404 0.26366 0.101
v -0.71798 0.25208 0.11242
v -0.71633 0.25404 0.16758
v -0.71017 0.24862 0.14
v -0.7312 0.2671 0.179
v -0.74608 0.28017 0.16758
v -0.75224 0.28559 0.14
v -0.74608 0.28017 0.11242
v -0.7312 0.2671 0.101
v -0.71633 0.25404 0.11242
v -0.6746 0.29859 0.16758
v -0.66881 0.29278 0.14
v -0.68858 0.31261 0.179
v -0.70255 0.32664 0.16758
v -0.70834 0.33245 0.14
v -0.70255 0.32664 0.11242
v -0.68858 0.31261 0.101
v -0.6746 0.29859 0.11242
v -0.6726 0.3005 0.16758
v -0.66744 0.29413 0.14
v -0.68506 0.31589 0.179
v -0.69751 0.33128 0.16758
v -0.70268 0.33765 0.14
v -0.69751 0.33128 0.11242
v -0.68506 0.31589 0.101
v -0.6726 0.3005 0.11242
v -0.67031 0.30206 0.16758
v -0.66583 0.29519 0.14
v -0.68112 0.31865 0.179
v -0.69193 0.33524 0.16758
v -0.69641 0.34211 0.14
v -0.69193 0.33524 0.11242
v -0.68112 0.31865 0.101
v -0.67031 0.30206 0.11242
v -0.62108 0.33178 0.16758
v -0.61706 0.32463 0.14
v -0.6308 0.34903 0.179
v -0.64051 0.36628 0.16758
v -0.64453 0.37343 0.14
v -0.64051 0.36628 0.11242
v -0.6308 0.34903 0.101
v -0.62108 0.33178 0.11242
v -0.61893 0.33294 0.16758
v -0.61557 0.32545 0.14
v -0.62703 0.351 0.179
v -0.63514 0.36907 0.16758
v -0.63849 0.37655 0.14
v -0.63514 0.36907 0.11242
v -0.62703 0.351 0.101
v -0.61893 0.33294 0.11242
v -0.61663 0.33377 0.16758
v -0.61397 0.32602 0.14
v -0.62306 0.3525 0.179
v -0.62949 0.37123 0.16758
v -0.63215 0.37898 0.14
v -0.62949 0.37123 0.11242
v -0.62306 0.3525 0.101
v -0.61663 0.33377 0.11242
v -0.56063 0.35113 0.16758
v -0.55856 0.34319 0.14
v -0.56563 0.37029 0.179
v -0.57063 0.38944 0.16758
v -0.5727 0.39738 0.14
v -0.57063 0.38944 0.11242
v -0.56563 0.37029 0.101
v -0.56063 0.35113 0.11242
v -0.55622 0.35207 0.16758
v -0.55487 0.34398 0.14
v -0.55948 0.3716 0.179
v -0.56273 0.39113 0.16758
v -0.56408 0.39922 0.14
v -0.56273 0.39113 0.11242
v -0.55948 0.3716 0.101
v -0.55622 0.35207 0.11242
v -0.49373 0.35961 0.16758
v -0.49299 0.35144 0.14
v -0.49553 0.37932 0.179
v -0.49733 0.39904 0.16758
v -0.49807 0.40721 0.14
v -0.49733 0.39904 0.11242
v -0.49553 0.37932 0.101
v -0.49373 0.35961 0.11242
v -0.49079 0.35979 0.16758
v -0.49053 0.35159 0.14
v -0.49143 0.37958 0.179
v -0.49207 0.39937 0.16758
v -0.49234 0.40756 0.14
v -0.49207 0.39937 0.11242
v -0.49143 0.37958 0.101
v -0.49079 0.35979 0.11242
v -0.42183 0.35998 0.16758
v -0.42194 0.35178 0.14
v -0.42156 0.37978 0.179
v -0.42129 0.39958 0.16758
v -0.42118 0.40778 0.14
v -0.42129 0.39958 0.11242
v -0.42156 0.37978 0.101
v -0.42183 0.35998 0.11242
v -0.42017 0.35993 0.16758
v -0.42055 0.35174 0.14
v -0.41924 0.37971 0.179
v -0.41831 0.39949 0.16758
v -0.41792 0.40768 0.14
v -0.41831 0.39949 0.11242
v -0.41924 0.37971 0.101
v -0.42017 0.35993 0.11242
v -0.34542 0.35518 0.16758
v -0.34599 0.347 0.14
v -0.34403 0.37493 0.179
v -0.34264 0.39468 0.16758
v -0.34207 0.40286 0.14
v -0.34264 0.39468 0.11242
v -0.34403 0.37493 0.101
v -0.34542 0.35518 0.11242
v -0.34475 0.35513 0.16758
v -0.34543 0.34696 0.14
v -0.3431 0.37486 0.179
v -0.34145 0.39459 0.16758
v -0.34076 0.40276 0.14
v -0.34145 0.39459 0.11242
v -0.3431 0.37486 0.101
v -0.34475 0.35513 0.11242
v -0.26497 0.34791 0.16758
v -0.26569 0.33974 0.14
v -0.26324 0.36764 0.179
v -0.26151 0.38736 0.16758
v -0.26079 0.39553 0.14
v -0.26151 0.38736 0.11242
v -0.26324 0.36764 0.101
v -0.26497 0.34791 0.11242
v -0.18116 0.3408 0.16758
v -0.18171 0.33262 0.14
v -0.17981 0.36055 0.179
v -0.17846 0.3803 0.16758
v -0.1779 0.38849 0.14
v -0.17846 0.3803 0.11242
v -0.17981 0.36055 0.101
v -0.18116 0.3408 0.11242
v -0.09418 0.33632 0.16758
v -0.09436 0.32812 0.14
v -0.09374 0.35611 0.179
v -0.0933 0.37591 0.16758
v -0.09312 0.38411 0.14
v -0.0933 0.37591 0.11242
v -0.09374 0.35611 0.101
v -0.09418 0.33632 0.11242
v -0.00461 0.33696 0.16758
v -0.00421 0.32877 0.14
v -0.00556 0.35674 0.179
v -0.00652 0.37651 0.16758
v -0.00691 0.38471 0.14
v -0.00652 0.37651 0.11242
v -0.00556 0.35674 0.101
v -0.00461 0.33696 0.11242
v 0.08701 0.34518 0.16758
v 0.08816 0.33706 0.14
v 0.08422 0.36479 0.179
v 0.08143 0.38439 0.16758
v 0.08027 0.39251 0.14
v 0.08143 0.38439 0.11242
v 0.08422 0.36479 0.101
v 0.08701 0.34518 0.11242
v 0.18013 0.36343 0.16758
v 0.1822 0.3555 0.14
v 0.17515 0.3826 0.179
v 0.17017 0.40176 0.16758
v 0.1681 0.40969 0.14
v 0.17017 0.40176 0.11242
v 0.17515 0.3826 0.101
v 0.18013 0.36343 0.11242
v 0.27439 0.39418 0.16758
v 0.27656 0.38627 0.14
v 0.26914 0.41327 0.179
v 0.26389 0.43236 0.16758
v 0.26172 0.44027 0.14
v 0.26389 0.43236 0.11242
v 0.26914 0.41327 0.101
v 0.27439 0.39418 0.11242
v 0.27807 0.39508 0.16758
v 0.27911 0.38694 0.14
v 0.27557 0.41472 0.179
v 0.27306 0.43436 0.16758
v 0.27202 0.44249 0.14
v 0.27306 0.43436 0.11242
v 0.27557 0.41472 0.101
v 0.27807 0.39508 0.11242
v 0.28093 0.39517 0.16758
v 0.28043 0.38699 0.14
v 0.28215 0.41493 0.179
v 0.28336 0.4347 0.16758
v 0.28387 0.44288 0.14
v 0.28336 0.4347 0.11242
v 0.28215 0.41493 0.101
v 0.28093 0.39517 0.11242
v 0.28376 0.39473 0.16758
v 0.28173 0.38678 0.14
v 0.28865 0.41391 0.179
v 0.29355 0.4331 0.16758
v 0.29558 0.44104 0.14
v 0.29355 0.4331 0.11242
v 0.28865 0.41391 0.101
v 0.28376 0.39473 0.11242
v 0.28645 0.39376 0.16758
v 0.28297 0.38634 0.14
v 0.29485 0.41169 0.179
v 0.30326 0.42962 0.16758
v 0.30674 0.43705 0.14
v 0.30326 0.42962 0.11242
v 0.29485 0.41169 0.101
v 0.28645 0.39376 0.11242
v 0.28892 0.39231 0.16758
v 0.28411 0.38567 0.14
v 0.30053 0.40835 0.179
v 0.31214 0.42439 0.16758
v 0.31695 0.43103 0.14
v 0.31214 0.42439 0.11242
v 0.30053 0.40835 0.101
v 0.28892 0.39231 0.11242
v 0.29106 0.39042 0.16758
v 0.28509 0.3848 0.14
v 0.30547 0.404 0.179
v 0.31988 0.41758 0.16758
v 0.32585 0.4232 0.14
v 0.31988 0.41758 0.11242
v 0.30547 0.404 0.101
v 0.29106 0.39042 0.11242
v 0.29282 0.38817 0.16758
v 0.2859 0.38376 0.14
v 0.30952 0.3988 0.179
v 0.32622 0.40944 0.16758
v 0.33313 0.41385 0.14
v 0.32622 0.40944 0.11242
v 0.30952 0.3988 0.101
v 0.29282 0.38817 0.11242
v 0.29412 0.38562 0.16758
v 0.2865 0.38259 0.14
v 0.31252 0.39294 0.179
v 0.33091 0.40026 0.16758
v 0.33853 0.4033 0.14
v 0.33091 0.40026 0.11242
v 0.31252 0.39294 0.101
v 0.29412 0.38562 0.11242
v 0.29493 0.38288 0.16758
v 0.28687 0.38132 0.14
v 0.31437 0.38662 0.179
v 0.33381 0.39037 0.16758
v 0.34186 0.39192 0.14
v 0.33381 0.39037 0.11242
v 0.31437 0.38662 0.101
v 0.29493 0.38288 0.11242
v 0.2952 0.38003 0.16758
v 0.287 0.38001 0.14
v 0.315 0.38007 0.179
v 0.3348 0.3801 0.16758
v 0.343 0.38012 0.14
v 0.3348 0.3801 0.11242
v 0.315 0.38007 0.101
v 0.2952 0.38003 0.11242
v 0.29494 0.37718 0.16758
v 0.28688 0.3787 0.14
v 0.31439 0.37351 0.179
v 0.33385 0.36984 0.16758
v 0.34191 0.36832 0.14
v 0.33385 0.36984 0.11242
v 0.31439 0.37351 0.101
v 0.29494 0.37718 0.11242
v 0.29414 0.37443 0.16758
v 0.28651 0.37744 0.14
v 0.31257 0.36718 0.179
v 0.33099 0.35993 0.16758
v 0.33862 0.35693 0.14
v 0.33099 0.35993 0.11242
v 0.31257 0.36718 0.101
v 0.29414 0.37443 0.11242
v 0.29285 0.37188 0.16758
v 0.28592 0.37626 0.14
v 0.30959 0.36131 0.179
v 0.32633 0.35073 0.16758
v 0.33326 0.34635 0.14
v 0.32633 0.35073 0.11242
v 0.30959 0.36131 0.101
v 0.29285 0.37188 0.11242
v 0.2911 0.36962 0.16758
v 0.28511 0.37522 0.14
v 0.30556 0.35609 0.179
v 0.32003 0.34257 0.16758
v 0.32602 0.33697 0.14
v 0.32003 0.34257 0.11242
v 0.30556 0.35609 0.101
v 0.2911 0.36962 0.11242
v 0.28822 0.36715 0.16758
v 0.28308 0.37354 0.14
v 0.30063 0.35173 0.179
v 0.31305 0.3363 0.16758
v 0.31819 0.32991 0.14
v 0.31305 0.3363 0.11242
v 0.30063 0.35173 0.101
v 0.28822 0.36715 0.11242
v 0.1981 0.30141 0.16758
v 0.1933 0.30805 0.14
v 0.2097 0.28536 0.179
v 0.2213 0.26931 0.16758
v 0.2261 0.26266 0.14
v 0.2213 0.26931 0.11242
v 0.2097 0.28536 0.101
v 0.1981 0.30141 0.11242
v 0.19772 0.30113 0.16758
v 0.19298 0.30782 0.14
v 0.20916 0.28497 0.179
v 0.2206 0.26882 0.16758
v 0.22534 0.26213 0.14
v 0.2206 0.26882 0.11242
v 0.20916 0.28497 0.101
v 0.19772 0.30113 0.11242
v 0.1055 0.23646 0.16758
v 0.1008 0.24319 0.14
v 0.11683 0.22023 0.179
v 0.12817 0.204 0.16758
v 0.13286 0.19727 0.14
v 0.12817 0.204 0.11242
v 0.11683 0.22023 0.101
v 0.1055 0.23646 0.11242
v 0.10533 0.23635 0.16758
v 0.10066 0.24309 0.14
v 0.11659 0.22006 0.179
v 0.12786 0.20378 0.16758
v 0.13253 0.19704 0.14
v 0.12786 0.20378 0.11242
v 0.11659 0.22006 0.101
v 0.10533 0.23635 0.11242
v 0.01238 0.17231 0.16758
v 0.00772 0.17906 0.14
v 0.02363 0.15602 0.179
v 0.03488 0.13973 0.16758
v 0.03954 0.13298 0.14
v 0.03488 0.13973 0.11242
v 0.02363 0.15602 0.101
v 0.01238 0.17231 0.11242
v -0.08049 0.10803 0.16758
v -0.0852 0.11474 0.14
v -0.06911 0.09182 0.179
v -0.05774 0.07561 0.16758
v -0.05303 0.0689 0.14
v -0.05774 0.07561 0.11242
v -0.06911 0.09182 0.101
v -0.08049 0.10803 0.11242
v -0.17246 0.0426 0.16758
v -0.17729 0.04923 0.14
v -0.16079 0.02661 0.179
v -0.14913 0.01061 0.16758
v -0.1443 0.00398 0.14
v -0.14913 0.01061 0.11242
v -0.16079 0.02661 0.101
v -0.17246 0.0426 0.11242
v -0.26282 -0.0249 0.16758
v -0.26784 -0.01841 0.14
v -0.25071 -0.04056 0.179
v -0.2386 -0.05622 0.16758
v -0.23358 -0.06271 0.14
v -0.2386 -0.05622 0.11242
v -0.25071 -0.04056 0.101
v -0.26282 -0.0249 0.11242
v -0.35088 -0.09543 0.16758
v -0.35615 -0.08914 0.14
v -0.33817 -0.1106 0.179
v -0.32545 -0.12578 0.16758
v -0.32018 -0.13207 0.14
v -0.32545 -0.12578 0.11242
v -0.33817 -0.1106 0.101
v -0.35088 -0.09543 0.11242
v -0.43592 -0.16992 0.16758
v -0.44149 -0.1639 0.14
v -0.42248 -0.18446 0.179
v -0.40903 -0.19899 0.16758
v -0.40347 -0.20501 0.14
v -0.40903 -0.19899 0.11242
v -0.42248 -0.18446 0.101
v -0.43592 -0.16992 0.11242
v -0.51725 -0.24932 0.16758
v -0.52316 -0.24364 0.14
v -0.50298 -0.26304 0.179
v -0.48871 -0.27677 0.16758
v -0.48279 -0.28245 0.14
v -0.48871 -0.27677 0.11242
v -0.50298 -0.26304 0.101
v -0.51725 -0.24932 0.11242
v -0.59418 -0.33457 0.16758
v -0.60046 -0.3293 0.14
v -0.57902 -0.34731 0.179
v -0.56386 -0.36004 0.16758
v -0.55757 -0.36531 0.14
v -0.56386 -0.36004 0.11242
v -0.57902 -0.34731 0.101
v -0.59418 -0.33457 0.11242
v -0.66603 -0.42664 0.16758
v -0.67269 -0.42185 0.14
v -0.64996 -0.4382 0.179
v -0.63389 -0.44976 0.16758
v -0.62723 -0.45455 0.14
v -0.63389 -0.44976 0.11242
v -0.64996 -0.4382 0.101
v -0.66603 -0.42664 0.11242
v -0.73212 -0.52647 0.16758
v -0.73914 -0.52223 0.14
v -0.71518 -0.53671 0.179
v -0.69823 -0.54695 0.16758
v -0.69121 -0.55119 0.14
v -0.69823 -0.54695 0.11242
v -0.71518 -0.53671 0.101
v -0.73212 -0.52647 0.11242
v -0.79177 -0.63506 0.16758
v -0.79912 -0.63142 0.14
v -0.77403 -0.64385 0.179
v -0.75629 -0.65264 0.16758
v -0.74894 -0.65628 0.14
v -0.75629 -0.65264 0.11242
v -0.77403 -0.64385 0.101
v -0.79177 -0.63506 0.11242
v -0.84429 -0.75338 0.16758
v -0.85192 -0.75037 0.14
v -0.82587 -0.76064 0.179
v -0.80745 -0.7679 0.16758
v -0.79982 -0.77091 0.14
v -0.80745 -0.7679 0.11242
v -0.82587 -0.76064 0.101
v -0.84429 -0.75338 0.11242
v -0.88897 -0.88243 0.16758
v -0.89683 -0.88007 0.14
v -0.87001 -0.88814 0.179
v -0.85105 -0.89384 0.16758
v -0.8432 -0.89621 0.14
v -0.85105 -0.89384 0.11242
v -0.87001 -0.88814 0.101
v -0.88897 -0.88243 0.11242
v -0.91052 -0.99714 0.16758
v -0.917 -1.00216 0.14
v -0.89488 -0.985 0.179
v -0.87924 -0.97286 0.16758
v -0.87276 -0.96784 0.14
v -0.87924 -0.97286 0.11242
v -0.89488 -0.985 0.101
v -0.91052 -0.99714 0.11242
v 0.0594 -0.9991 0.16758
v 0.06516 -1.00494 0.14
v 0.0455 -0.985 0.179
v 0.0316 -0.9709 0.16758
v 0.02585 -0.96506 0.14
v 0.0316 -0.9709 0.11242
v 0.0455 -0.985 0.101
v 0.0594 -0.9991 0.11242
v 0.06791 -0.80441 0.16758
v 0.0761 -0.80473 0.14
v 0.04812 -0.80363 0.179
v 0.02834 -0.80285 0.16758
v 0.02014 -0.80253 0.14
v 0.02834 -0.80285 0.11242
v 0.04812 -0.80363 0.101
v 0.06791 -0.80441 0.11242
v 0.06807 -0.80192 0.16758
v 0.07623 -0.80265 0.14
v 0.04835 -0.80017 0.179
v 0.02862 -0.79841 0.16758
v 0.02046 -0.79768 0.14
v 0.02862 -0.79841 0.11242
v 0.04835 -0.80017 0.101
v 0.06807 -0.80192 0.11242
v 0.09062 -0.60437 0.16758
v 0.09874 -0.6055 0.14
v 0.07101 -0.60163 0.179
v 0.0514 -0.59889 0.16758
v 0.04328 -0.59776 0.14
v 0.0514 -0.59889 0.11242
v 0.07101 -0.60163 0.101
v 0.09062 -0.60437 0.11242
v 0.09103 -0.60189 0.16758
v 0.09909 -0.60343 0.14
v 0.07159 -0.59817 0.179
v 0.05214 -0.59445 0.16758
v 0.04408 -0.59291 0.14
v 0.05214 -0.59445 0.11242
v 0.07159 -0.59817 0.101
v 0.09103 -0.60189 0.11242
v 0.13051 -0.42021 0.16758
v 0.13848 -0.42215 0.14
v 0.11127 -0.41554 0.179
v 0.09203 -0.41086 0.16758
v 0.08406 -0.40893 0.14
v 0.09203 -0.41086 0.11242
v 0.11127 -0.41554 0.101
v 0.13051 -0.42021 0.11242
v 0.13114 -0.41785 0.16758
v 0.13901 -0.42017 0.14
v 0.11215 -0.41224 0.179
v 0.09317 -0.40663 0.16758
v 0.0853 -0.40431 0.14
v 0.09317 -0.40663 0.11242
v 0.11215 -0.41224 0.101
v 0.13114 -0.41785 0.11242
v 0.18502 -0.25058 0.16758
v 0.19276 -0.25327 0.14
v 0.16632 -0.24408 0.179
v 0.14761 -0.23759 0.16758
v 0.13987 -0.23489 0.14
v 0.14761 -0.23759 0.11242
v 0.16632 -0.24408 0.101
v 0.18502 -0.25058 0.11242
v 0.18582 -0.24844 0.16758
v 0.19343 -0.25148 0.14
v 0.16743 -0.24109 0.179
v 0.14905 -0.23375 0.16758
v 0.14143 -0.2307 0.14
v 0.14905 -0.23375 0.11242
v 0.16743 -0.24109 0.101
v 0.18582 -0.24844 0.11242
v 0.25159 -0.09413 0.16758
v 0.25907 -0.0975 0.14
v 0.23354 -0.08599 0.179
v 0.21549 -0.07786 0.16758
v 0.20801 -0.07449 0.14
v 0.21549 -0.07786 0.11242
v 0.23354 -0.08599 0.101
v 0.25159 -0.09413 0.11242
v 0.25247 -0.09228 0.16758
v 0.2598 -0.09595 0.14
v 0.23476 -0.08341 0.179
v 0.21706 -0.07455 0.16758
v 0.20973 -0.07088 0.14
v 0.21706 -0.07455 0.11242
v 0.23476 -0.08341 0.101
v 0.25247 -0.09228 0.11242
v 0.32764 0.05053 0.16758
v 0.33483 0.04658 0.14
v 0.31028 0.06005 0.179
v 0.29292 0.06958 0.16758
v 0.28573 0.07352 0.14
v 0.29292 0.06958 0.11242
v 0.31028 0.06005 0.101
v 0.32764 0.05053 0.11242
v 0.3285 0.05204 0.16758
v 0.33555 0.04785 0.14
v 0.31148 0.06216 0.179
v 0.29446 0.07227 0.16758
v 0.28741 0.07647 0.14
v 0.29446 0.07227 0.11242
v 0.31148 0.06216 0.101
v 0.3285 0.05204 0.11242
v 0.41057 0.18477 0.16758
v 0.41748 0.18036 0.14
v 0.39387 0.19541 0.179
v 0.37717 0.20606 0.16758
v 0.37026 0.21046 0.14
v 0.37717 0.20606 0.11242
v 0.39387 0.19541 0.101
v 0.41057 0.18477 0.11242
v 0.41132 0.18592 0.16758
v 0.41811 0.18133 0.14
v 0.39492 0.19702 0.179
v 0.37853 0.20811 0.16758
v 0.37173 0.21271 0.14
v 0.37853 0.20811 0.11242
v 0.39492 0.19702 0.101
v 0.41132 0.18592 0.11242
v 0.49779 0.31001 0.16758
v 0.50447 0.30526 0.14
v 0.48165 0.32149 0.179
v 0.46552 0.33297 0.16758
v 0.45884 0.33772 0.14
v 0.46552 0.33297 0.11242
v 0.48165 0.32149 0.101
v 0.49779 0.31001 0.11242
v 0.49836 0.3108 0.16758
v 0.50495 0.30592 0.14
v 0.48245 0.32259 0.179
v 0.46654 0.33437 0.16758
v 0.45995 0.33926 0.14
v 0.46654 0.33437 0.11242
v 0.48245 0.32259 0.101
v 0.49836 0.3108 0.11242
v 0.58672 0.42768 0.16758
v 0.59323 0.4227 0.14
v 0.57099 0.4397 0.179
v 0.55526 0.45172 0.16758
v 0.54874 0.4567 0.14
v 0.55526 0.45172 0.11242
v 0.57099 0.4397 0.101
v 0.58672 0.42768 0.11242
v 0.58704 0.4281 0.16758
v 0.5935 0.42305 0.14
v 0.57144 0.44029 0.179
v 0.55584 0.45248 0.16758
v 0.54938 0.45752 0.14
v 0.55584 0.45248 0.11242
v 0.57144 0.44029 0.101
v 0.58704 0.4281 0.11242
v 0.67478 0.53918 0.16758
v 0.68121 0.5341 0.14
v 0.65925 0.55146 0.179
v 0.64371 0.56374 0.16758
v 0.63728 0.56883 0.14
v 0.64371 0.56374 0.11242
v 0.65925 0.55146 0.101
v 0.67478 0.53918 0.11242
v 0.67481 0.53922 0.16758
v 0.68123 0.53413 0.14
v 0.65928 0.55151 0.179
v 0.64376 0.5638 0.16758
v 0.63733 0.56889 0.14
v 0.64376 0.5638 0.11242
v 0.65928 0.55151 0.101
v 0.67481 0.53922 0.11242
v 0.75925 0.64575 0.16758
v 0.76573 0.64072 0.14
v 0.74361 0.65789 0.179
v 0.72797 0.67003 0.16758
v 0.72149 0.67506 0.14
v 0.72797 0.67003 0.11242
v 0.74361 0.65789 0.101
v 0.75925 0.64575 0.11242
v 0.83659 0.74774 0.16758
v 0.84369 0.74364 0.14
v 0.81944 0.75764 0.179
v 0.80229 0.76753 0.16758
v 0.79519 0.77163 0.14
v 0.80229 0.76753 0.11242
v 0.81944 0.75764 0.101
v 0.83659 0.74774 0.11242
v 0.84503 0.76749 0.16758
v 0.85267 0.7645 0.14
v 0.8266 0.77471 0.179
v 0.80816 0.78193 0.16758
v 0.80053 0.78493 0.14
v 0.80816 0.78193 0.11242
v 0.8266 0.77471 0.101
v 0.84503 0.76749 0.11242
v 0.85248 0.78791 0.16758
v 0.86025 0.78529 0.14
v 0.83371 0.79422 0.179
v 0.81495 0.80053 0.16758
v 0.80718 0.80315 0.14
v 0.81495 0.80053 0.11242
v 0.83371 0.79422 0.101
v 0.85248 0.78791 0.11242
v 0.85863 0.80786 0.16758
v 0.86653 0.80564 0.14
v 0.83957 0.81321 0.179
v 0.82051 0.81856 0.16758
v 0.81261 0.82077 0.14
v 0.82051 0.81856 0.11242
v 0.83957 0.81321 0.101
v 0.85863 0.80786 0.11242
v 0.86369 0.82782 0.16758
v 0.87168 0.826 0.14
v 0.84438 0.83221 0.179
v 0.82507 0.8366 0.16758
v 0.81708 0.83842 0.14
v 0.82507 0.8366 0.11242
v 0.84438 0.83221 0.101
v 0.86369 0.82782 0.11242
v 0.86781 0.84825 0.16758
v 0.87589 0.8468 0.14
v 0.84833 0.85175 0.179
v 0.82884 0.85526 0.16758
v 0.82077 0.85671 0.14
v 0.82884 0.85526 0.11242
v 0.84833 0.85175 0.101
v 0.86781 0.84825 0.11242
v 0.87119 0.86961 0.16758
v 0.87931 0.86847 0.14
v 0.85158 0.87236 0.179
v 0.83198 0.87511 0.16758
v 0.82385 0.87625 0.14
v 0.83198 0.87511 0.11242
v 0.85158 0.87236 0.101
v 0.87119 0.86961 0.11242
v 0.87398 0.89235 0.16758
v 0.88213 0.89146 0.14
v 0.8543 0.8945 0.179
v 0.83461 0.89665 0.16758
v 0.82646 0.89754 0.14
v 0.83461 0.89665 0.11242
v 0.8543 0.8945 0.101
v 0.87398 0.89235 0.11242
v 0.87634 0.91688 0.16758
v 0.88451 0.91616 0.14
v 0.85661 0.9186 0.179
v 0.83689 0.92032 0.16758
v 0.82872 0.92103 0.14
v 0.83689 0.92032 0.11242
v 0.85661 0.9186 0.101
v 0.87634 0.91688 0.11242
v 0.87843 0.94361 0.16758
v 0.88661 0.94301 0.14
v 0.85869 0.94506 0.179
v 0.83894 0.94651 0.16758
v 0.83076 0.94711 0.14
v 0.83894 0.94651 0.11242
v 0.85869 0.94506 0.101
v 0.87843 0.94361 0.11242
v 0.88043 0.97295 0.16758
v 0.88862 0.97241 0.14
v 0.86068 0.97426 0.179
v 0.84092 0.97556 0.16758
v 0.83274 0.97611 0.14
v 0.84092 0.97556 0.11242
v 0.86068 0.97426 0.101
v 0.88043 0.97295 0.11242
v 0.88251 1.00528 0.16758
v 0.89069 1.00475 0.14
v 0.86275 1.00655 0.179
v 0.84299 1.00782 0.16758
v 0.83481 1.00835 0.14
v 0.84299 1.00782 0.11242
v 0.86275 1.00655 0.101
v 0.88251 1.00528 0.11242
v 0.86403 1.02633 0.16758
v 0.86456 1.03452 0.14
v 0.86275 1.00658 0.179
v 0.86147 0.98682 0.16758
v 0.86094 0.97863 0.14
v 0.86147 0.98682 0.11242
v 0.86275 1.00658 0.101
v 0.86403 1.02633 0.11242
v 0.84713 1.0093 0.16758
v 0.84094 1.01468 0.14
v 0.86209 0.99632 0.179
v 0.87704 0.98334 0.16758
v 0.88323 0.97797 0.14
v 0.87704 0.98334 0.11242
v 0.86209 0.99632 0.101
v 0.84713 1.0093 0.11242
v 0.74756 0.99262 0.16758
v 0.74603 1.00067 0.14
v 0.75127 0.97317 0.179
v 0.75498 0.95372 0.16758
v 0.75652 0.94567 0.14
v 0.75498 0.95372 0.11242
v 0.75127 0.97317 0.101
v 0.74756 0.99262 0.11242
v 0.74583 0.99232 0.16758
v 0.74458 1.00042 0.14
v 0.74886 0.97275 0.179
v 0.75188 0.95319 0.16758
v 0.75314 0.94508 0.14
v 0.75188 0.95319 0.11242
v 0.74886 0.97275 0.101
v 0.74583 0.99232 0.11242
v 0.60279 0.97276 0.16758
v 0.60181 0.9809 0.14
v 0.60516 0.9531 0.179
v 0.60753 0.93344 0.16758
v 0.60851 0.9253 0.14
v 0.60753 0.93344 0.11242
v 0.60516 0.9531 0.101
v 0.60279 0.97276 0.11242
v 0.6012 0.97259 0.16758
v 0.60048 0.98076 0.14
v 0.60295 0.95287 0.179
v 0.60469 0.93315 0.16758
v 0.60542 0.92498 0.14
v 0.60469 0.93315 0.11242
v 0.60295 0.95287 0.101
v 0.6012 0.97259 0.11242
v 0.4687 0.96298 0.16758
v 0.46821 0.97117 0.14
v 0.46988 0.94322 0.179
v 0.47105 0.92345 0.16758
v 0.47154 0.91527 0.14
v 0.47105 0.92345 0.11242
v 0.46988 0.94322 0.101
v 0.4687 0.96298 0.11242
v 0.4674 0.96292 0.16758
v 0.46713 0.97112 0.14
v 0.46807 0.94313 0.179
v 0.46873 0.92334 0.16758
v 0.46901 0.91515 0.14
v 0.46873 0.92334 0.11242
v 0.46807 0.94313 0.101
v 0.4674 0.96292 0.11242
v 0.34382 0.96036 0.16758
v 0.34372 0.96856 0.14
v 0.34406 0.94056 0.179
v 0.3443 0.92077 0.16758
v 0.3444 0.91257 0.14
v 0.3443 0.92077 0.11242
v 0.34406 0.94056 0.101
v 0.34382 0.96036 0.11242
v 0.34295 0.96036 0.16758
v 0.343 0.96856 0.14
v 0.34285 0.94056 0.179
v 0.34275 0.92076 0.16758
v 0.34271 0.91256 0.14
v 0.34275 0.92076 0.11242
v 0.34285 0.94056 0.101
v 0.34295 0.96036 0.11242
v 0.22667 0.96195 0.16758
v 0.22681 0.97015 0.14
v 0.22634 0.94216 0.179
v 0.22601 0.92236 0.16758
v 0.22588 0.91416 0.14
v 0.22601 0.92236 0.11242
v 0.22634 0.94216 0.101
v 0.22667 0.96195 0.11242
v 0.22637 0.96196 0.16758
v 0.22656 0.97016 0.14
v 0.22592 0.94216 0.179
v 0.22547 0.92237 0.16758
v 0.22529 0.91417 0.14
v 0.22547 0.92237 0.11242
v 0.22592 0.94216 0.101
v 0.22637 0.96196 0.11242
v 0.11597 0.9648 0.16758
v 0.11612 0.973 0.14
v 0.1156 0.945 0.179
v 0.11524 0.92521 0.16758
v 0.11509 0.91701 0.14
v 0.11524 0.92521 0.11242
v 0.1156 0.945 0.101
v 0.11597 0.9648 0.11242
v 0.01022 0.96597 0.16758
v 0.01013 0.97417 0.14
v 0.01043 0.94617 0.179
v 0.01065 0.92638 0.16758
v 0.01074 0.91818 0.14
v 0.01065 0.92638 0.11242
v 0.01043 0.94617 0.101
v 0.01022 0.96597 0.11242
v -0.09227 0.96259 0.16758
v -0.09284 0.97077 0.14
v -0.0909 0.94284 0.179
v -0.08952 0.92309 0.16758
v -0.08895 0.91491 0.14
v -0.08952 0.92309 0.11242
v -0.0909 0.94284 0.101
v -0.09227 0.96259 0.11242
v -0.1931 0.95182 0.16758
v -0.19438 0.95992 0.14
v -0.19003 0.93226 0.179
v -0.18696 0.9127 0.16758
v -0.18569 0.9046 0.14
v -0.18696 0.9127 0.11242
v -0.19003 0.93226 0.101
v -0.1931 0.95182 0.11242
v -0.29395 0.93082 0.16758
v -0.29608 0.93874 0.14
v -0.2888 0.9117 0.179
v -0.28366 0.89258 0.16758
v -0.28153 0.88466 0.14
v -0.28366 0.89258 0.11242
v -0.2888 0.9117 0.101
v -0.29395 0.93082 0.11242
v -0.39656 0.89673 0.16758
v -0.39961 0.90435 0.14
v -0.3892 0.87835 0.179
v -0.38184 0.85997 0.16758
v -0.37879 0.85236 0.14
v -0.38184 0.85997 0.11242
v -0.3892 0.87835 0.101
v -0.39656 0.89673 0.11242
v -0.50267 0.84663 0.16758
v -0.50583 0.8542 0.14
v -0.49505 0.82835 0.179
v -0.48743 0.81008 0.16758
v -0.48427 0.80251 0.14
v -0.48743 0.81008 0.11242
v -0.49505 0.82835 0.101
v -0.50267 0.84663 0.11242
v -0.50614 0.8453 0.16758
v -0.50822 0.85323 0.14
v -0.50112 0.82615 0.179
v -0.49609 0.807 0.16758
v -0.49401 0.79906 0.14
v -0.49609 0.807 0.11242
v -0.50112 0.82615 0.101
v -0.50614 0.8453 0.11242
v -0.50891 0.84484 0.16758
v -0.5095 0.85302 0.14
v -0.50749 0.82509 0.179
v -0.50606 0.80534 0.16758
v -0.50547 0.79716 0.14
v -0.50606 0.80534 0.11242
v -0.50749 0.82509 0.101
v -0.50891 0.84484 0.11242
v -0.51171 0.8449 0.16758
v -0.51079 0.85304 0.14
v -0.51394 0.82522 0.179
v -0.51617 0.80555 0.16758
v -0.51709 0.7974 0.14
v -0.51617 0.80555 0.11242
v -0.51394 0.82522 0.101
v -0.51171 0.8449 0.11242
v -0.51446 0.84547 0.16758
v -0.51205 0.85331 0.14
v -0.52026 0.82654 0.179
v -0.52606 0.80761 0.16758
v -0.52847 0.79977 0.14
v -0.52606 0.80761 0.11242
v -0.52026 0.82654 0.101
v -0.51446 0.84547 0.11242
v -0.51705 0.84653 0.16758
v -0.51325 0.8538 0.14
v -0.52623 0.82899 0.179
v -0.53541 0.81145 0.16758
v -0.53921 0.80418 0.14
v -0.53541 0.81145 0.11242
v -0.52623 0.82899 0.101
v -0.51705 0.84653 0.11242
v -0.5194 0.84806 0.16758
v -0.51433 0.8545 0.14
v -0.53165 0.8325 0.179
v -0.54389 0.81694 0.16758
v -0.54897 0.8105 0.14
v -0.54389 0.81694 0.11242
v -0.53165 0.8325 0.101
v -0.5194 0.84806 0.11242
v -0.52144 0.84999 0.16758
v -0.51527 0.85539 0.14
v -0.53633 0.83694 0.179
v -0.55123 0.8239 0.16758
v -0.5574 0.8185 0.14
v -0.55123 0.8239 0.11242
v -0.53633 0.83694 0.101
v -0.52144 0.84999 0.11242
v -0.52308 0.85226 0.16758
v -0.51602 0.85643 0.14
v -0.54012 0.84217 0.179
v -0.55715 0.83208 0.16758
v -0.56421 0.82791 0.14
v -0.55715 0.83208 0.11242
v -0.54012 0.84217 0.101
v -0.52308 0.85226 0.11242
v -0.52428 0.85479 0.16758
v -0.51658 0.8576 0.14
v -0.54288 0.848 0.179
v -0.56148 0.84122 0.16758
v -0.56918 0.83841 0.14
v -0.56148 0.84122 0.11242
v -0.54288 0.848 0.101
v -0.52428 0.85479 0.11242
v -0.52517 0.8584 0.16758
v -0.51715 0.86012 0.14
v -0.54452 0.85425 0.179
v -0.56388 0.85009 0.16758
v -0.5719 0.84837 0.14
v -0.56388 0.85009 0.11242
v -0.54452 0.85425 0.101
v -0.52517 0.8584 0.11242
v -0.54711 0.95757 0.16758
v -0.54214 0.96409 0.14
v -0.55912 0.94183 0.179
v -0.57113 0.92609 0.16758
v -0.5761 0.91957 0.14
v -0.57113 0.92609 0.11242
v -0.55912 0.94183 0.101
v -0.54711 0.95757 0.11242
v -0.90233 0.92213 0.16758
v -0.9081 0.92797 0.14
v -0.88841 0.90806 0.179
v -0.87449 0.89398 0.16758
v -0.86873 0.88815 0.14
v -0.87449 0.89398 0.11242
v -0.88841 0.90806 0.101
v -0.90233 0.92213 0.11242
v -0.86134 0.88068 0.105
v -0.93619 0.2236 0.105
v -0.7809 0.24086 0.105
v -0.76277 0.27422 0.105
v -0.75836 0.28122 0.105
v -0.7531 0.28761 0.105
v -0.71047 0.33312 0.105
v -0.70393 0.33921 0.105
v -0.69662 0.34433 0.105
v -0.6463 0.37471 0.105
v -0.63931 0.37837 0.105
v -0.63194 0.38116 0.105
v -0.5745 0.39894 0.105
v -0.56307 0.40138 0.105
v -0.49913 0.40911 0.105
v -0.49152 0.40958 0.105
v -0.42165 0.40978 0.105
v -0.41733 0.40965 0.105
v -0.34213 0.40487 0.105
v -0.3404 0.40474 0.105
v -0.26062 0.39752 0.105
v -0.17777 0.39049 0.105
v -0.09307 0.38612 0.105
v -0.00701 0.38673 0.105
v 0.07998 0.39453 0.105
v 0.16758 0.41168 0.105
v 0.25983 0.44179 0.105
v 0.27176 0.44448 0.105
v 0.28399 0.44488 0.105
v 0.29607 0.44298 0.105
v 0.30758 0.43886 0.105
v 0.13361 0.19536 0.105
v 0.04067 0.13133 0.105
v -0.05188 0.06726 0.105
v -0.14312 0.00236 0.105
v 0.13406 0.19567 0.105
v -0.23235 -0.06429 0.105
v 0.22638 0.26041 0.105
v -0.3189 -0.13361 0.105
v 0.22738 0.26113 0.105
v -0.4021 -0.20649 0.105
v 0.31832 0.3275 0.105
v -0.48134 -0.28385 0.105
v -0.55603 -0.36661 0.105
v -0.62559 -0.45574 0.105
v -0.68948 -0.55224 0.105
v -0.74712 -0.65718 0.105
v 0.32748 0.3356 0.105
v -0.79793 -0.77165 0.105
v -0.84126 -0.89679 0.105
v -0.85621 -0.955 0.105
v 0.01593 -0.955 0.105
v 0.01813 -0.8032 0.105
v 0.01854 -0.79676 0.105
v 0.04121 -0.59823 0.105
v 0.04227 -0.5918 0.105
v 0.08195 -0.40917 0.105
v 0.0836 -0.40304 0.105
v 0.13776 -0.23489 0.105
v 0.33495 0.34528 0.105
v 0.34048 0.35619 0.105
v 0.13983 -0.22933 0.105
v 0.20594 -0.07423 0.105
v 0.20822 -0.06944 0.105
v 0.28373 0.07403 0.105
v 0.34387 0.36794 0.105
v 0.28596 0.07793 0.105
v 0.36835 0.21119 0.105
v 0.345 0.38012 0.105
v 0.34383 0.3923 0.105
v 0.37031 0.21417 0.105
v 0.45704 0.33864 0.105
v 0.34039 0.40404 0.105
v 0.33482 0.41492 0.105
v 0.32731 0.42457 0.105
v 0.31812 0.43265 0.105
v 0.45852 0.34068 0.105
v 0.54706 0.45779 0.105
v 0.5479 0.45888 0.105
v 0.63577 0.57014 0.105
v 0.71991 0.67629 0.105
v 0.79325 0.77275 0.105
v 0.6357 0.57006 0.105
v 0.79866 0.78566 0.105
v 0.80527 0.80379 0.105
v 0.81068 0.82131 0.105
v 0.81512 0.83886 0.105
v 0.8188 0.85707 0.105
v 0.82187 0.87653 0.105
v 0.82447 0.89776 0.105
v 0.82673 0.92121 0.105
v 0.82877 0.94725 0.105
v 0.82956 0.95888 0.105
v 0.75741 0.9438 0.105
v 0.75292 0.94303 0.105
v 0.60922 0.92338 0.105
v 0.60512 0.92295 0.105
v 0.47205 0.9133 0.105
v 0.46869 0.91314 0.105
v 0.34468 0.91057 0.105
v 0.34244 0.91056 0.105
v 0.22593 0.91216 0.105
v 0.22515 0.91217 0.105
v 0.11505 0.91501 0.105
v 0.01076 0.91617 0.105
v -0.08881 0.91289 0.105
v -0.18537 0.90258 0.105
v -0.28099 0.88268 0.105
v -0.37803 0.85045 0.105
v -0.48224 0.80123 0.105
v -0.4935 0.79713 0.105
v -0.50533 0.79517 0.105
v -0.51732 0.79541 0.105
v -0.52905 0.79785 0.105
v -0.54014 0.80241 0.105
v -0.5502 0.80893 0.105
v -0.5589 0.81718 0.105
v -0.56593 0.82689 0.105
v -0.57106 0.83772 0.105
v -0.57412 0.84931 0.105
v -0.58408 0.90911 0.105
v -0.7809 0.24086 0.19
v -0.93619 0.2236 0.19
v -0.86134 0.88068 0.19
v -0.76277 0.27422 0.19
v -0.75836 0.28122 0.19
v -0.7531 0.28761 0.19
v -0.71047 0.33312 0.19
v -0.70393 0.33921 0.19
v -0.69662 0.34433 0.19
v -0.6463 0.37471 0.19
v -0.63931 0.37837 0.19
v -0.63194 0.38116 0.19
v -0.5745 0.39894 0.19
v -0.56307 0.40138 0.19
v -0.49913 0.40911 0.19
v -0.49152 0.40958 0.19
v -0.42165 0.40978 0.19
v -0.41733 0.40965 0.19
v -0.34213 0.40487 0.19
v -0.3404 0.40474 0.19
v -0.26062 0.39752 0.19
v -0.17777 0.39049 0.19
v -0.09307 0.38612 0.19
v -0.00701 0.38673 0.19
v 0.07998 0.39453 0.19
v 0.16758 0.41168 0.19
v 0.25983 0.44179 0.19
v 0.27176 0.44448 0.19
v 0.28399 0.44488 0.19
v 0.29607 0.44298 0.19
v 0.30758 0.43886 0.19
v -0.05188 0.06726 0.19
v 0.04067 0.13133 0.19
v 0.13361 0.19536 0.19
v -0.14312 0.00236 0.19
v 0.13406 0.19567 0.19
v -0.23235 -0.06429 0.19
v 0.22638 0.26041 0.19
v -0.3189 -0.13361 0.19
v 0.22738 0.26113 0.19
v -0.4021 -0.20649 0.19
v 0.31832 0.3275 0.19
v -0.48134 -0.28385 0.19
v -0.55603 -0.36661 0.19
v -0.62559 -0.45574 0.19
v -0.68948 -0.55224 0.19
v -0.74712 -0.65718 0.19
v 0.32748 0.3356 0.19
v -0.79793 -0.77165 0.19
v -0.84126 -0.89679 0.19
v -0.85621 -0.955 0.19
v 0.01813 -0.8032 0.19
v 0.01593 -0.955 0.19
v 0.01854 -0.79676 0.19
v 0.04121 -0.59823 0.19
v 0.04227 -0.5918 0.19
v 0.08195 -0.40917 0.19
v 0.0836 -0.40304 0.19
v 0.13776 -0.23489 0.19
v 0.33495 0.34528 0.19
v 0.34048 0.35619 0.19
v 0.13983 -0.22933 0.19
v 0.20594 -0.07423 0.19
v 0.20822 -0.06944 0.19
v 0.28373 0.07403 0.19
v 0.34387 0.36794 0.19
v 0.28596 0.07793 0.19
v 0.36835 0.21119 0.19
v 0.345 0.38012 0.19
v 0.34383 0.3923 0.19
v 0.37031 0.21417 0.19
v 0.45704 0.33864 0.19
v 0.34039 0.40404 0.19
v 0.33482 0.41492 0.19
v 0.32731 0.42457 0.19
v 0.31812 0.43265 0.19
v 0.45852 0.34068 0.19
v 0.54706 0.45779 0.19
v 0.5479 0.45888 0.19
v 0.79325 0.77275 0.19
v 0.71991 0.67629 0.19
v 0.63577 0.57014 0.19
v 0.6357 0.57006 0.19
v 0.79866 0.78566 0.19
v 0.80527 0.80379 0.19
v 0.81068 0.82131 0.19
v 0.81512 0.83886 0.19
v 0.8188 0.85707 0.19
v 0.82187 0.87653 0.19
v 0.82447 0.89776 0.19
v 0.82673 0.92121 0.19
v 0.82877 0.94725 0.19
v 0.82956 0.95888 0.19
v 0.75741 0.9438 0.19
v 0.75292 0.94303 0.19
v 0.60922 0.92338 0.19
v 0.60512 0.92295 0.19
v 0.47205 0.9133 0.19
v 0.46869 0.91314 0.19
v 0.34468 0.91057 0.19
v 0.34244 0.91056 0.19
v 0.22593 0.91216 0.19
v 0.22515 0.91217 0.19
v 0.11505 0.91501 0.19
v 0.01076 0.91617 0.19
v -0.08881 0.91289 0.19
v -0.18537 0.90258 0.19
v -0.28099 0.88268 0.19
v -0.37803 0.85045 0.19
v -0.48224 0.80123 0.19
v -0.4935 0.79713 0.19
v -0.50533 0.79517 0.19
v -0.51732 0.79541 0.19
v -0.52905 0.79785 0.19
v -0.54014 0.80241 0.19
v -0.5502 0.80893 0.19
v -0.5589 0.81718 0.19
v -0.56593 0.82689 0.19
v -0.57106 0.83772 0.19
v -0.57412 0.84931 0.19
v -0.58408 0.90911 0.19
v -0.91382 0.24592 0.22231
v -0.7919 0.25722 0.22231
v -0.78994 0.2543 0.211
v -0.91631 0.24344 0.211
v -0.90781 0.25191 0.227
v -0.79664 0.26426 0.227
v -0.9018 0.2579 0.22231
v -0.80137 0.2713 0.22231
v -0.89931 0.26038 0.211
v -0.80333 0.27422 0.211
v -0.9018 0.2579 0.19969
v -0.80137 0.2713 0.19969
v -0.90781 0.25191 0.195
v -0.79664 0.26426 0.195
v -0.91382 0.24592 0.19969
v -0.7919 0.25722 0.19969
v -0.77741 0.28187 0.22231
v -0.77438 0.28009 0.211
v -0.78473 0.28616 0.227
v -0.79206 0.29045 0.22231
v -0.79509 0.29222 0.211
v -0.79206 0.29045 0.19969
v -0.78473 0.28616 0.195
v -0.77741 0.28187 0.19969
v -0.77175 0.29089 0.22231
v -0.7689 0.28883 0.211
v -0.77863 0.29586 0.227
v -0.78551 0.30082 0.22231
v -0.78836 0.30288 0.211
v -0.78551 0.30082 0.19969
v -0.77863 0.29586 0.195
v -0.77175 0.29089 0.19969
v -0.76497 0.2991 0.22231
v -0.76233 0.29678 0.211
v -0.77135 0.3047 0.227
v -0.77772 0.3103 0.22231
v -0.78036 0.31262 0.211
v -0.77772 0.3103 0.19969
v -0.77135 0.3047 0.195
v -0.76497 0.2991 0.19969
v -0.72273 0.3442 0.22231
v -0.72025 0.34171 0.211
v -0.72872 0.35021 0.227
v -0.73471 0.35622 0.22231
v -0.73719 0.35871 0.211
v -0.73471 0.35622 0.19969
v -0.72872 0.35021 0.195
v -0.72273 0.3442 0.19969
v -0.71433 0.35204 0.22231
v -0.71211 0.34931 0.211
v -0.71967 0.35864 0.227
v -0.725 0.36523 0.22231
v -0.72722 0.36796 0.211
v -0.725 0.36523 0.19969
v -0.71967 0.35864 0.195
v -0.71433 0.35204 0.19969
v -0.70491 0.35863 0.22231
v -0.70299 0.35568 0.211
v -0.70954 0.36574 0.227
v -0.71418 0.37285 0.22231
v -0.7161 0.37579 0.211
v -0.71418 0.37285 0.19969
v -0.70954 0.36574 0.195
v -0.70491 0.35863 0.19969
v -0.65506 0.38872 0.22231
v -0.65333 0.38566 0.211
v -0.65922 0.39612 0.227
v -0.66338 0.40351 0.22231
v -0.66511 0.40657 0.211
v -0.66338 0.40351 0.19969
v -0.65922 0.39612 0.195
v -0.65506 0.38872 0.19969
v -0.64607 0.39344 0.22231
v -0.64463 0.39023 0.211
v -0.64955 0.40118 0.227
v -0.65302 0.40892 0.22231
v -0.65446 0.41213 0.211
v -0.65302 0.40892 0.19969
v -0.64955 0.40118 0.195
v -0.64607 0.39344 0.19969
v -0.63658 0.39701 0.22231
v -0.63543 0.39369 0.211
v -0.63933 0.40504 0.227
v -0.64209 0.41307 0.22231
v -0.64323 0.41639 0.211
v -0.64209 0.41307 0.19969
v -0.63933 0.40504 0.195
v -0.63658 0.39701 0.19969
v -0.57976 0.41461 0.22231
v -0.57887 0.41121 0.211
v -0.5819 0.42282 0.227
v -0.58404 0.43103 0.22231
v -0.58493 0.43443 0.211
v -0.58404 0.43103 0.19969
v -0.5819 0.42282 0.195
v -0.57976 0.41461 0.19969
v -0.56468 0.41783 0.22231
v -0.5641 0.41437 0.211
v -0.56607 0.4262 0.227
v -0.56747 0.43457 0.22231
v -0.56805 0.43804 0.211
v -0.56747 0.43457 0.19969
v -0.56607 0.4262 0.195
v -0.56468 0.41783 0.19969
v -0.50135 0.42548 0.22231
v -0.50104 0.42198 0.211
v -0.50213 0.43393 0.227
v -0.5029 0.44238 0.22231
v -0.50321 0.44588 0.211
v -0.5029 0.44238 0.19969
v -0.50213 0.43393 0.195
v -0.50135 0.42548 0.19969
v -0.49132 0.4261 0.22231
v -0.49121 0.42258 0.211
v -0.49159 0.43458 0.227
v -0.49187 0.44306 0.22231
v -0.49198 0.44657 0.211
v -0.49187 0.44306 0.19969
v -0.49159 0.43458 0.195
v -0.49132 0.4261 0.19969
v -0.42184 0.4263 0.22231
v -0.42188 0.42278 0.211
v -0.42172 0.43478 0.227
v -0.4216 0.44327 0.22231
v -0.42156 0.44678 0.211
v -0.4216 0.44327 0.19969
v -0.42172 0.43478 0.195
v -0.42184 0.4263 0.19969
v -0.41615 0.42612 0.22231
v -0.41631 0.42261 0.211
v -0.41575 0.4346 0.227
v -0.41535 0.44308 0.22231
v -0.41519 0.44659 0.211
v -0.41535 0.44308 0.19969
v -0.41575 0.4346 0.195
v -0.41615 0.42612 0.19969
v -0.34113 0.42135 0.22231
v -0.34138 0.41785 0.211
v -0.34054 0.42982 0.227
v -0.33994 0.43828 0.22231
v -0.3397 0.44179 0.211
v -0.33994 0.43828 0.19969
v -0.34054 0.42982 0.195
v -0.34113 0.42135 0.19969
v -0.33885 0.42118 0.22231
v -0.33915 0.41768 0.211
v -0.33814 0.42963 0.227
v -0.33744 0.43809 0.22231
v -0.33714 0.44159 0.211
v -0.33744 0.43809 0.19969
v -0.33814 0.42963 0.195
v -0.33885 0.42118 0.19969
v -0.25918 0.41397 0.22231
v -0.25948 0.41047 0.211
v -0.25844 0.42243 0.227
v -0.2577 0.43088 0.22231
v -0.25739 0.43438 0.211
v -0.2577 0.43088 0.19969
v -0.25844 0.42243 0.195
v -0.25918 0.41397 0.19969
v -0.17664 0.40696 0.22231
v -0.17688 0.40346 0.211
v -0.17606 0.41543 0.227
v -0.17549 0.4239 0.22231
v -0.17525 0.4274 0.211
v -0.17549 0.4239 0.19969
v -0.17606 0.41543 0.195
v -0.17664 0.40696 0.19969
v -0.09271 0.40264 0.22231
v -0.09279 0.39913 0.211
v -0.09252 0.41112 0.227
v -0.09233 0.41961 0.22231
v -0.09225 0.42312 0.211
v -0.09233 0.41961 0.19969
v -0.09252 0.41112 0.195
v -0.09271 0.40264 0.19969
v -0.00781 0.40325 0.22231
v -0.00764 0.39973 0.211
v -0.00822 0.41172 0.227
v -0.00863 0.4202 0.22231
v -0.0088 0.42371 0.211
v -0.00863 0.4202 0.19969
v -0.00822 0.41172 0.195
v -0.00781 0.40325 0.19969
v 0.07765 0.41091 0.22231
v 0.07814 0.40743 0.211
v 0.07645 0.41931 0.227
v 0.07526 0.42771 0.22231
v 0.07476 0.43119 0.211
v 0.07526 0.42771 0.19969
v 0.07645 0.41931 0.195
v 0.07765 0.41091 0.19969
v 0.16342 0.42771 0.22231
v 0.1643 0.42431 0.211
v 0.16128 0.43592 0.227
v 0.15914 0.44414 0.22231
v 0.15826 0.44754 0.211
v 0.15914 0.44414 0.19969
v 0.16128 0.43592 0.195
v 0.16342 0.42771 0.19969
v 0.25432 0.45738 0.22231
v 0.25526 0.45399 0.211
v 0.25207 0.46556 0.227
v 0.24982 0.47374 0.22231
v 0.24889 0.47713 0.211
v 0.24982 0.47374 0.19969
v 0.25207 0.46556 0.195
v 0.25432 0.45738 0.19969
v 0.26967 0.46086 0.22231
v 0.27012 0.45737 0.211
v 0.2686 0.46927 0.227
v 0.26752 0.47769 0.22231
v 0.26708 0.48118 0.211
v 0.26752 0.47769 0.19969
v 0.2686 0.46927 0.195
v 0.26967 0.46086 0.19969
v 0.285 0.46136 0.22231
v 0.28479 0.45785 0.211
v 0.28552 0.46983 0.227
v 0.28604 0.4783 0.22231
v 0.28626 0.48181 0.211
v 0.28604 0.4783 0.19969
v 0.28552 0.46983 0.195
v 0.285 0.46136 0.19969
v 0.30015 0.45898 0.22231
v 0.29928 0.45558 0.211
v 0.30225 0.46721 0.227
v 0.30435 0.47543 0.22231
v 0.30522 0.47883 0.211
v 0.30435 0.47543 0.19969
v 0.30225 0.46721 0.195
v 0.30015 0.45898 0.19969
v 0.31459 0.45381 0.22231
v 0.3131 0.45063 0.211
v 0.31819 0.46149 0.227
v 0.32179 0.46918 0.22231
v 0.32329 0.47236 0.211
v 0.32179 0.46918 0.19969
v 0.31819 0.46149 0.195
v 0.31459 0.45381 0.19969
v 0.32781 0.44602 0.22231
v 0.32575 0.44318 0.211
v 0.33278 0.4529 0.227
v 0.33776 0.45977 0.22231
v 0.33982 0.46262 0.211
v 0.33776 0.45977 0.19969
v 0.33278 0.4529 0.195
v 0.32781 0.44602 0.19969
v 0.33933 0.4359 0.22231
v 0.33677 0.43349 0.211
v 0.3455 0.44172 0.227
v 0.35168 0.44754 0.22231
v 0.35424 0.44995 0.211
v 0.35168 0.44754 0.19969
v 0.3455 0.44172 0.195
v 0.33933 0.4359 0.19969
v 0.34875 0.4238 0.22231
v 0.34579 0.42191 0.211
v 0.35591 0.42835 0.227
v 0.36306 0.43291 0.22231
v 0.36603 0.4348 0.211
v 0.36306 0.43291 0.19969
v 0.35591 0.42835 0.195
v 0.34875 0.4238 0.19969
v 0.35574 0.41014 0.22231
v 0.35247 0.40884 0.211
v 0.36362 0.41328 0.227
v 0.3715 0.41642 0.22231
v 0.37477 0.41772 0.211
v 0.3715 0.41642 0.19969
v 0.36362 0.41328 0.195
v 0.35574 0.41014 0.19969
v 0.36004 0.39542 0.22231
v 0.35659 0.39476 0.211
v 0.36837 0.39703 0.227
v 0.37671 0.39863 0.22231
v 0.38016 0.3993 0.211
v 0.37671 0.39863 0.19969
v 0.36837 0.39703 0.195
v 0.36004 0.39542 0.19969
v 0.36151 0.38015 0.22231
v 0.358 0.38015 0.211
v 0.37 0.38017 0.227
v 0.37849 0.38019 0.22231
v 0.382 0.38019 0.211
v 0.37849 0.38019 0.19969
v 0.37 0.38017 0.195
v 0.36151 0.38015 0.19969
v 0.3601 0.36488 0.22231
v 0.35665 0.36553 0.211
v 0.36844 0.36331 0.227
v 0.37678 0.36173 0.22231
v 0.38023 0.36108 0.211
v 0.37678 0.36173 0.19969
v 0.36844 0.36331 0.195
v 0.3601 0.36488 0.19969
v 0.35585 0.35014 0.22231
v 0.35258 0.35143 0.211
v 0.36375 0.34704 0.227
v 0.37164 0.34393 0.22231
v 0.37491 0.34264 0.211
v 0.37164 0.34393 0.19969
v 0.36375 0.34704 0.195
v 0.35585 0.35014 0.19969
v 0.34891 0.33646 0.22231
v 0.34594 0.33834 0.211
v 0.35609 0.33193 0.227
v 0.36326 0.3274 0.22231
v 0.36623 0.32552 0.211
v 0.36326 0.3274 0.19969
v 0.35609 0.33193 0.195
v 0.34891 0.33646 0.19969
v 0.33954 0.32432 0.22231
v 0.33697 0.32673 0.211
v 0.34574 0.31853 0.227
v 0.35193 0.31273 0.22231
v 0.3545 0.31033 0.211
v 0.35193 0.31273 0.19969
v 0.34574 0.31853 0.195
v 0.33954 0.32432 0.19969
v 0.32774 0.31391 0.22231
v 0.32554 0.31665 0.211
v 0.33306 0.3073 0.227
v 0.33838 0.30069 0.22231
v 0.34058 0.29795 0.211
v 0.33838 0.30069 0.19969
v 0.33306 0.3073 0.195
v 0.32774 0.31391 0.19969
v 0.23715 0.24781 0.22231
v 0.23509 0.25066 0.211
v 0.24212 0.24093 0.227
v 0.24709 0.23406 0.22231
v 0.24915 0.23121 0.211
v 0.24709 0.23406 0.19969
v 0.24212 0.24093 0.195
v 0.23715 0.24781 0.19969
v 0.23583 0.24687 0.22231
v 0.2338 0.24973 0.211
v 0.24074 0.23994 0.227
v 0.24564 0.23302 0.22231
v 0.24767 0.23015 0.211
v 0.24564 0.23302 0.19969
v 0.24074 0.23994 0.195
v 0.23583 0.24687 0.19969
v 0.14355 0.18216 0.22231
v 0.14154 0.18504 0.211
v 0.14841 0.1752 0.227
v 0.15327 0.16824 0.22231
v 0.15528 0.16536 0.211
v 0.15327 0.16824 0.19969
v 0.14841 0.1752 0.195
v 0.14355 0.18216 0.19969
v 0.14297 0.18175 0.22231
v 0.14097 0.18464 0.211
v 0.1478 0.17477 0.227
v 0.15263 0.16779 0.22231
v 0.15463 0.1649 0.211
v 0.15263 0.16779 0.19969
v 0.1478 0.17477 0.195
v 0.14297 0.18175 0.19969
v 0.05006 0.11774 0.22231
v 0.04806 0.12063 0.211
v 0.05488 0.11076 0.227
v 0.0597 0.10378 0.22231
v 0.0617 0.10089 0.211
v 0.0597 0.10378 0.19969
v 0.05488 0.11076 0.195
v 0.05006 0.11774 0.19969
v -0.04239 0.05374 0.22231
v -0.04441 0.05662 0.211
v -0.03752 0.0468 0.227
v -0.03265 0.03985 0.22231
v -0.03063 0.03697 0.211
v -0.03265 0.03985 0.19969
v -0.03752 0.0468 0.195
v -0.04239 0.05374 0.19969
v -0.13339 -0.01099 0.22231
v -0.13546 -0.00814 0.211
v -0.12839 -0.01784 0.227
v -0.12339 -0.0247 0.22231
v -0.12132 -0.02754 0.211
v -0.12339 -0.0247 0.19969
v -0.12839 -0.01784 0.195
v -0.13339 -0.01099 0.19969
v -0.22224 -0.07736 0.22231
v -0.22439 -0.07458 0.211
v -0.21705 -0.08407 0.227
v -0.21186 -0.09078 0.22231
v -0.20971 -0.09356 0.211
v -0.21186 -0.09078 0.19969
v -0.21705 -0.08407 0.195
v -0.22224 -0.07736 0.19969
v -0.30829 -0.14627 0.22231
v -0.31054 -0.14358 0.211
v -0.30284 -0.15277 0.227
v -0.29739 -0.15928 0.22231
v -0.29513 -0.16197 0.211
v -0.29739 -0.15928 0.19969
v -0.30284 -0.15277 0.195
v -0.30829 -0.14627 0.19969
v -0.39088 -0.21862 0.22231
v -0.39327 -0.21604 0.211
v -0.38512 -0.22485 0.227
v -0.37936 -0.23108 0.22231
v -0.37697 -0.23366 0.211
v -0.37936 -0.23108 0.19969
v -0.38512 -0.22485 0.195
v -0.39088 -0.21862 0.19969
v -0.46943 -0.2953 0.22231
v -0.47196 -0.29287 0.211
v -0.46331 -0.30118 0.227
v -0.4572 -0.30706 0.22231
v -0.45466 -0.3095 0.211
v -0.4572 -0.30706 0.19969
v -0.46331 -0.30118 0.195
v -0.46943 -0.2953 0.19969
v -0.54337 -0.37724 0.22231
v -0.54606 -0.37498 0.211
v -0.53687 -0.38269 0.227
v -0.53037 -0.38815 0.22231
v -0.52768 -0.39041 0.211
v -0.53037 -0.38815 0.19969
v -0.53687 -0.38269 0.195
v -0.54337 -0.37724 0.19969
v -0.61217 -0.46539 0.22231
v -0.61502 -0.46334 0.211
v -0.60528 -0.47035 0.227
v -0.5984 -0.47531 0.22231
v -0.59554 -0.47736 0.211
v -0.5984 -0.47531 0.19969
v -0.60528 -0.47035 0.195
v -0.61217 -0.46539 0.19969
v -0.67532 -0.56079 0.22231
v -0.67833 -0.55897 0.211
v -0.66806 -0.56518 0.227
v -0.6608 -0.56957 0.22231
v -0.65779 -0.57139 0.211
v -0.6608 -0.56957 0.19969
v -0.66806 -0.56518 0.195
v -0.67532 -0.56079 0.19969
v -0.7323 -0.66452 0.22231
v -0.73545 -0.66296 0.211
v -0.7247 -0.66829 0.227
v -0.7171 -0.67205 0.22231
v -0.71395 -0.67361 0.211
v -0.7171 -0.67205 0.19969
v -0.7247 -0.66829 0.195
v -0.7323 -0.66452 0.19969
v -0.78255 -0.77772 0.22231
v -0.78582 -0.77643 0.211
v -0.77465 -0.78083 0.227
v -0.76676 -0.78394 0.22231
v -0.76349 -0.78523 0.211
v -0.76676 -0.78394 0.19969
v -0.77465 -0.78083 0.195
v -0.78255 -0.77772 0.19969
v -0.82543 -0.90156 0.22231
v -0.82879 -0.90054 0.211
v -0.8173 -0.904 0.227
v -0.80918 -0.90645 0.22231
v -0.80581 -0.90746 0.211
v -0.80918 -0.90645 0.19969
v -0.8173 -0.904 0.195
v -0.82543 -0.90156 0.19969
v -0.83068 -0.9352 0.22231
v -0.83346 -0.93736 0.211
v -0.82398 -0.93 0.227
v -0.81727 -0.9248 0.22231
v -0.8145 -0.92264 0.211
v -0.81727 -0.9248 0.19969
v -0.82398 -0.93 0.195
v -0.83068 -0.9352 0.19969
v -0.00275 -0.93604 0.22231
v -0.00029 -0.93855 0.211
v -0.00871 -0.93 0.227
v -0.01467 -0.92396 0.22231
v -0.01713 -0.92145 0.211
v -0.01467 -0.92396 0.19969
v -0.00871 -0.93 0.195
v -0.00275 -0.93604 0.19969
v 0.00161 -0.80317 0.22231
v 0.00512 -0.80331 0.211
v -0.00687 -0.80284 0.227
v -0.01535 -0.8025 0.22231
v -0.01886 -0.80237 0.211
v -0.01535 -0.8025 0.19969
v -0.00687 -0.80284 0.195
v 0.00161 -0.80317 0.19969
v 0.00215 -0.79468 0.22231
v 0.00565 -0.79499 0.211
v -0.0063 -0.79393 0.227
v -0.01475 -0.79318 0.22231
v -0.01825 -0.79286 0.211
v -0.01475 -0.79318 0.19969
v -0.0063 -0.79393 0.195
v 0.00215 -0.79468 0.19969
v 0.02477 -0.59657 0.22231
v 0.02825 -0.59705 0.211
v 0.01637 -0.59539 0.227
v 0.00796 -0.59422 0.22231
v 0.00448 -0.59373 0.211
v 0.00796 -0.59422 0.19969
v 0.01637 -0.59539 0.195
v 0.02477 -0.59657 0.19969
v 0.02617 -0.58809 0.22231
v 0.02963 -0.58875 0.211
v 0.01784 -0.58649 0.227
v 0.0095 -0.5849 0.22231
v 0.00605 -0.58424 0.211
v 0.0095 -0.5849 0.19969
v 0.01784 -0.58649 0.195
v 0.02617 -0.58809 0.19969
v 0.06577 -0.40586 0.22231
v 0.06918 -0.40669 0.211
v 0.05752 -0.40386 0.227
v 0.04928 -0.40186 0.22231
v 0.04586 -0.40103 0.211
v 0.04928 -0.40186 0.19969
v 0.05752 -0.40386 0.195
v 0.06577 -0.40586 0.19969
v 0.06794 -0.39778 0.22231
v 0.07131 -0.39878 0.211
v 0.0598 -0.39538 0.227
v 0.05166 -0.39297 0.22231
v 0.04829 -0.39198 0.211
v 0.05166 -0.39297 0.19969
v 0.0598 -0.39538 0.195
v 0.06794 -0.39778 0.19969
v 0.12198 -0.23001 0.22231
v 0.1253 -0.23116 0.211
v 0.11396 -0.22722 0.227
v 0.10595 -0.22444 0.22231
v 0.10263 -0.22328 0.211
v 0.10595 -0.22444 0.19969
v 0.11396 -0.22722 0.195
v 0.12198 -0.23001 0.19969
v 0.12472 -0.22267 0.22231
v 0.12798 -0.22398 0.211
v 0.11684 -0.21953 0.227
v 0.10896 -0.21638 0.22231
v 0.10569 -0.21508 0.211
v 0.10896 -0.21638 0.19969
v 0.11684 -0.21953 0.195
v 0.12472 -0.22267 0.19969
v 0.19068 -0.06791 0.22231
v 0.19388 -0.06936 0.211
v 0.18294 -0.06443 0.227
v 0.17521 -0.06094 0.22231
v 0.172 -0.0595 0.211
v 0.17521 -0.06094 0.19969
v 0.18294 -0.06443 0.195
v 0.19068 -0.06791 0.19969
v 0.19368 -0.06159 0.22231
v 0.19682 -0.06317 0.211
v 0.18609 -0.0578 0.227
v 0.17851 -0.054 0.22231
v 0.17536 -0.05242 0.211
v 0.17851 -0.054 0.19969
v 0.18609 -0.0578 0.195
v 0.19368 -0.06159 0.19969
v 0.26905 0.08159 0.22231
v 0.27213 0.0799 0.211
v 0.26161 0.08567 0.227
v 0.25417 0.08975 0.22231
v 0.25109 0.09144 0.211
v 0.25417 0.08975 0.19969
v 0.26161 0.08567 0.195
v 0.26905 0.08159 0.19969
v 0.27199 0.08674 0.22231
v 0.27501 0.08495 0.211
v 0.2647 0.09108 0.227
v 0.25741 0.09542 0.22231
v 0.25439 0.09721 0.211
v 0.25741 0.09542 0.19969
v 0.2647 0.09108 0.195
v 0.27199 0.08674 0.19969
v 0.35425 0.21978 0.22231
v 0.35721 0.21789 0.211
v 0.34709 0.22434 0.227
v 0.33993 0.2289 0.22231
v 0.33697 0.23079 0.211
v 0.33993 0.2289 0.19969
v 0.34709 0.22434 0.195
v 0.35425 0.21978 0.19969
v 0.35683 0.2237 0.22231
v 0.35974 0.22174 0.211
v 0.3498 0.22846 0.227
v 0.34277 0.23321 0.22231
v 0.33986 0.23518 0.211
v 0.34277 0.23321 0.19969
v 0.3498 0.22846 0.195
v 0.35683 0.2237 0.19969
v 0.44344 0.34802 0.22231
v 0.44631 0.34598 0.211
v 0.43653 0.35293 0.227
v 0.42961 0.35785 0.22231
v 0.42675 0.35989 0.211
v 0.42961 0.35785 0.19969
v 0.43653 0.35293 0.195
v 0.44344 0.34802 0.19969
v 0.4454 0.35071 0.22231
v 0.44822 0.34861 0.211
v 0.43858 0.35576 0.227
v 0.43176 0.36081 0.22231
v 0.42894 0.3629 0.211
v 0.43176 0.36081 0.19969
v 0.43858 0.35576 0.195
v 0.4454 0.35071 0.19969
v 0.53385 0.46772 0.22231
v 0.53665 0.46558 0.211
v 0.52711 0.47287 0.227
v 0.52037 0.47802 0.22231
v 0.51758 0.48016 0.211
v 0.52037 0.47802 0.19969
v 0.52711 0.47287 0.195
v 0.53385 0.46772 0.19969
v 0.53496 0.46915 0.22231
v 0.53773 0.46699 0.211
v 0.52828 0.47438 0.227
v 0.52159 0.4796 0.22231
v 0.51882 0.48176 0.211
v 0.52159 0.4796 0.19969
v 0.52828 0.47438 0.195
v 0.53496 0.46915 0.19969
v 0.62274 0.58029 0.22231
v 0.6255 0.57811 0.211
v 0.61608 0.58555 0.227
v 0.60943 0.59081 0.22231
v 0.60667 0.59299 0.211
v 0.60943 0.59081 0.19969
v 0.61608 0.58555 0.195
v 0.62274 0.58029 0.19969
v 0.62283 0.58041 0.22231
v 0.62559 0.57822 0.211
v 0.61618 0.58567 0.227
v 0.60953 0.59094 0.22231
v 0.60677 0.59312 0.211
v 0.60953 0.59094 0.19969
v 0.61618 0.58567 0.195
v 0.62283 0.58041 0.19969
v 0.70686 0.68642 0.22231
v 0.70964 0.68426 0.211
v 0.70016 0.69162 0.227
v 0.69346 0.69683 0.22231
v 0.69068 0.69898 0.211
v 0.69346 0.69683 0.19969
v 0.70016 0.69162 0.195
v 0.70686 0.68642 0.19969
v 0.77877 0.78111 0.22231
v 0.78181 0.77935 0.211
v 0.77142 0.78535 0.227
v 0.76407 0.78959 0.22231
v 0.76103 0.79135 0.211
v 0.76407 0.78959 0.19969
v 0.77142 0.78535 0.195
v 0.77877 0.78111 0.19969
v 0.78327 0.79168 0.22231
v 0.78655 0.7904 0.211
v 0.77537 0.79478 0.227
v 0.76747 0.79787 0.22231
v 0.7642 0.79915 0.211
v 0.76747 0.79787 0.19969
v 0.77537 0.79478 0.195
v 0.78327 0.79168 0.19969
v 0.78961 0.80906 0.22231
v 0.79294 0.80794 0.211
v 0.78157 0.81176 0.227
v 0.77353 0.81447 0.22231
v 0.77019 0.81559 0.211
v 0.77353 0.81447 0.19969
v 0.78157 0.81176 0.195
v 0.78961 0.80906 0.19969
v 0.79477 0.82578 0.22231
v 0.79815 0.82483 0.211
v 0.7866 0.82807 0.227
v 0.77843 0.83036 0.22231
v 0.77504 0.83131 0.211
v 0.77843 0.83036 0.19969
v 0.7866 0.82807 0.195
v 0.79477 0.82578 0.19969
v 0.79901 0.84253 0.22231
v 0.80243 0.84175 0.211
v 0.79073 0.84441 0.227
v 0.78246 0.84629 0.22231
v 0.77903 0.84707 0.211
v 0.78246 0.84629 0.19969
v 0.79073 0.84441 0.195
v 0.79901 0.84253 0.19969
v 0.80254 0.85999 0.22231
v 0.806 0.85937 0.211
v 0.79419 0.8615 0.227
v 0.78583 0.863 0.22231
v 0.78238 0.86362 0.211
v 0.78583 0.863 0.19969
v 0.79419 0.8615 0.195
v 0.80254 0.85999 0.19969
v 0.80551 0.87882 0.22231
v 0.80899 0.87833 0.211
v 0.79711 0.88 0.227
v 0.7887 0.88117 0.22231
v 0.78522 0.88166 0.211
v 0.7887 0.88117 0.19969
v 0.79711 0.88 0.195
v 0.80551 0.87882 0.19969
v 0.80805 0.89955 0.22231
v 0.81155 0.89917 0.211
v 0.79962 0.90047 0.227
v 0.79118 0.9014 0.22231
v 0.78769 0.90178 0.211
v 0.79118 0.9014 0.19969
v 0.79962 0.90047 0.195
v 0.80805 0.89955 0.19969
v 0.81027 0.92264 0.22231
v 0.81377 0.92234 0.211
v 0.80182 0.92338 0.227
v 0.79337 0.92412 0.22231
v 0.78986 0.92442 0.211
v 0.79337 0.92412 0.19969
v 0.80182 0.92338 0.195
v 0.81027 0.92264 0.19969
v 0.80776 0.93398 0.22231
v 0.81008 0.93662 0.211
v 0.80215 0.92761 0.227
v 0.79655 0.92124 0.22231
v 0.79422 0.9186 0.211
v 0.79655 0.92124 0.19969
v 0.80215 0.92761 0.195
v 0.80776 0.93398 0.19969
v 0.76093 0.92767 0.22231
v 0.76027 0.93112 0.211
v 0.76252 0.91933 0.227
v 0.76411 0.911 0.22231
v 0.76477 0.90755 0.211
v 0.76411 0.911 0.19969
v 0.76252 0.91933 0.195
v 0.76093 0.92767 0.19969
v 0.75501 0.92665 0.22231
v 0.75448 0.93012 0.211
v 0.75631 0.91826 0.227
v 0.75761 0.90988 0.22231
v 0.75814 0.9064 0.211
v 0.75761 0.90988 0.19969
v 0.75631 0.91826 0.195
v 0.75501 0.92665 0.19969
v 0.6116 0.90703 0.22231
v 0.61117 0.91052 0.211
v 0.61261 0.89861 0.227
v 0.61363 0.89018 0.22231
v 0.61405 0.88669 0.211
v 0.61363 0.89018 0.19969
v 0.61261 0.89861 0.195
v 0.6116 0.90703 0.19969
v 0.60618 0.90647 0.22231
v 0.60587 0.90997 0.211
v 0.60693 0.89801 0.227
v 0.60768 0.88956 0.22231
v 0.60799 0.88606 0.211
v 0.60768 0.88956 0.19969
v 0.60693 0.89801 0.195
v 0.60618 0.90647 0.19969
v 0.47335 0.89683 0.22231
v 0.47314 0.90034 0.211
v 0.47386 0.88836 0.227
v 0.47436 0.87989 0.22231
v 0.47457 0.87638 0.211
v 0.47436 0.87989 0.19969
v 0.47386 0.88836 0.195
v 0.47335 0.89683 0.19969
v 0.46892 0.89662 0.22231
v 0.4688 0.90014 0.211
v 0.46921 0.88814 0.227
v 0.46949 0.87966 0.22231
v 0.46961 0.87615 0.211
v 0.46949 0.87966 0.19969
v 0.46921 0.88814 0.195
v 0.46892 0.89662 0.19969
v 0.34509 0.89406 0.22231
v 0.34505 0.89757 0.211
v 0.3452 0.88557 0.227
v 0.3453 0.87709 0.22231
v 0.34534 0.87358 0.211
v 0.3453 0.87709 0.19969
v 0.3452 0.88557 0.195
v 0.34509 0.89406 0.19969
v 0.34214 0.89405 0.22231
v 0.34216 0.89756 0.211
v 0.3421 0.88556 0.227
v 0.34206 0.87708 0.22231
v 0.34204 0.87356 0.211
v 0.34206 0.87708 0.19969
v 0.3421 0.88556 0.195
v 0.34214 0.89405 0.19969
v 0.22573 0.89565 0.22231
v 0.22579 0.89916 0.211
v 0.22559 0.88716 0.227
v 0.22545 0.87868 0.22231
v 0.22539 0.87516 0.211
v 0.22545 0.87868 0.19969
v 0.22559 0.88716 0.195
v 0.22573 0.89565 0.19969
v 0.2247 0.89567 0.22231
v 0.22478 0.89918 0.211
v 0.22451 0.88718 0.227
v 0.22431 0.8787 0.22231
v 0.22423 0.87519 0.211
v 0.22431 0.8787 0.19969
v 0.22451 0.88718 0.195
v 0.2247 0.89567 0.19969
v 0.11475 0.8985 0.22231
v 0.11481 0.90201 0.211
v 0.11459 0.89001 0.227
v 0.11443 0.88153 0.22231
v 0.11437 0.87801 0.211
v 0.11443 0.88153 0.19969
v 0.11459 0.89001 0.195
v 0.11475 0.8985 0.19969
v 0.01094 0.89965 0.22231
v 0.0109 0.90316 0.211
v 0.01103 0.89116 0.227
v 0.01113 0.88268 0.22231
v 0.01116 0.87916 0.211
v 0.01113 0.88268 0.19969
v 0.01103 0.89116 0.195
v 0.01094 0.89965 0.19969
v -0.08766 0.8964 0.22231
v -0.0879 0.89991 0.211
v -0.08707 0.88794 0.227
v -0.08648 0.87947 0.22231
v -0.08623 0.87596 0.211
v -0.08648 0.87947 0.19969
v -0.08707 0.88794 0.195
v -0.08766 0.8964 0.19969
v -0.18281 0.88624 0.22231
v -0.18335 0.88971 0.211
v -0.18149 0.87786 0.227
v -0.18017 0.86947 0.22231
v -0.17963 0.866 0.211
v -0.18017 0.86947 0.19969
v -0.18149 0.87786 0.195
v -0.18281 0.88624 0.19969
v -0.27669 0.8667 0.22231
v -0.2776 0.87009 0.211
v -0.27448 0.8585 0.227
v -0.27228 0.85031 0.22231
v -0.27137 0.84692 0.211
v -0.27228 0.85031 0.19969
v -0.27448 0.8585 0.195
v -0.27669 0.8667 0.19969
v -0.37187 0.83508 0.22231
v -0.37317 0.83834 0.211
v -0.36871 0.8272 0.227
v -0.36556 0.81933 0.22231
v -0.36425 0.81606 0.211
v -0.36556 0.81933 0.19969
v -0.36871 0.8272 0.195
v -0.37187 0.83508 0.19969
v -0.47483 0.78645 0.22231
v -0.47618 0.7897 0.211
v -0.47156 0.77862 0.227
v -0.46829 0.77079 0.22231
v -0.46694 0.76755 0.211
v -0.46829 0.77079 0.19969
v -0.47156 0.77862 0.195
v -0.47483 0.78645 0.19969
v -0.48931 0.78115 0.22231
v -0.4902 0.78455 0.211
v -0.48716 0.77295 0.227
v -0.485 0.76474 0.22231
v -0.48411 0.76134 0.211
v -0.485 0.76474 0.19969
v -0.48716 0.77295 0.195
v -0.48931 0.78115 0.19969
v -0.50414 0.7787 0.22231
v -0.5044 0.7822 0.211
v -0.50353 0.77023 0.227
v -0.50292 0.76177 0.22231
v -0.50267 0.75826 0.211
v -0.50292 0.76177 0.19969
v -0.50353 0.77023 0.195
v -0.50414 0.7787 0.19969
v -0.51917 0.779 0.22231
v -0.51878 0.7825 0.211
v -0.52013 0.77057 0.227
v -0.52108 0.76214 0.22231
v -0.52148 0.75865 0.211
v -0.52108 0.76214 0.19969
v -0.52013 0.77057 0.195
v -0.51917 0.779 0.19969
v -0.53389 0.78207 0.22231
v -0.53286 0.78543 0.211
v -0.53638 0.77395 0.227
v -0.53887 0.76584 0.22231
v -0.5399 0.76248 0.211
v -0.53887 0.76584 0.19969
v -0.53638 0.77395 0.195
v -0.53389 0.78207 0.19969
v -0.5478 0.78778 0.22231
v -0.54617 0.79089 0.211
v -0.55173 0.78026 0.227
v -0.55567 0.77274 0.22231
v -0.5573 0.76963 0.211
v -0.55567 0.77274 0.19969
v -0.55173 0.78026 0.195
v -0.5478 0.78778 0.19969
v -0.56042 0.79595 0.22231
v -0.55825 0.79871 0.211
v -0.56567 0.78928 0.227
v -0.57092 0.78261 0.22231
v -0.57309 0.77985 0.211
v -0.57092 0.78261 0.19969
v -0.56567 0.78928 0.195
v -0.56042 0.79595 0.19969
v -0.57132 0.8063 0.22231
v -0.56868 0.80861 0.211
v -0.57771 0.80071 0.227
v -0.58409 0.79512 0.22231
v -0.58674 0.7928 0.211
v -0.58409 0.79512 0.19969
v -0.57771 0.80071 0.195
v -0.57132 0.8063 0.19969
v -0.58014 0.81847 0.22231
v -0.57712 0.82026 0.211
v -0.58745 0.81415 0.227
v -0.59475 0.80983 0.22231
v -0.59777 0.80804 0.211
v -0.59475 0.80983 0.19969
v -0.58745 0.81415 0.195
v -0.58014 0.81847 0.19969
v -0.58658 0.83206 0.22231
v -0.58328 0.83327 0.211
v -0.59455 0.82915 0.227
v -0.60252 0.82624 0.22231
v -0.60582 0.82504 0.211
v -0.60252 0.82624 0.19969
v -0.59455 0.82915 0.195
v -0.58658 0.83206 0.19969
v -0.59048 0.84698 0.22231
v -0.58704 0.84772 0.211
v -0.59878 0.8452 0.227
v -0.60707 0.84342 0.22231
v -0.61051 0.84269 0.211
v -0.60707 0.84342 0.19969
v -0.59878 0.8452 0.195
v -0.59048 0.84698 0.19969
v -0.59974 0.88859 0.22231
v -0.5976 0.89139 0.211
v -0.60488 0.88185 0.227
v -0.61003 0.8751 0.22231
v -0.61216 0.87231 0.211
v -0.61003 0.8751 0.19969
v -0.60488 0.88185 0.195
v -0.59974 0.88859 0.19969
v -0.84474 0.86389 0.22231
v -0.84721 0.86639 0.211
v -0.83878 0.85786 0.227
v -0.83281 0.85182 0.22231
v -0.83034 0.84933 0.211
v -0.83281 0.85182 0.19969
v -0.83878 0.85786 0.195
v -0.84474 0.86389 0.19969
v -0.81621 0.83504 0.17
v -0.87942 0.28022 0.17
v -0.81237 0.28767 0.17
v -0.8067 0.2981 0.17
v -0.7989 0.31049 0.17
v -0.78959 0.32179 0.17
v -0.74696 0.3673 0.17
v -0.7354 0.37807 0.17
v -0.72246 0.38714 0.17
v -0.67214 0.41752 0.17
v -0.65978 0.42399 0.17
v -0.64673 0.42892 0.17
v -0.58929 0.4467 0.17
v -0.56907 0.45102 0.17
v -0.50512 0.45875 0.17
v -0.49167 0.45958 0.17
v -0.42179 0.45978 0.17
v -0.41416 0.45955 0.17
v -0.33895 0.45477 0.17
v -0.33589 0.45453 0.17
v -0.25625 0.44733 0.17
v -0.17436 0.44038 0.17
v -0.09196 0.43613 0.17
v -0.00942 0.43671 0.17
v 0.07293 0.44409 0.17
v 0.15498 0.46016 0.17
v 0.24432 0.48932 0.17
v 0.26543 0.49407 0.17
v 0.16198 0.15418 0.17
v 0.06909 0.09019 0.17
v -0.02316 0.02633 0.17
v -0.11367 -0.03805 0.17
v 0.16277 0.15473 0.17
v -0.20175 -0.10384 0.17
v 0.25509 0.21947 0.17
v -0.28678 -0.17194 0.17
v 0.25686 0.22074 0.17
v -0.36814 -0.24321 0.17
v 0.3478 0.28711 0.17
v -0.44528 -0.31852 0.17
v -0.51771 -0.39878 0.17
v -0.58498 -0.48496 0.17
v -0.64665 -0.57812 0.17
v -0.70228 -0.6794 0.17
v 0.364 0.30145 0.17
v -0.75138 -0.79001 0.17
v -0.79119 -0.905 0.17
v -0.03335 -0.905 0.17
v -0.03187 -0.80248 0.17
v -0.03114 -0.79109 0.17
v -0.00847 -0.59256 0.17
v -0.00659 -0.58118 0.17
v 0.03309 -0.39855 0.17
v 0.03601 -0.38771 0.17
v 0.09017 -0.21956 0.17
v 0.09384 -0.20972 0.17
v 0.15994 -0.05463 0.17
v 0.16397 -0.04615 0.17
v 0.23949 0.09731 0.17
v 0.24344 0.10423 0.17
v 0.32583 0.23748 0.17
v 0.37722 0.31858 0.17
v 0.32929 0.24275 0.17
v 0.41602 0.36723 0.17
v 0.38701 0.33788 0.17
v 0.393 0.35867 0.17
v 0.395 0.38022 0.17
v 0.39292 0.40176 0.17
v 0.38685 0.42252 0.17
v 0.37699 0.44179 0.17
v 0.41863 0.37083 0.17
v 0.50717 0.48795 0.17
v 0.3637 0.45886 0.17
v 0.34745 0.47315 0.17
v 0.3288 0.48413 0.17
v 0.30843 0.49143 0.17
v 0.28706 0.49478 0.17
v 0.50866 0.48987 0.17
v 0.59647 0.60105 0.17
v 0.59659 0.6012 0.17
v 0.68041 0.70695 0.17
v 0.74959 0.79795 0.17
v 0.75209 0.8039 0.17
v 0.75787 0.81974 0.17
v 0.76252 0.83483 0.17
v 0.76635 0.84995 0.17
v 0.76957 0.86592 0.17
v 0.77235 0.88347 0.17
v 0.7739 0.89617 0.17
v 0.76763 0.89486 0.17
v 0.7597 0.89349 0.17
v 0.616 0.87384 0.17
v 0.60874 0.87308 0.17
v 0.47566 0.86343 0.17
v 0.46973 0.86315 0.17
v 0.34572 0.86058 0.17
v 0.34176 0.86057 0.17
v 0.22525 0.86216 0.17
v 0.22386 0.86219 0.17
v 0.11413 0.86502 0.17
v 0.01131 0.86616 0.17
v -0.08533 0.86298 0.17
v -0.17761 0.85313 0.17
v -0.26798 0.83432 0.17
v -0.3594 0.80395 0.17
v -0.46088 0.75602 0.17
v -0.48081 0.74877 0.17
v -0.50174 0.7453 0.17
v -0.52294 0.74573 0.17
v -0.54371 0.75005 0.17
v -0.56333 0.75811 0.17
v -0.58113 0.76964 0.17
v -0.59652 0.78424 0.17
v -0.60896 0.80141 0.17
v -0.61803 0.82058 0.17
v -0.62344 0.84109 0.17
v -0.62568 0.85458 0.17
v -0.81237 0.28767 0.225
v -0.87942 0.28022 0.225
v -0.81621 0.83504 0.225
v -0.8067 0.2981 0.225
v -0.7989 0.31049 0.225
v -0.78959 0.32179 0.225
v -0.74696 0.3673 0.225
v -0.7354 0.37807 0.225
v -0.72246 0.38714 0.225
v -0.67214 0.41752 0.225
v -0.65978 0.42399 0.225
v -0.64673 0.42892 0.225
v -0.58929 0.4467 0.225
v -0.56907 0.45102 0.225
v -0.50512 0.45875 0.225
v -0.49167 0.45958 0.225
v -0.42179 0.45978 0.225
v -0.41416 0.45955 0.225
v -0.33895 0.45477 0.225
v -0.33589 0.45453 0.225
v -0.25625 0.44733 0.225
v -0.17436 0.44038 0.225
v -0.09196 0.43613 0.225
v -0.00942 0.43671 0.225
v 0.07293 0.44409 0.225
v 0.15498 0.46016 0.225
v 0.24432 0.48932 0.225
v 0.26543 0.49407 0.225
v -0.02316 0.02633 0.225
v 0.06909 0.09019 0.225
v 0.16198 0.15418 0.225
v -0.11367 -0.03805 0.225
v 0.16277 0.15473 0.225
v -0.20175 -0.10384 0.225
v 0.25509 0.21947 0.225
v -0.28678 -0.17194 0.225
v 0.25686 0.22074 0.225
v -0.36814 -0.24321 0.225
v 0.3478 0.28711 0.225
v -0.44528 -0.31852 0.225
v -0.51771 -0.39878 0.225
v -0.58498 -0.48496 0.225
v -0.64665 -0.57812 0.225
v -0.70228 -0.6794 0.225
v 0.364 0.30145 0.225
v -0.75138 -0.79001 0.225
v -0.79119 -0.905 0.225
v -0.03187 -0.80248 0.225
v -0.03335 -0.905 0.225
v -0.03114 -0.79109 0.225
v -0.00847 -0.59256 0.225
v -0.00659 -0.58118 0.225
v 0.03309 -0.39855 0.225
v 0.03601 -0.38771 0.225
v 0.09017 -0.21956 0.225
v 0.09384 -0.20972 0.225
v 0.15994 -0.05463 0.225
v 0.16397 -0.04615 0.225
v 0.23949 0.09731 0.225
v 0.24344 0.10423 0.225
v 0.32583 0.23748 0.225
v 0.37722 0.31858 0.225
v 0.32929 0.24275 0.225
v 0.41602 0.36723 0.225
v 0.38701 0.33788 0.225
v 0.393 0.35867 0.225
v 0.395 0.38022 0.225
v 0.39292 0.40176 0.225
v 0.38685 0.42252 0.225
v 0.37699 0.44179 0.225
v 0.41863 0.37083 0.225
v 0.50717 0.48795 0.225
v 0.3637 0.45886 0.225
v 0.34745 0.47315 0.225
v 0.3288 0.48413 0.225
v 0.30843 0.49143 0.225
v 0.28706 0.49478 0.225
v 0.50866 0.48987 0.225
v 0.59647 0.60105 0.225
v 0.59659 0.6012 0.225
v 0.68041 0.70695 0.225
v 0.74959 0.79795 0.225
v 0.75209 0.8039 0.225
v 0.75787 0.81974 0.225
v 0.76252 0.83483 0.225
v 0.76635 0.84995 0.225
v 0.76957 0.86592 0.225
v 0.77235 0.88347 0.225
v 0.7739 0.89617 0.225
v 0.76763 0.89486 0.225
v 0.7597 0.89349 0.225
v 0.616 0.87384 0.225
v 0.60874 0.87308 0.225
v 0.47566 0.86343 0.225
v 0.46973 0.86315 0.225
v 0.34572 0.86058 0.225
v 0.34176 0.86057 0.225
v 0.22525 0.86216 0.225
v 0.22386 0.86219 0.225
v 0.11413 0.86502 0.225
v 0.01131 0.86616 0.225
v -0.08533 0.86298 0.225
v -0.17761 0.85313 0.225
v -0.26798 0.83432 0.225
v -0.3594 0.80395 0.225
v -0.46088 0.75602 0.225
v -0.48081 0.74877 0.225
v -0.50174 0.7453 0.225
v -0.52294 0.74573 0.225
v -0.54371 0.75005 0.225
v -0.56333 0.75811 0.225
v -0.58113 0.76964 0.225
v -0.59652 0.78424 0.225
v -0.60896 0.80141 0.225
v -0.61803 0.82058 0.225
v -0.62344 0.84109 0.225
v -0.62568 0.85458 0.225
v -0.81573 0.76662 0.23223
v -0.82411 0.76569 0.226
v -0.81621 0.83504 0.226
v -0.82363 0.69727 0.23223
v -0.83202 0.69634 0.226
v -0.81525 0.6982 0.23781
v -0.83153 0.62791 0.23223
v -0.83992 0.62698 0.226
v -0.83944 0.55856 0.23223
v -0.84782 0.55763 0.226
v -0.83105 0.55949 0.23781
v -0.81477 0.62978 0.24282
v -0.82315 0.62884 0.23781
v -0.82267 0.56042 0.24282
v -0.81429 0.56135 0.2473
v -0.84734 0.48921 0.23223
v -0.85572 0.48828 0.226
v -0.85524 0.41985 0.23223
v -0.86362 0.41892 0.226
v -0.84686 0.42079 0.23781
v -0.86314 0.3505 0.23223
v -0.87152 0.34957 0.226
v -0.87104 0.28115 0.226
v -0.87942 0.28022 0.226
v -0.86266 0.28208 0.226
v -0.84638 0.35236 0.24282
v -0.85476 0.35143 0.23781
v -0.85428 0.28301 0.226
v -0.84589 0.28394 0.226
v -0.81381 0.49293 0.25132
v -0.82219 0.492 0.2473
v -0.82171 0.42358 0.25132
v -0.83009 0.42265 0.2473
v -0.81333 0.42451 0.25492
v -0.82961 0.35423 0.25132
v -0.83799 0.35329 0.2473
v -0.83751 0.28487 0.226
v -0.82913 0.2858 0.226
v -0.81285 0.35609 0.251
v -0.82123 0.35516 0.25346
v -0.82075 0.28674 0.226
v -0.81237 0.28767 0.226
v -0.83896 0.49014 0.23781
v -0.83847 0.42172 0.24282
v -0.83057 0.49107 0.24282
v -0.81502 0.76792 0.23263
v -0.81454 0.6995 0.23817
v -0.81383 0.70081 0.23852
v -0.81406 0.63108 0.24314
v -0.81358 0.56266 0.24759
v -0.81287 0.56396 0.24787
v -0.81265 0.63369 0.24377
v -0.81335 0.63238 0.24345
v -0.81216 0.56527 0.24815
v -0.81146 0.56657 0.24843
v -0.8131 0.49424 0.25158
v -0.81262 0.42581 0.25515
v -0.81191 0.42712 0.25538
v -0.81214 0.35739 0.25117
v -0.81166 0.28897 0.226
v -0.81095 0.29027 0.226
v -0.81072 0.36 0.25152
v -0.81143 0.3587 0.25134
v -0.81024 0.29158 0.226
v -0.80953 0.29288 0.226
v -0.81027 0.49945 0.25258
v -0.81098 0.49815 0.25233
v -0.80979 0.43103 0.25605
v -0.81049 0.42973 0.25583
v -0.80908 0.43233 0.25627
v -0.80931 0.36261 0.25186
v -0.81001 0.3613 0.25169
v -0.80882 0.29419 0.226
v -0.80812 0.29549 0.226
v -0.80789 0.36522 0.2522
v -0.8086 0.36391 0.25203
v -0.80741 0.29679 0.226
v -0.8067 0.2981 0.226
v -0.81239 0.49554 0.25183
v -0.8112 0.42842 0.2556
v -0.81168 0.49684 0.25208
v -0.81405 0.76947 0.23319
v -0.81286 0.70235 0.23902
v -0.81189 0.7039 0.23952
v -0.81167 0.63524 0.24421
v -0.81048 0.56812 0.24883
v -0.80951 0.56967 0.24922
v -0.80972 0.63834 0.24509
v -0.8107 0.63679 0.24465
v -0.80853 0.57122 0.24961
v -0.80756 0.57277 0.24999
v -0.80929 0.501 0.25293
v -0.8081 0.43388 0.25659
v -0.80713 0.43543 0.2569
v -0.80691 0.36676 0.25235
v -0.80572 0.29965 0.226
v -0.80475 0.3012 0.226
v -0.80496 0.36986 0.25267
v -0.80594 0.36831 0.25251
v -0.80377 0.30275 0.226
v -0.8028 0.30429 0.226
v -0.80539 0.5072 0.2543
v -0.80637 0.50565 0.25397
v -0.8042 0.44008 0.2578
v -0.80518 0.43853 0.2575
v -0.80323 0.44163 0.2581
v -0.80301 0.37296 0.25297
v -0.80399 0.37141 0.25282
v -0.80182 0.30584 0.226
v -0.80085 0.30739 0.226
v -0.80106 0.37606 0.25328
v -0.80204 0.37451 0.25313
v -0.79988 0.30894 0.226
v -0.7989 0.31049 0.226
v -0.80832 0.50255 0.25328
v -0.80615 0.43698 0.2572
v -0.80734 0.5041 0.25363
v -0.81289 0.77089 0.23389
v -0.81072 0.70532 0.24013
v -0.80956 0.70673 0.24074
v -0.80856 0.63975 0.24563
v -0.80639 0.57418 0.25046
v -0.80523 0.57559 0.25093
v -0.80623 0.64257 0.24668
v -0.80739 0.64116 0.24616
v -0.80407 0.577 0.2514
v -0.8029 0.57842 0.25185
v -0.80423 0.50861 0.25472
v -0.80207 0.44304 0.25847
v -0.8009 0.44445 0.25883
v -0.7999 0.37747 0.25333
v -0.79774 0.3119 0.226
v -0.79657 0.31332 0.226
v -0.79757 0.3803 0.25343
v -0.79874 0.37889 0.25338
v -0.79541 0.31473 0.226
v -0.79425 0.31614 0.226
v -0.79957 0.51426 0.25634
v -0.80074 0.51285 0.25594
v -0.79741 0.44869 0.25989
v -0.79857 0.44728 0.25954
v -0.79625 0.45011 0.26024
v -0.79525 0.38312 0.25353
v -0.79641 0.38171 0.25348
v -0.79308 0.31756 0.226
v -0.79192 0.31897 0.226
v -0.79292 0.38595 0.25363
v -0.79408 0.38454 0.25358
v -0.79076 0.32038 0.226
v -0.78959 0.32179 0.226
v -0.80307 0.51002 0.25513
v -0.79974 0.44587 0.25919
v -0.8019 0.51144 0.25554
v -0.80756 0.77657 0.23702
v -0.80423 0.71242 0.24346
v -0.7989 0.71811 0.24601
v -0.8009 0.64826 0.24905
v -0.79757 0.58411 0.25391
v -0.79225 0.5898 0.25583
v -0.79024 0.65964 0.25336
v -0.79557 0.65395 0.25127
v -0.78692 0.59548 0.25765
v -0.78159 0.60117 0.25935
v -0.79425 0.51995 0.25812
v -0.79092 0.45579 0.26179
v -0.78559 0.46148 0.26324
v -0.78759 0.39164 0.25363
v -0.78426 0.32748 0.226
v -0.77893 0.33317 0.226
v -0.77693 0.40302 0.25375
v -0.78226 0.39733 0.25363
v -0.77361 0.33886 0.226
v -0.76828 0.34455 0.226
v -0.77293 0.54271 0.26425
v -0.77826 0.53702 0.26286
v -0.7696 0.47855 0.26711
v -0.77493 0.47286 0.2659
v -0.76428 0.48424 0.26824
v -0.76628 0.41439 0.25423
v -0.77161 0.4087 0.25398
v -0.76295 0.35024 0.226
v -0.75762 0.35593 0.226
v -0.75562 0.42577 0.25547
v -0.76095 0.42008 0.25481
v -0.75229 0.36161 0.226
v -0.74696 0.3673 0.226
v -0.78892 0.52564 0.2598
v -0.78026 0.46717 0.26461
v -0.78359 0.53133 0.26137
v -0.80611 0.77792 0.23785
v -0.79746 0.71945 0.24669
v -0.79601 0.7208 0.24736
v -0.7888 0.66099 0.25391
v -0.78014 0.60252 0.25981
v -0.7787 0.60386 0.26025
v -0.78591 0.66368 0.25499
v -0.78735 0.66233 0.25446
v -0.77725 0.60521 0.26069
v -0.77581 0.60655 0.26112
v -0.77149 0.54405 0.26462
v -0.76283 0.48558 0.26854
v -0.76138 0.48693 0.26884
v -0.75417 0.42712 0.25558
v -0.74552 0.36865 0.226
v -0.74407 0.36999 0.226
v -0.75128 0.42981 0.2558
v -0.75273 0.42846 0.25569
v -0.74263 0.37134 0.226
v -0.74118 0.37268 0.226
v -0.7657 0.54943 0.26603
v -0.76715 0.54809 0.26569
v -0.75705 0.49096 0.2697
v -0.75849 0.48962 0.26942
v -0.7556 0.49231 0.26998
v -0.74839 0.4325 0.2561
v -0.74984 0.43115 0.25594
v -0.73973 0.37403 0.226
v -0.73829 0.37538 0.226
v -0.7455 0.43519 0.25642
v -0.74694 0.43384 0.25626
v -0.73684 0.37672 0.226
v -0.7354 0.37807 0.226
v -0.77004 0.5454 0.26498
v -0.75994 0.48827 0.26913
v -0.76859 0.54674 0.26534
v -0.80449 0.77905 0.23879
v -0.79439 0.72193 0.24811
v -0.79278 0.72307 0.24885
v -0.78429 0.66481 0.2556
v -0.77419 0.60769 0.2616
v -0.77257 0.60882 0.26208
v -0.78106 0.66708 0.25677
v -0.78267 0.66594 0.25619
v -0.77096 0.60996 0.26255
v -0.76934 0.61109 0.263
v -0.76409 0.55057 0.26642
v -0.75398 0.49344 0.27029
v -0.75237 0.49458 0.27059
v -0.74388 0.43632 0.25647
v -0.73378 0.3792 0.226
v -0.73216 0.38033 0.226
v -0.74065 0.43859 0.25658
v -0.74227 0.43746 0.25652
v -0.73055 0.38147 0.226
v -0.72893 0.3826 0.226
v -0.75762 0.5551 0.26791
v -0.75924 0.55397 0.26754
v -0.74752 0.49798 0.27148
v -0.74913 0.49685 0.27119
v -0.7459 0.49912 0.27176
v -0.73742 0.44086 0.25668
v -0.73903 0.43972 0.25663
v -0.72731 0.38374 0.226
v -0.7257 0.38487 0.226
v -0.73418 0.44313 0.25679
v -0.7358 0.44199 0.25674
v -0.72408 0.38601 0.226
v -0.72246 0.38714 0.226
v -0.76247 0.5517 0.2668
v -0.75075 0.49571 0.2709
v -0.76085 0.55283 0.26718
v -0.7982 0.78285 0.24232
v -0.78649 0.72686 0.25163
v -0.78019 0.73066 0.25419
v -0.77477 0.67088 0.25895
v -0.76305 0.61489 0.26472
v -0.75676 0.61869 0.26631
v -0.76219 0.67847 0.26284
v -0.76848 0.67467 0.26097
v -0.75047 0.62248 0.26778
v -0.74418 0.62628 0.26914
v -0.75133 0.5589 0.26926
v -0.73961 0.50291 0.27178
v -0.73332 0.50671 0.27178
v -0.72789 0.44693 0.25679
v -0.71617 0.39094 0.226
v -0.70988 0.39473 0.226
v -0.71531 0.45452 0.25679
v -0.7216 0.45072 0.25679
v -0.70359 0.39853 0.226
v -0.6973 0.40233 0.226
v -0.72617 0.57409 0.27372
v -0.73246 0.57029 0.27273
v -0.71445 0.5181 0.27192
v -0.72074 0.51431 0.27184
v -0.70816 0.5219 0.27201
v -0.70273 0.46211 0.25679
v -0.70902 0.45832 0.25679
v -0.69101 0.40613 0.226
v -0.68472 0.40992 0.226
v -0.69015 0.46971 0.25702
v -0.69644 0.46591 0.25685
v -0.67843 0.41372 0.226
v -0.67214 0.41752 0.226
v -0.74504 0.5627 0.27051
v -0.72703 0.51051 0.27178
v -0.73875 0.5665 0.27166
v -0.79666 0.78366 0.24315
v -0.77865 0.73147 0.2548
v -0.7771 0.73228 0.2554
v -0.76064 0.67928 0.26328
v -0.74263 0.62709 0.26946
v -0.74109 0.6279 0.26978
v -0.75755 0.6809 0.26414
v -0.7591 0.68009 0.26372
v -0.73954 0.62871 0.27009
v -0.738 0.62952 0.27039
v -0.72462 0.5749 0.27396
v -0.70661 0.52271 0.27202
v -0.70507 0.52352 0.27204
v -0.6886 0.47052 0.25702
v -0.67059 0.41833 0.226
v -0.66905 0.41914 0.226
v -0.68551 0.47214 0.25702
v -0.68706 0.47133 0.25702
v -0.6675 0.41995 0.226
v -0.66596 0.42076 0.226
v -0.71844 0.57814 0.27485
v -0.71999 0.57733 0.27463
v -0.70043 0.52595 0.27211
v -0.70198 0.52514 0.27208
v -0.69889 0.52675 0.27215
v -0.68242 0.47376 0.25706
v -0.68397 0.47295 0.25703
v -0.66441 0.42156 0.226
v -0.66287 0.42237 0.226
v -0.67933 0.47537 0.25717
v -0.68088 0.47456 0.2571
v -0.66132 0.42318 0.226
v -0.65978 0.42399 0.226
v -0.72308 0.57571 0.27419
v -0.70352 0.52433 0.27206
v -0.72153 0.57652 0.27441
v -0.79503 0.78428 0.24403
v -0.77547 0.7329 0.25602
v -0.77384 0.73351 0.25664
v -0.75592 0.68151 0.26459
v -0.73636 0.63013 0.27071
v -0.73473 0.63075 0.27102
v -0.75266 0.68275 0.26546
v -0.75429 0.68213 0.26503
v -0.7331 0.63137 0.27133
v -0.73147 0.63198 0.27163
v -0.71681 0.57875 0.27508
v -0.69726 0.52737 0.27215
v -0.69562 0.52799 0.27215
v -0.6777 0.47599 0.25717
v -0.65815 0.42461 0.226
v -0.65652 0.42522 0.226
v -0.67444 0.47722 0.25717
v -0.67607 0.47661 0.25717
v -0.65488 0.42584 0.226
v -0.65325 0.42646 0.226
v -0.71028 0.58122 0.27595
v -0.71192 0.5806 0.27574
v -0.69073 0.52983 0.27215
v -0.69236 0.52922 0.27215
v -0.6891 0.53045 0.27215
v -0.67117 0.47845 0.25717
v -0.67281 0.47784 0.25717
v -0.65162 0.42707 0.226
v -0.64999 0.42769 0.226
v -0.66791 0.47969 0.25717
v -0.66954 0.47907 0.25717
v -0.64836 0.4283 0.226
v -0.64673 0.42892 0.226
v -0.71518 0.57937 0.2753
v -0.69399 0.5286 0.27215
v -0.71355 0.57998 0.27552
v -0.78785 0.7865 0.24771
v -0.76666 0.73573 0.25921
v -0.75948 0.73796 0.26156
v -0.74548 0.68497 0.26726
v -0.72429 0.6342 0.27289
v -0.71711 0.63643 0.27404
v -0.73112 0.68942 0.2704
v -0.7383 0.68719 0.2689
v -0.70993 0.63865 0.27509
v -0.70275 0.64087 0.27604
v -0.7031 0.58344 0.27683
v -0.68192 0.53267 0.27208
v -0.67474 0.5349 0.27207
v -0.66073 0.48191 0.25709
v -0.63955 0.43114 0.226
v -0.63237 0.43337 0.226
v -0.64637 0.48635 0.25709
v -0.65355 0.48413 0.25709
v -0.62519 0.43559 0.226
v -0.61801 0.43781 0.226
v -0.67439 0.59233 0.27929
v -0.68157 0.59011 0.27903
v -0.6532 0.54157 0.27207
v -0.66038 0.53934 0.27207
v -0.64602 0.54379 0.27207
v -0.63202 0.4908 0.25709
v -0.6392 0.48858 0.25709
v -0.61083 0.44004 0.226
v -0.60365 0.44226 0.226
v -0.61766 0.49525 0.25709
v -0.62484 0.49302 0.25709
v -0.59647 0.44448 0.226
v -0.58929 0.4467 0.226
v -0.69593 0.58566 0.27763
v -0.66756 0.53712 0.27207
v -0.68875 0.58789 0.27837
v -0.78532 0.78704 0.24894
v -0.75696 0.7385 0.26234
v -0.75443 0.73904 0.2631
v -0.72859 0.68995 0.2709
v -0.70023 0.64141 0.27636
v -0.6977 0.64195 0.27667
v -0.72353 0.69103 0.27186
v -0.72606 0.69049 0.27139
v -0.69517 0.64249 0.27697
v -0.69264 0.64303 0.27726
v -0.67186 0.59287 0.27927
v -0.6435 0.54433 0.27203
v -0.64097 0.54487 0.27198
v -0.61513 0.49579 0.257
v -0.58677 0.44724 0.226
v -0.58424 0.44778 0.226
v -0.61008 0.49687 0.25682
v -0.6126 0.49633 0.25691
v -0.58171 0.44832 0.226
v -0.57918 0.44886 0.226
v -0.66175 0.59503 0.27918
v -0.66428 0.59449 0.2792
v -0.63338 0.54649 0.27185
v -0.63591 0.54595 0.2719
v -0.63086 0.54703 0.27181
v -0.60502 0.49794 0.25664
v -0.60755 0.49741 0.25673
v -0.57665 0.4494 0.226
v -0.57413 0.44994 0.226
v -0.59996 0.49902 0.25656
v -0.60249 0.49848 0.25657
v -0.5716 0.45048 0.226
v -0.56907 0.45102 0.226
v -0.66933 0.59341 0.27925
v -0.63844 0.54541 0.27194
v -0.66681 0.59395 0.27923
v -0.77733 0.788 0.25261
v -0.74643 0.74 0.26538
v -0.73844 0.74097 0.26742
v -0.71554 0.692 0.27326
v -0.68465 0.644 0.27813
v -0.67666 0.64496 0.27861
v -0.69955 0.69393 0.27566
v -0.70755 0.69297 0.27452
v -0.66866 0.64593 0.27805
v -0.66067 0.64689 0.27746
v -0.65376 0.59599 0.27905
v -0.62286 0.54799 0.27153
v -0.61487 0.54896 0.27128
v -0.59197 0.49999 0.25627
v -0.56108 0.45199 0.226
v -0.55308 0.45295 0.226
v -0.57598 0.50192 0.25575
v -0.58398 0.50096 0.25598
v -0.54509 0.45392 0.226
v -0.5371 0.45488 0.226
v -0.62178 0.59986 0.27856
v -0.62978 0.59889 0.27865
v -0.59089 0.55185 0.27084
v -0.59888 0.55089 0.27098
v -0.5829 0.55282 0.27075
v -0.56 0.50385 0.25575
v -0.56799 0.50289 0.25575
v -0.5291 0.45585 0.226
v -0.52111 0.45682 0.226
v -0.54401 0.50578 0.25575
v -0.552 0.50482 0.25575
v -0.51312 0.45778 0.226
v -0.50512 0.45875 0.226
v -0.64576 0.59696 0.27892
v -0.60688 0.54992 0.27113
v -0.63777 0.59793 0.27878
v -0.77565 0.78811 0.25334
v -0.73676 0.74107 0.26783
v -0.73508 0.74118 0.26822
v -0.69787 0.69403 0.27589
v -0.65899 0.647 0.27735
v -0.6573 0.6471 0.27723
v -0.69451 0.69424 0.27582
v -0.69619 0.69414 0.276
v -0.65562 0.64721 0.27712
v -0.65394 0.64731 0.277
v -0.6201 0.59996 0.27854
v -0.58121 0.55292 0.27073
v -0.57953 0.55303 0.27071
v -0.54233 0.50589 0.25571
v -0.50344 0.45885 0.226
v -0.50176 0.45895 0.226
v -0.53896 0.50609 0.25563
v -0.54065 0.50599 0.25567
v -0.50008 0.45906 0.226
v -0.4984 0.45916 0.226
v -0.61337 0.60038 0.27844
v -0.61505 0.60027 0.27846
v -0.57449 0.55334 0.27065
v -0.57617 0.55324 0.27067
v -0.5728 0.55344 0.27063
v -0.5356 0.5063 0.25555
v -0.53728 0.5062 0.25559
v -0.49671 0.45927 0.226
v -0.49503 0.45937 0.226
v -0.53223 0.50651 0.25547
v -0.53392 0.50641 0.25551
v -0.49335 0.45947 0.226
v -0.49167 0.45958 0.226
v -0.61842 0.60006 0.27851
v -0.57785 0.55313 0.27069
v -0.61674 0.60017 0.27849
v -0.76691 0.78813 0.25588
v -0.72634 0.7412 0.27017
v -0.71761 0.74123 0.27088
v -0.68577 0.69427 0.27493
v -0.64521 0.64733 0.27641
v -0.63647 0.64736 0.27578
v -0.66831 0.69432 0.27299
v -0.67704 0.69429 0.27399
v -0.62774 0.64739 0.27513
v -0.619 0.64741 0.2745
v -0.60464 0.6004 0.27825
v -0.56407 0.55347 0.27042
v -0.55533 0.55349 0.2702
v -0.5235 0.50654 0.25505
v -0.48293 0.4596 0.226
v -0.4742 0.45963 0.226
v -0.50603 0.50659 0.25428
v -0.51477 0.50656 0.25463
v -0.46546 0.45965 0.226
v -0.45673 0.45968 0.226
v -0.5697 0.6005 0.27771
v -0.57844 0.60048 0.27783
v -0.52913 0.55357 0.26954
v -0.53787 0.55354 0.26977
v -0.5204 0.5536 0.26932
v -0.48856 0.50664 0.25396
v -0.4973 0.50661 0.25406
v -0.448 0.4597 0.226
v -0.43926 0.45973 0.226
v -0.4711 0.50669 0.25396
v -0.47983 0.50666 0.25396
v -0.43053 0.45976 0.226
v -0.42179 0.45978 0.226
v -0.5959 0.60043 0.27807
v -0.5466 0.55352 0.26999
v -0.58717 0.60045 0.27794
v -0.76596 0.78811 0.25593
v -0.71665 0.7412 0.27091
v -0.7157 0.74117 0.27093
v -0.66735 0.69429 0.27288
v -0.61805 0.64738 0.27444
v -0.6171 0.64735 0.27438
v -0.66544 0.69423 0.27265
v -0.6664 0.69426 0.27277
v -0.61614 0.64732 0.27432
v -0.61519 0.6473 0.27426
v -0.56875 0.60047 0.2777
v -0.51944 0.55357 0.26929
v -0.51849 0.55354 0.26925
v -0.47014 0.50666 0.25395
v -0.42084 0.45975 0.226
v -0.41989 0.45972 0.226
v -0.46823 0.5066 0.25392
v -0.46919 0.50663 0.25393
v -0.41893 0.45969 0.226
v -0.41798 0.45967 0.226
v -0.56493 0.60036 0.27763
v -0.56588 0.60039 0.27765
v -0.51563 0.55345 0.26916
v -0.51658 0.55348 0.26919
v -0.51467 0.55342 0.26913
v -0.46633 0.50654 0.25389
v -0.46728 0.50657 0.25391
v -0.41702 0.45964 0.226
v -0.41607 0.45961 0.226
v -0.46442 0.50649 0.25386
v -0.46537 0.50652 0.25388
v -0.41512 0.45958 0.226
v -0.41416 0.45955 0.226
v -0.56779 0.60045 0.27768
v -0.51754 0.55351 0.26922
v -0.56684 0.60042 0.27767
v -0.75656 0.78751 0.25655
v -0.7063 0.74057 0.27124
v -0.6969 0.73997 0.27154
v -0.65604 0.69363 0.27154
v -0.60579 0.6467 0.27375
v -0.59639 0.6461 0.27325
v -0.63724 0.69244 0.26919
v -0.64664 0.69304 0.27035
v -0.58698 0.6455 0.27273
v -0.57758 0.6449 0.27224
v -0.55553 0.59976 0.27744
v -0.50527 0.55282 0.26885
v -0.49587 0.55223 0.26858
v -0.45502 0.50589 0.2536
v -0.40476 0.45895 0.226
v -0.39536 0.45835 0.226
v -0.43621 0.50469 0.25305
v -0.44562 0.50529 0.25332
v -0.38596 0.45776 0.226
v -0.37656 0.45716 0.226
v -0.51793 0.59737 0.27662
v -0.52733 0.59797 0.27683
v -0.46767 0.55043 0.26812
v -0.47707 0.55103 0.26827
v -0.45827 0.54984 0.26797
v -0.41741 0.5035 0.25255
v -0.42681 0.5041 0.25278
v -0.36716 0.45656 0.226
v -0.35776 0.45596 0.226
v -0.39861 0.5023 0.25247
v -0.40801 0.5029 0.25247
v -0.34835 0.45537 0.226
v -0.33895 0.45477 0.226
v -0.54613 0.59916 0.27724
v -0.48647 0.55163 0.26841
v -0.53673 0.59857 0.27704
v -0.75617 0.78748 0.25658
v -0.69652 0.73994 0.27156
v -0.69613 0.73991 0.27153
v -0.63686 0.69241 0.26915
v -0.5772 0.64488 0.27223
v -0.57682 0.64485 0.27221
v -0.63609 0.69235 0.26906
v -0.63648 0.69238 0.2691
v -0.57644 0.64482 0.2722
v -0.57605 0.64479 0.27218
v -0.51754 0.59734 0.27662
v -0.45789 0.54981 0.26796
v -0.4575 0.54978 0.26795
v -0.39823 0.50227 0.25247
v -0.33857 0.45474 0.226
v -0.33819 0.45471 0.226
v -0.39746 0.50221 0.25247
v -0.39785 0.50224 0.25247
v -0.33781 0.45468 0.226
v -0.33742 0.45465 0.226
v -0.51601 0.59722 0.27659
v -0.5164 0.59725 0.27659
v -0.45636 0.54969 0.26793
v -0.45674 0.54972 0.26794
v -0.45597 0.54966 0.26792
v -0.3967 0.50216 0.25246
v -0.39708 0.50218 0.25247
v -0.33704 0.45462 0.226
v -0.33666 0.45459 0.226
v -0.39593 0.5021 0.25246
v -0.39632 0.50213 0.25246
v -0.33628 0.45456 0.226
v -0.33589 0.45453 0.226
v -0.51716 0.59731 0.27661
v -0.45712 0.54975 0.26795
v -0.51678 0.59728 0.2766
v -0.74622 0.78658 0.25732
v -0.68618 0.73901 0.27
v -0.67622 0.73811 0.26831
v -0.62614 0.69145 0.26795
v -0.5661 0.64389 0.27188
v -0.55614 0.64299 0.27166
v -0.60623 0.68965 0.26557
v -0.61618 0.69055 0.2668
v -0.54619 0.64209 0.27144
v -0.53623 0.64119 0.27128
v -0.50606 0.59632 0.27639
v -0.44602 0.54876 0.2677
v -0.43606 0.54786 0.26747
v -0.38598 0.5012 0.25234
v -0.32594 0.45363 0.226
v -0.31598 0.45273 0.226
v -0.36607 0.4994 0.2521
v -0.37602 0.5003 0.25222
v -0.30603 0.45183 0.226
v -0.29607 0.45093 0.226
v -0.46624 0.59272 0.27582
v -0.47619 0.59362 0.27595
v -0.4062 0.54516 0.26692
v -0.41615 0.54606 0.26704
v -0.39624 0.54426 0.26686
v -0.34616 0.49759 0.25186
v -0.35611 0.4985 0.25198
v -0.28612 0.45003 0.226
v -0.27616 0.44913 0.226
v -0.32625 0.49579 0.25171
v -0.3362 0.49669 0.25174
v -0.26621 0.44823 0.226
v -0.25625 0.44733 0.226
v -0.4961 0.59542 0.2762
v -0.42611 0.54696 0.26724
v -0.48615 0.59452 0.27607
v -0.73598 0.78571 0.25804
v -0.66599 0.73724 0.26638
v -0.65575 0.73638 0.26426
v -0.59599 0.68878 0.2644
v -0.526 0.64032 0.27129
v -0.51576 0.63945 0.27142
v -0.57552 0.68704 0.26252
v -0.58576 0.68791 0.26347
v -0.50552 0.63858 0.27155
v -0.49529 0.63771 0.27174
v -0.456 0.59185 0.2757
v -0.38601 0.54339 0.2668
v -0.37577 0.54252 0.26674
v -0.31601 0.49493 0.25174
v -0.24602 0.44646 0.226
v -0.23578 0.44559 0.226
v -0.29554 0.49319 0.25179
v -0.30578 0.49406 0.25176
v -0.22554 0.44472 0.226
v -0.21531 0.44385 0.226
v -0.41506 0.58838 0.27522
v -0.42529 0.58924 0.27532
v -0.34506 0.53991 0.26658
v -0.3553 0.54078 0.26663
v -0.33483 0.53904 0.26652
v -0.27507 0.49145 0.25184
v -0.2853 0.49232 0.25181
v -0.20507 0.44298 0.226
v -0.19484 0.44211 0.226
v -0.25459 0.48971 0.25189
v -0.26483 0.49058 0.25186
v -0.1846 0.44125 0.226
v -0.17436 0.44038 0.226
v -0.44577 0.59098 0.27558
v -0.36553 0.54165 0.26669
v -0.43553 0.59011 0.27545
v -0.72568 0.78518 0.25862
v -0.64545 0.73584 0.26203
v -0.63515 0.73531 0.25978
v -0.56522 0.68651 0.26147
v -0.48499 0.63718 0.27205
v -0.47469 0.63665 0.27245
v -0.54462 0.68545 0.26025
v -0.55492 0.68598 0.26078
v -0.46439 0.63612 0.27285
v -0.45409 0.63559 0.27327
v -0.40476 0.58784 0.2752
v -0.32453 0.53851 0.2666
v -0.31423 0.53798 0.2667
v -0.24429 0.48918 0.25205
v -0.16406 0.43985 0.226
v -0.15376 0.43931 0.226
v -0.22369 0.48812 0.25236
v -0.23399 0.48865 0.2522
v -0.14346 0.43878 0.226
v -0.13316 0.43825 0.226
v -0.36356 0.58572 0.27527
v -0.37386 0.58625 0.27526
v -0.28333 0.53639 0.267
v -0.29363 0.53692 0.2669
v -0.27303 0.53586 0.2671
v -0.20309 0.48705 0.25266
v -0.21339 0.48759 0.25251
v -0.12286 0.43772 0.226
v -0.11256 0.43719 0.226
v -0.18249 0.48599 0.25297
v -0.19279 0.48652 0.25282
v -0.10226 0.43666 0.226
v -0.09196 0.43613 0.226
v -0.39446 0.58731 0.27522
v -0.30393 0.53745 0.2668
v -0.38416 0.58678 0.27524
v -0.71536 0.78525 0.25898
v -0.62483 0.73539 0.25715
v -0.61452 0.73546 0.25427
v -0.5343 0.68552 0.25949
v -0.44377 0.63566 0.27373
v -0.43345 0.63573 0.27427
v -0.51367 0.68567 0.25899
v -0.52398 0.6856 0.25909
v -0.42314 0.6358 0.2748
v -0.41282 0.63588 0.27531
v -0.35324 0.58579 0.27538
v -0.26271 0.53593 0.26736
v -0.25239 0.536 0.2676
v -0.17218 0.48607 0.25338
v -0.08165 0.4362 0.226
v -0.07133 0.43627 0.226
v -0.15154 0.48621 0.25392
v -0.16186 0.48614 0.25366
v -0.06101 0.43635 0.226
v -0.05069 0.43642 0.226
v -0.31197 0.58609 0.27584
v -0.32229 0.58601 0.2757
v -0.22144 0.53622 0.26829
v -0.23176 0.53615 0.26807
v -0.21112 0.5363 0.26851
v -0.13091 0.48636 0.25443
v -0.14122 0.48628 0.25417
v -0.04038 0.43649 0.226
v -0.03006 0.43657 0.226
v -0.11027 0.4865 0.25493
v -0.12059 0.48643 0.25468
v -0.01974 0.43664 0.226
v -0.00942 0.43671 0.226
v -0.34292 0.58587 0.27548
v -0.24207 0.53608 0.26784
v -0.3326 0.58594 0.27558
v -0.70507 0.78617 0.25902
v -0.60422 0.73638 0.25103
v -0.59393 0.7373 0.24792
v -0.50337 0.68659 0.25858
v -0.40252 0.6368 0.27578
v -0.39223 0.63772 0.27625
v -0.48279 0.68844 0.25875
v -0.49308 0.68751 0.25847
v -0.38194 0.63865 0.2767
v -0.37164 0.63957 0.27713
v -0.30168 0.58701 0.27608
v -0.20083 0.53722 0.26893
v -0.19053 0.53814 0.26933
v -0.09998 0.48743 0.25553
v 0.00087 0.43764 0.226
v 0.01116 0.43856 0.226
v -0.07939 0.48927 0.25642
v -0.08968 0.48835 0.25609
v 0.02146 0.43948 0.226
v 0.03175 0.4404 0.226
v -0.2605 0.5907 0.27701
v -0.2708 0.58978 0.27679
v -0.15965 0.54091 0.27043
v -0.16995 0.53999 0.27011
v -0.14936 0.54183 0.27072
v -0.0588 0.49112 0.25709
v -0.0691 0.49019 0.25676
v 0.04204 0.44133 0.226
v 0.05234 0.44225 0.226
v -0.03822 0.49296 0.25773
v -0.04851 0.49204 0.25741
v 0.06263 0.44317 0.226
v 0.07293 0.44409 0.226
v -0.29138 0.58793 0.27633
v -0.18024 0.53906 0.26972
v -0.28109 0.58885 0.27656
v -0.69481 0.78818 0.25868
v -0.58367 0.73931 0.24405
v -0.57342 0.74132 0.23979
v -0.47253 0.69044 0.25864
v -0.36139 0.64158 0.27743
v -0.35113 0.64359 0.27772
v -0.45202 0.69446 0.25935
v -0.46227 0.69245 0.25878
v -0.34088 0.64559 0.278
v -0.33062 0.6476 0.27827
v -0.25025 0.59271 0.27736
v -0.1391 0.54384 0.27123
v -0.12885 0.54585 0.27172
v -0.02796 0.49497 0.25845
v 0.08318 0.4461 0.226
v 0.09344 0.44811 0.226
v -0.00745 0.49899 0.2597
v -0.0177 0.49698 0.25916
v 0.10369 0.45012 0.226
v 0.11395 0.45213 0.226
v -0.20922 0.60074 0.27859
v -0.21948 0.59873 0.2783
v -0.09808 0.55187 0.2731
v -0.10833 0.54987 0.27266
v -0.08782 0.55388 0.27351
v 0.01306 0.50301 0.26045
v 0.00281 0.501 0.26008
v 0.12421 0.45414 0.226
v 0.13446 0.45615 0.226
v 0.03358 0.50702 0.26118
v 0.02332 0.50501 0.26081
v 0.14472 0.45816 0.226
v 0.15498 0.46016 0.226
v -0.23999 0.59472 0.27769
v -0.11859 0.54786 0.2722
v -0.22973 0.59673 0.278
v -0.68365 0.79183 0.25776
v -0.56225 0.74497 0.2347
v -0.55108 0.74861 0.22922
v -0.44085 0.69811 0.25949
v -0.31945 0.65125 0.27842
v -0.30828 0.65489 0.27857
v -0.41851 0.7054 0.26039
v -0.42968 0.70175 0.25989
v -0.29712 0.65854 0.27867
v -0.28595 0.66218 0.27867
v -0.19805 0.60439 0.27903
v -0.07665 0.55753 0.27409
v -0.06549 0.56117 0.27465
v 0.04474 0.51067 0.26203
v 0.16614 0.46381 0.226
v 0.17731 0.46745 0.226
v 0.06708 0.51796 0.26351
v 0.05591 0.51431 0.26286
v 0.18848 0.4711 0.226
v 0.19965 0.47474 0.226
v -0.15338 0.61897 0.28052
v -0.16455 0.61532 0.28019
v -0.03198 0.57211 0.27615
v -0.04315 0.56846 0.27568
v -0.02081 0.57575 0.27661
v 0.08942 0.52525 0.26436
v 0.07825 0.5216 0.26394
v 0.21081 0.47839 0.226
v 0.22198 0.48203 0.226
v 0.11175 0.53254 0.26517
v 0.10058 0.52889 0.26477
v 0.23315 0.48568 0.226
v 0.24432 0.48932 0.226
v -0.18688 0.60803 0.27944
v -0.05432 0.56482 0.27517
v -0.17572 0.61168 0.27983
v -0.68101 0.79242 0.25764
v -0.54844 0.74921 0.22803
v -0.5458 0.7498 0.22682
v -0.41588 0.70599 0.2606
v -0.28331 0.66278 0.2787
v -0.28067 0.66337 0.27872
v -0.4106 0.70718 0.26099
v -0.41324 0.70658 0.26079
v -0.27803 0.66396 0.27875
v -0.27539 0.66456 0.27878
v -0.15074 0.61956 0.28057
v -0.01818 0.57635 0.27668
v -0.01554 0.57694 0.27675
v 0.11439 0.53313 0.26519
v 0.24696 0.48992 0.226
v 0.2496 0.49051 0.226
v 0.11967 0.53432 0.26523
v 0.11703 0.53373 0.26521
v 0.25223 0.49111 0.226
v 0.25487 0.4917 0.226
v -0.14019 0.62194 0.28078
v -0.14283 0.62134 0.28072
v -0.00762 0.57872 0.27688
v -0.01026 0.57813 0.27684
v -0.00498 0.57932 0.27692
v 0.12495 0.53551 0.26527
v 0.12231 0.53491 0.26525
v 0.25751 0.49229 0.226
v 0.26015 0.49289 0.226
v 0.13022 0.53669 0.26531
v 0.12758 0.5361 0.26529
v 0.26279 0.49348 0.226
v 0.26543 0.49407 0.226
v -0.1481 0.62016 0.28062
v -0.0129 0.57753 0.27679
v -0.14546 0.62075 0.28067
v 0.13884 0.1382 0.22603
v 0.15037 0.14619 0.226
v 0.16198 0.15418 0.226
v 0.12723 0.1302 0.22603
v 0.13876 0.13819 0.226
v 0.1157 0.12222 0.22605
v 0.11561 0.1222 0.22603
v 0.12715 0.13019 0.226
v 0.104 0.1142 0.22603
v 0.11553 0.12219 0.226
v 0.09247 0.10622 0.22605
v 0.09255 0.10624 0.22608
v 0.10408 0.11422 0.22605
v 0.08094 0.09824 0.22608
v 0.06941 0.09026 0.2261
v 0.09239 0.1062 0.22603
v 0.10392 0.11419 0.226
v 0.08078 0.09821 0.22603
v 0.09231 0.10619 0.226
v 0.06925 0.09022 0.22605
v 0.06917 0.09021 0.22603
v 0.0807 0.09819 0.226
v 0.05756 0.08221 0.226
v 0.06909 0.09019 0.226
v 0.04602 0.07422 0.226
v 0.04611 0.07424 0.22603
v 0.05764 0.08222 0.22603
v 0.03449 0.06624 0.226
v 0.02296 0.05826 0.226
v 0.04627 0.07428 0.22608
v 0.0578 0.08226 0.22608
v 0.03466 0.06628 0.22605
v 0.04619 0.07426 0.22605
v 0.02313 0.05829 0.22605
v 0.02304 0.05828 0.22603
v 0.03457 0.06626 0.22603
v 0.01143 0.05028 0.226
v -0.0001 0.0423 0.226
v -2e-05 0.04231 0.22603
v 0.01151 0.0503 0.22603
v -0.01163 0.03431 0.226
v -0.02316 0.02633 0.226
v 0.08086 0.09822 0.22605
v 0.05772 0.08224 0.22605
v 0.06933 0.09024 0.22608
v 0.12752 0.13016 0.22619
v 0.10438 0.11417 0.22622
v 0.09307 0.10613 0.22638
v 0.08124 0.09819 0.22624
v 0.0581 0.08221 0.22624
v 0.04678 0.07416 0.22638
v 0.05861 0.0821 0.22655
v 0.06993 0.09015 0.22641
v 0.03547 0.06612 0.22652
v 0.02416 0.05807 0.22667
v 0.03495 0.06623 0.22622
v 0.01181 0.05025 0.22619
v 0.0005 0.0422 0.22633
v -0.01133 0.03427 0.22617
v -0.03447 0.01828 0.226
v -0.04579 0.01024 0.226
v -0.03396 0.01817 0.22631
v -0.02264 0.02622 0.22631
v -0.0571 0.00219 0.226
v -0.06841 -0.00586 0.226
v -0.0103 0.03404 0.22678
v 0.00101 0.04209 0.22664
v -0.03344 0.01806 0.22662
v -0.02213 0.02611 0.22662
v -0.04475 0.01001 0.22662
v -0.05658 0.00208 0.22631
v -0.04527 0.01012 0.22631
v -0.07973 -0.0139 0.226
v -0.09104 -0.02195 0.226
v -0.07921 -0.01402 0.22631
v -0.0679 -0.00597 0.22631
v -0.10235 -0.03 0.226
v -0.11367 -0.03805 0.226
v 0.02364 0.05818 0.22636
v -0.01081 0.03415 0.22647
v 0.01233 0.05014 0.2265
v 0.12821 0.13063 0.22619
v 0.16267 0.15466 0.226
v 0.16277 0.15473 0.226
v 0.12811 0.13057 0.22619
v 0.16257 0.15459 0.226
v 0.09366 0.10654 0.22638
v 0.12802 0.1305 0.22619
v 0.16247 0.15453 0.226
v 0.12792 0.13043 0.22619
v 0.16237 0.15446 0.226
v 0.09346 0.1064 0.22638
v 0.0591 0.08244 0.22655
v 0.09356 0.10647 0.22638
v 0.05901 0.08237 0.22655
v 0.02455 0.05834 0.22666
v 0.12782 0.13036 0.22619
v 0.16227 0.15439 0.226
v 0.12772 0.13029 0.22619
v 0.16218 0.15432 0.226
v 0.09327 0.10626 0.22638
v 0.12762 0.13022 0.22619
v 0.16208 0.15425 0.226
v 0.05871 0.08217 0.22655
v 0.09317 0.1062 0.22638
v -0.01 0.03425 0.22678
v 0.02445 0.05827 0.22666
v -0.0101 0.03418 0.22678
v 0.02435 0.05821 0.22666
v -0.04456 0.01015 0.22662
v -0.0102 0.03411 0.22678
v 0.02426 0.05814 0.22667
v -0.07911 -0.01395 0.22631
v -0.04466 0.01008 0.22662
v 0.09336 0.10633 0.22638
v 0.05881 0.08223 0.22655
v 0.05891 0.0823 0.22655
v 0.1172 0.12241 0.22661
v 0.08265 0.09831 0.2268
v 0.07164 0.09009 0.22721
v 0.04809 0.07421 0.22694
v 0.01354 0.05012 0.22706
v 0.00253 0.04189 0.22744
v 0.02607 0.05776 0.22772
v 0.03708 0.06599 0.22733
v -0.00848 0.03367 0.22783
v -0.01949 0.02544 0.22821
v -0.02101 0.02602 0.22717
v -0.05557 0.00192 0.22688
v -0.06658 -0.0063 0.22713
v -0.09012 -0.02217 0.22657
v -0.12468 -0.04627 0.226
v -0.13569 -0.05449 0.226
v -0.11214 -0.03862 0.22707
v -0.10113 -0.0304 0.22682
v -0.1467 -0.06272 0.226
v -0.15771 -0.07094 0.226
v -0.06506 -0.00688 0.22818
v -0.05405 0.00135 0.22793
v -0.09961 -0.03098 0.22788
v -0.0886 -0.02275 0.22763
v -0.11062 -0.0392 0.22812
v -0.13417 -0.05507 0.22709
v -0.12316 -0.04685 0.22709
v -0.16872 -0.07917 0.226
v -0.17973 -0.08739 0.226
v -0.15619 -0.07152 0.22709
v -0.14518 -0.0633 0.22709
v -0.19074 -0.09562 0.226
v -0.20175 -0.10384 0.226
v -0.03203 0.0178 0.22744
v -0.07759 -0.01453 0.22738
v -0.04304 0.00957 0.22769
v 0.19799 0.17906 0.22624
v 0.24355 0.21138 0.226
v 0.25509 0.21947 0.226
v 0.18645 0.17097 0.22624
v 0.23201 0.20329 0.226
v 0.14088 0.13864 0.22666
v 0.1749 0.16287 0.22624
v 0.22047 0.19519 0.226
v 0.16336 0.15478 0.22624
v 0.20893 0.1871 0.226
v 0.1178 0.12246 0.22684
v 0.08377 0.09823 0.22735
v 0.12934 0.13055 0.22675
v 0.07223 0.09014 0.22744
v 0.02667 0.05782 0.22795
v 0.15182 0.14669 0.22633
v 0.19739 0.17901 0.226
v 0.14028 0.13859 0.22642
v 0.18585 0.17092 0.226
v 0.09472 0.10627 0.22703
v 0.12874 0.1305 0.22651
v 0.17431 0.16282 0.226
v 0.03761 0.06586 0.22765
v 0.08318 0.09818 0.22712
v -0.03044 0.0174 0.2284
v 0.01513 0.04972 0.22801
v -0.04198 0.00931 0.22833
v 0.00359 0.04163 0.22808
v -0.08754 -0.02301 0.22827
v -0.05352 0.00121 0.22825
v -0.00795 0.03354 0.22815
v -0.09908 -0.03111 0.2282
v -0.14465 -0.06343 0.22742
v 0.10626 0.11437 0.22694
v 0.04915 0.07395 0.22758
v 0.06069 0.08204 0.22752
v 0.18736 0.17055 0.22693
v 0.13025 0.13013 0.22743
v 0.11962 0.12162 0.22819
v 0.07315 0.08972 0.22811
v 0.01604 0.0493 0.22868
v 0.00541 0.04079 0.2294
v 0.05189 0.07269 0.22957
v 0.06252 0.0812 0.22885
v -0.00522 0.03228 0.23011
v -0.01584 0.02377 0.23082
v -0.04106 0.00889 0.22899
v -0.09817 -0.03153 0.22887
v -0.1088 -0.04004 0.22945
v -0.15528 -0.07194 0.22778
v -0.21238 -0.11236 0.226
v -0.22301 -0.12087 0.226
v -0.17653 -0.08897 0.22849
v -0.1659 -0.08045 0.22813
v -0.23364 -0.12938 0.226
v -0.24427 -0.13789 0.226
v -0.08358 -0.02516 0.2313
v -0.07295 -0.01665 0.23073
v -0.14068 -0.06558 0.23053
v -0.13005 -0.05706 0.23019
v -0.15131 -0.07409 0.23087
v -0.19779 -0.10599 0.22919
v -0.18716 -0.09748 0.22884
v -0.25489 -0.14641 0.226
v -0.26552 -0.15492 0.226
v -0.21905 -0.12302 0.22923
v -0.20842 -0.1145 0.22923
v -0.27615 -0.16343 0.226
v -0.28678 -0.17194 0.226
v -0.05169 0.00038 0.22958
v -0.11943 -0.04855 0.22985
v -0.06232 -0.00814 0.23016
v 0.18891 0.17165 0.22691
v 0.25664 0.22058 0.226
v 0.25686 0.22074 0.226
v 0.18869 0.1715 0.22692
v 0.25642 0.22042 0.226
v 0.12095 0.12257 0.22817
v 0.18846 0.17134 0.22692
v 0.2562 0.22027 0.226
v 0.18824 0.17118 0.22692
v 0.25598 0.22011 0.226
v 0.12051 0.12225 0.22817
v 0.053 0.07348 0.22955
v 0.12073 0.12241 0.22817
v 0.05278 0.07333 0.22955
v -0.01496 0.0244 0.2308
v 0.18802 0.17102 0.22692
v 0.25576 0.21995 0.226
v 0.1878 0.17086 0.22692
v 0.25553 0.21979 0.226
v 0.12007 0.12194 0.22818
v 0.18758 0.17071 0.22693
v 0.25531 0.21963 0.226
v 0.05211 0.07285 0.22956
v 0.11985 0.12178 0.22819
v -0.08291 -0.02469 0.2313
v -0.01518 0.02424 0.23081
v -0.08313 -0.02484 0.2313
v -0.0154 0.02408 0.23081
v -0.15087 -0.07377 0.23088
v -0.08336 -0.025 0.2313
v -0.01562 0.02392 0.23081
v -0.21882 -0.12286 0.22924
v -0.15109 -0.07393 0.23087
v 0.12029 0.12209 0.22818
v 0.05233 0.07301 0.22956
v 0.05255 0.07317 0.22956
v 0.17874 0.16275 0.22805
v 0.11078 0.11366 0.22936
v 0.10061 0.10475 0.23053
v 0.04283 0.06458 0.2307
v -0.02513 0.01549 0.23185
v -0.0353 0.00658 0.23283
v 0.02249 0.04676 0.23292
v 0.03266 0.05567 0.23182
v -0.04547 -0.00233 0.23378
v -0.05564 -0.01123 0.23473
v -0.09308 -0.03359 0.23229
v -0.16104 -0.08268 0.23164
v -0.17121 -0.09159 0.2324
v -0.22899 -0.13177 0.22969
v -0.29695 -0.18085 0.226
v -0.30712 -0.18976 0.226
v -0.24933 -0.14958 0.23058
v -0.23916 -0.14067 0.23014
v -0.31729 -0.19867 0.226
v -0.32746 -0.20758 0.226
v -0.13376 -0.06923 0.23552
v -0.12359 -0.06032 0.23481
v -0.20172 -0.11831 0.2344
v -0.19155 -0.10941 0.23388
v -0.21189 -0.12722 0.23481
v -0.26967 -0.1674 0.23145
v -0.2595 -0.15849 0.23102
v -0.33763 -0.21648 0.226
v -0.3478 -0.22539 0.226
v -0.29001 -0.18522 0.23196
v -0.27984 -0.17631 0.23188
v -0.35797 -0.2343 0.226
v -0.36814 -0.24321 0.226
v -0.10325 -0.0425 0.23326
v -0.18138 -0.1005 0.23315
v -0.11342 -0.05141 0.23408
v 0.2583 0.22082 0.22663
v 0.33643 0.27881 0.226
v 0.3478 0.28711 0.226
v 0.24694 0.21252 0.2268
v 0.32506 0.27052 0.226
v 0.16881 0.15453 0.22884
v 0.23557 0.20423 0.22701
v 0.3137 0.26222 0.226
v 0.2242 0.19593 0.22722
v 0.30233 0.25392 0.226
v 0.14608 0.13794 0.22939
v 0.07932 0.08824 0.23164
v 0.15745 0.14623 0.2291
v 0.06795 0.07994 0.23191
v -0.01017 0.02195 0.23418
v 0.21284 0.18764 0.22743
v 0.29096 0.24563 0.226
v 0.20147 0.17934 0.22764
v 0.2796 0.23733 0.226
v 0.12335 0.12135 0.22996
v 0.1901 0.17104 0.22784
v 0.26823 0.22904 0.226
v 0.03385 0.05506 0.23267
v 0.11198 0.11305 0.23025
v -0.09966 -0.04434 0.23571
v -0.02154 0.01365 0.23437
v -0.11103 -0.05264 0.23573
v -0.03291 0.00536 0.23449
v -0.18916 -0.11063 0.23553
v -0.1224 -0.06093 0.23562
v -0.04427 -0.00294 0.23461
v -0.27865 -0.17692 0.23276
v -0.20052 -0.11893 0.23524
v 0.13471 0.12964 0.22968
v 0.04522 0.06335 0.23242
v 0.05659 0.07165 0.23216
v 0.24866 0.21141 0.22829
v 0.15917 0.14512 0.23052
v 0.14953 0.1357 0.23218
v 0.06968 0.07883 0.23326
v -0.01981 0.01254 0.23567
v -0.02946 0.00312 0.23705
v 0.05039 0.06 0.23634
v 0.06003 0.06941 0.23482
v -0.0391 -0.00629 0.23839
v -0.04874 -0.0157 0.23969
v -0.10931 -0.05375 0.237
v -0.1988 -0.12004 0.23654
v -0.20844 -0.12946 0.2374
v -0.28829 -0.18633 0.23337
v -0.37778 -0.25262 0.226
v -0.38743 -0.26204 0.226
v -0.30758 -0.20516 0.23438
v -0.29793 -0.19575 0.23388
v -0.39707 -0.27145 0.226
v -0.40671 -0.28086 0.226
v -0.14788 -0.09141 0.24142
v -0.13823 -0.08199 0.24035
v -0.23737 -0.1577 0.2399
v -0.22773 -0.14828 0.23908
v -0.24701 -0.16711 0.24071
v -0.32686 -0.22399 0.23537
v -0.31722 -0.21457 0.23488
v -0.41635 -0.29028 0.226
v -0.426 -0.29969 0.226
v -0.34615 -0.24282 0.23635
v -0.3365 -0.2334 0.23586
v -0.43564 -0.30911 0.226
v -0.44528 -0.31852 0.226
v -0.11895 -0.06317 0.23815
v -0.21808 -0.13887 0.23825
v -0.12859 -0.07258 0.23926
v 0.23961 0.20137 0.23056
v 0.14047 0.12567 0.23438
v 0.13142 0.11564 0.23649
v 0.04134 0.04997 0.23835
v -0.0578 -0.02574 0.24146
v -0.06685 -0.03577 0.24317
v 0.02323 0.0299 0.24212
v 0.03228 0.03993 0.24027
v -0.0759 -0.0458 0.24481
v -0.08496 -0.05584 0.24639
v -0.15693 -0.10144 0.24295
v -0.25607 -0.17714 0.242
v -0.26512 -0.18718 0.24325
v -0.3552 -0.25285 0.23738
v -0.45434 -0.32855 0.226
v -0.46339 -0.33858 0.226
v -0.37331 -0.27291 0.23858
v -0.36425 -0.26288 0.23803
v -0.47244 -0.34862 0.226
v -0.4815 -0.35865 0.226
v -0.19315 -0.14157 0.24829
v -0.18409 -0.13154 0.24718
v -0.29228 -0.21727 0.24603
v -0.28323 -0.20724 0.24518
v -0.30133 -0.22731 0.24687
v -0.39142 -0.29298 0.23965
v -0.38236 -0.28295 0.23912
v -0.49055 -0.36868 0.226
v -0.4996 -0.37871 0.226
v -0.40952 -0.31304 0.24069
v -0.40047 -0.30301 0.24017
v -0.50866 -0.38875 0.226
v -0.51771 -0.39878 0.226
v -0.16598 -0.11147 0.24443
v -0.27417 -0.19721 0.24431
v -0.17504 -0.12151 0.24585
v 0.2312 0.1906 0.23344
v 0.12301 0.10486 0.23912
v 0.1146 0.09409 0.24162
v 0.01482 0.01913 0.24444
v -0.09337 -0.06661 0.24839
v -0.10177 -0.07738 0.25015
v -0.00199 -0.00242 0.24872
v 0.00642 0.00836 0.24664
v -0.11018 -0.08815 0.25183
v -0.11859 -0.09893 0.25343
v -0.20155 -0.15234 0.24984
v -0.30974 -0.23808 0.24818
v -0.31815 -0.24885 0.24945
v -0.41793 -0.32382 0.24179
v -0.52612 -0.40955 0.226
v -0.53453 -0.42033 0.226
v -0.43475 -0.34536 0.24347
v -0.42634 -0.33459 0.24285
v -0.54294 -0.4311 0.226
v -0.55134 -0.44187 0.226
v -0.23519 -0.19544 0.25544
v -0.22678 -0.18466 0.25412
v -0.34337 -0.28117 0.25284
v -0.33497 -0.2704 0.25187
v -0.35178 -0.29194 0.25364
v -0.45156 -0.36691 0.24456
v -0.44315 -0.35613 0.24402
v -0.55975 -0.45264 0.226
v -0.56816 -0.46342 0.226
v -0.46838 -0.38845 0.24562
v -0.45997 -0.37768 0.24509
v -0.57657 -0.47419 0.226
v -0.58498 -0.48496 0.226
v -0.20996 -0.16312 0.25133
v -0.32656 -0.25963 0.25068
v -0.21837 -0.17389 0.25276
v 0.22349 0.17896 0.2369
v 0.10689 0.08245 0.2446
v 0.09919 0.0708 0.24738
v -0.0097 -0.01406 0.25114
v -0.1263 -0.11057 0.25542
v -0.13401 -0.12222 0.25728
v -0.02512 -0.03735 0.2555
v -0.01741 -0.02571 0.25339
v -0.14172 -0.13386 0.25903
v -0.14942 -0.14551 0.26068
v -0.24289 -0.20708 0.25713
v -0.35949 -0.30359 0.25488
v -0.3672 -0.31523 0.25608
v -0.47609 -0.4001 0.24673
v -0.59268 -0.49661 0.226
v -0.60039 -0.50825 0.226
v -0.49151 -0.42339 0.24877
v -0.4838 -0.41174 0.2478
v -0.6081 -0.5199 0.226
v -0.61581 -0.53154 0.226
v -0.27373 -0.25366 0.26243
v -0.26602 -0.24201 0.26124
v -0.39033 -0.35017 0.25941
v -0.38262 -0.33852 0.25834
v -0.39804 -0.36181 0.26043
v -0.50692 -0.44668 0.24984
v -0.49921 -0.43503 0.24931
v -0.62352 -0.54319 0.226
v -0.63123 -0.55483 0.226
v -0.52234 -0.46997 0.25087
v -0.51463 -0.45832 0.25036
v -0.63894 -0.56648 0.226
v -0.64665 -0.57812 0.226
v -0.2506 -0.21872 0.25869
v -0.37491 -0.32688 0.25724
v -0.25831 -0.23037 0.26
v 0.21654 0.1663 0.2409
v 0.09223 0.05814 0.25058
v 0.08528 0.04548 0.2535
v -0.03207 -0.05001 0.25796
v -0.15638 -0.15816 0.26262
v -0.16333 -0.17082 0.26431
v -0.04598 -0.07533 0.26228
v -0.03903 -0.06267 0.26021
v -0.17029 -0.18348 0.26585
v -0.17724 -0.19614 0.26728
v -0.28068 -0.26632 0.26393
v -0.40499 -0.37447 0.26157
v -0.41194 -0.38713 0.26263
v -0.5293 -0.48263 0.25194
v -0.6536 -0.59078 0.226
v -0.66056 -0.60344 0.226
v -0.5432 -0.50794 0.25397
v -0.53625 -0.49529 0.25297
v -0.66751 -0.6161 0.226
v -0.67446 -0.62876 0.226
v -0.3085 -0.31696 0.26896
v -0.30155 -0.3043 0.26789
v -0.43281 -0.42511 0.26554
v -0.42585 -0.41245 0.26461
v -0.43976 -0.43777 0.26642
v -0.55711 -0.53326 0.25515
v -0.55016 -0.5206 0.25466
v -0.68142 -0.64142 0.226
v -0.68837 -0.65408 0.226
v -0.57102 -0.55858 0.25612
v -0.56407 -0.54592 0.25564
v -0.69533 -0.66674 0.226
v -0.70228 -0.6794 0.226
v -0.28764 -0.27898 0.26534
v -0.4189 -0.39979 0.26364
v -0.29459 -0.29164 0.26665
v 0.23071 0.17885 0.23959
v 0.36197 0.29966 0.226
v 0.364 0.30145 0.226
v 0.22869 0.17705 0.23978
v 0.35995 0.29787 0.226
v 0.09743 0.05624 0.25264
v 0.22666 0.17526 0.23997
v 0.35792 0.29607 0.226
v 0.22464 0.17347 0.24016
v 0.3559 0.29428 0.226
v 0.09338 0.05266 0.25293
v -0.03586 -0.06636 0.26183
v 0.0954 0.05445 0.25279
v -0.03788 -0.06816 0.26192
v -0.16914 -0.18897 0.26715
v 0.22261 0.17168 0.24034
v 0.35387 0.29249 0.226
v 0.22059 0.16988 0.24053
v 0.35185 0.2907 0.226
v 0.08933 0.04907 0.25322
v 0.21856 0.16809 0.24071
v 0.34982 0.2889 0.226
v -0.04396 -0.07354 0.26219
v 0.0873 0.04728 0.25336
v -0.30243 -0.31158 0.26903
v -0.17117 -0.19076 0.26718
v -0.30445 -0.31337 0.26902
v -0.17319 -0.19256 0.26722
v -0.43571 -0.43418 0.26658
v -0.30648 -0.31516 0.26899
v -0.17522 -0.19435 0.26725
v -0.569 -0.55679 0.25639
v -0.43774 -0.43598 0.2665
v 0.09135 0.05086 0.25307
v -0.04193 -0.07174 0.2621
v -0.03991 -0.06995 0.26201
v 0.22458 0.16502 0.24417
v 0.09129 0.04242 0.25597
v 0.08515 0.02859 0.25897
v -0.04199 -0.08019 0.26419
v -0.17528 -0.2028 0.26882
v -0.18142 -0.21662 0.27034
v -0.05427 -0.10784 0.26824
v -0.04813 -0.09402 0.26632
v -0.18755 -0.23045 0.27173
v -0.19369 -0.24428 0.27299
v -0.30856 -0.3254 0.27027
v -0.44185 -0.44801 0.26776
v -0.44798 -0.46184 0.26881
v -0.57513 -0.57062 0.25737
v -0.70842 -0.69322 0.226
v -0.71455 -0.70705 0.226
v -0.58741 -0.59827 0.25923
v -0.58127 -0.58444 0.25831
v -0.72069 -0.72088 0.226
v -0.72683 -0.7347 0.226
v -0.33311 -0.38071 0.27434
v -0.32697 -0.36688 0.27343
v -0.4664 -0.50332 0.27116
v -0.46026 -0.48949 0.27041
v -0.47253 -0.51714 0.27187
v -0.59968 -0.62592 0.2605
v -0.59354 -0.6121 0.26006
v -0.73296 -0.74853 0.226
v -0.7391 -0.76236 0.226
v -0.61195 -0.65358 0.26136
v -0.60582 -0.63975 0.26093
v -0.74524 -0.77618 0.226
v -0.75138 -0.79001 0.226
v -0.3147 -0.33923 0.27141
v -0.45412 -0.47566 0.26963
v -0.32084 -0.35306 0.27246
v 0.2196 0.15065 0.24886
v 0.08018 0.01421 0.26202
v 0.0752 -0.00016 0.26473
v -0.05924 -0.12222 0.27019
v -0.19867 -0.25865 0.27432
v -0.20364 -0.27303 0.27551
v -0.0692 -0.15097 0.27341
v -0.06422 -0.13659 0.27189
v -0.20862 -0.2874 0.27652
v -0.2136 -0.30177 0.27742
v -0.33809 -0.39508 0.27535
v -0.47751 -0.53152 0.27276
v -0.48249 -0.54589 0.27361
v -0.61693 -0.66795 0.26218
v -0.75635 -0.80438 0.226
v -0.76133 -0.81876 0.226
v -0.62689 -0.6967 0.26375
v -0.62191 -0.68232 0.26298
v -0.76631 -0.83313 0.226
v -0.77128 -0.8475 0.226
v -0.358 -0.45258 0.27836
v -0.35302 -0.43821 0.27774
v -0.49742 -0.58901 0.27546
v -0.49244 -0.57464 0.27492
v -0.50239 -0.60339 0.27598
v -0.63684 -0.72545 0.26493
v -0.63186 -0.71107 0.2645
v -0.77626 -0.86188 0.226
v -0.78124 -0.87625 0.226
v -0.64679 -0.75419 0.26564
v -0.64182 -0.73982 0.26529
v -0.78621 -0.89063 0.226
v -0.79119 -0.905 0.226
v -0.34306 -0.40946 0.27628
v -0.48746 -0.56026 0.27434
v -0.34804 -0.42383 0.27706
v -0.69628 -0.89218 0.23542
v -0.69646 -0.905 0.226
v -0.60155 -0.89218 0.23542
v -0.60173 -0.905 0.226
v -0.60136 -0.87937 0.24337
v -0.50682 -0.89218 0.23542
v -0.507 -0.905 0.226
v -0.41209 -0.89218 0.23542
v -0.41227 -0.905 0.226
v -0.4119 -0.87937 0.24337
v -0.50645 -0.86655 0.25006
v -0.50663 -0.87937 0.24337
v -0.41172 -0.86655 0.25006
v -0.41153 -0.85374 0.25571
v -0.31736 -0.89218 0.23542
v -0.31754 -0.905 0.226
v -0.22263 -0.89218 0.23542
v -0.22281 -0.905 0.226
v -0.22244 -0.87937 0.24337
v -0.1279 -0.89218 0.23542
v -0.12808 -0.905 0.226
v -0.03317 -0.89218 0.226
v -0.03335 -0.905 0.226
v -0.03298 -0.87937 0.226
v -0.12752 -0.86655 0.25006
v -0.12771 -0.87937 0.24337
v -0.03279 -0.86655 0.226
v -0.03261 -0.85374 0.226
v -0.31661 -0.84092 0.26047
v -0.3168 -0.85374 0.25571
v -0.22188 -0.84092 0.26047
v -0.22207 -0.85374 0.25571
v -0.2217 -0.82811 0.26448
v -0.12715 -0.84092 0.26047
v -0.12734 -0.85374 0.25571
v -0.03242 -0.84092 0.226
v -0.03224 -0.82811 0.226
v -0.12678 -0.81529 0.26786
v -0.12697 -0.82811 0.26448
v -0.03205 -0.81529 0.226
v -0.03187 -0.80248 0.226
v -0.31717 -0.87937 0.24337
v -0.22226 -0.86655 0.25006
v -0.31699 -0.86655 0.25006
v -0.69619 -0.89076 0.23637
v -0.60127 -0.87795 0.24417
v -0.60118 -0.87652 0.24496
v -0.50635 -0.86513 0.25074
v -0.41144 -0.85232 0.25628
v -0.41135 -0.85089 0.25684
v -0.50617 -0.86228 0.25205
v -0.50626 -0.86371 0.2514
v -0.41126 -0.84947 0.25738
v -0.41117 -0.84805 0.25792
v -0.31652 -0.8395 0.26095
v -0.22161 -0.82668 0.26488
v -0.22152 -0.82526 0.26528
v -0.12669 -0.81387 0.2682
v -0.03178 -0.80105 0.226
v -0.03169 -0.79963 0.226
v -0.12651 -0.81102 0.26886
v -0.1266 -0.81245 0.26853
v -0.03159 -0.79821 0.226
v -0.0315 -0.79678 0.226
v -0.31616 -0.83381 0.26278
v -0.31625 -0.83523 0.26233
v -0.22124 -0.82099 0.26643
v -0.22133 -0.82242 0.26605
v -0.22115 -0.81957 0.26679
v -0.12633 -0.80818 0.26895
v -0.12642 -0.8096 0.26897
v -0.03141 -0.79536 0.226
v -0.03132 -0.79394 0.226
v -0.12615 -0.80533 0.26892
v -0.12624 -0.80675 0.26893
v -0.03123 -0.79252 0.226
v -0.03114 -0.79109 0.226
v -0.31643 -0.83808 0.26142
v -0.22143 -0.82384 0.26567
v -0.31634 -0.83665 0.26188
v -0.69335 -0.86594 0.25036
v -0.59835 -0.85171 0.25652
v -0.59551 -0.82689 0.26482
v -0.50334 -0.83747 0.26162
v -0.40833 -0.82323 0.26583
v -0.4055 -0.79841 0.27151
v -0.49767 -0.78783 0.27342
v -0.5005 -0.81265 0.26849
v -0.40266 -0.7736 0.2756
v -0.39983 -0.74878 0.27853
v -0.31333 -0.80899 0.26932
v -0.21832 -0.79475 0.2722
v -0.21548 -0.76994 0.27609
v -0.12331 -0.78051 0.26859
v -0.0283 -0.76628 0.226
v -0.02547 -0.74146 0.226
v -0.11764 -0.73088 0.26859
v -0.12048 -0.7557 0.26859
v -0.02264 -0.71664 0.226
v -0.0198 -0.69182 0.226
v -0.30199 -0.70972 0.28156
v -0.30482 -0.73454 0.27982
v -0.20698 -0.69548 0.28095
v -0.20982 -0.7203 0.28089
v -0.20415 -0.67067 0.28095
v -0.11198 -0.68125 0.26859
v -0.11481 -0.70606 0.26859
v -0.01697 -0.66701 0.226
v -0.01414 -0.64219 0.226
v -0.10631 -0.63161 0.26859
v -0.10914 -0.65643 0.26859
v -0.0113 -0.61737 0.226
v -0.00847 -0.59256 0.226
v -0.31049 -0.78417 0.27402
v -0.21265 -0.74512 0.27888
v -0.30766 -0.75936 0.27739
v -0.69312 -0.86452 0.25102
v -0.59528 -0.82547 0.26522
v -0.59504 -0.82405 0.26561
v -0.49744 -0.78641 0.27366
v -0.3996 -0.74736 0.27867
v -0.39936 -0.74594 0.2788
v -0.49697 -0.78357 0.27412
v -0.4972 -0.78499 0.27389
v -0.39913 -0.74451 0.27894
v -0.39889 -0.74309 0.27907
v -0.30176 -0.7083 0.28164
v -0.20392 -0.66925 0.28094
v -0.20368 -0.66782 0.28094
v -0.10608 -0.63019 0.26857
v -0.00824 -0.59114 0.226
v -0.008 -0.58971 0.226
v -0.10561 -0.62735 0.26854
v -0.10584 -0.62877 0.26855
v -0.00777 -0.58829 0.226
v -0.00753 -0.58687 0.226
v -0.30082 -0.70262 0.28196
v -0.30105 -0.70404 0.28188
v -0.20298 -0.66356 0.28092
v -0.20321 -0.66498 0.28093
v -0.20274 -0.66214 0.28092
v -0.10514 -0.6245 0.2685
v -0.10537 -0.62593 0.26852
v -0.0073 -0.58545 0.226
v -0.00706 -0.58403 0.226
v -0.10467 -0.62166 0.26847
v -0.1049 -0.62308 0.26848
v -0.00683 -0.58261 0.226
v -0.00659 -0.58118 0.226
v -0.30152 -0.70688 0.28173
v -0.20345 -0.6664 0.28093
v -0.30129 -0.70546 0.28181
v -0.68816 -0.84169 0.2602
v -0.59008 -0.80122 0.27096
v -0.58512 -0.77839 0.27491
v -0.49201 -0.76074 0.27723
v -0.39393 -0.72026 0.28089
v -0.38897 -0.69743 0.28223
v -0.48209 -0.71508 0.28123
v -0.48705 -0.73791 0.27953
v -0.38401 -0.67461 0.28322
v -0.37905 -0.65178 0.28395
v -0.29586 -0.67979 0.28302
v -0.19778 -0.63931 0.28076
v -0.19282 -0.61648 0.28059
v -0.09971 -0.59883 0.26791
v -0.00163 -0.55836 0.226
v 0.00333 -0.53553 0.226
v -0.08979 -0.55317 0.26725
v -0.09475 -0.576 0.2674
v 0.00829 -0.5127 0.226
v 0.01325 -0.48987 0.226
v -0.27602 -0.58847 0.28428
v -0.28098 -0.6113 0.28433
v -0.17794 -0.54799 0.28015
v -0.1829 -0.57082 0.28024
v -0.17298 -0.52516 0.28014
v -0.07986 -0.50752 0.26725
v -0.08483 -0.53035 0.26725
v 0.01821 -0.46704 0.226
v 0.02317 -0.44421 0.226
v -0.06994 -0.46186 0.26725
v -0.0749 -0.48469 0.26725
v 0.02813 -0.42138 0.226
v 0.03309 -0.39855 0.226
v -0.2909 -0.65696 0.2838
v -0.18786 -0.59365 0.28042
v -0.28594 -0.63413 0.28438
v -0.68779 -0.84034 0.26066
v -0.58476 -0.77703 0.27511
v -0.58439 -0.77568 0.2753
v -0.48172 -0.71373 0.28132
v -0.37869 -0.65042 0.28399
v -0.37832 -0.64907 0.28402
v -0.48099 -0.71102 0.28148
v -0.48136 -0.71237 0.2814
v -0.37796 -0.64771 0.28406
v -0.37759 -0.64636 0.28409
v -0.27565 -0.58711 0.28427
v -0.17262 -0.52381 0.28014
v -0.17225 -0.52245 0.28013
v -0.06958 -0.4605 0.26724
v 0.03346 -0.3972 0.226
v 0.03382 -0.39584 0.226
v -0.06885 -0.45779 0.2672
v -0.06922 -0.45915 0.26722
v 0.03418 -0.39449 0.226
v 0.03455 -0.39313 0.226
v -0.27419 -0.58169 0.28425
v -0.27456 -0.58305 0.28426
v -0.17116 -0.51839 0.28012
v -0.17152 -0.51974 0.28012
v -0.17079 -0.51703 0.28011
v -0.06812 -0.45508 0.26717
v -0.06849 -0.45644 0.26718
v 0.03491 -0.39178 0.226
v 0.03528 -0.39042 0.226
v -0.06739 -0.45237 0.26713
v -0.06776 -0.45373 0.26715
v 0.03564 -0.38907 0.226
v 0.03601 -0.38771 0.226
v -0.27529 -0.58576 0.28427
v -0.17189 -0.5211 0.28013
v -0.27492 -0.5844 0.28426
v -0.68102 -0.81932 0.26424
v -0.57762 -0.75466 0.27726
v -0.57085 -0.73364 0.27688
v -0.47422 -0.69 0.2821
v -0.37082 -0.62534 0.284
v -0.36405 -0.60432 0.28379
v -0.46068 -0.64796 0.28146
v -0.46745 -0.66898 0.28181
v -0.35728 -0.5833 0.28355
v -0.35051 -0.56228 0.28329
v -0.26742 -0.56068 0.28415
v -0.16402 -0.49601 0.27994
v -0.15725 -0.475 0.27976
v -0.06062 -0.43135 0.26658
v 0.04278 -0.36669 0.226
v 0.04955 -0.34567 0.226
v -0.04708 -0.38932 0.26544
v -0.05385 -0.41033 0.26602
v 0.05632 -0.32465 0.226
v 0.06309 -0.30364 0.226
v -0.24034 -0.4766 0.28388
v -0.24711 -0.49762 0.28394
v -0.13694 -0.41194 0.2792
v -0.14371 -0.43296 0.27939
v -0.13017 -0.39092 0.279
v -0.03354 -0.34728 0.26496
v -0.04031 -0.3683 0.265
v 0.06986 -0.28262 0.226
v 0.07663 -0.2616 0.226
v -0.02 -0.30524 0.26496
v -0.02677 -0.32626 0.26496
v 0.0834 -0.24058 0.226
v 0.09017 -0.21956 0.226
v -0.26065 -0.53966 0.28406
v -0.15048 -0.45398 0.27958
v -0.25388 -0.51864 0.284
v -0.68056 -0.81809 0.26425
v -0.57039 -0.73241 0.27686
v -0.56993 -0.73118 0.27684
v -0.46022 -0.64673 0.28144
v -0.35005 -0.56105 0.28328
v -0.34959 -0.55982 0.28326
v -0.45931 -0.64427 0.28141
v -0.45976 -0.6455 0.28142
v -0.34914 -0.55859 0.28325
v -0.34868 -0.55736 0.28324
v -0.23988 -0.47537 0.28387
v -0.12971 -0.38969 0.27899
v -0.12925 -0.38846 0.27897
v -0.01954 -0.30401 0.26494
v 0.09063 -0.21833 0.226
v 0.09109 -0.2171 0.226
v -0.01863 -0.30155 0.26491
v -0.01908 -0.30278 0.26493
v 0.09154 -0.21587 0.226
v 0.092 -0.21464 0.226
v -0.23805 -0.47045 0.28385
v -0.23851 -0.47168 0.28386
v -0.12788 -0.38477 0.27891
v -0.12834 -0.386 0.27893
v -0.12742 -0.38354 0.2789
v -0.01771 -0.29909 0.26488
v -0.01817 -0.30032 0.26489
v 0.09246 -0.21341 0.226
v 0.09292 -0.21218 0.226
v -0.01679 -0.29663 0.26484
v -0.01725 -0.29786 0.26486
v 0.09338 -0.21095 0.226
v 0.09384 -0.20972 0.226
v -0.23942 -0.47414 0.28387
v -0.1288 -0.38723 0.27895
v -0.23897 -0.47291 0.28386
v -0.6723 -0.7987 0.26416
v -0.56167 -0.71179 0.27658
v -0.55341 -0.69241 0.27631
v -0.45104 -0.62488 0.28117
v -0.34041 -0.53798 0.28301
v -0.33215 -0.51859 0.28272
v -0.43452 -0.58611 0.28062
v -0.44278 -0.6055 0.28092
v -0.32389 -0.4992 0.28241
v -0.31562 -0.47981 0.28206
v -0.22979 -0.45107 0.28372
v -0.11916 -0.36416 0.27851
v -0.11089 -0.34477 0.2782
v -0.00853 -0.27725 0.26429
v 0.1021 -0.19034 0.226
v 0.11036 -0.17095 0.226
v 0.008 -0.23847 0.26315
v -0.00026 -0.25786 0.26373
v 0.11863 -0.15156 0.226
v 0.12689 -0.13218 0.226
v -0.19673 -0.37352 0.2824
v -0.205 -0.3929 0.28281
v -0.0861 -0.28661 0.27757
v -0.09437 -0.30599 0.27779
v -0.07784 -0.26722 0.27736
v 0.02453 -0.1997 0.26195
v 0.01626 -0.21908 0.26256
v 0.13515 -0.11279 0.226
v 0.14342 -0.0934 0.226
v 0.04105 -0.16092 0.26167
v 0.03279 -0.18031 0.26167
v 0.15168 -0.07401 0.226
v 0.15994 -0.05463 0.226
v -0.22152 -0.43168 0.28346
v -0.10263 -0.32538 0.27799
v -0.21326 -0.41229 0.28317
v -0.6718 -0.79764 0.26417
v -0.5529 -0.69135 0.2763
v -0.5524 -0.69029 0.27629
v -0.43401 -0.58505 0.2806
v -0.31512 -0.47875 0.28205
v -0.31462 -0.47769 0.28203
v -0.43301 -0.58293 0.28056
v -0.43351 -0.58399 0.28058
v -0.31411 -0.47664 0.28201
v -0.31361 -0.47558 0.28199
v -0.19623 -0.37246 0.28238
v -0.07734 -0.26616 0.27734
v -0.07683 -0.2651 0.27732
v 0.04155 -0.15986 0.26165
v 0.16045 -0.05357 0.226
v 0.16095 -0.05251 0.226
v 0.04256 -0.15775 0.26162
v 0.04206 -0.1588 0.26164
v 0.16145 -0.05145 0.226
v 0.16196 -0.05039 0.226
v -0.19421 -0.36822 0.28228
v -0.19472 -0.36928 0.28231
v -0.07532 -0.26192 0.27727
v -0.07583 -0.26298 0.27728
v -0.07482 -0.26086 0.27725
v 0.04357 -0.15563 0.26159
v 0.04307 -0.15669 0.26161
v 0.16246 -0.04933 0.226
v 0.16296 -0.04827 0.226
v 0.04458 -0.15351 0.26156
v 0.04407 -0.15457 0.26158
v 0.16347 -0.04721 0.226
v 0.16397 -0.04615 0.226
v -0.19573 -0.3714 0.28235
v -0.07633 -0.26404 0.2773
v -0.19522 -0.37034 0.28233
v -0.66236 -0.77971 0.26456
v -0.54296 -0.67235 0.27625
v -0.53352 -0.65442 0.2762
v -0.42357 -0.565 0.2803
v -0.30417 -0.45764 0.28172
v -0.29473 -0.43971 0.28135
v -0.40469 -0.52913 0.27972
v -0.41413 -0.54707 0.28002
v -0.28529 -0.42178 0.28095
v -0.27585 -0.40384 0.28051
v -0.18478 -0.35029 0.28191
v -0.06538 -0.24293 0.27683
v -0.05594 -0.225 0.2764
v 0.05402 -0.13557 0.26102
v 0.17341 -0.02822 0.226
v 0.18285 -0.01029 0.226
v 0.07289 -0.09971 0.25989
v 0.06345 -0.11764 0.26046
v 0.19229 0.00765 0.226
v 0.20173 0.02558 0.226
v -0.14702 -0.27855 0.27983
v -0.15646 -0.29649 0.28046
v -0.02762 -0.1712 0.275
v -0.03706 -0.18913 0.27546
v -0.01818 -0.15326 0.2747
v 0.09177 -0.06384 0.25871
v 0.08233 -0.08177 0.25931
v 0.21117 0.04351 0.226
v 0.22061 0.06145 0.226
v 0.11065 -0.02797 0.25755
v 0.10121 -0.04591 0.25811
v 0.23005 0.07938 0.226
v 0.23949 0.09731 0.226
v -0.17534 -0.33235 0.28149
v -0.0465 -0.20706 0.27594
v -0.1659 -0.31442 0.28103
v -0.66186 -0.77885 0.26459
v -0.53303 -0.65356 0.2762
v -0.53254 -0.65269 0.2762
v -0.40419 -0.52827 0.27971
v -0.27536 -0.40298 0.28049
v -0.27487 -0.40211 0.28047
v -0.40321 -0.52654 0.27969
v -0.4037 -0.5274 0.2797
v -0.27437 -0.40125 0.28045
v -0.27388 -0.40039 0.28043
v -0.14652 -0.27769 0.2798
v -0.01769 -0.1524 0.27468
v -0.0172 -0.15154 0.27466
v 0.11115 -0.02711 0.25752
v 0.23998 0.09818 0.226
v 0.24047 0.09904 0.226
v 0.11213 -0.02538 0.25746
v 0.11164 -0.02625 0.25749
v 0.24097 0.09991 0.226
v 0.24146 0.10077 0.226
v -0.14455 -0.27423 0.27968
v -0.14504 -0.2751 0.27971
v -0.01571 -0.14894 0.27461
v -0.01621 -0.14981 0.27463
v -0.01522 -0.14808 0.27459
v 0.11312 -0.02366 0.25741
v 0.11263 -0.02452 0.25743
v 0.24195 0.10163 0.226
v 0.24245 0.1025 0.226
v 0.11411 -0.02193 0.25735
v 0.11361 -0.02279 0.25738
v 0.24294 0.10336 0.226
v 0.24344 0.10423 0.226
v -0.14603 -0.27683 0.27977
v -0.0167 -0.15067 0.27464
v -0.14554 -0.27596 0.27974
v 0.34893 0.2768 0.22862
v 0.20453 0.12599 0.25289
v 0.33386 0.25215 0.22728
v 0.06013 -0.02481 0.2678
v -0.08427 -0.17562 0.27508
v 0.04506 -0.04947 0.27043
v 0.31879 0.22749 0.22658
v 0.18946 0.10134 0.25357
v 0.17439 0.07669 0.25436
v 0.30372 0.20284 0.22647
v -0.22867 -0.32643 0.27835
v -0.37307 -0.47723 0.27889
v -0.24374 -0.35108 0.27918
v -0.51746 -0.62804 0.27612
v -0.25881 -0.37573 0.27988
v -0.38814 -0.50189 0.27938
v 0.28865 0.17819 0.22635
v 0.15932 0.05203 0.25513
v 0.14425 0.02738 0.25589
v 0.01492 -0.09877 0.27324
v 0.27358 0.15353 0.22623
v -0.00015 -0.12343 0.27393
v -0.12948 -0.24958 0.27879
v 0.25851 0.12888 0.22612
v 0.12918 0.00273 0.25662
v -0.09934 -0.20027 0.27654
v -0.11441 -0.22493 0.27778
v 0.02999 -0.07412 0.27251
v 0.35923 0.29346 0.22822
v 0.34416 0.2688 0.22812
v 0.35445 0.28546 0.22894
v 0.32909 0.24415 0.22677
v 0.31402 0.2195 0.22647
v 0.32431 0.23615 0.22647
v 0.34968 0.27747 0.22844
v 0.33938 0.26081 0.22761
v 0.33461 0.25281 0.22709
v 0.34491 0.26947 0.22793
v 0.29895 0.19484 0.22635
v 0.28387 0.17019 0.22623
v 0.29417 0.18685 0.22623
v 0.2688 0.14554 0.22612
v 0.25373 0.12088 0.226
v 0.26403 0.13754 0.226
v 0.2894 0.17885 0.22612
v 0.2791 0.16219 0.22612
v 0.27433 0.1542 0.226
v 0.28463 0.17086 0.226
v 0.34014 0.26147 0.22742
v 0.32984 0.24482 0.22658
v 0.32507 0.23682 0.22623
v 0.31477 0.22016 0.22623
v 0.33537 0.25348 0.22691
v 0.31 0.21217 0.22612
v 0.2997 0.19551 0.22612
v 0.29493 0.18751 0.226
v 0.30523 0.20417 0.226
v 0.3306 0.24548 0.22639
v 0.3203 0.22882 0.22612
v 0.31553 0.22083 0.226
v 0.32583 0.23748 0.226
v 0.30924 0.2115 0.22635
v 0.30447 0.2035 0.22623
v 0.31954 0.22816 0.22635
v 0.3708 0.30844 0.22688
v 0.37557 0.31644 0.226
v 0.37722 0.31858 0.226
v 0.36915 0.3063 0.22688
v 0.37392 0.3143 0.226
v 0.36437 0.29831 0.22805
v 0.36749 0.30416 0.22688
v 0.37226 0.31216 0.226
v 0.36584 0.30202 0.22688
v 0.37061 0.31002 0.226
v 0.36107 0.29402 0.22853
v 0.35795 0.28817 0.22793
v 0.36272 0.29617 0.22843
v 0.3563 0.28603 0.22803
v 0.35152 0.27803 0.22752
v 0.36419 0.29988 0.22703
v 0.36896 0.30788 0.226
v 0.36253 0.29774 0.22743
v 0.3673 0.30574 0.226
v 0.35776 0.28974 0.22874
v 0.36088 0.2956 0.22783
v 0.36565 0.30359 0.226
v 0.35134 0.27961 0.22834
v 0.35611 0.2876 0.22884
v 0.3451 0.26789 0.22711
v 0.34987 0.27589 0.22762
v 0.34345 0.26575 0.22721
v 0.34822 0.27375 0.22772
v 0.33868 0.25776 0.2267
v 0.34179 0.26361 0.22732
v 0.34656 0.27161 0.22783
v 0.33225 0.24762 0.22628
v 0.33702 0.25562 0.2268
v 0.35941 0.29188 0.22863
v 0.35299 0.28175 0.22823
v 0.35464 0.28389 0.22813
v 0.37123 0.3091 0.22684
v 0.36481 0.29896 0.22789
v 0.36524 0.29962 0.22773
v 0.35838 0.28883 0.22794
v 0.35196 0.27869 0.22754
v 0.35239 0.27935 0.22755
v 0.35925 0.29014 0.22798
v 0.35881 0.28949 0.22796
v 0.35282 0.28001 0.22757
v 0.35325 0.28067 0.22759
v 0.34553 0.26855 0.22713
v 0.33911 0.25842 0.22671
v 0.33954 0.25907 0.22673
v 0.33268 0.24828 0.2263
v 0.32626 0.23814 0.226
v 0.32669 0.2388 0.226
v 0.33355 0.2496 0.22633
v 0.33312 0.24894 0.22631
v 0.32712 0.23946 0.226
v 0.32756 0.24012 0.226
v 0.34726 0.27119 0.22719
v 0.34683 0.27053 0.22718
v 0.34084 0.26105 0.22678
v 0.34041 0.26039 0.22676
v 0.34127 0.26171 0.2268
v 0.33441 0.25091 0.22637
v 0.33398 0.25026 0.22635
v 0.32799 0.24078 0.226
v 0.32842 0.24144 0.226
v 0.33528 0.25223 0.2264
v 0.33485 0.25157 0.22638
v 0.32885 0.24209 0.226
v 0.32929 0.24275 0.226
v 0.34597 0.26921 0.22714
v 0.33997 0.25973 0.22675
v 0.3464 0.26987 0.22716
v 0.38207 0.32466 0.22725
v 0.37608 0.31518 0.22693
v 0.38692 0.33074 0.22836
v 0.37009 0.3057 0.22775
v 0.3641 0.29622 0.22759
v 0.37494 0.31178 0.22759
v 0.39177 0.33682 0.22798
v 0.38093 0.32126 0.22765
v 0.38578 0.32734 0.22759
v 0.39662 0.3429 0.22759
v 0.3581 0.28675 0.22719
v 0.35211 0.27727 0.2268
v 0.36295 0.29283 0.2268
v 0.34612 0.26779 0.2264
v 0.34013 0.25831 0.226
v 0.35097 0.27387 0.226
v 0.3678 0.29891 0.2264
v 0.35696 0.28335 0.2264
v 0.36181 0.28943 0.226
v 0.37265 0.30499 0.226
v 0.40147 0.34898 0.22719
v 0.39063 0.33342 0.22719
v 0.39548 0.3395 0.2268
v 0.38464 0.32395 0.2268
v 0.40632 0.35506 0.2268
v 0.38948 0.33003 0.2264
v 0.37864 0.31447 0.2264
v 0.38349 0.32055 0.226
v 0.39433 0.33611 0.226
v 0.41117 0.36114 0.2264
v 0.40033 0.34559 0.2264
v 0.40517 0.35167 0.226
v 0.41602 0.36723 0.226
v 0.36895 0.30231 0.22719
v 0.37379 0.30839 0.2268
v 0.37979 0.31786 0.22719
v 0.39063 0.34155 0.22794
v 0.38579 0.33547 0.226
v 0.38701 0.33788 0.226
v 0.38941 0.33914 0.22755
v 0.38456 0.33305 0.226
v 0.39426 0.34522 0.22982
v 0.38819 0.33672 0.22725
v 0.38334 0.33064 0.226
v 0.38697 0.33431 0.22725
v 0.38212 0.32823 0.226
v 0.39181 0.34039 0.22906
v 0.39789 0.34888 0.22941
v 0.39304 0.3428 0.22944
v 0.39666 0.34647 0.22913
v 0.40151 0.35255 0.22874
v 0.38574 0.3319 0.22725
v 0.38089 0.32582 0.226
v 0.38452 0.32949 0.22725
v 0.37967 0.3234 0.226
v 0.38937 0.33557 0.22847
v 0.3833 0.32707 0.22725
v 0.37845 0.32099 0.226
v 0.39299 0.33923 0.22827
v 0.38815 0.33315 0.22847
v 0.40514 0.35622 0.22807
v 0.40029 0.35014 0.22846
v 0.40392 0.35381 0.22778
v 0.39907 0.34773 0.22817
v 0.40876 0.35989 0.22739
v 0.40269 0.3514 0.22749
v 0.39784 0.34531 0.22788
v 0.41239 0.36356 0.2267
v 0.40754 0.35748 0.22709
v 0.39059 0.33798 0.22867
v 0.39422 0.34165 0.22855
v 0.39544 0.34406 0.22884
v 0.39588 0.35974 0.22817
v 0.39226 0.35607 0.226
v 0.393 0.35867 0.226
v 0.39513 0.35714 0.22794
v 0.39151 0.35347 0.226
v 0.39876 0.36081 0.23027
v 0.39438 0.35454 0.22794
v 0.39076 0.35087 0.226
v 0.39363 0.35194 0.22794
v 0.39001 0.34828 0.226
v 0.39726 0.35561 0.22982
v 0.40163 0.36188 0.23228
v 0.39801 0.35821 0.22989
v 0.40088 0.35928 0.23192
v 0.40451 0.36295 0.23134
v 0.39288 0.34934 0.22794
v 0.38926 0.34568 0.226
v 0.39213 0.34675 0.22794
v 0.38851 0.34308 0.226
v 0.39576 0.35041 0.22982
v 0.39138 0.34415 0.22794
v 0.38776 0.34048 0.226
v 0.39864 0.35148 0.23006
v 0.39501 0.34781 0.22982
v 0.40739 0.36402 0.23005
v 0.40376 0.36035 0.2307
v 0.40664 0.36142 0.2294
v 0.40301 0.35775 0.23006
v 0.41026 0.36509 0.22873
v 0.40589 0.35882 0.22874
v 0.40226 0.35515 0.22941
v 0.41314 0.36616 0.22738
v 0.40951 0.36249 0.22806
v 0.39651 0.35301 0.22982
v 0.39939 0.35408 0.23071
v 0.40013 0.35668 0.23135
v 0.39763 0.37859 0.22817
v 0.39475 0.37752 0.226
v 0.395 0.38022 0.226
v 0.39738 0.3759 0.22817
v 0.3945 0.37483 0.226
v 0.40025 0.37697 0.23027
v 0.39713 0.37321 0.22817
v 0.39425 0.37214 0.226
v 0.39688 0.37051 0.22817
v 0.394 0.36944 0.226
v 0.39976 0.37158 0.23027
v 0.40288 0.37535 0.23228
v 0.4 0.37428 0.23027
v 0.40263 0.37265 0.23228
v 0.40551 0.37372 0.23423
v 0.39663 0.36782 0.22817
v 0.39375 0.36675 0.226
v 0.39638 0.36513 0.22817
v 0.3935 0.36406 0.226
v 0.39926 0.3662 0.23027
v 0.39613 0.36243 0.22817
v 0.39325 0.36136 0.226
v 0.40188 0.36457 0.23228
v 0.39901 0.3635 0.23027
v 0.40813 0.3721 0.23296
v 0.40526 0.37103 0.23419
v 0.40789 0.3694 0.23201
v 0.40501 0.36833 0.23325
v 0.41076 0.37047 0.23074
v 0.40764 0.36671 0.23104
v 0.40476 0.36564 0.23231
v 0.41339 0.36885 0.22842
v 0.41051 0.36778 0.22974
v 0.39951 0.36889 0.23027
v 0.40213 0.36727 0.23228
v 0.40238 0.36996 0.23228
v 0.39581 0.39744 0.22794
v 0.39318 0.39906 0.226
v 0.39292 0.40176 0.226
v 0.39607 0.39475 0.22794
v 0.39344 0.39637 0.226
v 0.3987 0.39312 0.22981
v 0.39633 0.39205 0.22794
v 0.3937 0.39368 0.226
v 0.39659 0.38936 0.22794
v 0.39396 0.39099 0.226
v 0.39922 0.38774 0.22981
v 0.40158 0.38881 0.23162
v 0.39896 0.39043 0.22981
v 0.40184 0.38611 0.23162
v 0.40447 0.38449 0.23337
v 0.39685 0.38667 0.22794
v 0.39422 0.38829 0.226
v 0.39711 0.38398 0.22794
v 0.39448 0.3856 0.226
v 0.39973 0.38235 0.22981
v 0.39737 0.38129 0.22794
v 0.39474 0.38291 0.226
v 0.40262 0.37804 0.23192
v 0.39999 0.37966 0.22989
v 0.40736 0.38017 0.23511
v 0.40473 0.3818 0.23337
v 0.40762 0.37748 0.23542
v 0.40499 0.37911 0.23352
v 0.41024 0.37586 0.23331
v 0.40788 0.37479 0.23421
v 0.40525 0.37641 0.23388
v 0.41313 0.37154 0.22977
v 0.4105 0.37317 0.23204
v 0.39948 0.38505 0.22981
v 0.40236 0.38073 0.23162
v 0.4021 0.38342 0.23162
v 0.39049 0.41561 0.22723
v 0.38761 0.41993 0.226
v 0.38685 0.42252 0.226
v 0.39125 0.41302 0.22723
v 0.38837 0.41733 0.226
v 0.39414 0.4087 0.22844
v 0.39201 0.41042 0.22723
v 0.38913 0.41474 0.226
v 0.39277 0.40782 0.22723
v 0.38989 0.41214 0.226
v 0.39566 0.40351 0.22844
v 0.39779 0.40179 0.22975
v 0.3949 0.4061 0.22844
v 0.39855 0.39919 0.23013
v 0.40143 0.39487 0.23193
v 0.39353 0.40523 0.22723
v 0.39065 0.40954 0.226
v 0.39429 0.40263 0.22723
v 0.3914 0.40695 0.226
v 0.39718 0.39832 0.22904
v 0.39505 0.40004 0.22754
v 0.39216 0.40435 0.226
v 0.40082 0.3914 0.23125
v 0.39794 0.39572 0.22943
v 0.40508 0.38796 0.23403
v 0.40219 0.39228 0.2323
v 0.40584 0.38537 0.23438
v 0.40295 0.38968 0.23266
v 0.40872 0.38105 0.23605
v 0.4066 0.38277 0.23473
v 0.40371 0.38709 0.23302
v 0.41237 0.37414 0.23135
v 0.40948 0.37845 0.2348
v 0.39642 0.40091 0.22866
v 0.40006 0.394 0.23088
v 0.39931 0.39659 0.23051
v 0.38187 0.43247 0.22608
v 0.37822 0.43938 0.226
v 0.37699 0.44179 0.226
v 0.3831 0.43006 0.22608
v 0.37946 0.43697 0.226
v 0.38675 0.42315 0.22615
v 0.38433 0.42765 0.22608
v 0.38069 0.43456 0.226
v 0.38557 0.42524 0.22608
v 0.38192 0.43216 0.226
v 0.38921 0.41833 0.22687
v 0.39163 0.41383 0.22769
v 0.38798 0.42074 0.22647
v 0.39286 0.41142 0.22808
v 0.3965 0.40451 0.22927
v 0.3868 0.42284 0.22608
v 0.38315 0.42975 0.226
v 0.38803 0.42043 0.22643
v 0.38438 0.42734 0.226
v 0.39168 0.41352 0.22766
v 0.38926 0.41802 0.22684
v 0.38562 0.42493 0.226
v 0.39655 0.40419 0.22924
v 0.39291 0.41111 0.22805
v 0.40138 0.39519 0.23192
v 0.39774 0.4021 0.22974
v 0.40261 0.39278 0.23263
v 0.39897 0.39969 0.23048
v 0.40626 0.38587 0.2347
v 0.40385 0.39037 0.23334
v 0.4002 0.39728 0.23121
v 0.40749 0.38346 0.23538
v 0.41114 0.37655 0.23309
v 0.39044 0.41592 0.22726
v 0.39532 0.4066 0.22886
v 0.39409 0.40901 0.22847
v 0.3822 0.43292 0.22647
v 0.38708 0.4236 0.22655
v 0.3874 0.42405 0.22694
v 0.39195 0.41428 0.22803
v 0.39683 0.40496 0.22961
v 0.39716 0.40541 0.22994
v 0.39261 0.41518 0.22871
v 0.39228 0.41473 0.22837
v 0.39749 0.40586 0.23027
v 0.39781 0.40631 0.23059
v 0.40171 0.39564 0.23218
v 0.40659 0.38632 0.23495
v 0.40691 0.38677 0.2352
v 0.41147 0.377 0.23309
v 0.41634 0.36768 0.226
v 0.41667 0.36813 0.226
v 0.41212 0.3779 0.23311
v 0.41179 0.37745 0.2331
v 0.417 0.36858 0.226
v 0.41733 0.36903 0.226
v 0.40302 0.39744 0.23323
v 0.40269 0.39699 0.23297
v 0.4079 0.38812 0.23595
v 0.40757 0.38767 0.2357
v 0.40822 0.38857 0.23619
v 0.41277 0.3788 0.23312
v 0.41245 0.37835 0.23312
v 0.41765 0.36948 0.226
v 0.41798 0.36993 0.226
v 0.41343 0.3797 0.23314
v 0.4131 0.37925 0.23313
v 0.41831 0.37038 0.226
v 0.41863 0.37083 0.226
v 0.40204 0.39609 0.23245
v 0.40724 0.38722 0.23545
v 0.40236 0.39654 0.23271
v 0.39326 0.44756 0.23824
v 0.39847 0.43869 0.23862
v 0.40954 0.45333 0.24799
v 0.40367 0.42982 0.23902
v 0.40888 0.42095 0.24047
v 0.41995 0.43559 0.24867
v 0.42581 0.4591 0.25415
v 0.41474 0.44446 0.24829
v 0.43101 0.45023 0.24985
v 0.44208 0.46487 0.24985
v 0.41409 0.41208 0.24197
v 0.41929 0.40321 0.23943
v 0.43036 0.41785 0.23943
v 0.4245 0.39434 0.23314
v 0.4297 0.38547 0.226
v 0.44077 0.40011 0.226
v 0.44663 0.42362 0.23314
v 0.43556 0.40898 0.23314
v 0.45184 0.41475 0.226
v 0.4629 0.42939 0.226
v 0.45835 0.47064 0.24497
v 0.44729 0.456 0.24497
v 0.46356 0.46177 0.23943
v 0.45249 0.44713 0.23943
v 0.47463 0.47641 0.23943
v 0.46876 0.4529 0.23314
v 0.4577 0.43826 0.23314
v 0.47397 0.44403 0.226
v 0.48504 0.45867 0.226
v 0.4909 0.48218 0.23314
v 0.47983 0.46754 0.23314
v 0.4961 0.47331 0.226
v 0.50717 0.48795 0.226
v 0.42515 0.42672 0.24497
v 0.44143 0.43249 0.23943
v 0.43622 0.44136 0.24497
v 0.38163 0.4625 0.23777
v 0.36536 0.45673 0.226
v 0.3637 0.45886 0.226
v 0.3833 0.46036 0.23777
v 0.36702 0.45459 0.226
v 0.39957 0.46613 0.24724
v 0.38496 0.45823 0.23777
v 0.36868 0.45246 0.226
v 0.38662 0.45609 0.23777
v 0.37035 0.45032 0.226
v 0.40289 0.46186 0.24724
v 0.4175 0.46977 0.25488
v 0.40123 0.464 0.24724
v 0.41916 0.46763 0.25497
v 0.43544 0.4734 0.25455
v 0.38828 0.45396 0.23777
v 0.37201 0.44819 0.226
v 0.38994 0.45183 0.23777
v 0.37367 0.44606 0.226
v 0.40621 0.4576 0.24747
v 0.3916 0.44969 0.23792
v 0.37533 0.44392 0.226
v 0.42415 0.46123 0.25524
v 0.40788 0.45546 0.24773
v 0.45337 0.47704 0.24904
v 0.4371 0.47127 0.25344
v 0.45503 0.4749 0.24773
v 0.43876 0.46913 0.25228
v 0.4713 0.48067 0.24256
v 0.45669 0.47277 0.24637
v 0.44042 0.467 0.25109
v 0.48924 0.48431 0.23495
v 0.47296 0.47854 0.24102
v 0.40455 0.45973 0.2473
v 0.42249 0.46337 0.25533
v 0.42082 0.4655 0.25513
v 0.36741 0.475 0.23659
v 0.34948 0.47136 0.226
v 0.34745 0.47315 0.226
v 0.36944 0.47321 0.23659
v 0.35151 0.46957 0.226
v 0.38738 0.47685 0.24564
v 0.37147 0.47142 0.23659
v 0.35354 0.46779 0.226
v 0.37351 0.46964 0.23659
v 0.35557 0.466 0.226
v 0.39144 0.47327 0.24618
v 0.40734 0.4787 0.25378
v 0.38941 0.47506 0.24591
v 0.40937 0.47691 0.25399
v 0.42731 0.48055 0.25877
v 0.37554 0.46785 0.23679
v 0.3576 0.46422 0.226
v 0.37757 0.46607 0.23712
v 0.35964 0.46243 0.226
v 0.3955 0.4697 0.24671
v 0.3796 0.46428 0.23745
v 0.36167 0.46065 0.226
v 0.41547 0.47155 0.25463
v 0.39754 0.46792 0.24698
v 0.44727 0.4824 0.25282
v 0.42934 0.47876 0.25777
v 0.44931 0.48061 0.25161
v 0.43137 0.47697 0.25674
v 0.46724 0.48425 0.24558
v 0.45134 0.47882 0.25035
v 0.4334 0.47519 0.25566
v 0.48721 0.4861 0.23675
v 0.46927 0.48246 0.2441
v 0.39347 0.47149 0.24645
v 0.41344 0.47334 0.25442
v 0.41141 0.47512 0.25421
v 0.3511 0.48461 0.23469
v 0.33113 0.48276 0.226
v 0.3288 0.48413 0.226
v 0.35343 0.48323 0.23469
v 0.33346 0.48138 0.226
v 0.3734 0.48508 0.24363
v 0.35576 0.48186 0.2349
v 0.33579 0.48001 0.226
v 0.35809 0.48049 0.23524
v 0.33812 0.47864 0.226
v 0.37806 0.48234 0.2442
v 0.39569 0.48556 0.25158
v 0.37573 0.48371 0.24392
v 0.39802 0.48419 0.25202
v 0.41799 0.48604 0.25887
v 0.36042 0.47911 0.23558
v 0.34045 0.47727 0.226
v 0.36275 0.47774 0.23592
v 0.34279 0.47589 0.226
v 0.38272 0.47959 0.24477
v 0.36508 0.47637 0.23626
v 0.34512 0.47452 0.226
v 0.40501 0.48007 0.25334
v 0.38505 0.47822 0.24514
v 0.44028 0.48651 0.2562
v 0.42032 0.48466 0.25923
v 0.44261 0.48514 0.25512
v 0.42265 0.48329 0.25958
v 0.46258 0.48699 0.24837
v 0.44494 0.48377 0.25399
v 0.42498 0.48192 0.25973
v 0.48487 0.48747 0.23849
v 0.46491 0.48562 0.247
v 0.38039 0.48096 0.24448
v 0.40268 0.48144 0.25291
v 0.40035 0.48281 0.25247
v 0.33327 0.49099 0.2322
v 0.31098 0.49052 0.226
v 0.30843 0.49143 0.226
v 0.33582 0.49008 0.23256
v 0.31353 0.48961 0.226
v 0.35812 0.49056 0.2403
v 0.33837 0.48917 0.23292
v 0.31607 0.48869 0.226
v 0.34091 0.48826 0.23328
v 0.31862 0.48778 0.226
v 0.36321 0.48873 0.24132
v 0.38296 0.49012 0.24897
v 0.36066 0.48965 0.24074
v 0.38551 0.48921 0.24946
v 0.4078 0.48969 0.25669
v 0.34346 0.48734 0.23364
v 0.32116 0.48687 0.226
v 0.34601 0.48643 0.23399
v 0.32371 0.48596 0.226
v 0.3683 0.48691 0.24249
v 0.34855 0.48552 0.23434
v 0.32626 0.48504 0.226
v 0.39314 0.48647 0.25097
v 0.37085 0.486 0.24307
v 0.43264 0.48925 0.25913
v 0.41035 0.48878 0.25725
v 0.43519 0.48834 0.25818
v 0.41289 0.48786 0.2578
v 0.45749 0.48882 0.25088
v 0.43774 0.48743 0.25721
v 0.41544 0.48695 0.25834
v 0.48233 0.48838 0.24009
v 0.46003 0.4879 0.24965
v 0.36576 0.48782 0.24191
v 0.3906 0.48739 0.25043
v 0.38805 0.4883 0.24994
v 0.31457 0.49393 0.22944
v 0.28973 0.49436 0.226
v 0.28706 0.49478 0.226
v 0.31724 0.49351 0.22982
v 0.2924 0.49394 0.226
v 0.34208 0.49307 0.23651
v 0.31991 0.49309 0.23019
v 0.29507 0.49353 0.226
v 0.32259 0.49267 0.23057
v 0.29774 0.49311 0.226
v 0.34743 0.49224 0.23781
v 0.3696 0.49222 0.24521
v 0.34476 0.49265 0.23717
v 0.37227 0.4918 0.24599
v 0.39711 0.49136 0.25377
v 0.32526 0.49225 0.23094
v 0.30042 0.49269 0.226
v 0.32793 0.49183 0.23131
v 0.30309 0.49227 0.226
v 0.35277 0.4914 0.23907
v 0.3306 0.49141 0.23168
v 0.30576 0.49185 0.226
v 0.38029 0.49054 0.24825
v 0.35545 0.49098 0.23969
v 0.42463 0.49051 0.26157
v 0.39979 0.49094 0.25448
v 0.4273 0.49009 0.26078
v 0.40246 0.49053 0.25521
v 0.45214 0.48965 0.25304
v 0.42997 0.48967 0.25997
v 0.40513 0.49011 0.25596
v 0.47966 0.4888 0.24153
v 0.45481 0.48924 0.25197
v 0.3501 0.49182 0.23844
v 0.37762 0.49096 0.24751
v 0.37494 0.49138 0.24676
v 0.31476 0.49417 0.22965
v 0.34227 0.49331 0.23671
v 0.34246 0.49356 0.23691
v 0.36978 0.49246 0.24538
v 0.3973 0.4916 0.2539
v 0.39749 0.49185 0.25403
v 0.37016 0.49294 0.24571
v 0.36997 0.4927 0.24554
v 0.39767 0.49209 0.25416
v 0.39786 0.49233 0.25429
v 0.42481 0.49075 0.26157
v 0.45233 0.4899 0.25304
v 0.45251 0.49014 0.25304
v 0.47984 0.48904 0.24153
v 0.50736 0.48819 0.226
v 0.50754 0.48843 0.226
v 0.48021 0.48952 0.24152
v 0.48003 0.48928 0.24153
v 0.50773 0.48867 0.226
v 0.50792 0.48891 0.226
v 0.42556 0.49171 0.26157
v 0.42537 0.49147 0.26157
v 0.45307 0.49086 0.25303
v 0.45289 0.49062 0.25303
v 0.45326 0.4911 0.25303
v 0.48059 0.49 0.24152
v 0.4804 0.48976 0.24152
v 0.5081 0.48915 0.226
v 0.50829 0.48939 0.226
v 0.48096 0.49049 0.24152
v 0.48077 0.49024 0.24152
v 0.50847 0.48963 0.226
v 0.50866 0.48987 0.226
v 0.425 0.49099 0.26157
v 0.4527 0.49038 0.25304
v 0.42519 0.49123 0.26157
v 0.32573 0.50807 0.24095
v 0.35343 0.50745 0.24715
v 0.36441 0.52135 0.25525
v 0.38113 0.50684 0.25417
v 0.40883 0.50622 0.26092
v 0.41981 0.52012 0.26618
v 0.40308 0.53463 0.26614
v 0.39211 0.52074 0.26086
v 0.43079 0.53402 0.26762
v 0.44176 0.54791 0.26756
v 0.43653 0.50561 0.26144
v 0.46423 0.505 0.25287
v 0.47521 0.51889 0.25273
v 0.49193 0.50438 0.24132
v 0.51964 0.50377 0.226
v 0.53061 0.51767 0.226
v 0.51389 0.53218 0.24132
v 0.50291 0.51828 0.24132
v 0.54159 0.53156 0.226
v 0.55256 0.54546 0.226
v 0.48044 0.5612 0.26123
v 0.46946 0.5473 0.26123
v 0.50814 0.56058 0.25273
v 0.49716 0.54669 0.25273
v 0.51911 0.57448 0.25273
v 0.53584 0.55997 0.24132
v 0.52486 0.54607 0.24132
v 0.56354 0.55936 0.226
v 0.57451 0.57325 0.226
v 0.55779 0.58776 0.24132
v 0.54681 0.57387 0.24132
v 0.58549 0.58715 0.226
v 0.59647 0.60105 0.226
v 0.44751 0.51951 0.26132
v 0.48619 0.53279 0.25273
v 0.45849 0.5334 0.26123
v 0.30681 0.50744 0.23725
v 0.26813 0.49416 0.226
v 0.30951 0.50753 0.23758
v 0.27084 0.49425 0.226
v 0.34819 0.52082 0.25149
v 0.31222 0.50762 0.23793
v 0.27354 0.49434 0.226
v 0.31492 0.50771 0.2385
v 0.27624 0.49443 0.226
v 0.35359 0.52099 0.25278
v 0.38957 0.53419 0.26368
v 0.35089 0.52091 0.25213
v 0.39227 0.53428 0.26416
v 0.43095 0.54756 0.26949
v 0.31762 0.5078 0.23912
v 0.27895 0.49452 0.226
v 0.32033 0.50789 0.23974
v 0.28165 0.49461 0.226
v 0.359 0.52117 0.25404
v 0.32303 0.50798 0.24035
v 0.28435 0.49469 0.226
v 0.40038 0.53454 0.26564
v 0.3617 0.52126 0.25465
v 0.47233 0.56093 0.2632
v 0.43365 0.54765 0.26902
v 0.47503 0.56102 0.26256
v 0.43635 0.54774 0.26855
v 0.51371 0.5743 0.25452
v 0.47773 0.56111 0.2619
v 0.43906 0.54783 0.26806
v 0.55509 0.58767 0.24254
v 0.51641 0.57439 0.25364
v 0.3563 0.52108 0.25342
v 0.39768 0.53445 0.26515
v 0.39497 0.53437 0.26465
v 0.30682 0.50746 0.23726
v 0.3482 0.52084 0.25151
v 0.34822 0.52086 0.25152
v 0.38958 0.53421 0.26369
v 0.43096 0.54758 0.26949
v 0.43098 0.5476 0.26949
v 0.38961 0.53425 0.2637
v 0.3896 0.53423 0.26369
v 0.43099 0.54762 0.26949
v 0.43101 0.54764 0.26949
v 0.47234 0.56095 0.2632
v 0.51372 0.57432 0.25452
v 0.51374 0.57434 0.25452
v 0.5551 0.58769 0.24254
v 0.59648 0.60107 0.226
v 0.5965 0.60109 0.226
v 0.55513 0.58773 0.24254
v 0.55512 0.58771 0.24254
v 0.59651 0.6011 0.226
v 0.59653 0.60112 0.226
v 0.4724 0.56103 0.2632
v 0.47239 0.56101 0.2632
v 0.51378 0.5744 0.25452
v 0.51377 0.57438 0.25452
v 0.5138 0.57442 0.25452
v 0.55516 0.58777 0.24254
v 0.55515 0.58775 0.24254
v 0.59654 0.60114 0.226
v 0.59656 0.60116 0.226
v 0.55519 0.58781 0.24254
v 0.55518 0.58779 0.24254
v 0.59657 0.60118 0.226
v 0.59659 0.6012 0.226
v 0.47236 0.56097 0.2632
v 0.51375 0.57436 0.25452
v 0.47237 0.56099 0.2632
v 0.3173 0.52068 0.24608
v 0.3587 0.53407 0.25839
v 0.36917 0.54729 0.2639
v 0.40009 0.54747 0.26819
v 0.44149 0.56086 0.26948
v 0.45197 0.57408 0.26947
v 0.42105 0.5739 0.27402
v 0.41057 0.56068 0.27177
v 0.46244 0.58729 0.26946
v 0.47292 0.60051 0.26946
v 0.48288 0.57425 0.26319
v 0.52428 0.58764 0.25451
v 0.53476 0.60086 0.25449
v 0.56567 0.60103 0.24252
v 0.60707 0.61442 0.226
v 0.61755 0.62764 0.226
v 0.58663 0.62747 0.2425
v 0.57615 0.61425 0.2425
v 0.62802 0.64086 0.226
v 0.6385 0.65408 0.226
v 0.52479 0.62712 0.26315
v 0.51432 0.61391 0.26316
v 0.56619 0.64052 0.25447
v 0.55571 0.6273 0.25447
v 0.57667 0.65373 0.25447
v 0.60758 0.65391 0.2425
v 0.59711 0.64069 0.2425
v 0.64898 0.6673 0.226
v 0.65946 0.68052 0.226
v 0.62854 0.68034 0.2425
v 0.61806 0.66713 0.2425
v 0.66993 0.69374 0.226
v 0.68041 0.70695 0.226
v 0.49336 0.58747 0.26318
v 0.54523 0.61408 0.25448
v 0.50384 0.60069 0.26317
v 0.32595 0.53206 0.2527
v 0.37782 0.55867 0.26771
v 0.38647 0.57004 0.27086
v 0.4297 0.58528 0.27406
v 0.48157 0.61189 0.26951
v 0.49022 0.62326 0.26957
v 0.44699 0.60803 0.27415
v 0.43834 0.59665 0.2741
v 0.49886 0.63464 0.26963
v 0.50751 0.64601 0.26969
v 0.53344 0.6385 0.26323
v 0.58531 0.66511 0.25459
v 0.59396 0.67648 0.25471
v 0.63719 0.69172 0.24267
v 0.68906 0.71833 0.226
v 0.69771 0.7297 0.226
v 0.65448 0.71447 0.243
v 0.64583 0.70309 0.24284
v 0.70636 0.74108 0.226
v 0.715 0.75245 0.226
v 0.56803 0.68399 0.26357
v 0.55938 0.67262 0.26349
v 0.6199 0.7106 0.25507
v 0.61126 0.69923 0.25495
v 0.62855 0.72198 0.25518
v 0.67178 0.73722 0.24312
v 0.66313 0.72584 0.24312
v 0.72365 0.76383 0.226
v 0.7323 0.7752 0.226
v 0.68907 0.75996 0.24312
v 0.68043 0.74859 0.24312
v 0.74095 0.78657 0.226
v 0.74959 0.79795 0.226
v 0.54209 0.64987 0.26331
v 0.60261 0.68786 0.25483
v 0.55074 0.66125 0.2634
v 0.32626 0.5328 0.25305
v 0.38678 0.57079 0.27102
v 0.38709 0.57153 0.27118
v 0.4473 0.60877 0.27418
v 0.50782 0.64675 0.26973
v 0.50813 0.6475 0.26978
v 0.44793 0.61026 0.27425
v 0.44761 0.60951 0.27421
v 0.50845 0.64824 0.26983
v 0.50876 0.64899 0.26987
v 0.56834 0.68474 0.26364
v 0.62886 0.72272 0.25527
v 0.62918 0.72347 0.25536
v 0.68938 0.76071 0.24323
v 0.74991 0.79869 0.226
v 0.75022 0.79944 0.226
v 0.69001 0.76219 0.24346
v 0.6897 0.76145 0.24335
v 0.75053 0.80018 0.226
v 0.75084 0.80092 0.226
v 0.56959 0.68771 0.2639
v 0.56928 0.68697 0.26383
v 0.63011 0.7257 0.25563
v 0.6298 0.72495 0.25554
v 0.63042 0.72644 0.25572
v 0.69063 0.76368 0.24369
v 0.69032 0.76294 0.24358
v 0.75115 0.80167 0.226
v 0.75146 0.80241 0.226
v 0.69126 0.76517 0.24392
v 0.69094 0.76443 0.2438
v 0.75178 0.80315 0.226
v 0.75209 0.8039 0.226
v 0.56866 0.68548 0.2637
v 0.62949 0.72421 0.25545
v 0.56897 0.68623 0.26377
v 0.32698 0.53478 0.25397
v 0.38782 0.57351 0.27159
v 0.38854 0.57549 0.27198
v 0.44865 0.61224 0.27435
v 0.50948 0.65097 0.27002
v 0.5102 0.65295 0.27016
v 0.45009 0.6162 0.27455
v 0.44937 0.61422 0.27445
v 0.51092 0.65492 0.27029
v 0.51165 0.6569 0.27043
v 0.57031 0.68969 0.26409
v 0.63115 0.72842 0.25598
v 0.63187 0.7304 0.25625
v 0.69198 0.76715 0.24427
v 0.75281 0.80588 0.226
v 0.75353 0.80786 0.226
v 0.69342 0.77111 0.24495
v 0.6927 0.76913 0.24461
v 0.75425 0.80984 0.226
v 0.75498 0.81182 0.226
v 0.5732 0.69761 0.26485
v 0.57248 0.69563 0.26467
v 0.63403 0.73634 0.25703
v 0.63331 0.73436 0.25677
v 0.63476 0.73832 0.25728
v 0.69487 0.77507 0.24563
v 0.69414 0.77309 0.24529
v 0.7557 0.8138 0.226
v 0.75642 0.81578 0.226
v 0.69631 0.77903 0.24629
v 0.69559 0.77705 0.24596
v 0.75714 0.81776 0.226
v 0.75787 0.81974 0.226
v 0.57104 0.69167 0.26428
v 0.63259 0.73238 0.25651
v 0.57176 0.69365 0.26448
v 0.32757 0.53667 0.2548
v 0.38912 0.57737 0.27233
v 0.3897 0.57926 0.27268
v 0.45067 0.61808 0.27466
v 0.51223 0.65879 0.27058
v 0.51281 0.66068 0.27072
v 0.45184 0.62186 0.27488
v 0.45126 0.61997 0.27477
v 0.51339 0.66256 0.27087
v 0.51397 0.66445 0.27101
v 0.57378 0.6995 0.26505
v 0.63534 0.74021 0.25756
v 0.63592 0.74209 0.25782
v 0.69689 0.78091 0.24665
v 0.75845 0.82162 0.226
v 0.75903 0.82351 0.226
v 0.69806 0.78469 0.24736
v 0.69747 0.7828 0.24701
v 0.75961 0.82539 0.226
v 0.76019 0.82728 0.226
v 0.57611 0.70704 0.26584
v 0.57553 0.70516 0.26565
v 0.63767 0.74775 0.25858
v 0.63708 0.74586 0.25833
v 0.63825 0.74964 0.25882
v 0.69922 0.78846 0.24805
v 0.69864 0.78657 0.24771
v 0.76077 0.82917 0.226
v 0.76136 0.83105 0.226
v 0.70038 0.79223 0.24873
v 0.6998 0.79035 0.24839
v 0.76194 0.83294 0.226
v 0.76252 0.83483 0.226
v 0.57437 0.70138 0.26525
v 0.6365 0.74398 0.25808
v 0.57495 0.70327 0.26545
v 0.32804 0.53856 0.2556
v 0.39018 0.58115 0.27301
v 0.39066 0.58304 0.27333
v 0.45232 0.62375 0.27499
v 0.51445 0.66634 0.27117
v 0.51493 0.66823 0.27133
v 0.45327 0.62753 0.27523
v 0.4528 0.62564 0.27511
v 0.51541 0.67012 0.27148
v 0.51589 0.67201 0.27164
v 0.57659 0.70893 0.26605
v 0.63873 0.75153 0.2591
v 0.6392 0.75342 0.25937
v 0.70086 0.79412 0.24911
v 0.763 0.83672 0.226
v 0.76348 0.83861 0.226
v 0.70182 0.7979 0.24985
v 0.70134 0.79601 0.24948
v 0.76396 0.8405 0.226
v 0.76443 0.84239 0.226
v 0.5785 0.7165 0.26689
v 0.57803 0.71461 0.26668
v 0.64064 0.75909 0.26017
v 0.64016 0.7572 0.25991
v 0.64112 0.76098 0.26043
v 0.70278 0.80169 0.25058
v 0.7023 0.7998 0.25022
v 0.76491 0.84428 0.226
v 0.76539 0.84617 0.226
v 0.70373 0.80547 0.25129
v 0.70326 0.80358 0.25094
v 0.76587 0.84806 0.226
v 0.76635 0.84995 0.226
v 0.57707 0.71083 0.26626
v 0.63968 0.75531 0.25964
v 0.57755 0.71272 0.26647
v 0.32845 0.54055 0.2564
v 0.39106 0.58504 0.27365
v 0.39147 0.58704 0.27396
v 0.45368 0.62952 0.27536
v 0.51629 0.67401 0.27181
v 0.5167 0.67601 0.27199
v 0.45448 0.63352 0.27561
v 0.45408 0.63152 0.27549
v 0.5171 0.678 0.27216
v 0.5175 0.68 0.27233
v 0.57891 0.71849 0.26712
v 0.64152 0.76298 0.26073
v 0.64193 0.76498 0.26103
v 0.70414 0.80746 0.2517
v 0.76675 0.85195 0.226
v 0.76716 0.85395 0.226
v 0.70494 0.81146 0.2525
v 0.70454 0.80946 0.25211
v 0.76756 0.85594 0.226
v 0.76796 0.85794 0.226
v 0.58052 0.72648 0.26803
v 0.58012 0.72448 0.2678
v 0.64314 0.77096 0.2619
v 0.64273 0.76897 0.26161
v 0.64354 0.77296 0.26219
v 0.70575 0.81545 0.25329
v 0.70535 0.81345 0.2529
v 0.76837 0.85993 0.226
v 0.76877 0.86193 0.226
v 0.70656 0.81944 0.25405
v 0.70615 0.81745 0.25367
v 0.76917 0.86393 0.226
v 0.76957 0.86592 0.226
v 0.57931 0.72049 0.26735
v 0.64233 0.76697 0.26132
v 0.57971 0.72249 0.26758
v 0.32879 0.54275 0.25725
v 0.39181 0.58923 0.27429
v 0.39216 0.59142 0.27461
v 0.45483 0.63571 0.27576
v 0.51785 0.68219 0.27253
v 0.51819 0.68438 0.27272
v 0.45552 0.6401 0.27606
v 0.45518 0.6379 0.27591
v 0.51854 0.68658 0.27291
v 0.51889 0.68877 0.2731
v 0.58087 0.72867 0.26829
v 0.64388 0.77515 0.26252
v 0.64423 0.77735 0.26284
v 0.7069 0.82164 0.2545
v 0.76992 0.86812 0.226
v 0.77027 0.87031 0.226
v 0.7076 0.82602 0.25494
v 0.70725 0.82383 0.25476
v 0.77061 0.8725 0.226
v 0.77096 0.8747 0.226
v 0.58225 0.73745 0.26929
v 0.58191 0.73525 0.26904
v 0.64527 0.78393 0.2638
v 0.64492 0.78173 0.26348
v 0.64562 0.78612 0.26411
v 0.70829 0.83041 0.25529
v 0.70794 0.82821 0.25511
v 0.77131 0.87689 0.226
v 0.77165 0.87908 0.226
v 0.70898 0.83479 0.25564
v 0.70864 0.8326 0.25546
v 0.772 0.88128 0.226
v 0.77235 0.88347 0.226
v 0.58121 0.73087 0.26854
v 0.64458 0.77954 0.26317
v 0.58156 0.73306 0.26879
v 0.32899 0.54434 0.25784
v 0.39235 0.59301 0.27483
v 0.39255 0.5946 0.27504
v 0.45572 0.64168 0.27617
v 0.51908 0.69036 0.27324
v 0.51928 0.69195 0.27338
v 0.45611 0.64486 0.27638
v 0.45591 0.64327 0.27627
v 0.51947 0.69353 0.27352
v 0.51967 0.69512 0.27366
v 0.58245 0.73903 0.26947
v 0.64581 0.78771 0.26434
v 0.64601 0.7893 0.26457
v 0.70918 0.83638 0.25509
v 0.77254 0.88506 0.226
v 0.77274 0.88664 0.226
v 0.70957 0.83956 0.25378
v 0.70937 0.83797 0.25444
v 0.77293 0.88823 0.226
v 0.77312 0.88982 0.226
v 0.58322 0.74538 0.27019
v 0.58303 0.7438 0.27001
v 0.64659 0.79406 0.26525
v 0.6464 0.79247 0.26503
v 0.64678 0.79565 0.26547
v 0.70995 0.84273 0.25243
v 0.70976 0.84115 0.25311
v 0.77332 0.89141 0.226
v 0.77351 0.893 0.226
v 0.71034 0.84591 0.25101
v 0.71015 0.84432 0.25173
v 0.77371 0.89458 0.226
v 0.7739 0.89617 0.226
v 0.58264 0.74062 0.26966
v 0.6462 0.79088 0.2648
v 0.58284 0.74221 0.26984
v 0.3282 0.54417 0.25768
v 0.39176 0.59443 0.27497
v 0.39098 0.59427 0.27489
v 0.45532 0.6447 0.27645
v 0.51888 0.69496 0.27375
v 0.5181 0.69479 0.27383
v 0.45376 0.64437 0.27658
v 0.45454 0.64453 0.27651
v 0.51731 0.69463 0.27391
v 0.51653 0.69447 0.27399
v 0.58244 0.74522 0.2703
v 0.646 0.79548 0.26562
v 0.64522 0.79532 0.26576
v 0.70956 0.84575 0.25104
v 0.77312 0.89601 0.226
v 0.77234 0.89584 0.226
v 0.70799 0.84542 0.25109
v 0.70878 0.84558 0.25107
v 0.77155 0.89568 0.226
v 0.77077 0.89552 0.226
v 0.57931 0.74457 0.27072
v 0.58009 0.74473 0.27062
v 0.64287 0.79483 0.26587
v 0.64365 0.79499 0.26586
v 0.64208 0.79466 0.26589
v 0.70643 0.84509 0.25115
v 0.70721 0.84525 0.25112
v 0.76998 0.89535 0.226
v 0.7692 0.89519 0.226
v 0.70486 0.84476 0.2512
v 0.70564 0.84493 0.25117
v 0.76842 0.89503 0.226
v 0.76763 0.89486 0.226
v 0.58166 0.74506 0.27041
v 0.64443 0.79516 0.26584
v 0.58087 0.74489 0.27051
v 0.32721 0.544 0.2575
v 0.38999 0.5941 0.27479
v 0.389 0.59393 0.2747
v 0.45276 0.6442 0.27666
v 0.51554 0.6943 0.2741
v 0.51455 0.69412 0.27421
v 0.45078 0.64385 0.27683
v 0.45177 0.64403 0.27675
v 0.51356 0.69395 0.27431
v 0.51256 0.69378 0.27442
v 0.57831 0.74439 0.27086
v 0.64109 0.79449 0.2659
v 0.6401 0.79432 0.26591
v 0.70387 0.84459 0.25121
v 0.76664 0.89469 0.226
v 0.76565 0.89452 0.226
v 0.70188 0.84425 0.25125
v 0.70287 0.84442 0.25123
v 0.76466 0.89435 0.226
v 0.76367 0.89418 0.226
v 0.57435 0.74371 0.27139
v 0.57534 0.74388 0.27126
v 0.63712 0.79381 0.26594
v 0.63811 0.79398 0.26593
v 0.63613 0.79364 0.26594
v 0.6999 0.84391 0.25128
v 0.70089 0.84408 0.25126
v 0.76267 0.89401 0.226
v 0.76168 0.89383 0.226
v 0.69791 0.84356 0.25131
v 0.69891 0.84374 0.2513
v 0.76069 0.89366 0.226
v 0.7597 0.89349 0.226
v 0.57732 0.74422 0.27099
v 0.63911 0.79415 0.26592
v 0.57633 0.74405 0.27113
v 0.30925 0.54154 0.25504
v 0.37103 0.59147 0.27311
v 0.35307 0.58901 0.27158
v 0.43282 0.6414 0.27824
v 0.4946 0.69133 0.2762
v 0.47664 0.68887 0.27771
v 0.39689 0.63649 0.27952
v 0.41486 0.63894 0.27944
v 0.45868 0.68641 0.27899
v 0.44071 0.68396 0.28007
v 0.55638 0.74125 0.27364
v 0.61817 0.79118 0.26601
v 0.60021 0.78872 0.2663
v 0.67995 0.84111 0.25131
v 0.74174 0.89103 0.226
v 0.72377 0.88858 0.226
v 0.64403 0.83619 0.25131
v 0.66199 0.83865 0.25131
v 0.70581 0.88612 0.226
v 0.68785 0.88366 0.226
v 0.48454 0.73143 0.27572
v 0.5025 0.73388 0.27556
v 0.54632 0.78135 0.26718
v 0.56428 0.78381 0.26689
v 0.52836 0.7789 0.26747
v 0.6081 0.83128 0.25156
v 0.62606 0.83374 0.25131
v 0.66989 0.88121 0.226
v 0.65192 0.87875 0.226
v 0.57218 0.82637 0.2526
v 0.59014 0.82882 0.25209
v 0.63396 0.8763 0.226
v 0.616 0.87384 0.226
v 0.53842 0.7388 0.27523
v 0.58224 0.78627 0.2666
v 0.52046 0.73634 0.2754
v 0.30834 0.54145 0.25495
v 0.35216 0.58892 0.2715
v 0.35126 0.58882 0.27143
v 0.39598 0.63639 0.27948
v 0.43981 0.68386 0.28012
v 0.4389 0.68377 0.28018
v 0.39417 0.6362 0.2794
v 0.39508 0.6363 0.27944
v 0.43799 0.68367 0.28023
v 0.43708 0.68358 0.28028
v 0.48363 0.73133 0.27572
v 0.52745 0.7788 0.26748
v 0.52654 0.77871 0.26748
v 0.57127 0.82627 0.25262
v 0.61509 0.87374 0.226
v 0.61418 0.87365 0.226
v 0.56945 0.82608 0.25264
v 0.57036 0.82618 0.25263
v 0.61328 0.87355 0.226
v 0.61237 0.87346 0.226
v 0.48 0.73095 0.27575
v 0.4809 0.73105 0.27574
v 0.52382 0.77842 0.26751
v 0.52473 0.77852 0.2675
v 0.52291 0.77833 0.26751
v 0.56764 0.82589 0.25267
v 0.56855 0.82599 0.25266
v 0.61146 0.87336 0.226
v 0.61055 0.87327 0.226
v 0.56582 0.8257 0.25269
v 0.56673 0.8258 0.25268
v 0.60964 0.87317 0.226
v 0.60874 0.87308 0.226
v 0.48272 0.73124 0.27573
v 0.52563 0.77861 0.26749
v 0.48181 0.73114 0.27574
v 0.29171 0.54024 0.25338
v 0.33462 0.58762 0.27012
v 0.31799 0.58641 0.26916
v 0.37754 0.63499 0.27875
v 0.42045 0.68237 0.28054
v 0.40381 0.68116 0.2806
v 0.34427 0.63258 0.27739
v 0.3609 0.63379 0.27806
v 0.38718 0.67996 0.28066
v 0.37055 0.67875 0.28072
v 0.46336 0.72975 0.27585
v 0.50628 0.77712 0.26751
v 0.48964 0.77591 0.26751
v 0.54919 0.8245 0.25269
v 0.5921 0.87187 0.226
v 0.57547 0.87067 0.226
v 0.51592 0.82208 0.25269
v 0.53255 0.82329 0.25269
v 0.55883 0.86946 0.226
v 0.5422 0.86825 0.226
v 0.39683 0.72492 0.2763
v 0.41346 0.72613 0.27619
v 0.43974 0.77229 0.26798
v 0.45637 0.7735 0.26777
v 0.42311 0.77109 0.26819
v 0.48265 0.81967 0.25269
v 0.49929 0.82088 0.25269
v 0.52557 0.86705 0.226
v 0.50893 0.86584 0.226
v 0.44938 0.81726 0.25327
v 0.46602 0.81846 0.25289
v 0.4923 0.86463 0.226
v 0.47566 0.86343 0.226
v 0.44673 0.72854 0.27596
v 0.47301 0.77471 0.26756
v 0.43009 0.72733 0.27608
v 0.29097 0.54021 0.25333
v 0.31725 0.58638 0.26913
v 0.3165 0.58634 0.2691
v 0.34352 0.63255 0.27737
v 0.3698 0.67872 0.28072
v 0.36906 0.67868 0.28072
v 0.34204 0.63248 0.27732
v 0.34278 0.63251 0.27734
v 0.36832 0.67865 0.28073
v 0.36758 0.67861 0.28073
v 0.39608 0.72488 0.27631
v 0.42236 0.77105 0.26819
v 0.42162 0.77102 0.26819
v 0.44864 0.81722 0.25328
v 0.47492 0.86339 0.226
v 0.47418 0.86336 0.226
v 0.44716 0.81715 0.2533
v 0.4479 0.81719 0.25329
v 0.47344 0.86332 0.226
v 0.47269 0.86329 0.226
v 0.39311 0.72475 0.27632
v 0.39386 0.72478 0.27631
v 0.41939 0.77092 0.26821
v 0.42014 0.77095 0.2682
v 0.41865 0.77088 0.26821
v 0.44567 0.81708 0.25332
v 0.44642 0.81712 0.25331
v 0.47195 0.86325 0.226
v 0.47121 0.86322 0.226
v 0.44419 0.81702 0.25333
v 0.44493 0.81705 0.25332
v 0.47047 0.86318 0.226
v 0.46973 0.86315 0.226
v 0.39534 0.72485 0.27631
v 0.42088 0.77098 0.2682
v 0.3946 0.72482 0.27631
v 0.27546 0.53989 0.25327
v 0.301 0.58602 0.26847
v 0.2855 0.5857 0.26815
v 0.32654 0.63216 0.27695
v 0.35208 0.67829 0.28073
v 0.33657 0.67797 0.28075
v 0.29554 0.63151 0.27634
v 0.31104 0.63183 0.27661
v 0.32107 0.67765 0.28078
v 0.30557 0.67733 0.2808
v 0.37761 0.72442 0.27632
v 0.40315 0.77056 0.26821
v 0.38765 0.77024 0.26821
v 0.42869 0.81669 0.25333
v 0.45422 0.86283 0.226
v 0.43872 0.86251 0.226
v 0.39768 0.81605 0.25333
v 0.41319 0.81637 0.25333
v 0.42322 0.86219 0.226
v 0.40772 0.86186 0.226
v 0.31561 0.72314 0.27644
v 0.33111 0.72346 0.27637
v 0.34115 0.76927 0.26824
v 0.35665 0.7696 0.26821
v 0.32564 0.76895 0.26836
v 0.36668 0.81541 0.25333
v 0.38218 0.81573 0.25333
v 0.39222 0.86154 0.226
v 0.37672 0.86122 0.226
v 0.33568 0.81477 0.25345
v 0.35118 0.81509 0.25333
v 0.36122 0.8609 0.226
v 0.34572 0.86058 0.226
v 0.36211 0.7241 0.27632
v 0.37215 0.76992 0.26821
v 0.34661 0.72378 0.27632
v 0.27497 0.53988 0.25328
v 0.28501 0.5857 0.26815
v 0.28451 0.5857 0.26816
v 0.29504 0.63151 0.27634
v 0.30508 0.67732 0.2808
v 0.30458 0.67732 0.2808
v 0.29405 0.63151 0.27633
v 0.29455 0.63151 0.27633
v 0.30409 0.67732 0.28079
v 0.30359 0.67732 0.28079
v 0.31511 0.72314 0.27644
v 0.32515 0.76895 0.26836
v 0.32465 0.76895 0.26837
v 0.33518 0.81477 0.25346
v 0.34522 0.86058 0.226
v 0.34473 0.86058 0.226
v 0.3342 0.81476 0.25347
v 0.33469 0.81476 0.25346
v 0.34423 0.86058 0.226
v 0.34374 0.86057 0.226
v 0.31313 0.72313 0.27645
v 0.31363 0.72313 0.27645
v 0.32317 0.76894 0.26837
v 0.32366 0.76895 0.26837
v 0.32267 0.76894 0.26837
v 0.33321 0.81476 0.25347
v 0.3337 0.81476 0.25347
v 0.34324 0.86057 0.226
v 0.34275 0.86057 0.226
v 0.33222 0.81475 0.25348
v 0.33271 0.81476 0.25348
v 0.34225 0.86057 0.226
v 0.34176 0.86057 0.226
v 0.31462 0.72314 0.27644
v 0.32416 0.76895 0.26837
v 0.31412 0.72313 0.27645
v 0.26041 0.54008 0.25363
v 0.26995 0.5859 0.26832
v 0.25538 0.5861 0.26854
v 0.27949 0.63171 0.27636
v 0.28903 0.67752 0.28075
v 0.27447 0.67772 0.28079
v 0.25036 0.63211 0.27658
v 0.26492 0.63191 0.27644
v 0.2599 0.67792 0.28082
v 0.24534 0.67812 0.28082
v 0.29857 0.72333 0.27645
v 0.30811 0.76914 0.26837
v 0.29355 0.76934 0.26837
v 0.31765 0.81495 0.25348
v 0.32719 0.86077 0.226
v 0.31263 0.86097 0.226
v 0.28852 0.81535 0.25348
v 0.30309 0.81515 0.25348
v 0.29807 0.86117 0.226
v 0.2835 0.86136 0.226
v 0.24031 0.72413 0.27645
v 0.25488 0.72393 0.27645
v 0.24986 0.76994 0.26837
v 0.26442 0.76974 0.26837
v 0.23529 0.77014 0.26837
v 0.2594 0.81575 0.25348
v 0.27396 0.81555 0.25348
v 0.26894 0.86156 0.226
v 0.25437 0.86176 0.226
v 0.23027 0.81615 0.25348
v 0.24483 0.81595 0.25348
v 0.23981 0.86196 0.226
v 0.22525 0.86216 0.226
v 0.28401 0.72353 0.27645
v 0.27898 0.76954 0.26837
v 0.26944 0.72373 0.27645
v 0.26023 0.54009 0.25364
v 0.25521 0.5861 0.26854
v 0.25504 0.5861 0.26855
v 0.25019 0.63211 0.27658
v 0.24516 0.67812 0.28082
v 0.24499 0.67813 0.28082
v 0.24984 0.63212 0.27659
v 0.25001 0.63211 0.27658
v 0.24482 0.67813 0.28082
v 0.24465 0.67813 0.28082
v 0.24014 0.72413 0.27645
v 0.23512 0.77014 0.26837
v 0.23495 0.77015 0.26837
v 0.2301 0.81616 0.25348
v 0.22507 0.86217 0.226
v 0.2249 0.86217 0.226
v 0.22975 0.81616 0.25348
v 0.22992 0.81616 0.25348
v 0.22473 0.86217 0.226
v 0.22455 0.86218 0.226
v 0.23945 0.72415 0.27645
v 0.23962 0.72414 0.27645
v 0.23443 0.77016 0.26837
v 0.2346 0.77015 0.26837
v 0.23425 0.77016 0.26837
v 0.2294 0.81617 0.25348
v 0.22958 0.81617 0.25348
v 0.22438 0.86218 0.226
v 0.22421 0.86218 0.226
v 0.22906 0.81618 0.25348
v 0.22923 0.81617 0.25348
v 0.22404 0.86219 0.226
v 0.22386 0.86219 0.226
v 0.23997 0.72414 0.27645
v 0.23477 0.77015 0.26837
v 0.2398 0.72414 0.27645
v 0.24652 0.54044 0.25494
v 0.24132 0.58646 0.26919
v 0.2276 0.58681 0.26992
v 0.23613 0.63247 0.2769
v 0.23093 0.67849 0.28081
v 0.21721 0.67884 0.2808
v 0.20869 0.63318 0.27768
v 0.22241 0.63282 0.2773
v 0.2035 0.67919 0.2808
v 0.18978 0.67954 0.2808
v 0.22573 0.7245 0.27643
v 0.22054 0.77051 0.26834
v 0.20682 0.77087 0.26834
v 0.21534 0.81653 0.25345
v 0.21015 0.86254 0.226
v 0.19643 0.8629 0.226
v 0.18791 0.81724 0.25345
v 0.20163 0.81688 0.25345
v 0.18271 0.86325 0.226
v 0.169 0.8636 0.226
v 0.17087 0.72591 0.27642
v 0.18458 0.72556 0.27642
v 0.16567 0.77193 0.26834
v 0.17939 0.77157 0.26834
v 0.15196 0.77228 0.26834
v 0.16048 0.81794 0.25345
v 0.17419 0.81759 0.25345
v 0.15528 0.86396 0.226
v 0.14156 0.86431 0.226
v 0.13304 0.81865 0.25345
v 0.14676 0.8183 0.25345
v 0.12785 0.86466 0.226
v 0.11413 0.86502 0.226
v 0.21202 0.72485 0.27642
v 0.1931 0.77122 0.26834
v 0.1983 0.72521 0.27642
v 0.23366 0.54058 0.25614
v 0.21475 0.58695 0.2706
v 0.2019 0.58709 0.27142
v 0.19584 0.63332 0.27809
v 0.17693 0.67969 0.28082
v 0.16407 0.67983 0.28083
v 0.17013 0.63361 0.27891
v 0.18299 0.63346 0.27851
v 0.15122 0.67997 0.28084
v 0.13837 0.68012 0.28085
v 0.15801 0.72606 0.27644
v 0.1391 0.77242 0.26838
v 0.12625 0.77257 0.26843
v 0.12019 0.81879 0.25353
v 0.10128 0.86516 0.226
v 0.08842 0.8653 0.226
v 0.09448 0.81908 0.25357
v 0.10734 0.81893 0.25357
v 0.07557 0.86545 0.226
v 0.06272 0.86559 0.226
v 0.1066 0.72663 0.27653
v 0.11945 0.72648 0.27652
v 0.08769 0.773 0.26848
v 0.10054 0.77285 0.26848
v 0.07484 0.77314 0.26848
v 0.06878 0.81936 0.25357
v 0.08163 0.81922 0.25357
v 0.04986 0.86573 0.226
v 0.03701 0.86587 0.226
v 0.04307 0.81965 0.25357
v 0.05592 0.81951 0.25357
v 0.02416 0.86602 0.226
v 0.01131 0.86616 0.226
v 0.14516 0.7262 0.27647
v 0.1134 0.77271 0.26847
v 0.13231 0.72634 0.27649
v 0.22158 0.54019 0.25734
v 0.18982 0.5867 0.27206
v 0.17774 0.5863 0.27267
v 0.15805 0.63321 0.27922
v 0.12629 0.67972 0.2809
v 0.11421 0.67932 0.28095
v 0.1339 0.63241 0.2798
v 0.14597 0.63281 0.27952
v 0.10213 0.67892 0.28099
v 0.09005 0.67853 0.28103
v 0.09452 0.72623 0.2766
v 0.06276 0.77274 0.2686
v 0.05068 0.77234 0.26872
v 0.03099 0.81925 0.2538
v -0.00077 0.86576 0.226
v -0.01285 0.86536 0.226
v 0.00683 0.81846 0.25416
v 0.01891 0.81885 0.25403
v -0.02493 0.86497 0.226
v -0.03701 0.86457 0.226
v 0.04621 0.72464 0.27686
v 0.05829 0.72504 0.27679
v 0.01444 0.77115 0.26909
v 0.02652 0.77155 0.26897
v 0.00236 0.77075 0.26911
v -0.01732 0.81766 0.25416
v -0.00525 0.81806 0.25416
v -0.04909 0.86417 0.226
v -0.06117 0.86377 0.226
v -0.04148 0.81687 0.25416
v -0.0294 0.81726 0.25416
v -0.07325 0.86338 0.226
v -0.08533 0.86298 0.226
v 0.08244 0.72583 0.27666
v 0.0386 0.77195 0.26885
v 0.07036 0.72543 0.27673
v 0.21005 0.53896 0.25824
v 0.1662 0.58507 0.2731
v 0.15467 0.58384 0.2735
v 0.12236 0.63118 0.28
v 0.07852 0.67729 0.28111
v 0.06698 0.67606 0.2812
v 0.09929 0.62872 0.28027
v 0.11083 0.62995 0.28019
v 0.05545 0.67483 0.28129
v 0.04391 0.6736 0.28137
v 0.03467 0.72341 0.27702
v -0.00917 0.76952 0.2693
v -0.02071 0.76829 0.26949
v -0.05302 0.81563 0.25452
v -0.09686 0.86175 0.226
v -0.1084 0.86052 0.226
v -0.07609 0.81317 0.25523
v -0.06455 0.8144 0.25488
v -0.11993 0.85928 0.226
v -0.13147 0.85805 0.226
v -0.01147 0.71848 0.27753
v 7e-05 0.71971 0.27743
v -0.05531 0.7646 0.27004
v -0.04378 0.76583 0.26986
v -0.06685 0.76336 0.27022
v -0.09916 0.81071 0.2554
v -0.08762 0.81194 0.2554
v -0.143 0.85682 0.226
v -0.15454 0.85559 0.226
v -0.12223 0.80825 0.2554
v -0.11069 0.80948 0.2554
v -0.16607 0.85436 0.226
v -0.17761 0.85313 0.226
v 0.02314 0.72218 0.27719
v -0.03224 0.76706 0.26967
v 0.0116 0.72095 0.27734
v 0.19875 0.5366 0.25871
v 0.14337 0.58149 0.27371
v 0.13208 0.57914 0.27392
v 0.08799 0.62637 0.28026
v 0.03261 0.67125 0.28152
v 0.02132 0.6689 0.28167
v 0.0654 0.62167 0.28024
v 0.0767 0.62402 0.28025
v 0.01002 0.66655 0.2818
v -0.00127 0.6642 0.28191
v -0.02276 0.71613 0.27775
v -0.07814 0.76101 0.27063
v -0.08944 0.75866 0.27086
v -0.13352 0.8059 0.25586
v -0.1889 0.85078 0.226
v -0.2002 0.84843 0.226
v -0.15612 0.80119 0.25676
v -0.14482 0.80354 0.25632
v -0.2115 0.84608 0.226
v -0.22279 0.84373 0.226
v -0.06795 0.70673 0.27858
v -0.05665 0.70908 0.27838
v -0.12333 0.75161 0.27154
v -0.11203 0.75396 0.27132
v -0.13462 0.74926 0.27175
v -0.17871 0.79649 0.25727
v -0.16741 0.79884 0.2572
v -0.23409 0.84137 0.226
v -0.24538 0.83902 0.226
v -0.2013 0.79179 0.25727
v -0.19 0.79414 0.25727
v -0.25668 0.83667 0.226
v -0.26798 0.83432 0.226
v -0.03406 0.71378 0.27797
v -0.10074 0.75631 0.27109
v -0.04536 0.71143 0.27818
v 0.18733 0.53281 0.25869
v 0.12065 0.57534 0.27383
v 0.10922 0.57154 0.27357
v 0.05397 0.61787 0.28012
v -0.0127 0.6604 0.28209
v -0.02413 0.65661 0.28227
v 0.03112 0.61028 0.27972
v 0.04255 0.61407 0.27995
v -0.03556 0.65281 0.28243
v -0.04699 0.64901 0.28247
v -0.07938 0.70293 0.27887
v -0.14605 0.74546 0.27223
v -0.15748 0.74167 0.2727
v -0.21273 0.788 0.25779
v -0.2794 0.83053 0.226
v -0.29083 0.82673 0.226
v -0.23558 0.7804 0.25882
v -0.22416 0.7842 0.25831
v -0.30226 0.82293 0.226
v -0.31369 0.81914 0.226
v -0.12509 0.68775 0.27978
v -0.11366 0.69155 0.27957
v -0.19176 0.73028 0.27346
v -0.18034 0.73408 0.27322
v -0.20319 0.72648 0.27369
v -0.25844 0.77281 0.25953
v -0.24701 0.77661 0.25932
v -0.32512 0.81534 0.226
v -0.33654 0.81155 0.226
v -0.2813 0.76522 0.25953
v -0.26987 0.76902 0.25953
v -0.34797 0.80775 0.226
v -0.3594 0.80395 0.226
v -0.09081 0.69914 0.27911
v -0.16891 0.73787 0.27298
v -0.10223 0.69534 0.27934
v 0.17464 0.52682 0.25804
v 0.09654 0.56555 0.27299
v 0.08385 0.55956 0.27238
v 0.01843 0.60429 0.2793
v -0.05967 0.64302 0.28219
v -0.07236 0.63703 0.28187
v -0.00694 0.5923 0.27838
v 0.00575 0.59829 0.27885
v -0.08504 0.63104 0.28153
v -0.09773 0.62505 0.28113
v -0.13777 0.68176 0.28015
v -0.21588 0.72049 0.27421
v -0.22856 0.7145 0.27472
v -0.29398 0.75923 0.26012
v -0.37208 0.79796 0.226
v -0.38477 0.79197 0.226
v -0.31935 0.74724 0.26126
v -0.30667 0.75324 0.2607
v -0.39746 0.78598 0.226
v -0.41014 0.77999 0.226
v -0.18852 0.65779 0.28117
v -0.17583 0.66378 0.28096
v -0.26662 0.69652 0.27557
v -0.25393 0.70252 0.27533
v -0.2793 0.69053 0.2758
v -0.34472 0.73526 0.26189
v -0.33204 0.74125 0.26181
v -0.42283 0.77399 0.226
v -0.43551 0.768 0.226
v -0.37009 0.72327 0.26189
v -0.35741 0.72927 0.26189
v -0.4482 0.76201 0.226
v -0.46088 0.75602 0.226
v -0.15046 0.67576 0.2805
v -0.24125 0.70851 0.27509
v -0.16314 0.66977 0.28073
v 0.17215 0.52591 0.258
v 0.08136 0.55865 0.27231
v 0.07887 0.55775 0.27223
v -0.00943 0.5914 0.27831
v -0.10022 0.62414 0.28106
v -0.10271 0.62323 0.281
v -0.01441 0.58958 0.27817
v -0.01192 0.59049 0.27824
v -0.1052 0.62233 0.28093
v -0.10769 0.62142 0.28086
v -0.19101 0.65688 0.2812
v -0.2818 0.68962 0.27581
v -0.28429 0.68872 0.27582
v -0.37258 0.72237 0.26181
v -0.46337 0.75511 0.226
v -0.46586 0.7542 0.226
v -0.37757 0.72055 0.26165
v -0.37508 0.72146 0.26173
v -0.46836 0.7533 0.226
v -0.47085 0.75239 0.226
v -0.20097 0.65326 0.28129
v -0.19848 0.65416 0.28127
v -0.29176 0.686 0.27585
v -0.28927 0.68691 0.27584
v -0.29425 0.68509 0.27586
v -0.38255 0.71874 0.2615
v -0.38006 0.71965 0.26158
v -0.47334 0.75148 0.226
v -0.47583 0.75058 0.226
v -0.38753 0.71693 0.26134
v -0.38504 0.71784 0.26142
v -0.47832 0.74967 0.226
v -0.48081 0.74877 0.226
v -0.1935 0.65598 0.28122
v -0.28678 0.68781 0.27583
v -0.19599 0.65507 0.28125
v 0.16953 0.52548 0.25815
v 0.07625 0.55731 0.27224
v 0.07364 0.55688 0.27226
v -0.01703 0.58915 0.27814
v -0.11031 0.62099 0.28082
v -0.11292 0.62055 0.28078
v -0.02226 0.58828 0.27806
v -0.01964 0.58872 0.2781
v -0.11554 0.62012 0.28074
v -0.11815 0.61969 0.2807
v -0.20359 0.65282 0.28129
v -0.29687 0.68466 0.2758
v -0.29948 0.68423 0.27575
v -0.39015 0.7165 0.2611
v -0.48343 0.74833 0.226
v -0.48604 0.7479 0.226
v -0.39538 0.71563 0.26061
v -0.39276 0.71606 0.26085
v -0.48866 0.74746 0.226
v -0.49128 0.74703 0.226
v -0.21405 0.65109 0.28126
v -0.21143 0.65152 0.28127
v -0.30733 0.68292 0.27558
v -0.30471 0.68336 0.27563
v -0.30995 0.68249 0.27552
v -0.40061 0.71476 0.26011
v -0.398 0.71519 0.26036
v -0.49389 0.7466 0.226
v -0.49651 0.74616 0.226
v -0.40584 0.71389 0.25961
v -0.40323 0.71433 0.25986
v -0.49912 0.74573 0.226
v -0.50174 0.7453 0.226
v -0.2062 0.65239 0.28128
v -0.3021 0.68379 0.27569
v -0.20882 0.65196 0.28127
v 0.16688 0.52553 0.25848
v 0.07099 0.55693 0.27236
v 0.06834 0.55699 0.27246
v -0.02491 0.58834 0.27806
v -0.1208 0.61974 0.28069
v -0.12346 0.61979 0.28069
v -0.03021 0.58844 0.27808
v -0.02756 0.58839 0.27807
v -0.12611 0.61985 0.28068
v -0.12876 0.6199 0.28067
v -0.2167 0.65114 0.28122
v -0.3126 0.68255 0.27537
v -0.31525 0.6826 0.2752
v -0.40849 0.71395 0.25919
v -0.50439 0.74535 0.226
v -0.50704 0.74541 0.226
v -0.41379 0.71406 0.25833
v -0.41114 0.714 0.25876
v -0.50969 0.74546 0.226
v -0.51234 0.74551 0.226
v -0.2273 0.65136 0.28101
v -0.22465 0.6513 0.28106
v -0.3232 0.68276 0.27467
v -0.32055 0.68271 0.27485
v -0.32585 0.68282 0.27449
v -0.41909 0.71417 0.25745
v -0.41644 0.71411 0.25789
v -0.51499 0.74557 0.226
v -0.51764 0.74562 0.226
v -0.4244 0.71427 0.25653
v -0.42175 0.71422 0.25699
v -0.52029 0.74568 0.226
v -0.52294 0.74573 0.226
v -0.21935 0.6512 0.28118
v -0.3179 0.68265 0.27503
v -0.222 0.65125 0.28112
v 0.16429 0.52607 0.25896
v 0.06574 0.55753 0.27265
v 0.06314 0.55807 0.27283
v -0.03281 0.58898 0.27814
v -0.13135 0.62044 0.2807
v -0.13395 0.62098 0.28073
v -0.038 0.59006 0.27826
v -0.0354 0.58952 0.2782
v -0.13654 0.62152 0.28076
v -0.13914 0.62206 0.28079
v -0.2299 0.6519 0.28092
v -0.32845 0.68336 0.27425
v -0.33104 0.6839 0.27399
v -0.42699 0.71481 0.2559
v -0.52554 0.74627 0.226
v -0.52813 0.74681 0.226
v -0.43218 0.71589 0.25459
v -0.42959 0.71535 0.25525
v -0.53073 0.74735 0.226
v -0.53333 0.74789 0.226
v -0.24028 0.65406 0.28054
v -0.23769 0.65352 0.28064
v -0.33883 0.68552 0.2732
v -0.33623 0.68498 0.27347
v -0.34142 0.68606 0.27293
v -0.43737 0.71697 0.25322
v -0.43478 0.71643 0.25391
v -0.53592 0.74843 0.226
v -0.53852 0.74897 0.226
v -0.44257 0.71805 0.2518
v -0.43997 0.71751 0.25252
v -0.54111 0.74951 0.226
v -0.54371 0.75005 0.226
v -0.23249 0.65244 0.28083
v -0.33364 0.68444 0.27374
v -0.23509 0.65298 0.28073
v -0.78215 0.82442 0.23625
v -0.64694 0.7818 0.25207
v -0.74809 0.81379 0.24474
v -0.51174 0.73918 0.23085
v -0.37653 0.69655 0.26788
v -0.47768 0.72855 0.24032
v -0.61288 0.77117 0.24062
v -0.71402 0.80317 0.25179
v -0.57882 0.76055 0.23089
v -0.67996 0.79255 0.25763
v -0.24133 0.65393 0.28053
v -0.10612 0.61131 0.28012
v -0.20727 0.64331 0.2818
v 0.02908 0.56869 0.27511
v -0.1732 0.63269 0.28134
v -0.07206 0.60069 0.2793
v -0.54476 0.74993 0.22641
v -0.6459 0.78192 0.25162
v -0.51069 0.7393 0.23074
v -0.40955 0.7073 0.2611
v -0.61183 0.7713 0.24008
v -0.27434 0.66468 0.2788
v -0.37549 0.69668 0.26796
v -0.57777 0.76067 0.23039
v -0.47663 0.72868 0.24036
v -0.34247 0.68593 0.27287
v -0.30841 0.67531 0.27648
v -0.44361 0.71793 0.25165
v -0.7846 0.82543 0.23541
v -0.75054 0.8148 0.24405
v -0.75299 0.81581 0.24334
v -0.71648 0.80418 0.25121
v -0.68241 0.79355 0.25715
v -0.68487 0.79456 0.25667
v -0.72138 0.80619 0.25003
v -0.71893 0.80519 0.25063
v -0.68732 0.79557 0.25617
v -0.68977 0.79658 0.25567
v -0.64835 0.78293 0.25241
v -0.61429 0.77231 0.24089
v -0.61674 0.77331 0.24172
v -0.58022 0.76168 0.23075
v -0.54616 0.75106 0.226
v -0.54861 0.75207 0.226
v -0.58513 0.7637 0.23146
v -0.58268 0.76269 0.23111
v -0.55106 0.75307 0.226
v -0.55352 0.75408 0.226
v -0.65571 0.78595 0.25473
v -0.65816 0.78696 0.25546
v -0.6241 0.77634 0.24412
v -0.62164 0.77533 0.24334
v -0.62655 0.77734 0.24489
v -0.59003 0.76571 0.23277
v -0.58758 0.7647 0.23208
v -0.55597 0.75509 0.226
v -0.55842 0.7561 0.226
v -0.59494 0.76773 0.23411
v -0.59248 0.76672 0.23344
v -0.56087 0.7571 0.226
v -0.56333 0.75811 0.226
v -0.6508 0.78394 0.2532
v -0.61919 0.77432 0.24254
v -0.65325 0.78495 0.25397
v -0.78683 0.82687 0.23428
v -0.75522 0.81725 0.24239
v -0.75744 0.81869 0.24141
v -0.72361 0.80763 0.24922
v -0.692 0.79802 0.25499
v -0.69422 0.79946 0.2543
v -0.72806 0.81051 0.24756
v -0.72583 0.80907 0.2484
v -0.69645 0.8009 0.25359
v -0.69867 0.80234 0.25286
v -0.66038 0.7884 0.25603
v -0.62877 0.77878 0.24542
v -0.631 0.78023 0.24593
v -0.59716 0.76917 0.23444
v -0.56555 0.75955 0.226
v -0.56778 0.76099 0.226
v -0.60161 0.77205 0.23511
v -0.59939 0.77061 0.23478
v -0.57 0.76243 0.226
v -0.57223 0.76387 0.226
v -0.66929 0.79416 0.25743
v -0.66706 0.79272 0.25765
v -0.63768 0.78455 0.24751
v -0.63545 0.78311 0.24694
v -0.6399 0.78599 0.24816
v -0.60606 0.77493 0.23577
v -0.60384 0.77349 0.23544
v -0.57445 0.76532 0.226
v -0.57668 0.76676 0.226
v -0.61052 0.77781 0.23695
v -0.60829 0.77637 0.23632
v -0.57891 0.7682 0.226
v -0.58113 0.76964 0.226
v -0.66261 0.78984 0.25658
v -0.63322 0.78167 0.24644
v -0.66484 0.79128 0.25712
v -0.78875 0.82869 0.23287
v -0.75937 0.82052 0.2402
v -0.76129 0.82234 0.23895
v -0.72998 0.81234 0.24651
v -0.7006 0.80416 0.25196
v -0.70252 0.80599 0.25104
v -0.73383 0.81599 0.24434
v -0.7319 0.81416 0.24544
v -0.70444 0.80781 0.25008
v -0.70636 0.80964 0.24911
v -0.67121 0.79599 0.25666
v -0.64182 0.78781 0.24864
v -0.64375 0.78964 0.24911
v -0.61244 0.77964 0.23726
v -0.58305 0.77146 0.226
v -0.58498 0.77329 0.226
v -0.61629 0.78329 0.23789
v -0.61436 0.78146 0.23758
v -0.5869 0.77511 0.226
v -0.58882 0.77694 0.226
v -0.6789 0.80329 0.25333
v -0.67698 0.80146 0.2542
v -0.64952 0.79511 0.2505
v -0.64759 0.79329 0.25004
v -0.65144 0.79694 0.25095
v -0.62013 0.78694 0.23851
v -0.61821 0.78511 0.2382
v -0.59075 0.77876 0.226
v -0.59267 0.78059 0.226
v -0.62398 0.79059 0.23913
v -0.62205 0.78876 0.23882
v -0.59459 0.78241 0.226
v -0.59652 0.78424 0.226
v -0.67313 0.79781 0.25586
v -0.64567 0.79146 0.24958
v -0.67506 0.79964 0.25504
v -0.79031 0.83084 0.23122
v -0.76284 0.82449 0.23749
v -0.7644 0.82663 0.23598
v -0.73538 0.81814 0.24304
v -0.70792 0.81179 0.24796
v -0.70948 0.81393 0.24678
v -0.73849 0.82243 0.24033
v -0.73694 0.82028 0.24171
v -0.71103 0.81608 0.24556
v -0.71259 0.81823 0.24431
v -0.68046 0.80544 0.25232
v -0.653 0.79909 0.25117
v -0.65455 0.80123 0.2514
v -0.62553 0.79273 0.23925
v -0.59807 0.78638 0.226
v -0.59963 0.78853 0.226
v -0.62864 0.79703 0.23984
v -0.62709 0.79488 0.23954
v -0.60118 0.79068 0.226
v -0.60274 0.79283 0.226
v -0.68668 0.81402 0.24793
v -0.68512 0.81188 0.24908
v -0.65922 0.80767 0.25225
v -0.65766 0.80553 0.25191
v -0.66077 0.80982 0.25124
v -0.63175 0.80132 0.24044
v -0.6302 0.79918 0.24014
v -0.60429 0.79497 0.226
v -0.60585 0.79712 0.226
v -0.63486 0.80562 0.24102
v -0.63331 0.80347 0.24073
v -0.6074 0.79927 0.226
v -0.60896 0.80141 0.226
v -0.68201 0.80758 0.25127
v -0.65611 0.80338 0.25163
v -0.68357 0.80973 0.25019
v -0.79144 0.83323 0.22936
v -0.76553 0.82903 0.23429
v -0.76667 0.83143 0.23254
v -0.73963 0.82483 0.23879
v -0.71372 0.82062 0.24289
v -0.71485 0.82302 0.24143
v -0.7419 0.82962 0.23553
v -0.74076 0.82722 0.23719
v -0.71599 0.82542 0.23992
v -0.71712 0.82781 0.23836
v -0.68781 0.81642 0.24664
v -0.66191 0.81222 0.25007
v -0.66304 0.81461 0.24885
v -0.636 0.80801 0.24102
v -0.61009 0.80381 0.226
v -0.61123 0.80621 0.226
v -0.63827 0.81281 0.24106
v -0.63713 0.81041 0.24102
v -0.61236 0.8086 0.226
v -0.6135 0.811 0.226
v -0.69235 0.82601 0.24103
v -0.69122 0.82361 0.2425
v -0.66644 0.8218 0.24494
v -0.66531 0.81941 0.24629
v -0.66758 0.8242 0.24355
v -0.64054 0.8176 0.24156
v -0.6394 0.8152 0.24127
v -0.61463 0.8134 0.226
v -0.61577 0.81579 0.226
v -0.64281 0.82239 0.24214
v -0.64167 0.81999 0.24185
v -0.6169 0.81819 0.226
v -0.61803 0.82058 0.226
v -0.68895 0.81882 0.24531
v -0.66418 0.81701 0.24759
v -0.69008 0.82121 0.24393
v -0.79212 0.8358 0.22735
v -0.76734 0.83399 0.23064
v -0.76802 0.83655 0.22867
v -0.74257 0.83218 0.23374
v -0.7178 0.83038 0.23667
v -0.71847 0.83294 0.23491
v -0.74392 0.83731 0.22996
v -0.74325 0.83475 0.23188
v -0.71915 0.8355 0.2331
v -0.71982 0.83807 0.23122
v -0.69303 0.82857 0.23943
v -0.66825 0.82676 0.24204
v -0.66893 0.82933 0.24048
v -0.64348 0.82495 0.24214
v -0.61871 0.82315 0.226
v -0.61938 0.82571 0.226
v -0.64483 0.83008 0.2415
v -0.64416 0.82752 0.24214
v -0.62006 0.82828 0.226
v -0.62073 0.83084 0.226
v -0.69573 0.83882 0.23245
v -0.69505 0.83626 0.23429
v -0.67095 0.83702 0.23545
v -0.67028 0.83445 0.23719
v -0.67163 0.83958 0.23365
v -0.64618 0.83521 0.23828
v -0.64551 0.83265 0.23992
v -0.62141 0.8334 0.226
v -0.62208 0.83597 0.226
v -0.64753 0.84034 0.23483
v -0.64686 0.83777 0.23659
v -0.62276 0.83853 0.226
v -0.62344 0.84109 0.226
v -0.6937 0.83113 0.23778
v -0.6696 0.83189 0.23886
v -0.69438 0.8337 0.23606
v -0.62372 0.84278 0.226
v -0.64781 0.84202 0.23365
v -0.624 0.84447 0.226
v -0.64809 0.84371 0.23245
v -0.62428 0.84615 0.226
v -0.64838 0.8454 0.23122
v -0.62456 0.84784 0.226
v -0.67219 0.84295 0.23122
v -0.67191 0.84127 0.23245
v -0.69601 0.84051 0.23122
v -0.64866 0.84708 0.22996
v -0.62484 0.84952 0.226
v -0.64894 0.84877 0.22867
v -0.62512 0.85121 0.226
v -0.67275 0.84633 0.22867
v -0.64922 0.85045 0.22735
v -0.6254 0.8529 0.226
v -0.6495 0.85214 0.226
v -0.62568 0.85458 0.226
v -0.67332 0.8497 0.226
v -0.69685 0.84557 0.22735
v -0.67303 0.84801 0.22735
v -0.69713 0.84725 0.226
v -0.72095 0.84481 0.226
v -0.72011 0.83975 0.22996
v -0.7442 0.839 0.22867
v -0.72039 0.84144 0.22867
v -0.74448 0.84068 0.22735
v -0.72067 0.84313 0.22735
v -0.74476 0.84237 0.226
v -0.76858 0.83993 0.226
v -0.7683 0.83824 0.22735
v -0.7924 0.83748 0.226
v -0.67247 0.84464 0.22996
v -0.69657 0.84388 0.22867
v -0.69629 0.8422 0.22996
vn 0.0 0.0 -1.0
vn 0.0 0.0 1.0
vn 0.11043 -0.99388 0.0
vn 0.8786 -0.47756 0.0
vn 0.72984 -0.68361 0.0
vn 0.5168 -0.85611 0.0
vn 0.29581 -0.95525 0.0
vn 0.11995 -0.99278 0.0
vn 0.00292 -1.0 0.0
vn -0.06345 -0.99799 0.0
vn -0.09007 -0.99594 0.0
vn -0.08462 -0.99641 0.0
vn -0.05148 -0.99867 0.0
vn 0.00708 -0.99997 0.0
vn 0.08927 -0.99601 0.0
vn 0.19221 -0.98135 0.0
vn 0.31028 -0.95065 0.0
vn -0.58954 0.80774 0.0
vn -0.57415 0.81875 0.0
vn -0.56732 0.8235 0.0
vn -0.56917 0.82222 0.0
vn -0.57963 0.81488 0.0
vn -0.59844 0.80117 0.0
vn -0.62513 0.78052 0.0
vn -0.6589 0.75223 0.0
vn -0.69855 0.71556 0.0
vn -0.7424 0.66995 0.0
vn -0.78832 0.61527 0.0
vn -0.83384 0.55201 0.0
vn -0.87646 0.48147 0.0
vn -0.91401 0.40568 0.0
vn -0.94496 0.3272 0.0
vn -0.96859 0.24866 0.0
vn 0.0 -1.0 0.0
vn 0.9999 -0.01445 0.0
vn 0.99355 -0.11344 0.0
vn 0.9772 -0.21232 0.0
vn 0.95184 -0.30658 0.0
vn 0.91993 -0.39209 0.0
vn 0.8849 -0.46578 0.0
vn 0.85056 -0.52588 0.0
vn 0.82047 -0.57169 0.0
vn 0.7977 -0.60305 0.0
vn 0.78476 -0.61981 0.0
vn 0.78368 -0.62117 0.0
vn 0.79605 -0.60523 0.0
vn 0.9223 -0.38648 0.0
vn 0.93942 -0.34276 0.0
vn 0.95558 -0.29474 0.0
vn 0.96944 -0.24534 0.0
vn 0.9802 -0.19803 0.0
vn 0.98775 -0.15603 0.0
vn 0.99258 -0.1216 0.0
vn 0.99541 -0.09569 0.0
vn 0.99694 -0.07815 0.0
vn 0.99768 -0.06804 0.0
vn 0.99795 -0.06407 0.0
vn 0.99789 -0.06488 0.0
vn -0.20452 0.97886 0.0
vn -0.1355 0.99078 0.0
vn -0.07235 0.99738 0.0
vn -0.02072 0.99979 0.0
vn 0.01371 0.99991 0.0
vn 0.02574 0.99967 0.0
vn 0.01112 0.99994 0.0
vn -0.0329 0.99946 0.0
vn -0.10615 0.99435 0.0
vn -0.20374 0.97903 0.0
vn -0.31523 0.94901 0.0
vn -0.42712 0.9042 0.0
vn 0.98639 0.1644 0.0
vn -0.10203 0.99478 0.0
vn -0.99357 0.11319 0.0
vn 0.07809 -0.70278 0.70711
vn 0.62126 -0.33769 0.70711
vn 0.51608 -0.48339 0.70711
vn 0.36543 -0.60536 0.70711
vn 0.20917 -0.67546 0.70711
vn 0.08481 -0.702 0.70711
vn 0.00207 -0.7071 0.70711
vn -0.04486 -0.70568 0.70711
vn -0.06369 -0.70423 0.70711
vn -0.05984 -0.70457 0.70711
vn -0.0364 -0.70617 0.70711
vn 0.005 -0.70709 0.70711
vn 0.06313 -0.70428 0.70711
vn 0.13591 -0.69392 0.70711
vn 0.2194 -0.67221 0.70711
vn -0.41687 0.57116 0.70711
vn -0.40598 0.57895 0.70711
vn -0.40116 0.5823 0.70711
vn -0.40247 0.5814 0.70711
vn -0.40986 0.57621 0.70711
vn -0.42316 0.56651 0.70711
vn -0.44204 0.55191 0.70711
vn -0.46592 0.5319 0.70711
vn -0.49395 0.50598 0.70711
vn -0.52496 0.47373 0.70711
vn -0.55742 0.43506 0.70711
vn -0.58961 0.39033 0.70711
vn -0.61975 0.34045 0.70711
vn -0.64631 0.28686 0.70711
vn -0.66819 0.23136 0.70711
vn -0.6849 0.17583 0.70711
vn 0.0 -0.70711 0.70711
vn 0.70703 -0.01022 0.70711
vn 0.70254 -0.08021 0.70711
vn 0.69098 -0.15013 0.70711
vn 0.67306 -0.21679 0.70711
vn 0.65049 -0.27725 0.70711
vn 0.62572 -0.32935 0.70711
vn 0.60144 -0.37185 0.70711
vn 0.58016 -0.40424 0.70711
vn 0.56406 -0.42642 0.70711
vn 0.55491 -0.43827 0.70711
vn 0.55414 -0.43923 0.70711
vn 0.56289 -0.42796 0.70711
vn 0.65216 -0.27328 0.70711
vn 0.66427 -0.24237 0.70711
vn 0.67569 -0.20841 0.70711
vn 0.6855 -0.17348 0.70711
vn 0.6931 -0.14003 0.70711
vn 0.69845 -0.11033 0.70711
vn 0.70186 -0.08598 0.70711
vn 0.70386 -0.06767 0.70711
vn 0.70494 -0.05526 0.70711
vn 0.70547 -0.04811 0.70711
vn 0.70565 -0.0453 0.70711
vn 0.70562 -0.04587 0.70711
vn -0.14461 0.69216 0.70711
vn -0.09582 0.70059 0.70711
vn -0.05116 0.70525 0.70711
vn -0.01465 0.70696 0.70711
vn 0.00969 0.70704 0.70711
vn 0.0182 0.70687 0.70711
vn 0.00786 0.70706 0.70711
vn -0.02326 0.70672 0.70711
vn -0.07506 0.70311 0.70711
vn -0.14406 0.69228 0.70711
vn -0.2229 0.67105 0.70711
vn -0.30202 0.63936 0.70711
vn 0.69749 0.11625 0.70711
vn -0.07215 0.70342 0.70711
vn -0.70256 0.08004 0.70711
vn -0.5752 -0.5736 0.58321
vn 0.45315 -0.67418 0.58321
vn 0.55785 -0.82994 0.0
vn -0.70809 -0.70612 0.0
vn -0.0 -0.0 1.0
vn 0.0 -0.0 1.0
vn 0.5752 0.5736 0.58321
vn -0.45315 0.67418 0.58321
vn 0.70809 0.70612 0.0
vn -0.55785 0.82994 0.0
vn 0.5752 0.5736 -0.58321
vn -0.45315 0.67418 -0.58321
vn -0.0 0.0 -1.0
vn -0.5752 -0.5736 -0.58321
vn 0.45315 -0.67418 -0.58321
vn -0.70809 -0.70612 -0.0
vn 0.55785 -0.82994 -0.0
vn 0.70099 -0.41047 0.58321
vn 0.86294 -0.5053 0.0
vn -0.70099 0.41047 0.58321
vn -0.86294 0.5053 0.0
vn -0.70099 0.41047 -0.58321
vn 0.70099 -0.41047 -0.58321
vn 0.86294 -0.5053 -0.0
vn 0.65863 -0.47548 0.58321
vn 0.81079 -0.58533 0.0
vn -0.65863 0.47548 0.58321
vn -0.81079 0.58533 0.0
vn -0.65863 0.47548 -0.58321
vn 0.65863 -0.47548 -0.58321
vn 0.81079 -0.58533 -0.0
vn 0.61025 -0.53615 0.58321
vn 0.75124 -0.66002 0.0
vn -0.61025 0.53615 0.58321
vn -0.75124 0.66002 0.0
vn -0.61025 0.53615 -0.58321
vn 0.61025 -0.53615 -0.58321
vn 0.75124 -0.66002 -0.0
vn 0.57343 -0.57536 0.58321
vn 0.70592 -0.70829 0.0
vn -0.57343 0.57536 0.58321
vn -0.70592 0.70829 0.0
vn -0.57343 0.57536 -0.58321
vn 0.57343 -0.57536 -0.58321
vn 0.70592 -0.70829 -0.0
vn 0.51116 -0.63133 0.58321
vn 0.62926 -0.77719 0.0
vn -0.51116 0.63133 0.58321
vn -0.62926 0.77719 0.0
vn -0.51116 0.63133 -0.58321
vn 0.51116 -0.63133 -0.58321
vn 0.62926 -0.77719 -0.0
vn 0.44346 -0.6806 0.58321
vn 0.54592 -0.83784 0.0
vn -0.44346 0.6806 0.58321
vn -0.54592 0.83784 0.0
vn -0.44346 0.6806 -0.58321
vn 0.44346 -0.6806 -0.58321
vn 0.54592 -0.83784 -0.0
vn 0.39851 -0.70785 0.58321
vn 0.49058 -0.87139 0.0
vn -0.39851 0.70785 0.58321
vn -0.49058 0.87139 0.0
vn -0.39851 0.70785 -0.58321
vn 0.39851 -0.70785 -0.58321
vn 0.49058 -0.87139 -0.0
vn 0.3325 -0.74116 0.58321
vn 0.40932 -0.91239 0.0
vn -0.3325 0.74116 0.58321
vn -0.40932 0.91239 0.0
vn -0.3325 0.74116 -0.58321
vn 0.3325 -0.74116 -0.58321
vn 0.40932 -0.91239 -0.0
vn 0.26373 -0.76832 0.58321
vn 0.32466 -0.94583 0.0
vn -0.26373 0.76832 0.58321
vn -0.32466 0.94583 0.0
vn -0.26373 0.76832 -0.58321
vn 0.26373 -0.76832 -0.58321
vn 0.32466 -0.94583 -0.0
vn 0.20513 -0.786 0.58321
vn 0.25252 -0.96759 0.0
vn -0.20513 0.786 0.58321
vn -0.25252 0.96759 0.0
vn -0.20513 0.786 -0.58321
vn 0.20513 -0.786 -0.58321
vn 0.25252 -0.96759 -0.0
vn 0.13363 -0.80126 0.58321
vn 0.1645 -0.98638 0.0
vn -0.13363 0.80126 0.58321
vn -0.1645 0.98638 0.0
vn -0.13363 0.80126 -0.58321
vn 0.13363 -0.80126 -0.58321
vn 0.1645 -0.98638 -0.0
vn 0.07374 -0.80897 0.58321
vn 0.09078 -0.99587 0.0
vn -0.07374 0.80897 0.58321
vn -0.09078 0.99587 0.0
vn -0.07374 0.80897 -0.58321
vn 0.07374 -0.80897 -0.58321
vn 0.09078 -0.99587 -0.0
vn 0.02619 -0.8119 0.58321
vn 0.03224 -0.99948 0.0
vn -0.02619 0.8119 0.58321
vn -0.03224 0.99948 0.0
vn -0.02619 0.8119 -0.58321
vn 0.02619 -0.8119 -0.58321
vn 0.03224 -0.99948 -0.0
vn -0.01111 -0.81225 0.58321
vn -0.01368 -0.99991 0.0
vn 0.01111 0.81225 0.58321
vn 0.01368 0.99991 0.0
vn 0.01111 0.81225 -0.58321
vn -0.01111 -0.81225 -0.58321
vn -0.01368 -0.99991 -0.0
vn -0.03807 -0.81143 0.58321
vn -0.04687 -0.9989 0.0
vn 0.03807 0.81143 0.58321
vn 0.04687 0.9989 0.0
vn 0.03807 0.81143 -0.58321
vn -0.03807 -0.81143 -0.58321
vn -0.04687 -0.9989 -0.0
vn -0.05695 -0.81033 0.58321
vn -0.07011 -0.99754 0.0
vn 0.05695 0.81033 0.58321
vn 0.07011 0.99754 0.0
vn 0.05695 0.81033 -0.58321
vn -0.05695 -0.81033 -0.58321
vn -0.07011 -0.99754 -0.0
vn -0.06776 -0.80949 0.58321
vn -0.08342 -0.99651 0.0
vn 0.06776 0.80949 0.58321
vn 0.08342 0.99651 0.0
vn 0.06776 0.80949 -0.58321
vn -0.06776 -0.80949 -0.58321
vn -0.08342 -0.99651 -0.0
vn -0.07095 -0.80922 0.58321
vn -0.08734 -0.99618 0.0
vn 0.07095 0.80922 0.58321
vn 0.08734 0.99618 0.0
vn 0.07095 0.80922 -0.58321
vn -0.07095 -0.80922 -0.58321
vn -0.08734 -0.99618 -0.0
vn -0.05529 -0.81044 0.58321
vn -0.06806 -0.99768 0.0
vn 0.05529 0.81044 0.58321
vn 0.06806 0.99768 0.0
vn 0.05529 0.81044 -0.58321
vn -0.05529 -0.81044 -0.58321
vn -0.06806 -0.99768 -0.0
vn -0.01804 -0.81212 0.58321
vn -0.02221 -0.99975 0.0
vn 0.01804 0.81212 0.58321
vn 0.02221 0.99975 0.0
vn 0.01804 0.81212 -0.58321
vn -0.01804 -0.81212 -0.58321
vn -0.02221 -0.99975 -0.0
vn 0.03917 -0.81138 0.58321
vn 0.04822 -0.99884 0.0
vn -0.03917 0.81138 0.58321
vn -0.04822 0.99884 0.0
vn -0.03917 0.81138 -0.58321
vn 0.03917 -0.81138 -0.58321
vn 0.04822 -0.99884 -0.0
vn 0.11448 -0.80422 0.58321
vn 0.14093 -0.99002 0.0
vn -0.11448 0.80422 0.58321
vn -0.14093 0.99002 0.0
vn -0.11448 0.80422 -0.58321
vn 0.11448 -0.80422 -0.58321
vn 0.14093 -0.99002 -0.0
vn 0.20447 -0.78617 0.58321
vn 0.25171 -0.9678 0.0
vn -0.20447 0.78617 0.58321
vn -0.25171 0.9678 0.0
vn -0.20447 0.78617 -0.58321
vn 0.20447 -0.78617 -0.58321
vn 0.25171 -0.9678 -0.0
vn 0.2154 -0.78324 0.58321
vn 0.26517 -0.9642 0.0
vn -0.2154 0.78324 0.58321
vn -0.26517 0.9642 0.0
vn -0.2154 0.78324 -0.58321
vn 0.2154 -0.78324 -0.58321
vn 0.26517 -0.9642 -0.0
vn 0.10293 -0.80578 0.58321
vn 0.12671 -0.99194 0.0
vn -0.10293 0.80578 0.58321
vn -0.12671 0.99194 0.0
vn -0.10293 0.80578 -0.58321
vn 0.10293 -0.80578 -0.58321
vn 0.12671 -0.99194 -0.0
vn -0.04984 -0.81079 0.58321
vn -0.06135 -0.99812 0.0
vn 0.04984 0.81079 0.58321
vn 0.06135 0.99812 0.0
vn 0.04984 0.81079 -0.58321
vn -0.04984 -0.81079 -0.58321
vn -0.06135 -0.99812 -0.0
vn -0.20084 -0.7871 0.58321
vn -0.24724 -0.96895 0.0
vn 0.20084 0.7871 0.58321
vn 0.24724 0.96895 0.0
vn 0.20084 0.7871 -0.58321
vn -0.20084 -0.7871 -0.58321
vn -0.24724 -0.96895 -0.0
vn -0.34473 -0.73555 0.58321
vn -0.42438 -0.90549 0.0
vn 0.34473 0.73555 0.58321
vn 0.42438 0.90549 0.0
vn 0.34473 0.73555 -0.58321
vn -0.34473 -0.73555 -0.58321
vn -0.42438 -0.90549 -0.0
vn -0.47642 -0.65795 0.58321
vn -0.58648 -0.80996 0.0
vn 0.47642 0.65795 0.58321
vn 0.58648 0.80996 0.0
vn 0.47642 0.65795 -0.58321
vn -0.47642 -0.65795 -0.58321
vn -0.58648 -0.80996 -0.0
vn -0.59123 -0.55706 0.58321
vn -0.72783 -0.68576 0.0
vn 0.59123 0.55706 0.58321
vn 0.72783 0.68576 0.0
vn 0.59123 0.55706 -0.58321
vn -0.59123 -0.55706 -0.58321
vn -0.72783 -0.68576 -0.0
vn -0.68512 -0.43644 0.58321
vn -0.84341 -0.53728 0.0
vn 0.68512 0.43644 0.58321
vn 0.84341 0.53728 0.0
vn 0.68512 0.43644 -0.58321
vn -0.68512 -0.43644 -0.58321
vn -0.84341 -0.53728 -0.0
vn -0.75475 -0.30038 0.58321
vn -0.92912 -0.36977 0.0
vn 0.75475 0.30038 0.58321
vn 0.92912 0.36977 0.0
vn 0.75475 0.30038 -0.58321
vn -0.75475 -0.30038 -0.58321
vn -0.92912 -0.36977 -0.0
vn -0.79766 -0.15367 0.58321
vn -0.98194 -0.18918 0.0
vn 0.79766 0.15367 0.58321
vn 0.98194 0.18918 0.0
vn 0.79766 0.15367 -0.58321
vn -0.79766 -0.15367 -0.58321
vn -0.98194 -0.18918 -0.0
vn -0.81232 -0.00153 0.58321
vn -1.0 -0.00189 0.0
vn 0.81232 0.00153 0.58321
vn 1.0 0.00189 0.0
vn 0.81232 0.00153 -0.58321
vn -0.81232 -0.00153 -0.58321
vn -1.0 -0.00189 -0.0
vn -0.79823 0.15066 0.58321
vn -0.98265 0.18547 0.0
vn -0.0 0.0 1.0
vn 0.79823 -0.15066 0.58321
vn 0.98265 -0.18547 0.0
vn 0.79823 -0.15066 -0.58321
vn 0.0 -0.0 -1.0
vn -0.79823 0.15066 -0.58321
vn -0.98265 0.18547 -0.0
vn -0.75588 0.29753 0.58321
vn -0.93051 0.36627 0.0
vn 0.75588 -0.29753 0.58321
vn 0.93051 -0.36627 0.0
vn 0.75588 -0.29753 -0.58321
vn -0.75588 0.29753 -0.58321
vn -0.93051 0.36627 -0.0
vn -0.68676 0.43385 0.58321
vn -0.84543 0.53409 0.0
vn 0.68676 -0.43385 0.58321
vn 0.84543 -0.53409 0.0
vn 0.68676 -0.43385 -0.58321
vn -0.68676 0.43385 -0.58321
vn -0.84543 0.53409 -0.0
vn -0.59333 0.55482 0.58321
vn -0.73041 0.68301 0.0
vn 0.59333 -0.55482 0.58321
vn 0.73041 -0.68301 0.0
vn 0.59333 -0.55482 -0.58321
vn -0.59333 0.55482 -0.58321
vn -0.73041 0.68301 -0.0
vn -0.50926 0.63287 0.58321
vn -0.62692 0.77908 0.0
vn 0.50926 -0.63287 0.58321
vn 0.62692 -0.77908 0.0
vn 0.50926 -0.63287 -0.58321
vn -0.50926 0.63287 -0.58321
vn -0.62692 0.77908 -0.0
vn -0.47578 0.65841 0.58321
vn -0.58571 0.81052 0.0
vn 0.47578 -0.65841 0.58321
vn 0.58571 -0.81052 0.0
vn 0.47578 -0.65841 -0.58321
vn -0.47578 0.65841 -0.58321
vn -0.58571 0.81052 -0.0
vn -0.46953 0.66288 0.58321
vn -0.57801 0.81603 0.0
vn 0.46953 -0.66288 0.58321
vn 0.57801 -0.81603 0.0
vn 0.46953 -0.66288 -0.58321
vn -0.46953 0.66288 -0.58321
vn -0.57801 0.81603 -0.0
vn -0.46501 0.66606 0.58321
vn -0.57244 0.81994 0.0
vn 0.46501 -0.66606 0.58321
vn 0.57244 -0.81994 0.0
vn 0.46501 -0.66606 -0.58321
vn -0.46501 0.66606 -0.58321
vn -0.57244 0.81994 -0.0
vn -0.46224 0.66799 0.58321
vn -0.56903 0.82232 0.0
vn 0.46224 -0.66799 0.58321
vn 0.56903 -0.82232 0.0
vn 0.46224 -0.66799 -0.58321
vn -0.46224 0.66799 -0.58321
vn -0.56903 0.82232 -0.0
vn -0.4616 0.66843 0.58321
vn -0.56825 0.82286 0.0
vn 0.4616 -0.66843 0.58321
vn 0.56825 -0.82286 0.0
vn 0.4616 -0.66843 -0.58321
vn -0.4616 0.66843 -0.58321
vn -0.56825 0.82286 -0.0
vn -0.46661 0.66494 0.58321
vn -0.57441 0.81857 0.0
vn 0.46661 -0.66494 0.58321
vn 0.57441 -0.81857 0.0
vn 0.46661 -0.66494 -0.58321
vn -0.46661 0.66494 -0.58321
vn -0.57441 0.81857 -0.0
vn -0.47852 0.65642 0.58321
vn -0.58908 0.80808 0.0
vn 0.47852 -0.65642 0.58321
vn 0.58908 -0.80808 0.0
vn 0.47852 -0.65642 -0.58321
vn -0.47852 0.65642 -0.58321
vn -0.58908 0.80808 -0.0
vn -0.49704 0.64251 0.58321
vn -0.61188 0.79095 0.0
vn 0.49704 -0.64251 0.58321
vn 0.61188 -0.79095 0.0
vn 0.49704 -0.64251 -0.58321
vn -0.49704 0.64251 -0.58321
vn -0.61188 0.79095 -0.0
vn -0.52165 0.62269 0.58321
vn -0.64217 0.76656 0.0
vn 0.52165 -0.62269 0.58321
vn 0.64217 -0.76656 0.0
vn 0.52165 -0.62269 -0.58321
vn -0.52165 0.62269 -0.58321
vn -0.64217 0.76656 -0.0
vn -0.55155 0.59638 0.58321
vn -0.67898 0.73416 0.0
vn 0.55155 -0.59638 0.58321
vn 0.67898 -0.73416 0.0
vn 0.55155 -0.59638 -0.58321
vn -0.55155 0.59638 -0.58321
vn -0.67898 0.73416 -0.0
vn -0.58555 0.56302 0.58321
vn -0.72084 0.6931 0.0
vn 0.58555 -0.56302 0.58321
vn 0.72084 -0.6931 0.0
vn 0.58555 -0.56302 -0.58321
vn -0.58555 0.56302 -0.58321
vn -0.72084 0.6931 -0.0
vn -0.62212 0.52234 0.58321
vn -0.76585 0.64302 0.0
vn 0.62212 -0.52234 0.58321
vn 0.76585 -0.64302 0.0
vn 0.62212 -0.52234 -0.58321
vn -0.62212 0.52234 -0.58321
vn -0.76585 0.64302 -0.0
vn -0.65936 0.47446 0.58321
vn -0.81169 0.58408 0.0
vn 0.65936 -0.47446 0.58321
vn 0.81169 -0.58408 0.0
vn 0.65936 -0.47446 -0.58321
vn -0.65936 0.47446 -0.58321
vn -0.81169 0.58408 -0.0
vn -0.69525 0.42012 0.58321
vn -0.85588 0.51718 0.0
vn 0.69525 -0.42012 0.58321
vn 0.85588 -0.51718 0.0
vn 0.69525 -0.42012 -0.58321
vn -0.69525 0.42012 -0.58321
vn -0.85588 0.51718 -0.0
vn -0.72788 0.36065 0.58321
vn -0.89604 0.44397 0.0
vn 0.72788 -0.36065 0.58321
vn 0.89604 -0.44397 0.0
vn 0.72788 -0.36065 -0.58321
vn -0.72788 0.36065 -0.58321
vn -0.89604 0.44397 -0.0
vn -0.75572 0.29793 0.58321
vn -0.93031 0.36677 0.0
vn 0.75572 -0.29793 0.58321
vn 0.93031 -0.36677 0.0
vn 0.75572 -0.29793 -0.58321
vn -0.75572 0.29793 -0.58321
vn -0.93031 0.36677 -0.0
vn -0.77786 0.23409 0.58321
vn -0.95758 0.28817 0.0
vn 0.77786 -0.23409 0.58321
vn 0.95758 -0.28817 0.0
vn 0.77786 -0.23409 -0.58321
vn -0.77786 0.23409 -0.58321
vn -0.95758 0.28817 -0.0
vn -0.64185 -0.49789 0.58321
vn -0.79014 -0.61292 0.0
vn 0.64185 0.49789 0.58321
vn 0.79014 0.61292 0.0
vn 0.64185 0.49789 -0.58321
vn -0.64185 -0.49789 -0.58321
vn -0.79014 -0.61292 -0.0
vn 0.57023 -0.57853 0.58321
vn 0.70198 -0.7122 0.0
vn -0.57023 0.57853 0.58321
vn -0.70198 0.7122 0.0
vn -0.57023 0.57853 -0.58321
vn 0.57023 -0.57853 -0.58321
vn 0.70198 -0.7122 -0.0
vn 0.8117 -0.03188 0.58321
vn 0.99923 -0.03925 0.0
vn -0.8117 0.03188 0.58321
vn -0.99923 0.03925 0.0
vn -0.8117 0.03188 -0.58321
vn 0.8117 -0.03188 -0.58321
vn 0.99923 -0.03925 -0.0
vn 0.80912 -0.0721 0.58321
vn 0.99605 -0.08876 0.0
vn -0.80912 0.0721 0.58321
vn -0.99605 0.08876 0.0
vn -0.80912 0.0721 -0.58321
vn 0.80912 -0.0721 -0.58321
vn 0.99605 -0.08876 -0.0
vn 0.80452 -0.11235 0.58321
vn 0.99039 -0.1383 0.0
vn -0.80452 0.11235 0.58321
vn -0.99039 0.1383 0.0
vn -0.80452 0.11235 -0.58321
vn 0.80452 -0.11235 -0.58321
vn 0.99039 -0.1383 -0.0
vn 0.79788 -0.15252 0.58321
vn 0.98221 -0.18776 0.0
vn -0.79788 0.15252 0.58321
vn -0.98221 0.18776 0.0
vn -0.79788 0.15252 -0.58321
vn 0.79788 -0.15252 -0.58321
vn 0.98221 -0.18776 -0.0
vn 0.78936 -0.1918 0.58321
vn 0.97173 -0.23611 0.0
vn -0.78936 0.1918 0.58321
vn -0.97173 0.23611 0.0
vn -0.78936 0.1918 -0.58321
vn 0.78936 -0.1918 -0.58321
vn 0.97173 -0.23611 -0.0
vn 0.77905 -0.23009 0.58321
vn 0.95904 -0.28326 0.0
vn -0.77905 0.23009 0.58321
vn -0.95904 0.28326 0.0
vn -0.77905 0.23009 -0.58321
vn 0.77905 -0.23009 -0.58321
vn 0.95904 -0.28326 -0.0
vn 0.76732 -0.26662 0.58321
vn 0.9446 -0.32823 0.0
vn -0.76732 0.26662 0.58321
vn -0.9446 0.32823 0.0
vn -0.76732 0.26662 -0.58321
vn 0.76732 -0.26662 -0.58321
vn 0.9446 -0.32823 -0.0
vn 0.75435 -0.30136 0.58321
vn 0.92864 -0.37099 0.0
vn -0.75435 0.30136 0.58321
vn -0.92864 0.37099 0.0
vn -0.75435 0.30136 -0.58321
vn 0.75435 -0.30136 -0.58321
vn 0.92864 -0.37099 -0.0
vn 0.74063 -0.33368 0.58321
vn 0.91174 -0.41077 0.0
vn -0.74063 0.33368 0.58321
vn -0.91174 0.41077 0.0
vn -0.74063 0.33368 -0.58321
vn 0.74063 -0.33368 -0.58321
vn 0.91174 -0.41077 -0.0
vn 0.7264 -0.36362 0.58321
vn 0.89422 -0.44763 0.0
vn -0.7264 0.36362 0.58321
vn -0.89422 0.44763 0.0
vn -0.7264 0.36362 -0.58321
vn 0.7264 -0.36362 -0.58321
vn 0.89422 -0.44763 -0.0
vn 0.71217 -0.39075 0.58321
vn 0.87671 -0.48102 0.0
vn -0.71217 0.39075 0.58321
vn -0.87671 0.48102 0.0
vn -0.71217 0.39075 -0.58321
vn 0.71217 -0.39075 -0.58321
vn 0.87671 -0.48102 -0.0
vn 0.69822 -0.41516 0.58321
vn 0.85953 -0.51108 0.0
vn -0.69822 0.41516 0.58321
vn -0.85953 0.51108 0.0
vn -0.69822 0.41516 -0.58321
vn 0.69822 -0.41516 -0.58321
vn 0.85953 -0.51108 -0.0
vn 0.68501 -0.43661 0.58321
vn 0.84327 -0.53748 0.0
vn -0.68501 0.43661 0.58321
vn -0.84327 0.53748 0.0
vn -0.68501 0.43661 -0.58321
vn 0.68501 -0.43661 -0.58321
vn 0.84327 -0.53748 -0.0
vn 0.67279 -0.45522 0.58321
vn 0.82823 -0.56039 0.0
vn -0.67279 0.45522 0.58321
vn -0.82823 0.56039 0.0
vn -0.67279 0.45522 -0.58321
vn 0.67279 -0.45522 -0.58321
vn 0.82823 -0.56039 -0.0
vn 0.66196 -0.47083 0.58321
vn 0.81489 -0.57961 0.0
vn -0.66196 0.47083 0.58321
vn -0.81489 0.57961 0.0
vn -0.66196 0.47083 -0.58321
vn 0.66196 -0.47083 -0.58321
vn 0.81489 -0.57961 -0.0
vn 0.65271 -0.48357 0.58321
vn 0.80351 -0.5953 0.0
vn -0.65271 0.48357 0.58321
vn -0.80351 0.5953 0.0
vn -0.65271 0.48357 -0.58321
vn 0.65271 -0.48357 -0.58321
vn 0.80351 -0.5953 -0.0
vn 0.64539 -0.4933 0.58321
vn 0.7945 -0.60727 0.0
vn -0.64539 0.4933 0.58321
vn -0.7945 0.60727 0.0
vn -0.64539 0.4933 -0.58321
vn 0.64539 -0.4933 -0.58321
vn 0.7945 -0.60727 -0.0
vn 0.64013 -0.5001 0.58321
vn 0.78802 -0.61564 0.0
vn -0.64013 0.5001 0.58321
vn -0.78802 0.61564 0.0
vn -0.64013 0.5001 -0.58321
vn 0.64013 -0.5001 -0.58321
vn 0.78802 -0.61564 -0.0
vn 0.63726 -0.50376 0.58321
vn 0.78449 -0.62015 0.0
vn -0.63726 0.50376 0.58321
vn -0.78449 0.62015 0.0
vn -0.63726 0.50376 -0.58321
vn 0.63726 -0.50376 -0.58321
vn 0.78449 -0.62015 -0.0
vn 0.63682 -0.50431 0.58321
vn 0.78395 -0.62083 0.0
vn -0.63682 0.50431 0.58321
vn -0.78395 0.62083 0.0
vn -0.63682 0.50431 -0.58321
vn 0.63682 -0.50431 -0.58321
vn 0.78395 -0.62083 -0.0
vn 0.64166 -0.49814 0.58321
vn 0.7899 -0.61323 0.0
vn -0.64166 0.49814 0.58321
vn -0.7899 0.61323 0.0
vn -0.64166 0.49814 -0.58321
vn 0.64166 -0.49814 -0.58321
vn 0.7899 -0.61323 -0.0
vn 0.70356 -0.40605 0.58321
vn 0.86611 -0.49986 0.0
vn -0.70356 0.40605 0.58321
vn -0.86611 0.49986 0.0
vn -0.70356 0.40605 -0.58321
vn 0.70356 -0.40605 -0.58321
vn 0.86611 -0.49986 -0.0
vn 0.75637 -0.29627 0.58321
vn 0.93112 -0.36472 0.0
vn -0.75637 0.29627 0.58321
vn -0.93112 0.36472 0.0
vn -0.75637 0.29627 -0.58321
vn 0.75637 -0.29627 -0.58321
vn 0.93112 -0.36472 -0.0
vn 0.76992 -0.25901 0.58321
vn 0.9478 -0.31885 0.0
vn -0.76992 0.25901 0.58321
vn -0.9478 0.31885 0.0
vn -0.76992 0.25901 -0.58321
vn 0.76992 -0.25901 -0.58321
vn 0.9478 -0.31885 -0.0
vn 0.78212 -0.21943 0.58321
vn 0.96282 -0.27013 0.0
vn -0.78212 0.21943 0.58321
vn -0.96282 0.27013 0.0
vn -0.78212 0.21943 -0.58321
vn 0.78212 -0.21943 -0.58321
vn 0.96282 -0.27013 -0.0
vn 0.7921 -0.18013 0.58321
vn 0.9751 -0.22175 0.0
vn -0.7921 0.18013 0.58321
vn -0.9751 0.22175 0.0
vn -0.7921 0.18013 -0.58321
vn 0.7921 -0.18013 -0.58321
vn 0.9751 -0.22175 -0.0
vn 0.79949 -0.14384 0.58321
vn 0.9842 -0.17707 0.0
vn -0.79949 0.14384 0.58321
vn -0.9842 0.17707 0.0
vn -0.79949 0.14384 -0.58321
vn 0.79949 -0.14384 -0.58321
vn 0.9842 -0.17707 -0.0
vn 0.80446 -0.11278 0.58321
vn 0.99032 -0.13883 0.0
vn -0.80446 0.11278 0.58321
vn -0.99032 0.13883 0.0
vn -0.80446 0.11278 -0.58321
vn 0.80446 -0.11278 -0.58321
vn 0.99032 -0.13883 -0.0
vn 0.80751 -0.08826 0.58321
vn 0.99408 -0.10865 0.0
vn -0.80751 0.08826 0.58321
vn -0.99408 0.10865 0.0
vn -0.80751 0.08826 -0.58321
vn 0.80751 -0.08826 -0.58321
vn 0.99408 -0.10865 -0.0
vn 0.80925 -0.07061 0.58321
vn 0.99621 -0.08693 0.0
vn -0.80925 0.07061 0.58321
vn -0.99621 0.08693 0.0
vn -0.80925 0.07061 -0.58321
vn 0.80925 -0.07061 -0.58321
vn 0.99621 -0.08693 -0.0
vn 0.81015 -0.05938 0.58321
vn 0.99732 -0.0731 0.0
vn -0.81015 0.05938 0.58321
vn -0.99732 0.0731 0.0
vn -0.81015 0.05938 -0.58321
vn 0.81015 -0.05938 -0.58321
vn 0.99732 -0.0731 -0.0
vn 0.81055 -0.05366 0.58321
vn 0.99782 -0.06605 0.0
vn -0.81055 0.05366 0.58321
vn -0.99782 0.06605 0.0
vn -0.81055 0.05366 -0.58321
vn 0.81055 -0.05366 -0.58321
vn 0.99782 -0.06605 -0.0
vn 0.81064 -0.05221 0.58321
vn 0.99793 -0.06427 0.0
vn -0.81064 0.05221 0.58321
vn -0.99793 0.06427 0.0
vn -0.81064 0.05221 -0.58321
vn 0.81064 -0.05221 -0.58321
vn 0.99793 -0.06427 -0.0
vn 0.05254 0.81062 0.58321
vn 0.06467 0.99791 0.0
vn -0.05254 -0.81062 0.58321
vn -0.06467 -0.99791 0.0
vn -0.05254 -0.81062 -0.58321
vn -0.0 -0.0 -1.0
vn 0.05254 0.81062 -0.58321
vn 0.06467 0.99791 -0.0
vn -0.61345 0.5325 0.58321
vn -0.75518 0.65552 0.0
vn 0.61345 -0.5325 0.58321
vn 0.75518 -0.65552 0.0
vn 0.61345 -0.5325 -0.58321
vn -0.61345 0.5325 -0.58321
vn -0.75518 0.65552 -0.0
vn -0.15218 0.79794 0.58321
vn -0.18734 0.98229 0.0
vn 0.15218 -0.79794 0.58321
vn 0.18734 -0.98229 0.0
vn 0.15218 -0.79794 -0.58321
vn -0.15218 0.79794 -0.58321
vn -0.18734 0.98229 -0.0
vn -0.12415 0.80278 0.58321
vn -0.15283 0.98825 0.0
vn 0.12415 -0.80278 0.58321
vn 0.15283 -0.98825 0.0
vn 0.12415 -0.80278 -0.58321
vn -0.12415 0.80278 -0.58321
vn -0.15283 0.98825 -0.0
vn -0.09728 0.80648 0.58321
vn -0.11976 0.9928 0.0
vn 0.09728 -0.80648 0.58321
vn 0.11976 -0.9928 0.0
vn 0.09728 -0.80648 -0.58321
vn -0.09728 0.80648 -0.58321
vn -0.11976 0.9928 -0.0
vn -0.07163 0.80916 0.58321
vn -0.08817 0.99611 0.0
vn 0.07163 -0.80916 0.58321
vn 0.08817 -0.99611 0.0
vn 0.07163 -0.80916 -0.58321
vn -0.07163 0.80916 -0.58321
vn -0.08817 0.99611 -0.0
vn -0.04829 0.81089 0.58321
vn -0.05945 0.99823 0.0
vn 0.04829 -0.81089 0.58321
vn 0.05945 -0.99823 0.0
vn 0.04829 -0.81089 -0.58321
vn -0.04829 0.81089 -0.58321
vn -0.05945 0.99823 -0.0
vn -0.02732 0.81186 0.58321
vn -0.03363 0.99943 0.0
vn 0.02732 -0.81186 0.58321
vn 0.03363 -0.99943 0.0
vn 0.02732 -0.81186 -0.58321
vn -0.02732 0.81186 -0.58321
vn -0.03363 0.99943 -0.0
vn -0.00984 0.81226 0.58321
vn -0.01211 0.99993 0.0
vn 0.00984 -0.81226 0.58321
vn 0.01211 -0.99993 0.0
vn 0.00984 -0.81226 -0.58321
vn -0.00984 0.81226 -0.58321
vn -0.01211 0.99993 -0.0
vn 0.00414 0.81231 0.58321
vn 0.0051 0.99999 0.0
vn -0.00414 -0.81231 0.58321
vn -0.0051 -0.99999 0.0
vn -0.00414 -0.81231 -0.58321
vn 0.00414 0.81231 -0.58321
vn 0.0051 0.99999 -0.0
vn 0.01358 0.81221 0.58321
vn 0.01672 0.99986 0.0
vn -0.01358 -0.81221 0.58321
vn -0.01672 -0.99986 0.0
vn -0.01358 -0.81221 -0.58321
vn 0.01358 0.81221 -0.58321
vn 0.01672 0.99986 -0.0
vn 0.01847 0.81211 0.58321
vn 0.02273 0.99974 0.0
vn -0.01847 -0.81211 0.58321
vn -0.02273 -0.99974 0.0
vn -0.01847 -0.81211 -0.58321
vn 0.01847 0.81211 -0.58321
vn 0.02273 0.99974 -0.0
vn 0.01497 0.81219 0.58321
vn 0.01843 0.99983 0.0
vn -0.01497 -0.81219 0.58321
vn -0.01843 -0.99983 0.0
vn -0.01497 -0.81219 -0.58321
vn 0.01497 0.81219 -0.58321
vn 0.01843 0.99983 -0.0
vn -0.00885 0.81228 0.58321
vn -0.01089 0.99994 0.0
vn 0.00885 -0.81228 0.58321
vn 0.01089 -0.99994 0.0
vn 0.00885 -0.81228 -0.58321
vn -0.00885 0.81228 -0.58321
vn -0.01089 0.99994 -0.0
vn -0.05651 0.81036 0.58321
vn -0.06957 0.99758 0.0
vn 0.05651 -0.81036 0.58321
vn 0.06957 -0.99758 0.0
vn 0.05651 -0.81036 -0.58321
vn -0.05651 0.81036 -0.58321
vn -0.06957 0.99758 -0.0
vn -0.12602 0.80249 0.58321
vn -0.15513 0.98789 0.0
vn 0.12602 -0.80249 0.58321
vn 0.15513 -0.98789 0.0
vn 0.12602 -0.80249 -0.58321
vn -0.12602 0.80249 -0.58321
vn -0.15513 0.98789 -0.0
vn -0.21114 0.7844 0.58321
vn -0.25992 0.96563 0.0
vn 0.21114 -0.7844 0.58321
vn 0.25992 -0.96563 0.0
vn 0.21114 -0.7844 -0.58321
vn -0.21114 0.7844 -0.58321
vn -0.25992 0.96563 -0.0
vn -0.30206 0.75407 0.58321
vn -0.37185 0.92829 0.0
vn 0.30206 -0.75407 0.58321
vn 0.37185 -0.92829 0.0
vn 0.30206 -0.75407 -0.58321
vn -0.30206 0.75407 -0.58321
vn -0.37185 0.92829 -0.0
vn -0.31268 0.74973 0.58321
vn -0.38492 0.92295 0.0
vn 0.31268 -0.74973 0.58321
vn 0.38492 -0.92295 0.0
vn 0.31268 -0.74973 -0.58321
vn -0.31268 0.74973 -0.58321
vn -0.38492 0.92295 -0.0
vn -0.20617 0.78573 0.58321
vn -0.2538 0.96726 0.0
vn 0.20617 -0.78573 0.58321
vn 0.2538 -0.96726 0.0
vn 0.20617 -0.78573 -0.58321
vn -0.20617 0.78573 -0.58321
vn -0.2538 0.96726 -0.0
vn -0.05836 0.81022 0.58321
vn -0.07185 0.99742 0.0
vn 0.05836 -0.81022 0.58321
vn 0.07185 -0.99742 0.0
vn 0.05836 -0.81022 -0.58321
vn -0.05836 0.81022 -0.58321
vn -0.07185 0.99742 -0.0
vn 0.09142 0.80716 0.58321
vn 0.11255 0.99365 0.0
vn -0.09142 -0.80716 0.58321
vn -0.11255 -0.99365 0.0
vn -0.09142 -0.80716 -0.58321
vn 0.09142 0.80716 -0.58321
vn 0.11255 0.99365 -0.0
vn 0.2381 0.77665 0.58321
vn 0.29311 0.95608 0.0
vn -0.2381 -0.77665 0.58321
vn -0.29311 -0.95608 0.0
vn -0.2381 -0.77665 -0.58321
vn 0.2381 0.77665 -0.58321
vn 0.29311 0.95608 -0.0
vn 0.37668 0.71971 0.58321
vn 0.46371 0.88599 0.0
vn -0.37668 -0.71971 0.58321
vn -0.46371 -0.88599 0.0
vn -0.37668 -0.71971 -0.58321
vn 0.37668 0.71971 -0.58321
vn 0.46371 0.88599 -0.0
vn 0.50245 0.63829 0.58321
vn 0.61853 0.78576 0.0
vn -0.50245 -0.63829 0.58321
vn -0.61853 -0.78576 0.0
vn -0.50245 -0.63829 -0.58321
vn 0.50245 0.63829 -0.58321
vn 0.61853 0.78576 -0.0
vn 0.61112 0.53517 0.58321
vn 0.75231 0.65881 0.0
vn -0.61112 -0.53517 0.58321
vn -0.75231 -0.65881 0.0
vn -0.61112 -0.53517 -0.58321
vn 0.61112 0.53517 -0.58321
vn 0.75231 0.65881 -0.0
vn 0.69901 0.41383 0.58321
vn 0.8605 0.50944 0.0
vn -0.69901 -0.41383 0.58321
vn -0.8605 -0.50944 0.0
vn -0.69901 -0.41383 -0.58321
vn 0.69901 0.41383 -0.58321
vn 0.8605 0.50944 -0.0
vn 0.76312 0.27842 0.58321
vn 0.93943 0.34275 0.0
vn -0.76312 -0.27842 0.58321
vn -0.93943 -0.34275 0.0
vn -0.76312 -0.27842 -0.58321
vn 0.76312 0.27842 -0.58321
vn 0.93943 0.34275 -0.0
vn 0.79425 0.17039 0.58321
vn 0.97775 0.20975 0.0
vn -0.79425 -0.17039 0.58321
vn -0.97775 -0.20975 0.0
vn -0.79425 -0.17039 -0.58321
vn 0.79425 0.17039 -0.58321
vn 0.97775 0.20975 -0.0
vn 0.49272 0.64583 0.58321
vn 0.60656 0.79504 0.0
vn -0.49272 -0.64583 0.58321
vn -0.60656 -0.79504 0.0
vn -0.49272 -0.64583 -0.58321
vn 0.49272 0.64583 -0.58321
vn 0.60656 0.79504 -0.0
vn -0.57117 0.57762 0.58321
vn -0.70313 0.71107 0.0
vn 0.57117 -0.57762 0.58321
vn 0.70313 -0.71107 0.0
vn 0.57117 -0.57762 -0.58321
vn -0.57117 0.57762 -0.58321
vn -0.70313 0.71107 -0.0
vn 0.84641 -0.53253 0.0
vn 0.77188 -0.63576 0.0
vn 0.68116 -0.73213 0.0
vn 0.57439 -0.81858 0.0
vn 0.46391 -0.88588 0.0
vn 0.35321 -0.93554 0.0
vn 0.20872 -0.97798 0.0
vn 0.06154 -0.9981 0.0
vn -0.03028 -0.99954 0.0
vn -0.07676 -0.99705 0.0
vn 0.21947 -0.97562 0.0
vn 0.03282 -0.99946 0.0
vn -0.15498 -0.98792 0.0
vn -0.3373 -0.9414 0.0
vn -0.50768 -0.86154 0.0
vn -0.66008 -0.75119 0.0
vn -0.78912 -0.61424 0.0
vn -0.89021 -0.45555 0.0
vn -0.95979 -0.28072 0.0
vn -0.99539 -0.09596 0.0
vn -0.99574 0.0922 0.0
vn -0.96084 0.2771 0.0
vn -0.89192 0.45218 0.0
vn -0.79143 0.61126 0.0
vn -0.66291 0.7487 0.0
vn -0.58187 0.81328 0.0
vn -0.57074 0.82113 0.0
vn 0.99795 -0.06402 0.0
vn 0.98661 -0.16308 0.0
vn 0.96567 -0.25976 0.0
vn 0.93686 -0.3497 0.0
vn 0.90317 -0.42929 0.0
vn 0.86825 -0.49613 0.0
vn 0.83583 -0.54899 0.0
vn 0.80924 -0.58748 0.0
vn 0.79127 -0.61146 0.0
vn 0.78422 -0.62049 0.0
vn -0.17011 0.98542 0.0
vn -0.10398 0.99458 0.0
vn -0.04655 0.99892 0.0
vn -0.0035 0.99999 0.0
vn 0.01972 0.99981 0.0
vn -0.34191 0.93973 0.0
vn -0.16352 0.98654 0.0
vn 0.02044 0.99979 0.0
vn 0.2037 0.97903 0.0
vn 0.38003 0.92498 0.0
vn 0.54343 0.83945 0.0
vn 0.68835 0.72538 0.0
vn 0.80986 0.58663 0.0
vn 0.90382 0.42792 0.0
vn 0.96703 0.25466 0.0
vn -0.56647 -0.5649 0.6
vn 0.44628 -0.66396 0.6
vn 0.56647 0.5649 0.6
vn -0.44628 0.66396 0.6
vn 0.56647 0.5649 -0.6
vn -0.44628 0.66396 -0.6
vn -0.56647 -0.5649 -0.6
vn 0.44628 -0.66396 -0.6
vn 0.69035 -0.40424 0.6
vn -0.69035 0.40424 0.6
vn -0.69035 0.40424 -0.6
vn 0.69035 -0.40424 -0.6
vn 0.64863 -0.46827 0.6
vn -0.64863 0.46827 0.6
vn -0.64863 0.46827 -0.6
vn 0.64863 -0.46827 -0.6
vn 0.601 -0.52802 0.6
vn -0.601 0.52802 0.6
vn -0.601 0.52802 -0.6
vn 0.601 -0.52802 -0.6
vn 0.56474 -0.56663 0.6
vn -0.56474 0.56663 0.6
vn -0.56474 0.56663 -0.6
vn 0.56474 -0.56663 -0.6
vn 0.50341 -0.62176 0.6
vn -0.50341 0.62176 0.6
vn -0.50341 0.62176 -0.6
vn 0.50341 -0.62176 -0.6
vn 0.43673 -0.67027 0.6
vn -0.43673 0.67027 0.6
vn -0.43673 0.67027 -0.6
vn 0.43673 -0.67027 -0.6
vn 0.39247 -0.69712 0.6
vn -0.39247 0.69712 0.6
vn -0.39247 0.69712 -0.6
vn 0.39247 -0.69712 -0.6
vn 0.32745 -0.72991 0.6
vn -0.32745 0.72991 0.6
vn -0.32745 0.72991 -0.6
vn 0.32745 -0.72991 -0.6
vn 0.25973 -0.75667 0.6
vn -0.25973 0.75667 0.6
vn -0.25973 0.75667 -0.6
vn 0.25973 -0.75667 -0.6
vn 0.20202 -0.77407 0.6
vn -0.20202 0.77407 0.6
vn -0.20202 0.77407 -0.6
vn 0.20202 -0.77407 -0.6
vn 0.1316 -0.7891 0.6
vn -0.1316 0.7891 0.6
vn -0.1316 0.7891 -0.6
vn 0.1316 -0.7891 -0.6
vn 0.07263 -0.7967 0.6
vn -0.07263 0.7967 0.6
vn -0.07263 0.7967 -0.6
vn 0.07263 -0.7967 -0.6
vn 0.0258 -0.79958 0.6
vn -0.0258 0.79958 0.6
vn -0.0258 0.79958 -0.6
vn 0.0258 -0.79958 -0.6
vn -0.01095 -0.79993 0.6
vn 0.01095 0.79993 0.6
vn 0.01095 0.79993 -0.6
vn -0.01095 -0.79993 -0.6
vn -0.0375 -0.79912 0.6
vn 0.0375 0.79912 0.6
vn 0.0375 0.79912 -0.6
vn -0.0375 -0.79912 -0.6
vn -0.05609 -0.79803 0.6
vn 0.05609 0.79803 0.6
vn 0.05609 0.79803 -0.6
vn -0.05609 -0.79803 -0.6
vn -0.06673 -0.79721 0.6
vn 0.06673 0.79721 0.6
vn 0.06673 0.79721 -0.6
vn -0.06673 -0.79721 -0.6
vn -0.06987 -0.79694 0.6
vn 0.06987 0.79694 0.6
vn 0.06987 0.79694 -0.6
vn -0.06987 -0.79694 -0.6
vn -0.05445 -0.79815 0.6
vn 0.05445 0.79815 0.6
vn 0.05445 0.79815 -0.6
vn -0.05445 -0.79815 -0.6
vn -0.01777 -0.7998 0.6
vn 0.01777 0.7998 0.6
vn 0.01777 0.7998 -0.6
vn -0.01777 -0.7998 -0.6
vn 0.03857 -0.79907 0.6
vn -0.03857 0.79907 0.6
vn -0.03857 0.79907 -0.6
vn 0.03857 -0.79907 -0.6
vn 0.11274 -0.79202 0.6
vn -0.11274 0.79202 0.6
vn -0.11274 0.79202 -0.6
vn 0.11274 -0.79202 -0.6
vn 0.20137 -0.77424 0.6
vn -0.20137 0.77424 0.6
vn -0.20137 0.77424 -0.6
vn 0.20137 -0.77424 -0.6
vn 0.21213 -0.77136 0.6
vn -0.21213 0.77136 0.6
vn -0.21213 0.77136 -0.6
vn 0.21213 -0.77136 -0.6
vn 0.10136 -0.79355 0.6
vn -0.10136 0.79355 0.6
vn -0.10136 0.79355 -0.6
vn 0.10136 -0.79355 -0.6
vn -0.04908 -0.79849 0.6
vn 0.04908 0.79849 0.6
vn 0.04908 0.79849 -0.6
vn -0.04908 -0.79849 -0.6
vn -0.19779 -0.77516 0.6
vn 0.19779 0.77516 0.6
vn 0.19779 0.77516 -0.6
vn -0.19779 -0.77516 -0.6
vn -0.3395 -0.72439 0.6
vn 0.3395 0.72439 0.6
vn 0.3395 0.72439 -0.6
vn -0.3395 -0.72439 -0.6
vn -0.46919 -0.64797 0.6
vn 0.46919 0.64797 0.6
vn 0.46919 0.64797 -0.6
vn -0.46919 -0.64797 -0.6
vn -0.58226 -0.54861 0.6
vn 0.58226 0.54861 0.6
vn 0.58226 0.54861 -0.6
vn -0.58226 -0.54861 -0.6
vn -0.67472 -0.42982 0.6
vn 0.67472 0.42982 0.6
vn 0.67472 0.42982 -0.6
vn -0.67472 -0.42982 -0.6
vn -0.7433 -0.29582 0.6
vn 0.7433 0.29582 0.6
vn 0.7433 0.29582 -0.6
vn -0.7433 -0.29582 -0.6
vn -0.78555 -0.15134 0.6
vn 0.78555 0.15134 0.6
vn 0.78555 0.15134 -0.6
vn -0.78555 -0.15134 -0.6
vn -0.8 -0.00151 0.6
vn 0.8 0.00151 0.6
vn 0.8 0.00151 -0.6
vn -0.8 -0.00151 -0.6
vn -0.78612 0.14838 0.6
vn 0.78612 -0.14838 0.6
vn 0.78612 -0.14838 -0.6
vn -0.78612 0.14838 -0.6
vn -0.74441 0.29301 0.6
vn 0.74441 -0.29301 0.6
vn 0.74441 -0.29301 -0.6
vn -0.74441 0.29301 -0.6
vn -0.67634 0.42727 0.6
vn 0.67634 -0.42727 0.6
vn 0.67634 -0.42727 -0.6
vn -0.67634 0.42727 -0.6
vn -0.58433 0.54641 0.6
vn 0.58433 -0.54641 0.6
vn 0.58433 -0.54641 -0.6
vn -0.58433 0.54641 -0.6
vn -0.50154 0.62327 0.6
vn 0.50154 -0.62327 0.6
vn 0.50154 -0.62327 -0.6
vn -0.50154 0.62327 -0.6
vn -0.46857 0.64842 0.6
vn 0.46857 -0.64842 0.6
vn 0.46857 -0.64842 -0.6
vn -0.46857 0.64842 -0.6
vn -0.46241 0.65282 0.6
vn 0.46241 -0.65282 0.6
vn 0.46241 -0.65282 -0.6
vn -0.46241 0.65282 -0.6
vn -0.45796 0.65595 0.6
vn 0.45796 -0.65595 0.6
vn 0.45796 -0.65595 -0.6
vn -0.45796 0.65595 -0.6
vn -0.45523 0.65785 0.6
vn 0.45523 -0.65785 0.6
vn 0.45523 -0.65785 -0.6
vn -0.45523 0.65785 -0.6
vn -0.4546 0.65829 0.6
vn 0.4546 -0.65829 0.6
vn 0.4546 -0.65829 -0.6
vn -0.4546 0.65829 -0.6
vn -0.45953 0.65485 0.6
vn 0.45953 -0.65485 0.6
vn 0.45953 -0.65485 -0.6
vn -0.45953 0.65485 -0.6
vn -0.47126 0.64646 0.6
vn 0.47126 -0.64646 0.6
vn 0.47126 -0.64646 -0.6
vn -0.47126 0.64646 -0.6
vn -0.4895 0.63276 0.6
vn 0.4895 -0.63276 0.6
vn 0.4895 -0.63276 -0.6
vn -0.4895 0.63276 -0.6
vn -0.51374 0.61325 0.6
vn 0.51374 -0.61325 0.6
vn 0.51374 -0.61325 -0.6
vn -0.51374 0.61325 -0.6
vn -0.54318 0.58733 0.6
vn 0.54318 -0.58733 0.6
vn 0.54318 -0.58733 -0.6
vn -0.54318 0.58733 -0.6
vn -0.57667 0.55448 0.6
vn 0.57667 -0.55448 0.6
vn 0.57667 -0.55448 -0.6
vn -0.57667 0.55448 -0.6
vn -0.61268 0.51442 0.6
vn 0.61268 -0.51442 0.6
vn 0.61268 -0.51442 -0.6
vn -0.61268 0.51442 -0.6
vn -0.64935 0.46727 0.6
vn 0.64935 -0.46727 0.6
vn 0.64935 -0.46727 -0.6
vn -0.64935 0.46727 -0.6
vn -0.6847 0.41374 0.6
vn 0.6847 -0.41374 0.6
vn 0.6847 -0.41374 -0.6
vn -0.6847 0.41374 -0.6
vn -0.71683 0.35518 0.6
vn 0.71683 -0.35518 0.6
vn 0.71683 -0.35518 -0.6
vn -0.71683 0.35518 -0.6
vn -0.74425 0.29341 0.6
vn 0.74425 -0.29341 0.6
vn 0.74425 -0.29341 -0.6
vn -0.74425 0.29341 -0.6
vn -0.76606 0.23053 0.6
vn 0.76606 -0.23053 0.6
vn 0.76606 -0.23053 -0.6
vn -0.76606 0.23053 -0.6
vn -0.63212 -0.49034 0.6
vn 0.63212 0.49034 0.6
vn 0.63212 0.49034 -0.6
vn -0.63212 -0.49034 -0.6
vn 0.56158 -0.56976 0.6
vn -0.56158 0.56976 0.6
vn -0.56158 0.56976 -0.6
vn 0.56158 -0.56976 -0.6
vn 0.79938 -0.0314 0.6
vn -0.79938 0.0314 0.6
vn -0.79938 0.0314 -0.6
vn 0.79938 -0.0314 -0.6
vn 0.79684 -0.07101 0.6
vn -0.79684 0.07101 0.6
vn -0.79684 0.07101 -0.6
vn 0.79684 -0.07101 -0.6
vn 0.79231 -0.11064 0.6
vn -0.79231 0.11064 0.6
vn -0.79231 0.11064 -0.6
vn 0.79231 -0.11064 -0.6
vn 0.78577 -0.15021 0.6
vn -0.78577 0.15021 0.6
vn -0.78577 0.15021 -0.6
vn 0.78577 -0.15021 -0.6
vn 0.77738 -0.18889 0.6
vn -0.77738 0.18889 0.6
vn -0.77738 0.18889 -0.6
vn 0.77738 -0.18889 -0.6
vn 0.76724 -0.2266 0.6
vn -0.76724 0.2266 0.6
vn -0.76724 0.2266 -0.6
vn 0.76724 -0.2266 -0.6
vn 0.75568 -0.26258 0.6
vn -0.75568 0.26258 0.6
vn -0.75568 0.26258 -0.6
vn 0.75568 -0.26258 -0.6
vn 0.74291 -0.29679 0.6
vn -0.74291 0.29679 0.6
vn -0.74291 0.29679 -0.6
vn 0.74291 -0.29679 -0.6
vn 0.72939 -0.32862 0.6
vn -0.72939 0.32862 0.6
vn -0.72939 0.32862 -0.6
vn 0.72939 -0.32862 -0.6
vn 0.71538 -0.3581 0.6
vn -0.71538 0.3581 0.6
vn -0.71538 0.3581 -0.6
vn 0.71538 -0.3581 -0.6
vn 0.70137 -0.38482 0.6
vn -0.70137 0.38482 0.6
vn -0.70137 0.38482 -0.6
vn 0.70137 -0.38482 -0.6
vn 0.68763 -0.40886 0.6
vn -0.68763 0.40886 0.6
vn -0.68763 0.40886 -0.6
vn 0.68763 -0.40886 -0.6
vn 0.67462 -0.42999 0.6
vn -0.67462 0.42999 0.6
vn -0.67462 0.42999 -0.6
vn 0.67462 -0.42999 -0.6
vn 0.66258 -0.44831 0.6
vn -0.66258 0.44831 0.6
vn -0.66258 0.44831 -0.6
vn 0.66258 -0.44831 -0.6
vn 0.65191 -0.46369 0.6
vn -0.65191 0.46369 0.6
vn -0.65191 0.46369 -0.6
vn 0.65191 -0.46369 -0.6
vn 0.64281 -0.47624 0.6
vn -0.64281 0.47624 0.6
vn -0.64281 0.47624 -0.6
vn 0.64281 -0.47624 -0.6
vn 0.6356 -0.48581 0.6
vn -0.6356 0.48581 0.6
vn -0.6356 0.48581 -0.6
vn 0.6356 -0.48581 -0.6
vn 0.63042 -0.49251 0.6
vn -0.63042 0.49251 0.6
vn -0.63042 0.49251 -0.6
vn 0.63042 -0.49251 -0.6
vn 0.62759 -0.49612 0.6
vn -0.62759 0.49612 0.6
vn -0.62759 0.49612 -0.6
vn 0.62759 -0.49612 -0.6
vn 0.62716 -0.49666 0.6
vn -0.62716 0.49666 0.6
vn -0.62716 0.49666 -0.6
vn 0.62716 -0.49666 -0.6
vn 0.63192 -0.49058 0.6
vn -0.63192 0.49058 0.6
vn -0.63192 0.49058 -0.6
vn 0.63192 -0.49058 -0.6
vn 0.69289 -0.39989 0.6
vn -0.69289 0.39989 0.6
vn -0.69289 0.39989 -0.6
vn 0.69289 -0.39989 -0.6
vn 0.74489 -0.29177 0.6
vn -0.74489 0.29177 0.6
vn -0.74489 0.29177 -0.6
vn 0.74489 -0.29177 -0.6
vn 0.75824 -0.25508 0.6
vn -0.75824 0.25508 0.6
vn -0.75824 0.25508 -0.6
vn 0.75824 -0.25508 -0.6
vn 0.77026 -0.2161 0.6
vn -0.77026 0.2161 0.6
vn -0.77026 0.2161 -0.6
vn 0.77026 -0.2161 -0.6
vn 0.78008 -0.1774 0.6
vn -0.78008 0.1774 0.6
vn -0.78008 0.1774 -0.6
vn 0.78008 -0.1774 -0.6
vn 0.78736 -0.14166 0.6
vn -0.78736 0.14166 0.6
vn -0.78736 0.14166 -0.6
vn 0.78736 -0.14166 -0.6
vn 0.79225 -0.11107 0.6
vn -0.79225 0.11107 0.6
vn -0.79225 0.11107 -0.6
vn 0.79225 -0.11107 -0.6
vn 0.79526 -0.08692 0.6
vn -0.79526 0.08692 0.6
vn -0.79526 0.08692 -0.6
vn 0.79526 -0.08692 -0.6
vn 0.79697 -0.06954 0.6
vn -0.79697 0.06954 0.6
vn -0.79697 0.06954 -0.6
vn 0.79697 -0.06954 -0.6
vn 0.52843 0.60064 0.6
vn 0.66053 0.7508 0.0
vn -0.52843 -0.60064 0.6
vn -0.66053 -0.7508 0.0
vn -0.52843 -0.60064 -0.6
vn 0.52843 0.60064 -0.6
vn 0.66053 0.7508 -0.0
vn -0.14987 0.78584 0.6
vn 0.14987 -0.78584 0.6
vn 0.14987 -0.78584 -0.6
vn -0.14987 0.78584 -0.6
vn -0.12227 0.7906 0.6
vn 0.12227 -0.7906 0.6
vn 0.12227 -0.7906 -0.6
vn -0.12227 0.7906 -0.6
vn -0.0958 0.79424 0.6
vn 0.0958 -0.79424 0.6
vn 0.0958 -0.79424 -0.6
vn -0.0958 0.79424 -0.6
vn -0.07054 0.79688 0.6
vn 0.07054 -0.79688 0.6
vn 0.07054 -0.79688 -0.6
vn -0.07054 0.79688 -0.6
vn -0.04756 0.79858 0.6
vn 0.04756 -0.79858 0.6
vn 0.04756 -0.79858 -0.6
vn -0.04756 0.79858 -0.6
vn -0.02691 0.79955 0.6
vn 0.02691 -0.79955 0.6
vn 0.02691 -0.79955 -0.6
vn -0.02691 0.79955 -0.6
vn -0.00969 0.79994 0.6
vn 0.00969 -0.79994 0.6
vn 0.00969 -0.79994 -0.6
vn -0.00969 0.79994 -0.6
vn 0.00408 0.79999 0.6
vn -0.00408 -0.79999 0.6
vn -0.00408 -0.79999 -0.6
vn 0.00408 0.79999 -0.6
vn 0.01337 0.79989 0.6
vn -0.01337 -0.79989 0.6
vn -0.01337 -0.79989 -0.6
vn 0.01337 0.79989 -0.6
vn 0.01819 0.79979 0.6
vn -0.01819 -0.79979 0.6
vn -0.01819 -0.79979 -0.6
vn 0.01819 0.79979 -0.6
vn 0.01474 0.79986 0.6
vn -0.01474 -0.79986 0.6
vn -0.01474 -0.79986 -0.6
vn 0.01474 0.79986 -0.6
vn -0.00871 0.79995 0.6
vn 0.00871 -0.79995 0.6
vn 0.00871 -0.79995 -0.6
vn -0.00871 0.79995 -0.6
vn -0.05565 0.79806 0.6
vn 0.05565 -0.79806 0.6
vn 0.05565 -0.79806 -0.6
vn -0.05565 0.79806 -0.6
vn -0.1241 0.79032 0.6
vn 0.1241 -0.79032 0.6
vn 0.1241 -0.79032 -0.6
vn -0.1241 0.79032 -0.6
vn -0.20793 0.7725 0.6
vn 0.20793 -0.7725 0.6
vn 0.20793 -0.7725 -0.6
vn -0.20793 0.7725 -0.6
vn -0.29748 0.74263 0.6
vn 0.29748 -0.74263 0.6
vn 0.29748 -0.74263 -0.6
vn -0.29748 0.74263 -0.6
vn -0.30794 0.73836 0.6
vn 0.30794 -0.73836 0.6
vn 0.30794 -0.73836 -0.6
vn -0.30794 0.73836 -0.6
vn -0.20304 0.77381 0.6
vn 0.20304 -0.77381 0.6
vn 0.20304 -0.77381 -0.6
vn -0.20304 0.77381 -0.6
vn -0.05748 0.79793 0.6
vn 0.05748 -0.79793 0.6
vn 0.05748 -0.79793 -0.6
vn -0.05748 0.79793 -0.6
vn 0.09004 0.79492 0.6
vn -0.09004 -0.79492 0.6
vn -0.09004 -0.79492 -0.6
vn 0.09004 0.79492 -0.6
vn 0.23449 0.76486 0.6
vn -0.23449 -0.76486 0.6
vn -0.23449 -0.76486 -0.6
vn 0.23449 0.76486 -0.6
vn 0.37096 0.70879 0.6
vn -0.37096 -0.70879 0.6
vn -0.37096 -0.70879 -0.6
vn 0.37096 0.70879 -0.6
vn 0.49482 0.62861 0.6
vn -0.49482 -0.62861 0.6
vn -0.49482 -0.62861 -0.6
vn 0.49482 0.62861 -0.6
vn 0.60185 0.52705 0.6
vn -0.60185 -0.52705 0.6
vn -0.60185 -0.52705 -0.6
vn 0.60185 0.52705 -0.6
vn 0.6884 0.40756 0.6
vn -0.6884 -0.40756 0.6
vn -0.6884 -0.40756 -0.6
vn 0.6884 0.40756 -0.6
vn 0.75154 0.2742 0.6
vn -0.75154 -0.2742 0.6
vn -0.75154 -0.2742 -0.6
vn 0.75154 0.2742 -0.6
vn 0.7822 0.1678 0.6
vn -0.7822 -0.1678 0.6
vn -0.7822 -0.1678 -0.6
vn 0.7822 0.1678 -0.6
vn 0.48524 0.63603 0.6
vn -0.48524 -0.63603 0.6
vn -0.48524 -0.63603 -0.6
vn 0.48524 0.63603 -0.6
vn -0.5625 0.56885 0.6
vn 0.5625 -0.56885 0.6
vn 0.5625 -0.56885 -0.6
vn -0.5625 0.56885 -0.6
vn -0.57893 0.06595 0.81271
vn 0.31692 -0.31336 0.89519
vn -0.53708 0.06118 0.84131
vn -0.49578 0.05648 0.86661
vn -0.45561 0.0519 0.88867
vn 0.31608 0.31509 0.89488
vn -0.41702 0.04751 0.90765
vn -0.38038 0.04333 0.92382
vn 0.30866 -0.28911 0.90617
vn 0.29047 -0.27207 0.91739
vn -0.28652 0.19197 0.93865
vn -0.57609 0.06563 0.81475
vn -0.53426 0.06086 0.84313
vn -0.53144 0.06054 0.84493
vn -0.49302 0.05617 0.8682
vn -0.45294 0.0516 0.89005
vn -0.45028 0.0513 0.89141
vn -0.48751 0.05554 0.87135
vn -0.49026 0.05585 0.86978
vn -0.44763 0.05099 0.89276
vn -0.44499 0.05069 0.8941
vn -0.41448 0.04722 0.90883
vn -0.37797 0.04306 0.92482
vn -0.37558 0.04279 0.9258
vn 0.3074 -0.28793 0.90697
vn 0.30489 -0.28557 0.90857
vn 0.30614 -0.28675 0.90777
vn -0.40439 0.04607 0.91343
vn -0.4069 0.04635 0.9123
vn -0.36846 0.04197 0.9287
vn -0.37082 0.04224 0.92774
vn -0.3661 0.04171 0.92964
vn 0.30238 -0.28323 0.91014
vn 0.30363 -0.2844 0.90935
vn 0.29989 -0.28089 0.91168
vn 0.30113 -0.28206 0.91091
vn 0.01272 -0.02183 0.99968
vn -0.41194 0.04693 0.91
vn -0.37319 0.04251 0.92678
vn -0.40942 0.04664 0.91116
vn -0.57205 0.06517 0.81763
vn -0.52743 0.06009 0.84747
vn -0.52343 0.05963 0.84998
vn -0.48361 0.05509 0.87355
vn -0.44123 0.05027 0.89598
vn -0.4375 0.04984 0.89784
vn -0.47583 0.05421 0.87787
vn -0.47971 0.05465 0.87572
vn -0.43378 0.04942 0.89966
vn -0.43007 0.04899 0.90146
vn -0.40083 0.04566 0.91501
vn -0.36277 0.04133 0.93096
vn -0.35945 0.04095 0.93226
vn 0.29873 -0.27981 0.91239
vn 0.29643 -0.27766 0.9138
vn 0.29758 -0.27873 0.9131
vn -0.38679 0.04406 0.92111
vn -0.39027 0.04446 0.91963
vn -0.34964 0.03983 0.93604
vn -0.35289 0.0402 0.9348
vn -0.34641 0.03946 0.93725
vn 0.29414 -0.27551 0.91519
vn 0.29529 -0.27658 0.9145
vn 0.29187 -0.27338 0.91656
vn 0.293 -0.27444 0.91588
vn 0.02945 -0.04092 0.99873
vn -0.39729 0.04526 0.91658
vn -0.35616 0.04057 0.93354
vn -0.39377 0.04486 0.91811
vn -0.56697 0.06459 0.8212
vn -0.51841 0.05906 0.85309
vn -0.5134 0.05849 0.85615
vn -0.47097 0.05365 0.88052
vn -0.42544 0.04847 0.90369
vn -0.42084 0.04794 0.90587
vn -0.46131 0.05255 0.88568
vn -0.46613 0.0531 0.88312
vn -0.41627 0.04742 0.908
vn -0.41172 0.0469 0.9101
vn -0.38245 0.04357 0.92295
vn -0.34239 0.039 0.93875
vn -0.3384 0.03855 0.94021
vn 0.29148 -0.27302 0.91679
vn 0.29072 -0.27231 0.91724
vn 0.2911 -0.27266 0.91701
vn -0.3654 0.04163 0.92992
vn -0.36961 0.04211 0.92823
vn -0.32663 0.03721 0.94442
vn -0.33052 0.03765 0.94305
vn -0.32278 0.03677 0.94576
vn 0.28996 -0.2716 0.91769
vn 0.29034 -0.27195 0.91746
vn 0.28921 -0.27089 0.91814
vn 0.28959 -0.27124 0.91792
vn 0.01664 -0.01897 0.99968
vn -0.37814 0.04308 0.92475
vn -0.33444 0.0381 0.94165
vn -0.37386 0.04259 0.92651
vn -0.5433 0.06189 0.83726
vn -0.49023 0.05585 0.8698
vn -0.46744 0.05325 0.88242
vn -0.43913 0.05003 0.89703
vn -0.3909 0.04453 0.91935
vn -0.37077 0.04224 0.92777
vn -0.39651 0.04517 0.91692
vn -0.41751 0.04756 0.90743
vn -0.35134 0.04002 0.93539
vn -0.33265 0.0379 0.94229
vn -0.34617 0.03944 0.93734
vn -0.30526 0.03478 0.95163
vn -0.2885 0.03287 0.95692
vn 0.26909 -0.28922 0.91866
vn -0.27678 0.03153 0.96042
vn -0.29299 0.03338 0.95553
vn -0.24273 0.02765 0.9697
vn -0.25724 0.02931 0.9659
vn -0.22893 0.02608 0.97309
vn 0.2526 -0.29718 0.9208
vn 0.26747 -0.28748 0.91968
vn 0.21657 -0.30865 0.92619
vn 0.22055 -0.31432 0.92334
vn 0.01928 -0.01922 0.99963
vn -0.32769 0.03733 0.94405
vn -0.2725 0.03104 0.96166
vn -0.30996 0.03531 0.95009
vn -0.53678 0.06115 0.8415
vn -0.46123 0.05254 0.88572
vn -0.45505 0.05184 0.88896
vn -0.39083 0.04452 0.91938
vn -0.32762 0.03732 0.94407
vn -0.32265 0.03676 0.9458
vn -0.37962 0.04325 0.92413
vn -0.3852 0.04388 0.92179
vn -0.31774 0.0362 0.94749
vn -0.31288 0.03564 0.94912
vn -0.27244 0.03104 0.96167
vn -0.22525 0.02566 0.97396
vn -0.22162 0.02525 0.97481
vn 0.2159 -0.3077 0.92666
vn 0.20903 -0.30951 0.92764
vn 0.21524 -0.30675 0.92714
vn -0.25564 0.02912 0.96633
vn -0.25975 0.02959 0.96522
vn -0.21103 0.02404 0.97718
vn -0.21451 0.02444 0.97642
vn -0.20761 0.02365 0.97793
vn 0.1914 -0.31707 0.92889
vn 0.19651 -0.31592 0.92821
vn 0.18962 -0.31413 0.93025
vn 0.19051 -0.3156 0.92957
vn 0.04229 -0.03417 0.99852
vn -0.26815 0.03055 0.96289
vn -0.21804 0.02484 0.97562
vn -0.26392 0.03007 0.96407
vn -0.5293 0.0603 0.84629
vn -0.44799 0.05104 0.89258
vn -0.44099 0.05024 0.89611
vn -0.37327 0.04252 0.92675
vn -0.30737 0.03502 0.95095
vn -0.30193 0.0344 0.95271
vn -0.36078 0.0411 0.93174
vn -0.36699 0.04181 0.92929
vn -0.29657 0.03379 0.95441
vn -0.29128 0.03318 0.95606
vn -0.25097 0.02859 0.96757
vn -0.20373 0.02321 0.97875
vn -0.19991 0.02277 0.97955
vn 0.18933 -0.31364 0.93048
vn 0.18874 -0.31265 0.93093
vn 0.18903 -0.31314 0.9307
vn -0.23304 0.02655 0.97211
vn -0.23741 0.02705 0.97103
vn -0.18186 0.02154 0.98309
vn -0.19249 0.02193 0.98105
vn -0.05422 -0.06203 0.9966
vn 0.18814 -0.31168 0.93138
vn 0.18844 -0.31216 0.93115
vn 0.18755 -0.3107 0.93182
vn 0.18785 -0.31119 0.9316
vn 0.02286 -0.01484 0.99963
vn -0.24638 0.02807 0.96877
vn -0.19617 0.02235 0.98032
vn -0.24186 0.02755 0.96992
vn -0.50009 0.05697 0.8641
vn -0.41396 0.04716 0.90907
vn -0.38792 0.04419 0.92063
vn -0.33705 0.0384 0.9407
vn -0.27121 0.0309 0.96202
vn -0.25232 0.02874 0.96722
vn -0.29313 0.03339 0.95549
vn -0.3145 0.03583 0.94858
vn -0.23457 0.02672 0.97173
vn -0.21793 0.02483 0.97565
vn -0.21649 0.02466 0.97597
vn 0.09627 -0.15948 0.98249
vn -0.16049 0.01828 0.98687
vn -0.17306 0.01972 0.98471
vn 0.08558 -0.16343 0.98284
vn 0.08608 -0.16437 0.98264
vn 0.08122 -0.16438 0.98305
vn 0.16719 -0.31927 0.9328
vn 0.16806 -0.32093 0.93207
vn 0.02101 -0.01177 0.99971
vn -0.20101 0.0229 0.97932
vn 0.09468 -0.16041 0.9825
vn -0.18655 0.02125 0.98221
vn -0.49292 0.05615 0.86826
vn -0.38163 0.04348 0.92329
vn -0.3754 0.04277 0.92588
vn -0.28802 0.03281 0.95706
vn -0.21397 0.02438 0.97654
vn -0.21007 0.02393 0.97739
vn -0.27801 0.03167 0.96006
vn -0.28298 0.03224 0.95859
vn -0.20624 0.0235 0.97822
vn -0.20247 0.02307 0.97902
vn -0.15751 0.01794 0.98735
vn 0.07853 -0.16554 0.98307
vn 0.0758 -0.16659 0.98311
vn 0.1669 -0.31929 0.93285
vn -0.1461 0.01664 0.98913
vn -0.14888 0.01696 0.98871
vn 0.06742 -0.16911 0.98329
vn 0.07024 -0.16838 0.98322
vn 0.06476 -0.16972 0.98336
vn 0.14909 -0.3277 0.93294
vn 0.15959 -0.32304 0.93283
vn 0.1286 -0.33521 0.93333
vn 0.1384 -0.3318 0.93314
vn 0.04399 -0.0196 0.99884
vn -0.15458 0.01761 0.98782
vn 0.07304 -0.16754 0.98316
vn -0.1517 0.01728 0.98828
vn -0.48525 0.05528 0.87263
vn -0.36878 0.04201 0.92857
vn -0.36224 0.04127 0.93117
vn -0.27275 0.03107 0.96158
vn -0.1985 0.02261 0.97984
vn -0.19459 0.02217 0.98063
vn -0.26248 0.0299 0.96447
vn -0.26757 0.03048 0.96306
vn -0.19075 0.02173 0.9814
vn -0.18699 0.0213 0.98213
vn -0.14317 0.01631 0.98956
vn 0.06414 -0.1699 0.98337
vn 0.12672 -0.33566 0.93342
vn -0.13201 0.01504 0.99113
vn -0.13472 0.01535 0.99076
vn 0.02286 -0.00778 0.99971
vn -0.1403 0.01598 0.98998
vn -0.13748 0.01566 0.99038
vn -0.45184 0.05147 0.89061
vn -0.33423 0.03808 0.94172
vn -0.30787 0.03507 0.95078
vn -0.24088 0.02744 0.97017
vn -0.1711 0.01949 0.98506
vn -0.15649 0.01783 0.98752
vn -0.20234 0.02305 0.97904
vn -0.22086 0.02516 0.97498
vn -0.14307 0.0163 0.98958
vn -0.13076 0.0149 0.9913
vn -0.12062 0.01374 0.9926
vn 0.05863 -0.17285 0.9832
vn 0.05402 -0.17445 0.98318
vn 0.10639 -0.34359 0.93307
vn 0.02637 -0.08515 0.99602
vn -0.09188 0.01047 0.99571
vn 0.03469 -0.00897 0.99936
vn -0.11018 0.01255 0.99383
vn -0.10062 0.01146 0.99486
vn -0.4402 0.05015 0.8965
vn -0.29888 0.03405 0.95368
vn -0.2901 0.03305 0.95642
vn -0.19609 0.02234 0.98033
vn -0.12662 0.01443 0.99185
vn -0.12262 0.01397 0.99236
vn -0.18412 0.02098 0.98268
vn -0.19002 0.02165 0.98154
vn -0.11873 0.01353 0.99283
vn -0.11497 0.0131 0.99328
vn 0.02645 -0.08542 0.99599
vn 0.05418 -0.17497 0.98308
vn 0.05434 -0.1755 0.98298
vn 0.10668 -0.34452 0.9327
vn 0.10726 -0.34638 0.93194
vn 0.10697 -0.34545 0.93232
vn 0.02678 -0.08647 0.99589
vn 0.02669 -0.08621 0.99592
vn 0.05483 -0.17708 0.98267
vn 0.05467 -0.17655 0.98277
vn 0.055 -0.17761 0.98256
vn 0.10581 -0.34859 0.93128
vn 0.10755 -0.34731 0.93156
vn 0.07668 -0.35737 0.93081
vn 0.09018 -0.35393 0.93091
vn 0.03541 -0.00584 0.99936
vn 0.02653 -0.08568 0.99597
vn 0.05451 -0.17602 0.98288
vn 0.02661 -0.08594 0.99594
vn -0.40409 0.04603 0.91356
vn -0.26346 0.03001 0.9642
vn -0.23892 0.02722 0.97066
vn -0.1664 0.01896 0.98588
vn -0.1037 0.01181 0.99454
vn 0.05964 0.07784 0.99518
vn -0.13569 0.01546 0.99063
vn -0.1503 0.01712 0.98849
vn 0.06092 0.0861 0.99442
vn 0.0616 0.09485 0.99358
vn 0.02729 -0.08814 0.99573
vn 0.05603 -0.18093 0.9819
vn 0.04672 -0.1868 0.98129
vn 0.07691 -0.36037 0.92963
vn 0.05042 -0.37064 0.92741
vn 0.07755 -0.36339 0.9284
vn 0.0207 -0.09654 0.99511
vn 0.02507 -0.09425 0.99523
vn 0.04113 -0.19379 0.98018
vn 0.04098 -0.192 0.98054
vn 0.02681 -0.19744 0.97995
vn 0.04487 -0.37137 0.9274
vn 0.02333 -0.0021 0.99973
vn 0.02782 -0.08983 0.99557
vn 0.0406 -0.19023 0.9809
vn 0.02835 -0.09156 0.9954
vn -0.39667 0.04519 0.91685
vn -0.23399 0.02666 0.97187
vn -0.22914 0.0261 0.97304
vn -0.13277 0.01513 0.99103
vn 0.06226 0.09618 0.99341
vn 0.06309 0.09746 0.99324
vn 0.09906 0.09097 0.99091
vn 0.03917 0.08901 0.99526
vn 0.06393 0.09875 0.99306
vn 0.06477 0.10006 0.99287
vn 0.02067 -0.09686 0.99508
vn 0.02426 -0.1981 0.97988
vn 0.02396 -0.19835 0.97984
vn 0.04492 -0.37179 0.92723
vn 0.04502 -0.37264 0.92688
vn 0.04497 -0.37221 0.92706
vn 0.02095 -0.09815 0.99495
vn 0.02088 -0.09783 0.99498
vn 0.02405 -0.1991 0.97968
vn 0.02402 -0.19885 0.97974
vn 0.02408 -0.19935 0.97963
vn 0.04512 -0.37348 0.92654
vn 0.04507 -0.37306 0.92671
vn 0.04522 -0.37433 0.92619
vn 0.04517 -0.3739 0.92637
vn 0.02343 -0.00075 0.99973
vn 0.02074 -0.09718 0.99505
vn 0.02399 -0.1986 0.97979
vn 0.02081 -0.0975 0.99502
vn -0.03802 0.37071 0.92797
vn -0.20524 0.02338 0.97843
vn -0.02016 0.19657 0.98028
vn 0.10287 0.10369 0.98928
vn 0.06896 0.10652 0.99192
vn 0.0734 0.11339 0.99084
vn 0.11766 0.12399 0.98528
vn 0.10881 0.11466 0.98743
vn 0.07215 0.12403 0.98965
vn 0.06808 0.13538 0.98845
vn 0.02145 -0.10051 0.99471
vn 0.0244 -0.20198 0.97909
vn 0.02472 -0.20463 0.97853
vn 0.04575 -0.37872 0.92438
vn 0.02397 -0.3888 0.92101
vn 0.04629 -0.38315 0.92253
vn 0.01317 -0.10903 0.99395
vn 0.013 -0.10757 0.99411
vn 0.02571 -0.21279 0.97676
vn 0.02538 -0.21004 0.97736
vn 0.02604 -0.21557 0.97614
vn 0.00115 -0.39286 0.9196
vn 0.02411 -0.39106 0.92005
vn -0.01094 -0.00018 0.99994
vn 0.01858 -0.10347 0.99446
vn 0.02505 -0.20732 0.97795
vn 0.01301 -0.10613 0.99427
vn -0.03797 0.37017 0.92819
vn -0.02013 0.19625 0.98035
vn -0.0201 0.19593 0.98041
vn 0.11863 0.12501 0.98504
vn 0.06748 0.13656 0.98833
vn 0.06686 0.13774 0.98821
vn 0.1206 0.12708 0.98453
vn 0.11961 0.12604 0.98479
vn 0.06622 0.13891 0.98809
vn 0.06555 0.14007 0.98797
vn 0.0132 -0.10923 0.99393
vn 0.02609 -0.21596 0.97605
vn 0.02614 -0.21636 0.97596
vn 0.00115 -0.393 0.91954
vn -0.0006 0.0 1.0
vn 0.00115 -0.39329 0.91942
vn 0.00115 -0.39315 0.91948
vn 0.0133 -0.11006 0.99384
vn 0.01327 -0.10985 0.99386
vn 0.02415 -0.21777 0.9757
vn 0.02568 -0.21715 0.9758
vn 0.02202 -0.21836 0.97562
vn 0.00115 -0.39357 0.9193
vn 0.00115 -0.39343 0.91936
vn 0.00115 -0.39385 0.91918
vn 0.00115 -0.39371 0.91924
vn -0.00059 -0.0 1.0
vn -0.01326 -0.00061 0.99991
vn 0.01322 -0.10944 0.99391
vn 0.02619 -0.21675 0.97588
vn 0.01325 -0.10965 0.99388
vn -0.03729 0.3636 0.93081
vn -0.0197 0.19207 0.98118
vn 0.01748 0.18828 0.98196
vn 0.13036 0.13737 0.9819
vn 0.06124 0.14905 0.98693
vn 0.06368 0.15501 0.98586
vn 0.12856 0.17689 0.9758
vn 0.13275 0.15523 0.97892
vn 0.06607 0.16119 0.98471
vn 0.05531 0.17171 0.98359
vn 0.0136 -0.11258 0.99355
vn 0.01372 -0.22255 0.97483
vn 0.01026 -0.22604 0.97406
vn 0.00116 -0.39663 0.91798
vn 0.00117 -0.40222 0.91554
vn 0.00117 -0.39942 0.91677
vn 0.01141 -0.12353 0.99228
vn 0.01456 -0.12049 0.99261
vn 0.00068 -0.23194 0.97273
vn 0.00067 -0.23012 0.97316
vn 0.00068 -0.23378 0.97229
vn -0.01233 -0.40711 0.91329
vn 0.00118 -0.40504 0.9143
vn -0.02589 -0.40728 0.91294
vn -0.00532 -0.00037 0.99999
vn 0.01391 -0.11516 0.99325
vn 0.00067 -0.22831 0.97359
vn 0.01423 -0.1178 0.99294
vn -0.03726 0.36332 0.93092
vn 0.0522 0.16523 0.98487
vn 0.08716 0.13135 0.9875
vn 0.12828 0.17778 0.97567
vn 0.0548 0.17209 0.98356
vn 0.05427 0.17247 0.98352
vn 0.1277 0.17957 0.97542
vn 0.12799 0.17868 0.97555
vn 0.05375 0.17284 0.98348
vn 0.05322 0.17322 0.98344
vn 0.01108 -0.12366 0.99226
vn 0.00068 -0.23387 0.97227
vn 0.00068 -0.23396 0.97225
vn -0.02589 -0.4073 0.91293
vn -0.00327 -0.0 0.99999
vn -0.00123 -0.0 1.0
vn -0.0259 -0.40735 0.91291
vn -0.02589 -0.40732 0.91292
vn 0.00976 -0.12417 0.99221
vn 0.01009 -0.12405 0.99222
vn 0.00068 -0.23423 0.97218
vn 0.00068 -0.23414 0.9722
vn 0.00068 -0.23432 0.97216
vn -0.0259 -0.40739 0.91289
vn -0.0259 -0.40737 0.9129
vn -0.00122 -0.0 1.0
vn -0.0259 -0.40744 0.91286
vn -0.0259 -0.40742 0.91288
vn -0.00531 -0.00044 0.99999
vn 0.01075 -0.12379 0.99225
vn 0.00068 -0.23405 0.97222
vn 0.01042 -0.12392 0.99224
vn -0.03645 0.35536 0.93402
vn 0.16895 0.12238 0.978
vn 0.1859 0.13466 0.9733
vn 0.12715 0.19642 0.97224
vn 0.03838 0.18105 0.98272
vn 0.03825 0.18385 0.98221
vn 0.13956 0.22272 0.96484
vn 0.13481 0.20824 0.96874
vn 0.03882 0.18658 0.98167
vn 0.02429 0.19106 0.98128
vn 0.00782 -0.12684 0.99189
vn 0.00069 -0.23708 0.97149
vn 0.0007 -0.23987 0.97081
vn -0.02598 -0.40865 0.91232
vn -0.02613 -0.41107 0.91123
vn -0.02606 -0.40986 0.91178
vn 0.00039 -0.13446 0.99092
vn 0.00039 -0.13283 0.99114
vn -0.01564 -0.24601 0.96914
vn -0.00742 -0.24496 0.96951
vn -0.01569 -0.24684 0.96893
vn -0.02629 -0.41351 0.91012
vn -0.02621 -0.41229 0.91068
vn -0.03745 -0.41412 0.90945
vn -0.02859 -0.41465 0.90953
vn 0.00218 0.00019 1.0
vn 0.00423 -0.12946 0.99158
vn 0.00071 -0.24268 0.97011
vn 0.00038 -0.13122 0.99135
vn -0.03564 0.34753 0.93699
vn 0.20498 0.14848 0.96744
vn 0.2165 0.17493 0.96048
vn 0.11792 0.2503 0.96096
vn 0.00558 0.19234 0.98131
vn 0.0039 0.19076 0.98163
vn 0.11353 0.27634 0.95433
vn 0.10934 0.26614 0.95771
vn 0.00387 0.18915 0.98194
vn -0.01117 0.18642 0.98241
vn 0.0004 -0.13605 0.9907
vn -0.01574 -0.24751 0.96876
vn -0.01578 -0.24819 0.96858
vn -0.03743 -0.41386 0.90957
vn -0.03738 -0.41335 0.9098
vn -0.0374 -0.41361 0.90969
vn -0.00431 -0.14223 0.98982
vn 0.00041 -0.14093 0.99002
vn -0.01591 -0.25023 0.96806
vn -0.01586 -0.24955 0.96823
vn -0.01595 -0.25091 0.96788
vn -0.03733 -0.41284 0.91004
vn -0.03736 -0.41309 0.90992
vn -0.03729 -0.41233 0.91027
vn -0.03731 -0.41258 0.91016
vn 0.01324 0.00089 0.99991
vn 0.0004 -0.13766 0.99048
vn -0.01582 -0.24887 0.96841
vn 0.00041 -0.13929 0.99025
vn -0.03499 0.34115 0.93936
vn 0.21643 0.21403 0.95255
vn 0.22718 0.2394 0.94397
vn 0.09967 0.29445 0.95046
vn -0.02799 0.18073 0.98313
vn -0.02907 0.17537 0.98407
vn 0.06615 0.31797 0.94579
vn 0.06492 0.31202 0.94785
vn -0.02825 0.17043 0.98496
vn -0.03845 0.16284 0.9859
vn -0.00904 -0.1422 0.9898
vn -0.02256 -0.24947 0.96812
vn -0.02245 -0.24823 0.96844
vn -0.0349 -0.41091 0.91101
vn -0.03463 -0.4078 0.91241
vn -0.03476 -0.40936 0.91171
vn -0.00898 -0.14129 0.98993
vn -0.009 -0.14152 0.9899
vn -0.02211 -0.24454 0.96939
vn -0.02222 -0.24577 0.96907
vn -0.022 -0.24332 0.9697
vn -0.03437 -0.40471 0.9138
vn -0.0345 -0.40626 0.91311
vn -0.03411 -0.40163 0.91517
vn -0.03424 -0.40317 0.91449
vn 0.01775 0.00052 0.99984
vn -0.00903 -0.14197 0.98983
vn -0.02234 -0.247 0.96876
vn -0.00901 -0.14174 0.98986
vn -0.03459 0.33723 0.94079
vn 0.24711 0.2604 0.93334
vn 0.26823 0.28266 0.92095
vn 0.06177 0.32745 0.94285
vn -0.05026 0.15348 0.98687
vn -0.05283 0.14521 0.98799
vn 0.00692 0.33877 0.94084
vn 0.00783 0.33763 0.94125
vn -0.0505 0.13881 0.98903
vn -0.0524 0.13098 0.99
vn -0.0089 -0.13995 0.99012
vn -0.02173 -0.24028 0.97046
vn -0.02146 -0.23728 0.97121
vn -0.0333 -0.39741 0.91704
vn -0.02025 -0.39279 0.9194
vn -0.02038 -0.39547 0.91825
vn -0.01209 -0.13373 0.99094
vn -0.01225 -0.1355 0.9907
vn -0.01945 -0.22899 0.97323
vn -0.01968 -0.23174 0.97258
vn -0.01922 -0.22627 0.97388
vn -0.01997 -0.38747 0.92167
vn -0.02011 -0.39013 0.92054
vn -0.0197 -0.38219 0.92387
vn -0.01983 -0.38482 0.92278
vn -0.03284 0.00157 0.99946
vn -0.00881 -0.13863 0.99031
vn -0.01992 -0.23452 0.97191
vn -0.00873 -0.13731 0.99049
vn -0.03453 0.3367 0.94098
vn 0.24097 0.34709 0.90635
vn 0.24603 0.38006 0.89164
vn 0.00655 0.34332 0.9392
vn -0.05769 0.12213 0.99084
vn -0.05506 0.11656 0.99166
vn -0.05584 0.33691 0.93988
vn -0.05104 0.3408 0.93875
vn -0.05255 0.11124 0.9924
vn -0.05014 0.10615 0.99308
vn -0.0118 -0.13054 0.99137
vn -0.01878 -0.2212 0.97505
vn -0.01836 -0.21623 0.97617
vn -0.01938 -0.37591 0.92645
vn 0.0026 -0.36686 0.93027
vn 0.00262 -0.37047 0.92884
vn -0.01071 -0.11848 0.9929
vn -0.01098 -0.12139 0.99254
vn -0.01047 -0.20305 0.97911
vn -0.01754 -0.20659 0.97827
vn -0.01027 -0.19932 0.97988
vn 0.00255 -0.35971 0.93306
vn 0.00257 -0.36327 0.93168
vn 0.0025 -0.35266 0.93575
vn 0.00252 -0.35618 0.93442
vn -0.04106 0.00578 0.99914
vn -0.01152 -0.12741 0.99178
vn -0.01795 -0.21136 0.97724
vn -0.01125 -0.12437 0.99217
vn -0.03492 0.3405 0.9396
vn 0.26529 0.40981 0.87274
vn 0.26972 0.44952 0.85158
vn -0.05604 0.33812 0.93943
vn -0.04848 0.10263 0.99354
vn -0.04687 0.09922 0.99396
vn -0.11447 0.31462 0.94229
vn -0.10665 0.32403 0.94002
vn -0.04531 0.09593 0.99436
vn -0.04381 0.09274 0.99473
vn -0.01031 -0.11401 0.99343
vn -0.00994 -0.19295 0.98116
vn -0.00963 -0.18676 0.98236
vn 0.00244 -0.34476 0.93869
vn 0.02954 -0.32963 0.94365
vn 0.00238 -0.33698 0.94151
vn -0.00832 -0.098 0.99515
vn -0.00864 -0.10178 0.99477
vn -0.00873 -0.1693 0.98553
vn -0.00902 -0.17495 0.98454
vn 0.00116 -0.16424 0.98642
vn 0.02879 -0.32122 0.94657
vn 0.02917 -0.3254 0.94513
vn 0.02805 -0.31297 0.94935
vn 0.02842 -0.31707 0.94798
vn -0.04702 0.01211 0.99882
vn -0.00932 -0.10978 0.99391
vn -0.00932 -0.18077 0.98348
vn -0.00898 -0.10571 0.99436
vn -0.03596 0.35057 0.93584
vn 0.21455 0.52222 0.82538
vn 0.22939 0.55834 0.79726
vn -0.11394 0.31316 0.94284
vn -0.04296 0.09095 0.99493
vn -0.04213 0.0892 0.99512
vn -0.138 0.29215 0.94637
vn -0.14044 0.29732 0.94439
vn -0.03068 0.09236 0.99525
vn -0.03065 0.09229 0.99526
vn -0.00783 -0.09225 0.99571
vn 0.00111 -0.1568 0.98763
vn 0.00106 -0.14969 0.98873
vn 0.02717 -0.30319 0.95254
vn 0.0552 -0.28183 0.95788
vn 0.02632 -0.29365 0.95555
vn -0.00375 -0.07283 0.99734
vn -0.00653 -0.07692 0.99702
vn 0.00092 -0.13015 0.99149
vn 0.00096 -0.13638 0.99066
vn 0.00088 -0.12421 0.99226
vn 0.05329 -0.27211 0.96079
vn 0.05424 -0.27693 0.95936
vn 0.05144 -0.26266 0.96352
vn 0.05236 -0.26735 0.96218
vn 0.03617 -0.00986 0.9993
vn -0.00737 -0.08683 0.9962
vn 0.00101 -0.14288 0.98974
vn -0.00694 -0.08173 0.99663
vn -0.03609 0.35189 0.93534
vn 0.23241 0.56568 0.7912
vn 0.23541 0.573 0.78502
vn -0.13703 0.29009 0.94714
vn -0.03055 0.09196 0.99529
vn -0.03044 0.09164 0.99533
vn -0.1351 0.28602 0.94865
vn -0.13606 0.28805 0.9479
vn -0.03033 0.09131 0.99536
vn -0.03022 0.09099 0.99539
vn -0.00372 -0.07213 0.99739
vn 0.00087 -0.12327 0.99237
vn 0.0092 -0.12195 0.99249
vn 0.0514 -0.26242 0.96358
vn 0.0513 -0.26193 0.96372
vn 0.05135 -0.26217 0.96365
vn -0.00358 -0.0694 0.99758
vn -0.00361 -0.07007 0.99754
vn 0.01078 -0.12025 0.99269
vn 0.01083 -0.12081 0.99262
vn 0.01073 -0.11969 0.99275
vn 0.0512 -0.26144 0.96386
vn 0.05125 -0.26169 0.96379
vn 0.05111 -0.26095 0.964
vn 0.05116 -0.2612 0.96393
vn 0.07432 -0.00939 0.99719
vn -0.00368 -0.07144 0.99744
vn 0.01088 -0.12138 0.99255
vn -0.00365 -0.07075 0.99749
vn -0.02501 0.02493 0.99938
vn -0.00136 0.00094 1.0
vn -0.04993 0.04976 0.99751
vn -0.07467 0.07441 0.99443
vn -0.09868 0.09857 0.99023
vn -0.04934 0.0494 0.99756
vn -0.02435 0.02449 0.9994
vn 0.00073 -0.00051 1.0
vn -0.02515 0.02506 0.99937
vn -0.07507 0.07482 0.99437
vn -0.0502 0.05003 0.99749
vn 0.00415 -0.0029 0.99999
vn -0.07414 0.07412 0.99449
vn -0.18406 0.18344 0.96565
vn -0.20629 0.20559 0.95665
vn -0.33569 0.33455 0.88056
vn -0.22787 0.2271 0.94684
vn -0.22855 0.22778 0.94651
vn -0.3364 0.33527 0.88001
vn -0.36812 0.44582 0.81592
vn -0.3523 0.35122 0.86749
vn -0.37158 0.42917 0.82325
vn -0.35314 0.51015 0.78425
vn -0.20687 0.20617 0.9564
vn -0.18453 0.18391 0.96547
vn -0.30057 0.29956 0.9055
vn -0.16159 0.16105 0.97363
vn -0.28426 0.28337 0.91591
vn -0.2796 0.27981 0.91844
vn -0.35272 0.50954 0.78483
vn -0.35523 0.50198 0.78856
vn -0.36353 0.49019 0.79218
vn -0.35924 0.48686 0.79619
vn 0.00747 -0.00543 0.99996
vn -0.31887 0.3178 0.89293
vn -0.37829 0.39455 0.8374
vn -0.37497 0.41208 0.83041
vn -0.18158 0.18096 0.96658
vn -0.00116 0.00074 1.0
vn -0.00135 0.00094 1.0
vn -0.18193 0.18131 0.96645
vn -0.00113 0.00055 1.0
vn -0.33407 0.33294 0.88179
vn -0.18229 0.18167 0.96632
vn -0.00113 0.00035 1.0
vn -0.18264 0.18202 0.96618
vn -0.00113 0.00031 1.0
vn -0.33461 0.33347 0.88138
vn -0.36825 0.44523 0.81619
vn -0.33434 0.3332 0.88158
vn -0.36822 0.44535 0.81614
vn -0.35314 0.51015 0.78424
vn -0.183 0.18237 0.96605
vn -0.18335 0.18273 0.96591
vn -0.00113 0.00054 1.0
vn -0.33515 0.33401 0.88097
vn -0.18371 0.18308 0.96578
vn -0.36814 0.4457 0.81598
vn -0.33542 0.33428 0.88077
vn -0.36323 0.49143 0.79155
vn -0.28506 0.28416 0.91542
vn -0.36338 0.49081 0.79187
vn -0.33488 0.33374 0.88117
vn -0.36817 0.44558 0.81603
vn -0.36819 0.44547 0.81608
vn -0.35898 0.48237 0.79903
vn -0.35151 0.51024 0.78492
vn -0.34999 0.50803 0.78703
vn -0.35213 0.50869 0.78565
vn -0.35171 0.50808 0.78623
vn -0.35027 0.506 0.78821
vn -0.34926 0.50454 0.7896
vn -0.35069 0.50661 0.78763
vn -0.34883 0.50392 0.79017
vn -0.34739 0.50185 0.79213
vn -0.35128 0.50747 0.78681
vn -0.35884 0.50448 0.78532
vn -0.35789 0.50315 0.78661
vn -0.3715 0.45587 0.8088
vn -0.35811 0.50345 0.78632
vn -0.35905 0.50478 0.78503
vn -0.3539 0.49753 0.79197
vn -0.35484 0.49887 0.79071
vn -0.35506 0.49917 0.79042
vn -0.356 0.5005 0.78916
vn -0.35411 0.49784 0.79169
vn -0.36967 0.4949 0.7864
vn 0.01059 -0.00817 0.99991
vn -0.35673 0.50153 0.78817
vn -0.35695 0.50183 0.78788
vn -0.35579 0.5002 0.78944
vn -0.22753 0.22679 0.94699
vn -0.00306 0.00216 0.99999
vn -0.35202 0.51098 0.78421
vn -0.22797 0.22684 0.94687
vn -0.35134 0.51 0.78515
vn -0.34947 0.50727 0.78775
vn -0.35168 0.51049 0.78468
vn -0.34913 0.50678 0.78822
vn -0.34839 0.50328 0.79078
vn -0.29668 0.29567 0.90806
vn -0.36109 0.35986 0.8603
vn -0.35067 0.50901 0.78609
vn -0.37194 0.42238 0.82659
vn -0.3495 0.50489 0.78926
vn -0.35033 0.50852 0.78656
vn -0.35306 0.49635 0.79309
vn -0.34814 0.50292 0.79112
vn -0.35334 0.49675 0.79271
vn -0.34789 0.50256 0.79146
vn -0.35355 0.49705 0.79243
vn -0.35362 0.49714 0.79234
vn -0.34764 0.5022 0.79179
vn -0.35383 0.49744 0.79206
vn -0.36838 0.49317 0.78809
vn -0.351 0.50951 0.78562
vn -0.34975 0.50525 0.78892
vn -0.35 0.50561 0.78858
vn -0.35525 0.50661 0.78559
vn -0.34919 0.50687 0.78813
vn -0.34635 0.50275 0.79201
vn -0.34663 0.50315 0.79163
vn -0.34563 0.49929 0.79451
vn -0.34286 0.4953 0.7982
vn -0.34221 0.49436 0.79906
vn -0.34498 0.49835 0.79538
vn -0.34009 0.4913 0.80185
vn -0.33732 0.4873 0.80545
vn -0.35076 0.49312 0.79612
vn -0.35125 0.49382 0.79547
vn -0.34895 0.49058 0.79848
vn -0.36698 0.49129 0.78991
vn -0.36417 0.48753 0.79353
vn -0.36557 0.48941 0.79173
vn -0.34154 0.48016 0.80796
vn -0.34384 0.48341 0.80504
vn -0.35585 0.4764 0.80399
vn -0.35726 0.47829 0.80225
vn -0.35445 0.47452 0.80573
vn -0.36136 0.48377 0.79711
vn -0.36276 0.48565 0.79533
vn -0.37728 0.47106 0.79735
vn 0.01339 -0.0112 0.99985
vn -0.34845 0.48988 0.79912
vn -0.35867 0.48018 0.80049
vn -0.34615 0.48665 0.80209
vn -0.3553 0.50668 0.78551
vn -0.00202 0.00117 1.0
vn -0.00304 0.00219 0.99999
vn -0.3553 0.50667 0.78552
vn -0.001 0.00016 1.0
vn -0.34643 0.50287 0.7919
vn -0.35529 0.50666 0.78554
vn -0.35528 0.50665 0.78555
vn -0.34641 0.50283 0.79194
vn -0.34227 0.49445 0.79898
vn -0.34642 0.50285 0.79192
vn -0.34226 0.49443 0.799
vn -0.33737 0.48737 0.80539
vn -0.35527 0.50664 0.78556
vn -0.35527 0.50663 0.78557
vn -0.00102 0.00013 1.0
vn -0.34638 0.50279 0.79198
vn -0.35526 0.50662 0.78558
vn -0.00204 0.00115 1.0
vn -0.34222 0.49438 0.79905
vn -0.34636 0.50277 0.79199
vn -0.34154 0.48017 0.80795
vn -0.33736 0.48735 0.8054
vn -0.33735 0.48733 0.80542
vn -0.35441 0.47447 0.80577
vn -0.34154 0.48017 0.80796
vn -0.33734 0.48732 0.80544
vn -0.37723 0.471 0.79741
vn -0.35443 0.47449 0.80575
vn -0.34639 0.50281 0.79196
vn -0.34224 0.4944 0.79903
vn -0.34225 0.49441 0.79901
vn -0.35105 0.50061 0.7913
vn -0.34189 0.49628 0.79801
vn -0.33734 0.48967 0.804
vn -0.33779 0.48798 0.80484
vn -0.3393 0.47702 0.81076
vn -0.33524 0.47131 0.81577
vn -0.32882 0.47502 0.81623
vn -0.33331 0.4815 0.81059
vn -0.33119 0.46561 0.82069
vn -0.32713 0.4599 0.82551
vn -0.33749 0.47447 0.81301
vn -0.35119 0.47015 0.80971
vn -0.34796 0.46583 0.81359
vn -0.37533 0.46862 0.7997
vn -0.37151 0.46386 0.80425
vn -0.37342 0.46624 0.80198
vn -0.33416 0.44736 0.82958
vn -0.33739 0.45168 0.82593
vn -0.35432 0.4424 0.82386
vn -0.34151 0.45719 0.82119
vn -0.35241 0.44001 0.82595
vn -0.36769 0.45909 0.80872
vn -0.3696 0.46148 0.80649
vn -0.38517 0.43973 0.81135
vn -0.36578 0.45671 0.81094
vn 0.01571 -0.01452 0.99977
vn -0.33343 0.46876 0.81798
vn -0.34473 0.46151 0.81741
vn -0.34061 0.456 0.82222
vn -0.36838 0.49121 0.78931
vn -0.02909 0.02336 0.9993
vn -0.35572 0.50728 0.78494
vn -0.34803 0.4963 0.79534
vn -0.35494 0.50617 0.78601
vn -0.35417 0.50506 0.78707
vn -0.34179 0.49614 0.79814
vn -0.33292 0.48326 0.80971
vn -0.34291 0.49775 0.79665
vn -0.33293 0.48095 0.81107
vn -0.32354 0.46738 0.82273
vn -0.35339 0.50395 0.78813
vn -0.35261 0.50283 0.78919
vn -0.33957 0.49291 0.80108
vn -0.35183 0.50172 0.79025
vn -0.32985 0.4765 0.81495
vn -0.33846 0.49129 0.80255
vn -0.32279 0.45381 0.83058
vn -0.32866 0.46206 0.8237
vn -0.33321 0.44609 0.83065
vn -0.32815 0.46134 0.82431
vn -0.3341 0.44728 0.82965
vn -0.33369 0.44672 0.83012
vn -0.32764 0.46062 0.82491
vn -0.36185 0.4518 0.81544
vn -0.35039 0.43749 0.82815
vn -0.34068 0.49452 0.79962
vn -0.33088 0.47799 0.81366
vn -0.33191 0.47947 0.81237
vn -0.35015 0.49933 0.79251
vn -0.33739 0.48975 0.80394
vn -0.33075 0.48011 0.81246
vn -0.32738 0.47294 0.81802
vn -0.32299 0.45408 0.83036
vn -0.31681 0.4454 0.83741
vn -0.31424 0.45395 0.83377
vn -0.32081 0.46344 0.82602
vn -0.31066 0.43674 0.84424
vn -0.30452 0.42812 0.85087
vn -0.32731 0.43819 0.83718
vn -0.34415 0.42969 0.83482
vn -0.33993 0.42443 0.83923
vn -0.37849 0.4321 0.81856
vn -0.37357 0.42648 0.82375
vn -0.37603 0.42929 0.82117
vn -0.30578 0.40937 0.8596
vn -0.31113 0.41653 0.85423
vn -0.32734 0.40871 0.85194
vn -0.33153 0.41394 0.84779
vn -0.32317 0.4035 0.85601
vn -0.36865 0.42087 0.82883
vn -0.37111 0.42367 0.8263
vn -0.36374 0.41526 0.83381
vn -0.3662 0.41806 0.83134
vn 0.01737 -0.01807 0.99969
vn -0.3219 0.43094 0.84301
vn -0.33573 0.41918 0.84355
vn -0.3165 0.42372 0.8487
vn -0.34128 0.48669 0.80415
vn -0.32166 0.4669 0.82373
vn -0.31257 0.45372 0.83453
vn -0.30524 0.44096 0.84403
vn -0.29595 0.41607 0.85983
vn -0.28745 0.40411 0.86837
vn -0.28742 0.4152 0.86313
vn -0.2963 0.42803 0.85382
vn -0.27903 0.39228 0.8765
vn -0.27071 0.38059 0.88423
vn -0.29792 0.39884 0.86728
vn -0.31634 0.39497 0.86252
vn -0.30955 0.38649 0.86879
vn -0.35842 0.40918 0.83911
vn -0.37333 0.38242 0.84521
vn -0.37637 0.38553 0.84244
vn -0.28083 0.35064 0.89341
vn -0.28736 0.35878 0.88809
vn -0.30987 0.35375 0.88252
vn -0.31497 0.35958 0.87835
vn -0.3048 0.34797 0.88658
vn -0.36726 0.3762 0.85064
vn -0.37029 0.37931 0.84794
vn -0.36122 0.37001 0.85593
vn -0.36424 0.3731 0.8533
vn 0.01817 -0.02168 0.9996
vn -0.29013 0.38841 0.87462
vn -0.32011 0.36545 0.87406
vn -0.28242 0.37809 0.88164
vn -0.32952 0.46992 0.8189
vn -0.3007 0.43649 0.84797
vn -0.28894 0.41941 0.86059
vn -0.27587 0.39852 0.87468
vn -0.26631 0.36009 0.8941
vn -0.25807 0.3455 0.90224
vn -0.25338 0.36601 0.89546
vn -0.26451 0.38211 0.88545
vn -0.2481 0.33215 0.91001
vn -0.23836 0.3191 0.91726
vn -0.27149 0.33898 0.90077
vn -0.29666 0.33868 0.89291
vn -0.28863 0.32951 0.89895
vn -0.35476 0.3634 0.86145
vn -0.36623 0.33049 0.86986
vn -0.34834 0.35682 0.8668
vn -0.23592 0.29456 0.92605
vn -0.24452 0.30531 0.92032
vn -0.28251 0.28939 0.91457
vn -0.27292 0.31158 0.91018
vn -0.27677 0.28351 0.91816
vn -0.35905 0.32401 0.87527
vn -0.36263 0.32725 0.87259
vn -0.35193 0.31758 0.8805
vn -0.35548 0.32079 0.87791
vn 0.018 -0.0251 0.99952
vn -0.26232 0.32752 0.9077
vn -0.28072 0.32048 0.90471
vn -0.25333 0.3163 0.91421
vn -0.3145 0.44849 0.83663
vn -0.27418 0.39799 0.87546
vn -0.25973 0.37702 0.88904
vn -0.24433 0.34351 0.90681
vn -0.22596 0.30251 0.92598
vn -0.214 0.28649 0.93388
vn -0.21832 0.30694 0.92635
vn -0.2311 0.3249 0.91708
vn -0.20249 0.27109 0.94101
vn -0.19145 0.25631 0.94744
vn -0.22459 0.28042 0.93323
vn -0.2677 0.27421 0.92366
vn -0.25882 0.26512 0.92883
vn -0.3444 0.31079 0.88589
vn -0.35049 0.27355 0.89573
vn -0.33695 0.30407 0.89107
vn -0.19757 0.22556 0.95399
vn -0.20656 0.23581 0.94959
vn -0.23343 0.23911 0.94252
vn -0.24168 0.24757 0.93824
vn -0.22538 0.23087 0.94652
vn -0.34239 0.26723 0.90076
vn -0.34643 0.27038 0.89827
vn -0.33438 0.26098 0.90558
vn -0.33837 0.26409 0.9032
vn 0.01685 -0.02801 0.99947
vn -0.22546 0.2574 0.93963
vn -0.25015 0.25624 0.93369
vn -0.21585 0.24643 0.94482
vn -0.2959 0.42197 0.85696
vn -0.2423 0.35171 0.90421
vn -0.22633 0.32696 0.91753
vn -0.20301 0.2854 0.93666
vn -0.17813 0.23847 0.95467
vn -0.17371 0.21688 0.96062
vn -0.17476 0.24569 0.95346
vn -0.18848 0.26498 0.94565
vn -0.16221 0.20253 0.96575
vn -0.15138 0.189 0.97024
vn -0.18601 0.21236 0.95932
vn -0.22991 0.20748 0.95084
vn -0.22086 0.19931 0.95472
vn -0.32601 0.25444 0.91048
vn -0.30964 0.24167 0.91963
vn -0.31776 0.248 0.91516
vn -0.15473 0.15849 0.97516
vn -0.15468 0.17659 0.97205
vn -0.19543 0.17636 0.96473
vn -0.20362 0.18375 0.96165
vn -0.18753 0.16922 0.96757
vn -0.31719 0.20998 0.92483
vn -0.32151 0.21284 0.92268
vn -0.30866 0.20433 0.92897
vn -0.3129 0.20714 0.92692
vn 0.01483 -0.03012 0.99944
vn -0.17502 0.19981 0.96408
vn -0.2121 0.1914 0.95832
vn -0.16458 0.18789 0.9683
vn -0.30211 0.43082 0.85037
vn -0.05077 0.05433 0.99723
vn -0.30122 0.42956 0.85132
vn -0.23054 0.33465 0.91371
vn -0.30033 0.42829 0.85227
vn -0.29944 0.42702 0.85322
vn -0.22962 0.33171 0.91501
vn -0.17783 0.25 0.95178
vn -0.2297 0.33343 0.91436
vn -0.17721 0.24913 0.95212
vn -0.15239 0.19027 0.96983
vn -0.29856 0.42576 0.85416
vn -0.29767 0.42449 0.8551
vn -0.22797 0.32933 0.91628
vn -0.29678 0.42323 0.85604
vn -0.17537 0.24655 0.95313
vn -0.22715 0.32814 0.91691
vn -0.1454 0.16599 0.97535
vn -0.15214 0.18996 0.96993
vn -0.15421 0.15797 0.97533
vn -0.15188 0.18964 0.97004
vn -0.18612 0.16795 0.96807
vn -0.15447 0.15823 0.97525
vn -0.15163 0.18932 0.97014
vn -0.30618 0.20269 0.93014
vn -0.18682 0.16859 0.96782
vn -0.22879 0.33052 0.91565
vn -0.17598 0.24741 0.9528
vn -0.17659 0.24827 0.95246
vn -0.27964 0.39879 0.87337
vn -0.21155 0.30561 0.92836
vn -0.19301 0.27882 0.94075
vn -0.16188 0.22758 0.96021
vn -0.1396 0.1743 0.97475
vn -0.12778 0.15954 0.97889
vn -0.13356 0.18777 0.97309
vn -0.14713 0.20685 0.96725
vn -0.11687 0.14592 0.98237
vn -0.10684 0.1334 0.98529
vn -0.14335 0.14684 0.97872
vn -0.17544 0.15832 0.97168
vn -0.17609 0.13744 0.97473
vn -0.29739 0.19687 0.93424
vn -0.28034 0.18559 0.94179
vn -0.28877 0.19117 0.93812
vn -0.10732 0.10993 0.98813
vn -0.11543 0.11824 0.98625
vn -0.15303 0.11944 0.98098
vn -0.16039 0.12518 0.97908
vn -0.14598 0.11393 0.98271
vn -0.28213 0.15498 0.94678
vn -0.28646 0.15736 0.94508
vn -0.27361 0.1503 0.95003
vn -0.27784 0.15262 0.94843
vn 0.01222 -0.03122 0.99944
vn -0.13341 0.13666 0.98159
vn -0.16808 0.13118 0.97701
vn -0.12412 0.12714 0.98409
vn -0.25479 0.36334 0.89614
vn -0.17335 0.25042 0.95249
vn -0.15532 0.22438 0.96205
vn -0.12348 0.16531 0.97848
vn -0.09616 0.12007 0.9881
vn -0.09125 0.10417 0.99036
vn -0.09911 0.13269 0.98619
vn -0.11067 0.14816 0.98275
vn -0.08267 0.09438 0.9921
vn -0.07488 0.08548 0.99352
vn -0.0982 0.10059 0.99007
vn -0.137 0.10692 0.98478
vn -0.12854 0.10032 0.98662
vn -0.26528 0.14573 0.95309
vn -0.24925 0.13692 0.95871
vn -0.25717 0.14127 0.95599
vn -0.07519 0.06786 0.99486
vn -0.08131 0.07338 0.99398
vn -0.11603 0.07681 0.99027
vn -0.12191 0.08071 0.98925
vn -0.11042 0.0731 0.99119
vn -0.24719 0.10971 0.96274
vn -0.24154 0.13268 0.96128
vn -0.23946 0.10628 0.96507
vn -0.2433 0.10798 0.96392
vn 0.35841 0.24062 0.90202
vn -0.08982 0.09201 0.9917
vn -0.12808 0.08479 0.98813
vn -0.08792 0.07934 0.99296
vn -0.0 -0.55911 0.82909
vn -0.0 -0.49418 0.86936
vn -0.0 -0.43211 0.90182
vn -0.0 -0.3745 0.92723
vn 0.0 -0.49418 0.86936
vn -0.34697 0.34196 0.87331
vn -0.0 -0.32229 0.94664
vn -0.0 -0.27584 0.9612
vn -0.0 -0.23512 0.97197
vn 0.00077 -0.01982 0.9998
vn -0.0 -0.55182 0.83396
vn -0.0 -0.48711 0.87334
vn -0.0 -0.48008 0.87722
vn -0.0 -0.42547 0.90497
vn -0.0 -0.36842 0.92966
vn -0.0 -0.36242 0.93202
vn -0.0 -0.41237 0.91102
vn -0.0 -0.41889 0.90804
vn -0.0 -0.35648 0.9343
vn -0.0 -0.35061 0.93652
vn -0.0 -0.31684 0.94848
vn -0.0 -0.27104 0.96257
vn -0.0 -0.26631 0.96389
vn -0.0 -0.23094 0.97297
vn 0.05286 -0.17414 0.9833
vn -0.0 -0.22682 0.97394
vn -0.0 -0.29579 0.95525
vn -0.0 -0.30094 0.95364
vn -0.0 -0.25254 0.96759
vn -0.0 -0.25706 0.96639
vn -0.0 -0.24809 0.96874
vn 0.22165 -0.0032 0.97512
vn 0.21759 -0.00572 0.97602
vn 0.22205 -0.00321 0.97503
vn 0.22185 -0.00321 0.97507
vn 0.00174 -0.01974 0.9998
vn -0.0 -0.31147 0.95026
vn -0.0 -0.26165 0.96516
vn -0.0 -0.30617 0.95198
vn -0.0 -0.42926 0.90318
vn -0.0 -0.36585 0.93068
vn -0.0 -0.27173 0.96237
vn -0.0 -0.30919 0.951
vn -0.0 -0.25968 0.96569
vn -0.0 -0.18965 0.98185
vn -0.0 -0.16543 0.98622
vn -0.0 -0.22741 0.9738
vn -0.0 -0.13742 0.99051
vn -0.0 -0.09916 0.99507
vn -0.0 -0.2171 0.97615
vn -0.0 -0.18092 0.9835
vn -0.0 -0.13099 0.99138
vn 0.22473 -0.02512 0.9741
vn 0.22472 -0.02566 0.97409
vn -0.0 -0.0591 0.99825
vn -0.0 -0.08214 0.99662
vn 0.06681 -0.00763 0.99774
vn 0.00462 -0.06705 0.99774
vn 0.00274 -0.01982 0.9998
vn -0.0 -0.15775 0.98748
vn -0.0 -0.09448 0.99553
vn -0.0 -0.114 0.99348
vn -0.0 -0.42265 0.90629
vn -0.0 -0.267 0.9637
vn -0.0 -0.26233 0.96498
vn -0.0 -0.16241 0.98672
vn -0.0 -0.09732 0.99525
vn -0.0 -0.09551 0.99543
vn -0.0 -0.15652 0.98768
vn -0.0 -0.15944 0.98721
vn -0.0 -0.09373 0.9956
vn -0.0 -0.09198 0.99576
vn -0.0 -0.05799 0.99832
vn 0.06687 -0.00763 0.99773
vn 0.06694 -0.00764 0.99773
vn 0.22493 -0.02568 0.97404
vn 0.22534 -0.02573 0.97394
vn 0.22513 -0.0257 0.97399
vn -0.0 -0.05377 0.99855
vn -0.0 -0.0548 0.9985
vn 0.06713 -0.00766 0.99771
vn 0.06706 -0.00766 0.99772
vn 0.06719 -0.00767 0.99771
vn 0.22575 -0.02577 0.97384
vn 0.22554 -0.02575 0.97389
vn 0.22616 -0.02582 0.97375
vn 0.22596 -0.0258 0.9738
vn 0.00372 -0.01964 0.9998
vn -0.0 -0.05691 0.99838
vn 0.067 -0.00765 0.99772
vn -0.0 -0.05584 0.99844
vn -0.0 -0.32527 0.94562
vn -0.0 -0.1966 0.98048
vn -0.0 -0.1463 0.98924
vn -0.0 -0.11609 0.99324
vn -0.0 -0.06798 0.99769
vn -0.0 -0.05019 0.99874
vn -0.0 -0.06346 0.99798
vn -0.0 -0.08589 0.9963
vn -0.0 -0.03704 0.99931
vn -0.0 -0.02733 0.99963
vn -0.0 -0.03969 0.99921
vn 0.06931 -0.00791 0.99756
vn 0.07149 -0.00816 0.99741
vn 0.23294 -0.02659 0.97213
vn 0.23699 -0.05149 0.97015
vn 0.23755 -0.03927 0.97058
vn 0.02282 -0.00261 0.99974
vn 0.02212 -0.00253 0.99975
vn 0.07641 -0.0148 0.99697
vn 0.07597 -0.00946 0.99707
vn 0.0761 -0.01653 0.99696
vn 0.00455 -0.01891 0.99981
vn -0.0 -0.02928 0.99957
vn 0.07375 -0.00842 0.99724
vn 0.00986 -0.01303 0.99987
vn -0.0 -0.32005 0.9474
vn -0.0 -0.14374 0.98962
vn -0.0 -0.14121 0.98998
vn -0.0 -0.06233 0.99806
vn -0.0 -0.02684 0.99964
vn -0.0 -0.02636 0.99965
vn -0.0 -0.06012 0.99819
vn -0.0 -0.06121 0.99812
vn -0.0 -0.02589 0.99966
vn -0.0 -0.02542 0.99968
vn 0.02288 -0.00261 0.99973
vn 0.07617 -0.01655 0.99696
vn 0.07623 -0.01656 0.99695
vn 0.23719 -0.05153 0.9701
vn 0.2376 -0.05162 0.96999
vn 0.23739 -0.05158 0.97004
vn 0.02314 -0.00264 0.99973
vn 0.02307 -0.00263 0.99973
vn 0.07644 -0.01661 0.99694
vn 0.07637 -0.01659 0.99694
vn 0.07651 -0.01662 0.99693
vn 0.23801 -0.05171 0.96989
vn 0.2378 -0.05167 0.96994
vn 0.23842 -0.0518 0.96978
vn 0.23821 -0.05176 0.96983
vn 0.00546 -0.01865 0.99981
vn 0.02294 -0.00262 0.99973
vn 0.0763 -0.01658 0.99695
vn 0.02301 -0.00263 0.99973
vn -0.26331 0.09117 0.96039
vn -0.10581 0.04696 0.99328
vn -0.10578 0.0581 0.99269
vn -0.04552 0.02501 0.99865
vn -0.02099 0.01638 0.99965
vn -0.02322 0.01812 0.99957
vn -0.05038 0.03335 0.99817
vn -0.04654 0.03081 0.99844
vn -0.02569 0.02005 0.99947
vn -0.02843 0.02219 0.99935
vn 0.02448 -0.00301 0.9997
vn 0.07873 -0.0171 0.99675
vn 0.081 -0.0176 0.99656
vn 0.24493 -0.05322 0.96808
vn 0.25842 -0.05615 0.9644
vn 0.25159 -0.05466 0.96629
vn 0.02765 -0.00601 0.9996
vn 0.02686 -0.00584 0.99962
vn 0.08823 -0.01917 0.99592
vn 0.08575 -0.01863 0.99614
vn 0.09078 -0.01972 0.99568
vn 0.2571 -0.08281 0.96283
vn 0.26036 -0.07003 0.96297
vn 0.00592 -0.01717 0.99984
vn 0.02549 -0.00422 0.99967
vn 0.08335 -0.01811 0.99636
vn 0.0261 -0.00567 0.99964
vn -0.26067 0.10028 0.96021
vn -0.10604 0.05825 0.99265
vn -0.1063 0.0584 0.99262
vn -0.05058 0.03348 0.99816
vn -0.02858 0.02231 0.99934
vn -0.02873 0.02242 0.99934
vn -0.05097 0.03375 0.99813
vn -0.05077 0.03361 0.99814
vn -0.02888 0.02254 0.99933
vn -0.02903 0.02266 0.99932
vn 0.02771 -0.00602 0.9996
vn 0.091 -0.01977 0.99565
vn 0.09123 -0.01982 0.99563
vn 0.25729 -0.08287 0.96278
vn 0.25767 -0.08299 0.96266
vn 0.25748 -0.08293 0.96272
vn 0.02799 -0.00608 0.99959
vn 0.02792 -0.00607 0.99959
vn 0.09191 -0.01997 0.99557
vn 0.09168 -0.01992 0.99559
vn 0.09214 -0.02002 0.99555
vn 0.25805 -0.08311 0.96255
vn 0.25786 -0.08305 0.96261
vn 0.25843 -0.08324 0.96244
vn 0.25824 -0.08317 0.96249
vn 0.00669 -0.01687 0.99984
vn 0.02778 -0.00604 0.9996
vn 0.09146 -0.01987 0.99561
vn 0.02785 -0.00605 0.99959
vn -0.25553 0.11341 0.96013
vn -0.10927 0.06002 0.9922
vn -0.11231 0.06169 0.99176
vn -0.05362 0.0355 0.99793
vn -0.02959 0.02671 0.99921
vn -0.03242 0.02926 0.99905
vn -0.05643 0.04404 0.99743
vn -0.05641 0.03734 0.99771
vn -0.03552 0.03205 0.99886
vn -0.03891 0.03511 0.99863
vn -0.00111 0.01302 0.99991
vn 0.0969 -0.02189 0.99505
vn 0.09925 -0.02901 0.99464
vn 0.26463 -0.08523 0.96058
vn 0.27738 -0.08934 0.9566
vn 0.27094 -0.08727 0.95863
vn -0.03161 0.03609 0.99885
vn -0.02799 0.03196 0.9991
vn 0.10627 -0.03423 0.99375
vn 0.10361 -0.03337 0.99406
vn 0.10899 -0.0351 0.99342
vn 0.29064 -0.09361 0.95224
vn 0.28395 -0.09146 0.95447
vn 0.28388 -0.12099 0.9512
vn 0.00662 -0.0148 0.99987
vn -0.02361 0.02418 0.99943
vn 0.10102 -0.03254 0.99435
vn -0.0263 0.02694 0.99929
vn -0.25543 0.11337 0.96016
vn -0.11241 0.06175 0.99174
vn -0.11251 0.0618 0.99173
vn -0.05662 0.04419 0.99742
vn -0.03908 0.03527 0.99861
vn -0.03925 0.03542 0.9986
vn -0.057 0.04449 0.99738
vn -0.05681 0.04434 0.9974
vn -0.03943 0.03558 0.99859
vn -0.03961 0.03574 0.99858
vn -0.03181 0.03631 0.99883
vn 0.10921 -0.03518 0.9934
vn 0.10944 -0.03525 0.99337
vn 0.28404 -0.12106 0.95114
vn 0.28437 -0.1212 0.95102
vn 0.28421 -0.12113 0.95108
vn -0.0326 0.03722 0.99878
vn -0.0324 0.03699 0.99879
vn 0.11011 -0.03546 0.99329
vn 0.10988 -0.03539 0.99331
vn 0.11033 -0.03554 0.99326
vn 0.2847 -0.12134 0.95091
vn 0.28454 -0.12127 0.95096
vn 0.28503 -0.12148 0.95079
vn 0.28486 -0.12141 0.95085
vn 0.00722 -0.01451 0.99987
vn -0.032 0.03654 0.99882
vn 0.10966 -0.03532 0.99334
vn -0.0322 0.03676 0.99881
vn -0.25121 0.1115 0.96149
vn -0.11304 0.0621 0.99165
vn -0.11358 0.06239 0.99157
vn -0.05978 0.04666 0.99712
vn -0.04233 0.0382 0.99837
vn -0.04318 0.04424 0.99809
vn -0.06576 0.05132 0.99652
vn -0.0627 0.04894 0.99683
vn -0.04691 0.04806 0.99774
vn -0.05096 0.0522 0.99734
vn -0.03591 0.041 0.99851
vn 0.1155 -0.0372 0.99261
vn 0.12091 -0.03894 0.9919
vn 0.29075 -0.12392 0.94874
vn 0.30246 -0.12891 0.94441
vn 0.29656 -0.1264 0.94661
vn -0.05127 0.06401 0.99663
vn -0.04605 0.0575 0.99728
vn 0.1359 -0.05073 0.98942
vn 0.13248 -0.04267 0.99027
vn 0.13711 -0.05844 0.98883
vn 0.31452 -0.13405 0.93974
vn 0.30844 -0.13146 0.94212
vn 0.32035 -0.15227 0.93498
vn 0.32068 -0.13668 0.93727
vn 0.00658 -0.01206 0.99991
vn -0.03956 0.04516 0.9982
vn 0.12657 -0.04077 0.99112
vn -0.04136 0.05164 0.99781
vn -0.2509 0.11136 0.96159
vn -0.11355 0.06238 0.99157
vn -0.11353 0.06236 0.99158
vn -0.06588 0.05142 0.9965
vn -0.05115 0.05239 0.99732
vn -0.05133 0.05258 0.9973
vn -0.06613 0.05161 0.99648
vn -0.066 0.05151 0.99649
vn -0.05152 0.05277 0.99728
vn -0.05171 0.05297 0.99726
vn -0.05152 0.06432 0.9966
vn 0.13731 -0.05852 0.9888
vn 0.13752 -0.05861 0.98876
vn 0.32063 -0.1524 0.93486
vn 0.32119 -0.15267 0.93463
vn 0.32091 -0.15253 0.93474
vn -0.05252 0.06558 0.99646
vn -0.05227 0.06526 0.9965
vn 0.13814 -0.05888 0.98866
vn 0.13793 -0.05879 0.9887
vn 0.13835 -0.05897 0.98863
vn 0.32176 -0.15293 0.93439
vn 0.32148 -0.1528 0.93451
vn 0.32096 -0.1562 0.93412
vn 0.32203 -0.15329 0.93424
vn 0.007 -0.01182 0.99991
vn -0.05177 0.06463 0.99657
vn 0.13773 -0.0587 0.98873
vn -0.05202 0.06495 0.99653
vn 0.49855 -0.34737 0.79422
vn 0.35064 -0.20085 0.91472
vn 0.50579 -0.35242 0.78739
vn -0.13424 0.19393 0.97179
vn -0.08619 0.11539 0.98957
vn -0.11573 0.16718 0.97911
vn 0.47201 -0.33904 0.81379
vn 0.35121 -0.18486 0.91787
vn 0.34395 -0.18104 0.92137
vn 0.39363 -0.35412 0.84833
vn -0.06684 0.07631 0.99484
vn -0.07008 0.06324 0.99553
vn -0.05965 0.0681 0.99589
vn -0.10893 0.07211 0.99143
vn -0.05682 0.0582 0.99669
vn -0.06532 0.05894 0.99612
vn 0.31211 -0.31346 0.89685
vn 0.33679 -0.17727 0.92474
vn 0.32972 -0.17355 0.92799
vn 0.1543 -0.06576 0.98583
vn 0.22039 -0.22135 0.94996
vn 0.14612 -0.06228 0.98731
vn -0.05981 0.07468 0.99541
vn 0.11446 -0.11496 0.98675
vn 0.32276 -0.16988 0.93111
vn -0.07489 0.10026 0.99214
vn -0.06808 0.08501 0.99405
vn 0.09877 -0.03009 0.99466
vn -0.40459 0.45694 0.79216
vn 0.5013 -0.34929 0.79164
vn 0.4968 -0.34616 0.79584
vn 0.50853 -0.35433 0.78476
vn 0.49955 -0.34807 0.79328
vn 0.50405 -0.3512 0.78905
vn 0.50679 -0.35312 0.78643
vn 0.5023 -0.34999 0.7907
vn 0.50505 -0.3519 0.78809
vn 0.46261 -0.3658 0.80758
vn 0.50779 -0.35382 0.78547
vn 0.33653 -0.33765 0.87906
vn 0.00583 -0.00918 0.99994
vn -0.48994 0.3784 0.78535
vn -0.03964 0.06301 0.99723
vn -0.0779 0.20474 0.97571
vn 0.2044 -0.07833 0.97575
vn 0.50233 -0.35001 0.79067
vn 0.06517 0.06389 0.99583
vn 0.50178 -0.34962 0.79119
vn 0.50452 -0.35154 0.78859
vn -0.40973 0.46275 0.78612
vn -0.40802 0.46081 0.78815
vn 0.42081 -0.31139 0.85203
vn -0.4063 0.45888 0.79016
vn 0.50011 -0.34846 0.79276
vn 0.49736 -0.34654 0.79533
vn 0.50671 -0.35306 0.7865
vn 0.50397 -0.35115 0.78912
vn 0.50616 -0.35268 0.78703
vn 0.50341 -0.35076 0.78964
vn 0.5089 -0.35459 0.7844
vn 0.50561 -0.35229 0.78756
vn 0.50286 -0.35038 0.79017
vn 0.2585 -0.25936 0.93054
vn 0.50835 -0.3542 0.78493
vn 0.32513 -0.20625 0.9229
vn 0.50066 -0.34885 0.79224
vn 0.50122 -0.34924 0.79171
vn -0.49018 0.37859 0.78511
vn -0.15961 0.28262 0.94586
vn -0.23505 0.33745 0.91153
vn 0.50224 -0.34995 0.79075
vn 0.50443 -0.35148 0.78868
vn 0.50434 -0.35141 0.78876
vn 0.50206 -0.34982 0.79092
vn 0.50215 -0.34988 0.79084
vn 0.50425 -0.35135 0.78885
vn 0.50416 -0.35129 0.78893
vn 0.50662 -0.353 0.78659
vn 0.50881 -0.35453 0.78449
vn 0.50872 -0.35446 0.78457
vn 0.2721 -0.273 0.92273
vn 0.0 -0.0006 1.0
vn 0.29824 -0.29923 0.90637
vn 0.28534 -0.28629 0.91467
vn 0.50626 -0.35275 0.78693
vn 0.50635 -0.35281 0.78685
vn 0.50845 -0.35427 0.78484
vn 0.50854 -0.35434 0.78475
vn 0.50836 -0.35421 0.78492
vn 0.32297 -0.32405 0.8892
vn 0.31078 -0.31182 0.89788
vn 0.34629 -0.34744 0.87142
vn 0.33481 -0.33592 0.88038
vn -0.0 -0.00044 1.0
vn 0.00608 -0.00901 0.99994
vn 0.50653 -0.35294 0.78667
vn 0.50863 -0.3544 0.78466
vn 0.50644 -0.35288 0.78676
vn -0.55004 0.27885 0.78721
vn -0.48969 0.37821 0.7856
vn 0.02552 -0.09883 0.99478
vn -0.09997 0.12614 0.98696
vn 0.14074 -0.11391 0.98347
vn -0.18772 0.1141 0.97557
vn 0.4918 -0.35417 0.79542
vn 0.00444 -0.00627 0.99997
vn 0.34718 -0.3836 0.85576
vn -0.58817 0.16962 0.79075
vn -0.02715 0.0695 0.99721
vn -0.59066 0.17034 0.78874
vn -0.17595 0.01396 0.9843
vn -0.55254 0.26334 0.79079
vn -0.26901 0.10907 0.95694
vn 0.49418 -0.34433 0.79826
vn -0.22338 0.06205 0.97275
vn 0.49576 -0.34543 0.7968
vn 0.49787 -0.3469 0.79485
vn -0.25174 0.18076 0.95076
vn 0.50049 -0.34873 0.7924
vn -0.11895 0.04538 0.99186
vn 0.50155 -0.34946 0.79141
vn 0.49944 -0.348 0.79338
vn 0.50312 -0.35056 0.78992
vn 0.50102 -0.34909 0.79191
vn 0.50522 -0.35202 0.78793
vn 0.50469 -0.35166 0.78843
vn 0.50259 -0.35019 0.79042
vn 0.50889 -0.35458 0.78441
vn -0.31232 0.15443 0.93734
vn 0.49891 -0.34763 0.79388
vn 0.49734 -0.34653 0.79534
vn -0.60802 0.0563 0.79192
vn -0.01374 0.07357 0.9972
vn -0.58822 0.16918 0.79081
vn -0.59393 0.05499 0.80263
vn -0.57605 0.16612 0.80036
vn -0.2193 -0.01146 0.97559
vn -0.59515 0.0836 0.79926
vn -0.09269 -0.14158 0.98558
vn 0.48323 -0.3367 0.80816
vn 0.49053 -0.34178 0.8016
vn -0.44333 0.18217 0.87765
vn 0.49059 -0.34183 0.80155
vn 0.48689 -0.33925 0.80489
vn 0.49424 -0.34437 0.7982
vn 0.49056 -0.3418 0.80158
vn 0.49793 -0.34694 0.7948
vn 0.4979 -0.34692 0.79482
vn 0.49421 -0.34435 0.79823
vn 0.50525 -0.35204 0.7879
vn 0.50158 -0.34948 0.79138
vn 0.35969 -0.36238 0.85983
vn 0.09174 -0.26912 0.95873
vn -0.00182 -0.0015 1.0
vn -0.57981 0.05369 0.81298
vn -0.44766 0.0568 0.8924
vn -0.57319 0.05399 0.81764
vn 0.47349 -0.33117 0.81617
vn -0.0388 -0.18451 0.98206
vn 0.47935 -0.334 0.81158
vn 0.37125 -0.34637 0.86151
vn 0.48552 -0.3414 0.80481
vn 0.48497 -0.33791 0.80661
vn 0.47761 -0.33279 0.81311
vn 0.49733 -0.35171 0.79307
vn 0.49232 -0.34304 0.79996
vn -0.60936 -0.05874 0.79071
vn -0.01401 -0.07351 0.9972
vn -0.59685 -0.05754 0.80029
vn -0.5843 -0.05633 0.80958
vn -0.57174 -0.05512 0.81858
vn -0.60942 -0.05711 0.79079
vn -0.5824 0.05393 0.81111
vn -0.59715 0.03069 0.80154
vn -0.56146 0.00193 0.8275
vn -0.5718 -0.05326 0.81866
vn -0.06559 -0.16224 0.98457
vn -0.57112 0.04343 0.81972
vn 0.4652 -0.33772 0.81825
vn 0.45985 -0.33384 0.82285
vn -0.56827 0.05262 0.82116
vn 0.48542 -0.3524 0.80012
vn 0.47264 -0.34312 0.81171
vn -0.58582 -0.02791 0.80996
vn -0.59197 -0.17314 0.78714
vn -0.02741 -0.06939 0.99721
vn -0.58434 -0.17091 0.79331
vn -0.58435 -0.17079 0.79332
vn -0.59687 -0.06701 0.79953
vn -0.59464 -0.05732 0.80194
vn -0.58209 -0.05611 0.81118
vn -0.59411 -0.15152 0.78998
vn -0.60201 -0.05803 0.79638
vn -0.61193 -0.05899 0.78871
vn -0.58689 -0.05658 0.80769
vn -0.59943 -0.05779 0.79834
vn -0.56694 -0.05465 0.82194
vn -0.5795 -0.05586 0.81305
vn -0.56436 -0.0544 0.82374
vn -0.57692 -0.05562 0.81491
vn -0.17028 -0.12158 0.97787
vn -0.56177 -0.05415 0.82552
vn -0.57433 -0.05537 0.81675
vn 0.47655 -0.34595 0.80822
vn 0.44988 -0.33939 0.82609
vn -0.60459 -0.05828 0.7944
vn -0.58947 -0.05683 0.80579
vn -0.59206 -0.05707 0.80387
vn -0.07603 -0.07647 0.99417
vn -0.03988 -0.06285 0.99723
vn -0.14892 -0.17267 0.97366
vn -0.59426 -0.17381 0.78527
vn -0.58912 -0.1723 0.78946
vn -0.41069 -0.19831 0.88995
vn -0.58663 -0.17158 0.79147
vn -0.57899 -0.16934 0.79756
vn -0.0804 -0.12216 0.98925
vn -0.38763 -0.20059 0.89972
vn -0.58931 -0.17236 0.78931
vn -0.59445 -0.17386 0.78511
vn -0.57918 -0.1694 0.79741
vn -0.58682 -0.17163 0.79132
vn -0.5822 -0.05612 0.81111
vn -0.59638 -0.08056 0.79865
vn -0.57711 -0.05563 0.81477
vn -0.59225 -0.05709 0.80373
vn -0.56197 -0.05417 0.82538
vn -0.57203 -0.05514 0.81838
vn -0.58717 -0.0566 0.80748
vn -0.55689 -0.05368 0.82885
vn 0.46251 -0.34389 0.8172
vn -0.59178 -0.17308 0.78729
vn -0.58166 -0.17012 0.79544
vn -0.58415 -0.17085 0.79346
vn -0.40372 -0.31108 0.86037
vn -0.45678 -0.30125 0.83702
vn -0.55075 -0.28183 0.78565
vn -0.58696 -0.17167 0.79121
vn -0.57682 -0.16871 0.79926
vn -0.57466 -0.16807 0.80095
vn -0.58264 -0.17041 0.79467
vn -0.5848 -0.17104 0.79294
vn -0.57249 -0.16744 0.80263
vn -0.57032 -0.16681 0.80431
vn -0.58031 -0.05594 0.81247
vn -0.56008 -0.05399 0.82668
vn -0.5582 -0.05381 0.82796
vn 0.45993 -0.34703 0.81733
vn 0.00017 -0.00198 1.0
vn 0.45974 -0.34755 0.81722
vn 0.45978 -0.34759 0.81718
vn -0.57277 -0.05522 0.81785
vn -0.57466 -0.0554 0.81652
vn -0.55255 -0.05327 0.83178
vn -0.55443 -0.05345 0.83051
vn -0.55067 -0.05308 0.83303
vn 0.45965 -0.34749 0.8173
vn 0.45969 -0.34752 0.81726
vn 0.45956 -0.34742 0.81738
vn 0.4596 -0.34745 0.81734
vn 0.00029 -0.00189 1.0
vn 0.00457 -0.00618 0.99997
vn -0.57843 -0.05576 0.81383
vn -0.55631 -0.05363 0.82924
vn -0.57654 -0.05558 0.81518
vn -0.47816 -0.24469 0.8435
vn -0.47547 -0.24331 0.84542
vn -0.40247 -0.20595 0.89196
vn -0.48703 -0.21086 0.84755
vn -0.49805 -0.14567 0.85483
vn -0.4145 -0.16353 0.89524
vn 0.31179 -0.23571 0.92045
vn -0.39994 -0.20466 0.8934
vn 0.34635 -0.26183 0.90083
vn -0.48593 -0.14212 0.86237
vn 0.42081 -0.31813 0.84954
vn 0.38286 -0.28943 0.8773
vn 0.00254 -0.00334 0.99999
vn -0.42679 -0.33221 0.84112
vn -0.05098 -0.05413 0.99723
vn -0.36231 -0.28202 0.88837
vn -0.36393 -0.27944 0.88852
vn -0.31533 -0.21778 0.92366
vn -0.32591 -0.19972 0.92407
vn 0.30846 -0.23319 0.92221
vn -0.43028 -0.32655 0.84156
vn -0.40185 -0.21737 0.88953
vn -0.47426 -0.25845 0.8416
vn 0.12446 -0.23821 0.96321
vn -0.40464 -0.20706 0.89073
vn 0.35261 -0.26657 0.897
vn 0.31768 -0.24016 0.91728
vn 0.36256 -0.27409 0.89074
vn 0.32708 -0.24726 0.91208
vn 0.39979 -0.30224 0.86534
vn 0.37265 -0.28172 0.88418
vn 0.33663 -0.25449 0.90659
vn 0.44887 -0.33934 0.82666
vn 0.41027 -0.31015 0.85761
vn -0.38425 -0.25009 0.88871
vn -0.33696 -0.17243 0.9256
vn -0.33478 -0.18107 0.92473
vn -0.36313 -0.41325 0.83508
vn -0.06032 -0.04355 0.99723
vn -0.37366 -0.29181 0.88047
vn -0.37218 -0.40493 0.83517
vn -0.37007 -0.28806 0.88322
vn -0.31152 -0.24248 0.91878
vn -0.37202 -0.28958 0.8819
vn -0.30975 -0.2411 0.91974
vn 0.27226 -0.20583 0.93995
vn -0.4309 -0.34018 0.83582
vn -0.43088 -0.33539 0.83777
vn -0.36618 -0.28503 0.88582
vn -0.42884 -0.3338 0.83945
vn -0.3056 -0.23524 0.92264
vn -0.36424 -0.28352 0.8871
vn 0.32272 -0.24398 0.91451
vn 0.28101 -0.21244 0.93589
vn 0.33252 -0.25138 0.90898
vn 0.28997 -0.21921 0.93159
vn 0.37847 -0.28612 0.88028
vn 0.34249 -0.25891 0.90314
vn 0.29911 -0.22613 0.92704
vn 0.43785 -0.33101 0.8359
vn 0.38908 -0.29414 0.87298
vn -0.36812 -0.28654 0.88452
vn -0.30622 -0.23836 0.92164
vn -0.30798 -0.23973 0.92069
vn -0.28667 -0.48649 0.82532
vn -0.06758 -0.03147 0.99722
vn -0.29559 -0.48226 0.82465
vn -0.32466 -0.36948 0.87068
vn -0.37093 -0.42338 0.82654
vn -0.36998 -0.42105 0.82815
vn -0.32134 -0.3657 0.8735
vn -0.32022 -0.26723 0.90887
vn -0.323 -0.36759 0.87209
vn -0.32568 -0.2535 0.91086
vn -0.26842 -0.20894 0.94037
vn -0.36827 -0.4191 0.8299
vn -0.36655 -0.41715 0.83164
vn -0.32565 -0.3549 0.87635
vn -0.36484 -0.4152 0.83337
vn -0.31502 -0.24521 0.91686
vn -0.3543 -0.32125 0.87822
vn 0.29454 -0.22267 0.92934
vn -0.26529 -0.20649 0.9418
vn 0.30375 -0.22963 0.92467
vn -0.26218 -0.20407 0.9432
vn 0.35772 -0.27043 0.89382
vn 0.31314 -0.23673 0.91973
vn 0.10211 -0.20563 0.97329
vn 0.42691 -0.32274 0.84474
vn 0.36803 -0.27822 0.88721
vn -0.31969 -0.36382 0.87489
vn -0.31855 -0.24795 0.9149
vn -0.3221 -0.25072 0.9129
vn -0.29162 -0.50309 0.81355
vn -0.07249 -0.01832 0.9972
vn -0.29459 -0.49993 0.81442
vn -0.27321 -0.44321 0.85377
vn -0.29327 -0.49769 0.81627
vn -0.29195 -0.49545 0.81811
vn -0.33782 -0.38445 0.85911
vn -0.29223 -0.33257 0.89666
vn -0.32281 -0.40311 0.85633
vn -0.28912 -0.32903 0.89897
vn -0.28722 -0.22357 0.93141
vn -0.29063 -0.49321 0.81993
vn -0.28931 -0.49097 0.82174
vn -0.33122 -0.37694 0.86499
vn -0.28799 -0.48873 0.82353
vn -0.30862 -0.2894 0.90609
vn -0.32794 -0.3732 0.86786
vn 0.26909 -0.20343 0.94139
vn -0.28244 -0.21985 0.93375
vn 0.27739 -0.2097 0.93759
vn -0.27771 -0.21616 0.93603
vn 0.33832 -0.25577 0.9056
vn 0.28587 -0.21611 0.93358
vn -0.27304 -0.21253 0.93823
vn 0.41645 -0.31483 0.8529
vn 0.34795 -0.26304 0.89986
vn -0.33451 -0.38069 0.86208
vn -0.29395 -0.31173 0.90356
vn -0.28603 -0.32551 0.90124
vn -0.2031 -0.56686 0.79838
vn -0.04875 -0.00476 0.9988
vn -0.20223 -0.56442 0.80033
vn -0.2796 -0.4745 0.83467
vn -0.20135 -0.56198 0.80227
vn -0.20048 -0.55953 0.8042
vn -0.27444 -0.46573 0.84129
vn -0.31535 -0.35888 0.8785
vn -0.27702 -0.47011 0.83801
vn -0.31066 -0.35354 0.88232
vn -0.28296 -0.27524 0.91879
vn -0.1996 -0.55709 0.80611
vn -0.19872 -0.55464 0.80801
vn -0.26929 -0.457 0.84772
vn -0.19843 -0.55213 0.8098
vn -0.29679 -0.33776 0.89322
vn -0.26673 -0.45265 0.85086
vn 0.02182 -0.1927 0.98101
vn -0.2895 -0.25738 0.92193
vn 0.25424 -0.1922 0.94785
vn -0.29404 -0.24021 0.92512
vn 0.32095 -0.24263 0.91549
vn 0.26159 -0.19775 0.9447
vn -0.29342 -0.22839 0.9283
vn 0.40685 -0.30757 0.86016
vn 0.32957 -0.24915 0.91066
vn -0.27186 -0.46136 0.84453
vn -0.30138 -0.34298 0.88968
vn -0.30601 -0.34824 0.88605
vn -0.2026 -0.56547 0.7995
vn -0.27882 -0.47317 0.83569
vn -0.27803 -0.47184 0.8367
vn -0.31437 -0.35776 0.87931
vn -0.28175 -0.27457 0.91936
vn -0.28055 -0.27389 0.91993
vn -0.3124 -0.35552 0.88092
vn -0.31338 -0.35664 0.88011
vn -0.27935 -0.27321 0.9205
vn -0.27816 -0.27252 0.92106
vn 0.0696 -0.19229 0.97887
vn 0.32096 -0.24264 0.91548
vn 0.32097 -0.24265 0.91548
vn 0.40687 -0.30758 0.86015
vn 0.00127 -0.00206 1.0
vn 0.0 -0.00078 1.0
vn 0.40689 -0.3076 0.86013
vn 0.40688 -0.30759 0.86014
vn 0.24711 -0.18681 0.95081
vn 0.20786 -0.18857 0.95981
vn 0.32101 -0.24268 0.91546
vn 0.32099 -0.24267 0.91546
vn 0.32102 -0.24268 0.91545
vn 0.40692 -0.30762 0.86011
vn 0.4069 -0.30761 0.86012
vn 3e-05 -0.00075 1.0
vn 0.40694 -0.30764 0.86009
vn 0.40693 -0.30763 0.8601
vn 0.0013 -0.00203 1.0
vn 0.00258 -0.00331 0.99999
vn 0.11673 -0.19145 0.97454
vn 0.32098 -0.24266 0.91547
vn 0.16291 -0.1902 0.96814
vn -0.17368 -0.48473 0.85725
vn -0.23351 -0.39628 0.88794
vn -0.19258 -0.32681 0.92526
vn -0.25788 -0.29347 0.92053
vn -0.21876 -0.22956 0.94839
vn -0.17256 -0.18841 0.96681
vn -0.16899 -0.19231 0.96667
vn -0.20982 -0.23878 0.94814
vn 0.18991 -0.14357 0.97125
vn 0.1874 -0.14801 0.97107
vn 0.24823 -0.18766 0.95035
vn 0.32236 -0.2437 0.91471
vn 0.31818 -0.2513 0.91412
vn 0.40161 -0.3172 0.85912
vn 0.2461 -0.19437 0.94955
vn 0.00036 -0.00047 1.0
vn 0.24935 -0.18851 0.94989
vn -0.08447 -0.53843 0.83843
vn -0.08407 -0.53587 0.8401
vn -0.19521 -0.36952 0.90849
vn -0.12249 -0.52544 0.84197
vn -0.17967 -0.50381 0.84492
vn -0.20559 -0.3489 0.91433
vn -0.16198 -0.23476 0.95846
vn -0.20834 -0.35465 0.91149
vn -0.16529 -0.22543 0.96013
vn 0.17014 -0.13145 0.97661
vn -0.17878 -0.49897 0.84798
vn -0.17707 -0.49421 0.85112
vn -0.19902 -0.33774 0.91996
vn -0.17537 -0.48947 0.85421
vn -0.17104 -0.19839 0.96508
vn -0.19578 -0.33224 0.92265
vn 0.22829 -0.18031 0.95675
vn 0.17458 -0.13524 0.97531
vn 0.23411 -0.1849 0.95447
vn 0.17788 -0.14047 0.97397
vn 0.30374 -0.23989 0.92206
vn 0.24005 -0.18959 0.95207
vn 0.18258 -0.1442 0.97256
vn 0.39347 -0.31076 0.86522
vn 0.31091 -0.24555 0.91817
vn -0.20229 -0.34329 0.91719
vn -0.16977 -0.20721 0.96345
vn -0.16787 -0.21624 0.9618
vn -0.08445 -0.53832 0.8385
vn -0.19519 -0.3694 0.90854
vn -0.19518 -0.36928 0.90859
vn -0.16194 -0.23468 0.95849
vn 0.17014 -0.13146 0.97661
vn -0.16185 -0.23453 0.95854
vn -0.16189 -0.23461 0.95851
vn 0.17015 -0.13147 0.97661
vn -0.13622 -0.4496 0.88278
vn -0.17509 -0.2977 0.93847
vn -0.14349 -0.2435 0.95923
vn -0.13357 -0.18857 0.97293
vn 0.16886 -0.13337 0.97658
vn 0.16892 -0.13341 0.97656
vn 0.12378 -0.09776 0.98748
vn -0.10902 -0.15119 0.98247
vn 0.16898 -0.13346 0.97654
vn 0.16905 -0.13351 0.97652
vn 0.22838 -0.18037 0.95672
vn 0.30384 -0.23997 0.92201
vn 0.30394 -0.24005 0.92195
vn 0.39359 -0.31086 0.86513
vn 0.39318 -0.31164 0.86504
vn 0.3937 -0.31095 0.86505
vn 0.2287 -0.18063 0.95659
vn 0.22862 -0.18056 0.95662
vn 0.30375 -0.24076 0.92183
vn 0.30414 -0.24021 0.92184
vn -0.0049 0.00632 0.99997
vn 0.22846 -0.18044 0.95669
vn 0.30404 -0.24013 0.9219
vn 0.22854 -0.1805 0.95666
vn -0.13688 -0.38204 0.91395
vn -0.12028 -0.20412 0.97153
vn -0.10044 -0.17044 0.98024
vn 0.12335 -0.09743 0.98757
vn 0.16848 -0.13307 0.97668
vn 0.16792 -0.13262 0.97684
vn 0.12251 -0.09676 0.98774
vn 0.12293 -0.09709 0.98765
vn 0.16736 -0.13218 0.977
vn 0.1668 -0.13174 0.97715
vn 0.22797 -0.18005 0.95688
vn 0.30276 -0.23998 0.92236
vn 0.30177 -0.23919 0.92289
vn 0.39205 -0.31075 0.86587
vn 0.38979 -0.30896 0.86753
vn 0.39092 -0.30985 0.8667
vn 0.22452 -0.17796 0.95808
vn 0.22531 -0.17859 0.95778
vn 0.29882 -0.23685 0.92445
vn 0.2998 -0.23763 0.92393
vn 0.29784 -0.23608 0.92497
vn 0.39514 -0.30042 0.8681
vn -0.04968 0.08649 0.99501
vn 0.2269 -0.17985 0.95717
vn 0.30079 -0.23841 0.92341
vn 0.2261 -0.17922 0.95748
vn -0.13566 -0.37862 0.91555
vn -0.09941 -0.16871 0.98064
vn -0.0984 -0.16699 0.98104
vn 0.12217 -0.09649 0.98781
vn 0.16634 -0.13137 0.97728
vn 0.16588 -0.13101 0.9774
vn 0.12148 -0.09595 0.98795
vn 0.12182 -0.09622 0.98788
vn 0.16542 -0.13065 0.97753
vn 0.16497 -0.13029 0.97766
vn 0.22392 -0.17748 0.95831
vn 0.2971 -0.23549 0.92535
vn 0.29636 -0.2349 0.92574
vn 0.39434 -0.29981 0.86868
vn -0.0 0.00663 0.99998
vn 0.39274 -0.2986 0.86982
vn 0.39354 -0.29921 0.86925
vn 0.22154 -0.1756 0.95921
vn 0.22213 -0.17607 0.95899
vn 0.29415 -0.23315 0.92688
vn 0.29489 -0.23374 0.9265
vn 0.29342 -0.23257 0.92726
vn 0.39114 -0.29738 0.87096
vn 0.39194 -0.29799 0.87039
vn 0.38954 -0.29616 0.87209
vn 0.39034 -0.29677 0.87153
vn 0.0 0.00233 1.0
vn -0.00676 0.0174 0.99983
vn 0.22332 -0.17701 0.95854
vn 0.29562 -0.23432 0.92612
vn 0.22273 -0.17654 0.95876
vn -0.13249 -0.36977 0.91963
vn -0.09581 -0.1626 0.98203
vn -0.09329 -0.15832 0.98297
vn 0.12044 -0.09513 0.98815
vn 0.16358 -0.1292 0.97803
vn 0.16221 -0.12812 0.9784
vn 0.11839 -0.0935 0.98856
vn 0.11941 -0.09431 0.98836
vn 0.16085 -0.12704 0.97877
vn 0.1595 -0.12597 0.97913
vn 0.21974 -0.17417 0.95988
vn 0.29119 -0.23081 0.9284
vn 0.28898 -0.22905 0.92953
vn 0.38708 -0.2943 0.87382
vn 0.38218 -0.29057 0.87721
vn 0.38463 -0.29243 0.87552
vn 0.21267 -0.16857 0.96247
vn 0.21442 -0.16996 0.96184
vn 0.2824 -0.22384 0.93281
vn 0.28458 -0.22557 0.93174
vn 0.28024 -0.22212 0.93388
vn 0.37731 -0.28686 0.88054
vn 0.37974 -0.28872 0.87888
vn 0.37246 -0.28318 0.88379
vn 0.37488 -0.28502 0.88217
vn -0.00638 0.01912 0.9998
vn 0.21796 -0.17276 0.96055
vn 0.28678 -0.22731 0.93064
vn 0.21618 -0.17135 0.9612
vn -0.12956 -0.36161 0.92328
vn -0.09101 -0.15445 0.9838
vn -0.08878 -0.15067 0.98459
vn 0.11729 -0.09264 0.98877
vn 0.15805 -0.12483 0.97951
vn 0.15662 -0.1237 0.97988
vn 0.11513 -0.09093 0.98918
vn 0.11621 -0.09178 0.98897
vn 0.1552 -0.12257 0.98025
vn 0.15379 -0.12146 0.98061
vn 0.2108 -0.16709 0.96314
vn 0.27791 -0.22028 0.93501
vn 0.27945 -0.21398 0.93601
vn 0.36983 -0.28118 0.88553
vn 0.3646 -0.2772 0.88894
vn 0.36722 -0.27919 0.88725
vn 0.20345 -0.16126 0.96572
vn 0.20526 -0.1627 0.96509
vn 0.27338 -0.20785 0.93918
vn 0.27557 -0.20951 0.93817
vn 0.2712 -0.20619 0.94018
vn 0.35941 -0.27326 0.89228
vn 0.362 -0.27523 0.89062
vn 0.35425 -0.26933 0.89553
vn 0.35683 -0.27129 0.89391
vn -0.00547 0.01969 0.99979
vn 0.20894 -0.16561 0.9638
vn 0.27777 -0.21118 0.93715
vn 0.2071 -0.16415 0.96445
vn -0.12672 -0.35369 0.92674
vn -0.08666 -0.14706 0.98532
vn -0.08458 -0.14354 0.98602
vn 0.11394 -0.08999 0.9894
vn 0.15208 -0.12039 0.98101
vn 0.15046 -0.11926 0.9814
vn 0.1116 -0.08814 0.98984
vn 0.11276 -0.08906 0.98962
vn 0.14892 -0.11804 0.98178
vn 0.1474 -0.11683 0.98215
vn 0.20143 -0.15966 0.9664
vn 0.26877 -0.20434 0.94128
vn 0.26636 -0.20251 0.94236
vn 0.35136 -0.26714 0.89732
vn 0.34563 -0.26278 0.90083
vn 0.34849 -0.26495 0.89909
vn 0.19355 -0.15341 0.96902
vn 0.19549 -0.15495 0.96839
vn 0.2592 -0.19707 0.9455
vn 0.26157 -0.19887 0.94447
vn 0.25685 -0.19528 0.94651
vn 0.33994 -0.25846 0.90423
vn 0.34278 -0.26061 0.90254
vn 0.33431 -0.25417 0.90754
vn 0.33712 -0.25631 0.9059
vn -0.00425 0.01887 0.99981
vn 0.19944 -0.15808 0.96708
vn 0.26396 -0.20068 0.94343
vn 0.19746 -0.15651 0.96774
vn -0.12382 -0.34559 0.93018
vn -0.0825 -0.14 0.98671
vn -0.08046 -0.13654 0.98736
vn 0.11026 -0.08709 0.99008
vn 0.14566 -0.11545 0.98258
vn 0.14393 -0.11409 0.98299
vn 0.10764 -0.08501 0.99055
vn 0.10894 -0.08604 0.99032
vn 0.14223 -0.11274 0.98339
vn 0.14055 -0.1114 0.98379
vn 0.19132 -0.15164 0.96974
vn 0.25414 -0.19322 0.94767
vn 0.25145 -0.19118 0.9488
vn 0.33106 -0.2517 0.90942
vn 0.32462 -0.24681 0.91308
vn 0.32783 -0.24925 0.91126
vn 0.18263 -0.14476 0.97247
vn 0.18477 -0.14645 0.97181
vn 0.24352 -0.18515 0.95206
vn 0.24614 -0.18714 0.951
vn 0.24092 -0.18317 0.9531
vn 0.31826 -0.24197 0.9166
vn 0.32143 -0.24438 0.91486
vn 0.31197 -0.23719 0.92001
vn 0.31511 -0.23957 0.91832
vn -0.00298 0.01676 0.99986
vn 0.18911 -0.1499 0.97045
vn 0.24879 -0.18915 0.94991
vn 0.18693 -0.14817 0.97114
vn -0.12073 -0.33697 0.93374
vn -0.07833 -0.13292 0.98803
vn -0.07608 -0.12944 0.98866
vn 0.10612 -0.08381 0.99081
vn 0.13858 -0.10984 0.98424
vn 0.13664 -0.1083 0.98468
vn 0.10314 -0.08146 0.99133
vn 0.10462 -0.08263 0.99107
vn 0.13473 -0.10679 0.98511
vn 0.13284 -0.10529 0.98553
vn 0.18013 -0.14278 0.97322
vn 0.23787 -0.18085 0.95431
vn 0.23485 -0.17855 0.95549
vn 0.30905 -0.22415 0.92425
vn 0.35946 -0.13115 0.9239
vn 0.36121 -0.13179 0.92313
vn 0.17045 -0.1351 0.97606
vn 0.17283 -0.13699 0.97538
vn 0.22597 -0.1718 0.95887
vn 0.2289 -0.17403 0.95777
vn 0.22307 -0.1696 0.95994
vn 0.35599 -0.12988 0.92542
vn 0.35772 -0.13051 0.92466
vn 0.1994 0.08923 0.97585
vn 0.35426 -0.12925 0.92617
vn -0.00191 0.01375 0.9999
vn 0.17767 -0.14082 0.97396
vn 0.23186 -0.17628 0.95664
vn 0.17523 -0.13889 0.97468
vn -0.11856 -0.33089 0.93619
vn -0.07424 -0.12725 0.98909
vn -0.07224 -0.12519 0.9895
vn 0.10202 -0.08058 0.99151
vn 0.13141 -0.10416 0.98584
vn 0.13 -0.10304 0.98615
vn 0.09982 -0.07884 0.99188
vn 0.10091 -0.0797 0.9917
vn 0.1286 -0.10193 0.98644
vn 0.12721 -0.10083 0.98674
vn 0.16865 -0.13368 0.97657
vn 0.22087 -0.16793 0.96074
vn 0.21869 -0.16627 0.96153
vn -0.05164 0.37757 0.92454
vn -0.05348 0.39104 0.91882
vn -0.05255 0.38427 0.92173
vn 0.16163 -0.12812 0.9785
vn 0.16336 -0.12949 0.97803
vn 0.21225 -0.16137 0.9638
vn 0.21438 -0.16299 0.96306
vn 0.21164 -0.10766 0.9714
vn -0.05536 0.4048 0.91273
vn -0.05441 0.39788 0.91582
vn -0.05728 0.41885 0.90625
vn -0.05632 0.41179 0.90954
vn -0.28563 -0.31558 0.90489
vn 0.16687 -0.13227 0.97707
vn 0.21652 -0.16462 0.9623
vn 0.16511 -0.13087 0.97755
vn -0.11912 -0.33252 0.93555
vn -0.07215 -0.1264 0.98935
vn -0.07204 -0.12762 0.9892
vn 0.09915 -0.07831 0.99199
vn 0.12637 -0.10016 0.98691
vn 0.12553 -0.0995 0.98709
vn 0.09782 -0.07726 0.9922
vn 0.09848 -0.07778 0.99209
vn 0.1247 -0.09884 0.98726
vn 0.12387 -0.09818 0.98743
vn 0.16058 -0.12728 0.97878
vn 0.18504 -0.0455 0.98168
vn 0.12327 0.0175 0.99222
vn -0.05725 0.4186 0.90637
vn -0.01193 -0.13433 0.99086
vn -0.05718 0.41808 0.90661
vn -0.05721 0.41834 0.90649
vn 0.15643 -0.12399 0.97988
vn 0.15746 -0.1248 0.97961
vn -0.03559 0.20225 0.97869
vn -0.00277 0.14266 0.98977
vn -0.0351 0.25662 0.96587
vn -0.05711 0.41757 0.90685
vn -0.05714 0.41782 0.90673
vn -0.05704 0.41706 0.90709
vn -0.05707 0.41731 0.90697
vn -0.00254 0.0 1.0
vn -0.01373 0.00259 0.9999
vn 0.15953 -0.12645 0.97906
vn 0.06016 0.08072 0.99492
vn 0.15849 -0.12562 0.97934
vn -0.11825 -0.33471 0.93487
vn -0.07184 -0.12913 0.98902
vn -0.07162 -0.13064 0.98884
vn 0.09696 -0.07658 0.99234
vn 0.1228 -0.09733 0.98765
vn 0.12173 -0.09649 0.98786
vn 0.09527 -0.07524 0.9926
vn 0.09611 -0.07591 0.99247
vn 0.12067 -0.09565 0.98807
vn 0.11962 -0.09481 0.98828
vn 0.15509 -0.12293 0.98022
vn -0.03508 0.25651 0.9659
vn -0.03507 0.2564 0.96593
vn -0.05701 0.41689 0.90717
vn -0.05697 0.41657 0.90732
vn -0.05699 0.41673 0.90724
vn 0.14984 -0.11877 0.98155
vn 0.15114 -0.11979 0.98123
vn -0.03502 0.25606 0.96603
vn -0.03503 0.25617 0.966
vn -0.035 0.25595 0.96606
vn -0.05693 0.41625 0.90747
vn -0.05695 0.41641 0.90739
vn -0.05688 0.41593 0.90762
vn -0.0569 0.41609 0.90754
vn -0.01381 0.00211 0.9999
vn 0.15376 -0.12187 0.98056
vn -0.03505 0.25629 0.96597
vn 0.15244 -0.12083 0.9809
vn -0.05913 -0.37692 0.92436
vn -0.062 -0.15761 0.98555
vn -0.06369 -0.17776 0.98201
vn 0.08073 -0.06376 0.99469
vn 0.10152 -0.08047 0.99157
vn 0.08619 -0.06808 0.99395
vn -0.03514 -0.07864 0.99628
vn 0.06837 -0.054 0.9962
vn 0.07302 -0.05767 0.99566
vn 0.06182 -0.04883 0.99689
vn 0.12741 -0.10099 0.98669
vn -0.02676 0.25615 0.96627
vn -0.01838 0.25343 0.96718
vn -0.00908 0.13552 0.99073
vn -0.00998 0.13753 0.99045
vn -0.01761 0.24272 0.96994
vn -0.01786 0.24624 0.96904
vn -0.01735 0.23924 0.97081
vn -0.03019 0.41618 0.90878
vn -0.02943 0.40572 0.91353
vn -0.02981 0.41093 0.91118
vn -0.01259 0.0015 0.99992
vn -0.01028 0.14173 0.98985
vn -0.01812 0.24981 0.96812
vn -0.01013 0.13961 0.99015
vn -0.05929 -0.37792 0.92394
vn -0.06402 -0.17867 0.98182
vn -0.06434 -0.17958 0.98164
vn -0.03498 -0.07928 0.99624
vn 0.06129 -0.04841 0.99695
vn 0.06076 -0.04799 0.997
vn -0.03463 -0.08056 0.99615
vn -0.03481 -0.07992 0.99619
vn 0.06024 -0.04758 0.99705
vn 0.05972 -0.04716 0.9971
vn -0.00817 0.13551 0.99074
vn -0.01735 0.23915 0.97083
vn -0.01734 0.23906 0.97085
vn -0.02942 0.40558 0.91358
vn -0.00102 -0.0 1.0
vn -0.0294 0.40532 0.9137
vn -0.02941 0.40545 0.91364
vn -0.0063 0.13526 0.99079
vn -0.00631 0.13535 0.99078
vn -0.01732 0.2388 0.97091
vn -0.01733 0.23889 0.97089
vn -0.01732 0.23872 0.97094
vn -0.02938 0.40506 0.91382
vn -0.02939 0.40519 0.91376
vn -0.02936 0.4048 0.91393
vn -0.02937 0.40493 0.91388
vn -0.00106 0.0 1.0
vn -0.01264 0.00111 0.99992
vn -0.00723 0.13549 0.99075
vn -0.01733 0.23898 0.97087
vn -0.00656 0.13545 0.99076
vn -0.0406 -0.39682 0.917
vn -0.05442 -0.19989 0.97831
vn -0.03394 -0.21638 0.97572
vn -0.03247 -0.09063 0.99535
vn -0.00151 0.07264 0.99736
vn -0.00149 0.07181 0.99742
vn -0.02805 -0.11051 0.99348
vn -0.0355 -0.09907 0.99445
vn -0.00147 0.071 0.99748
vn -0.00145 0.07019 0.99753
vn -0.00278 0.13412 0.99096
vn -0.00266 0.1282 0.99174
vn -0.00269 0.12966 0.99156
vn -0.00484 0.23358 0.97233
vn -0.00489 0.23613 0.97171
vn -0.00479 0.23105 0.97293
vn -0.00828 0.39986 0.91654
vn -0.00836 0.40373 0.91484
vn -0.01031 0.00061 0.99995
vn -0.00275 0.13262 0.99116
vn -0.00883 0.23855 0.97109
vn -0.00272 0.13113 0.99136
vn -0.03424 -0.39789 0.91679
vn -0.03401 -0.21679 0.97563
vn -0.03407 -0.2172 0.97553
vn -0.02759 -0.11096 0.99344
vn -0.00145 0.07017 0.99753
vn -0.00145 0.07015 0.99754
vn -0.02665 -0.11184 0.99337
vn -0.02712 -0.11141 0.9934
vn -0.00145 0.07014 0.99754
vn -0.00145 0.07012 0.99754
vn -0.00266 0.12817 0.99175
vn -0.00479 0.23099 0.97294
vn -0.00478 0.23094 0.97296
vn -0.00828 0.39978 0.91657
vn -0.00264 0.0 1.0
vn -0.00828 0.39961 0.91665
vn -0.00828 0.39969 0.91661
vn -0.00265 0.12804 0.99177
vn -0.00265 0.12807 0.99176
vn -0.00478 0.23077 0.973
vn -0.00478 0.23083 0.97298
vn -0.00478 0.23071 0.97301
vn -0.00828 0.39943 0.91672
vn -0.00828 0.39952 0.91669
vn -0.00827 0.39926 0.9168
vn -0.00827 0.39935 0.91676
vn -0.00265 -0.0 1.0
vn -0.01033 0.00034 0.99995
vn -0.00265 0.12814 0.99175
vn -0.00478 0.23088 0.97297
vn -0.00265 0.1281 0.99176
vn 0.01313 -0.39974 0.91653
vn -0.03414 -0.22495 0.97377
vn 0.00396 -0.23149 0.97283
vn -0.01858 -0.11841 0.99279
vn 0.00096 0.06988 0.99756
vn -0.00791 -0.12748 0.99181
vn -0.01925 -0.12272 0.99225
vn 0.00095 0.06938 0.99759
vn -0.00699 -0.00818 0.99994
vn 0.00173 0.12641 0.99198
vn 0.00175 0.1273 0.99186
vn 0.00147 0.23046 0.97308
vn 0.00314 0.2289 0.97344
vn 0.00546 0.39805 0.91735
vn -0.00688 8e-05 0.99998
vn -0.00092 0.12804 0.99177
vn 0.01312 -0.39968 0.91656
vn 0.00522 -0.23144 0.97283
vn 0.00628 -0.23138 0.97284
vn -0.00745 -0.12756 0.9918
vn -0.00681 -0.01028 0.99992
vn -0.00663 -0.01233 0.9999
vn -0.00653 -0.1277 0.99179
vn -0.00699 -0.12763 0.9918
vn -0.00645 -0.01434 0.99988
vn -0.00627 -0.0163 0.99985
vn 0.00173 0.1264 0.99198
vn 0.00314 0.22888 0.97345
vn 0.00314 0.22885 0.97346
vn 0.00546 0.39801 0.91737
vn -0.00348 -0.0 0.99999
vn -7e-05 0.0 1.0
vn 0.00546 0.39793 0.9174
vn 0.00546 0.39797 0.91738
vn 0.00173 0.12634 0.99199
vn 0.00173 0.12635 0.99198
vn 0.00314 0.22878 0.97347
vn 0.00314 0.2288 0.97347
vn 0.00314 0.22875 0.97348
vn 0.00545 0.39786 0.91743
vn 0.00545 0.39789 0.91742
vn -7e-05 -0.0 1.0
vn 0.00545 0.39778 0.91746
vn 0.00545 0.39782 0.91745
vn 0.00067 -0.0 1.0
vn 0.00408 4e-05 0.99999
vn 0.00173 0.12638 0.99198
vn 0.00314 0.22883 0.97346
vn 0.00173 0.12637 0.99198
vn 0.04299 -0.39393 0.91813
vn 0.00753 -0.22938 0.97331
vn 0.02461 -0.22544 0.97395
vn 0.00419 -0.12747 0.99183
vn -0.00076 -0.0354 0.99937
vn 0.00228 -0.01761 0.99984
vn 0.01352 -0.1239 0.9922
vn 0.00415 -0.12635 0.99198
vn 0.00095 0.00614 0.99998
vn 0.00095 0.04818 0.99884
vn 0.00241 4e-05 1.0
vn 0.04443 -0.39367 0.91818
vn 0.02502 -0.22533 0.97396
vn 0.02543 -0.22522 0.97398
vn 0.01367 -0.12385 0.99221
vn 0.00095 0.04898 0.9988
vn 0.00095 0.04979 0.99876
vn 0.01397 -0.12374 0.99222
vn 0.01382 -0.1238 0.99221
vn 0.00095 0.0506 0.99872
vn 0.00095 0.05142 0.99868
vn 0.00314 0.22876 0.97348
vn 0.00199 0.0 1.0
vn 0.00157 0.0 1.0
vn 0.00545 0.39779 0.91746
vn 0.00148 0.0 1.0
vn 0.00148 -0.0 1.0
vn 0.00314 0.22877 0.97348
vn 0.00314 0.22877 0.97347
vn 0.00545 0.3978 0.91745
vn 0.00545 0.3978 0.91746
vn 0.00157 -0.0 1.0
vn 0.00545 0.39781 0.91745
vn 0.00199 -0.0 1.0
vn 0.00241 5e-05 1.0
vn 0.08397 -0.37327 0.92391
vn 0.048 -0.2134 0.97579
vn 0.046 -0.20448 0.97779
vn 0.02495 -0.11782 0.99272
vn 0.00095 0.06902 0.99761
vn 0.00178 0.06911 0.99761
vn 0.0265 -0.10699 0.99391
vn 0.02529 -0.11245 0.99334
vn 0.00174 0.12662 0.99195
vn 0.0059 0.22912 0.97338
vn 0.01025 0.39801 0.91732
vn 0.00326 0.12667 0.99194
vn -0.00585 -0.00011 0.99998
vn 0.08119 -0.36084 0.92909
vn 0.05829 -0.19249 0.97957
vn 0.05921 -0.1814 0.98163
vn 0.03256 -0.09976 0.99448
vn 0.00178 0.06894 0.99762
vn 0.00177 0.06877 0.99763
vn 0.0292 -0.08947 0.99556
vn 0.03083 -0.09447 0.99505
vn 0.00177 0.0686 0.99764
vn 0.00176 0.06843 0.99765
vn 0.00325 0.12636 0.99198
vn 0.00589 0.22858 0.97351
vn 0.00587 0.22803 0.97364
vn 0.01023 0.39717 0.91769
vn 0.00441 0.39683 0.91788
vn 0.00139 0.12527 0.99212
vn 0.00323 0.12543 0.9921
vn 0.00253 0.22751 0.97377
vn 0.00871 -0.00021 0.99996
vn 0.00325 0.12605 0.99202
vn 0.0058 0.22749 0.97376
vn 0.00324 0.12574 0.99206
vn 0.11077 -0.33938 0.93411
vn 0.05669 -0.1737 0.98316
vn 0.05428 -0.16631 0.98458
vn 0.02793 -0.08557 0.99594
vn 0.00175 0.06779 0.9977
vn 0.00173 0.06715 0.99774
vn 0.02554 -0.07827 0.99661
vn 0.02671 -0.08184 0.99629
vn 0.00074 0.06665 0.99778
vn 0.00074 0.06618 0.99781
vn 0.00138 0.1244 0.99223
vn 0.00251 0.22599 0.97413
vn 0.0025 0.22447 0.97448
vn 0.00438 0.39446 0.9189
vn -0.01285 0.39054 0.9205
vn 0.00436 0.3921 0.91991
vn 0.00134 0.12097 0.99265
vn 0.00135 0.12182 0.99255
vn 0.00245 0.21998 0.9755
vn 0.00246 0.22147 0.97516
vn -0.00723 0.21961 0.97556
vn 0.02926 -0.00202 0.99957
vn 0.00137 0.12353 0.99234
vn 0.00248 0.22296 0.97482
vn 0.00136 0.12267 0.99245
vn 0.10769 -0.32996 0.93783
vn 0.05262 -0.16121 0.98552
vn 0.051 -0.15625 0.9864
vn 0.02474 -0.07581 0.99682
vn 0.00072 0.065 0.99789
vn 0.00071 0.06384 0.99796
vn 0.01465 -0.07479 0.99709
vn 0.01946 -0.07459 0.99702
vn 0.0007 0.06269 0.99803
vn 0.00068 0.06157 0.9981
vn 0.00132 0.11883 0.99291
vn -0.00715 0.21725 0.97609
vn -0.00707 0.21492 0.97661
vn -0.01273 0.38679 0.92208
vn -0.01249 0.37937 0.92516
vn -0.01261 0.38307 0.92363
vn -0.00369 0.11215 0.99369
vn -0.00373 0.11341 0.99354
vn -0.00685 0.20804 0.9781
vn -0.00692 0.21031 0.97761
vn -0.00677 0.20579 0.97857
vn -0.0401 0.37562 0.92591
vn 0.03893 -0.00605 0.99922
vn 0.0013 0.11672 0.99316
vn -0.007 0.2126 0.97711
vn -0.00377 0.11469 0.99339
vn 0.1061 -0.32508 0.93972
vn 0.05016 -0.1537 0.98684
vn 0.04934 -0.15118 0.98727
vn 0.01467 -0.07493 0.99708
vn 0.00066 0.05958 0.99822
vn 0.00064 0.05765 0.99834
vn 0.01473 -0.0752 0.99706
vn 0.0147 -0.07506 0.99707
vn -0.00184 0.05587 0.99844
vn -0.00179 0.05442 0.99852
vn -0.0036 0.10926 0.99401
vn -0.01343 0.20064 0.97957
vn -0.021 0.19673 0.98023
vn -0.03958 0.37075 0.92789
vn -0.03855 0.36115 0.93171
vn -0.03906 0.36593 0.92982
vn -0.00324 0.09844 0.99514
vn -0.00333 0.10104 0.99488
vn -0.0201 0.18829 0.98191
vn -0.0204 0.19106 0.98137
vn -0.01981 0.18555 0.98243
vn -0.07289 0.35025 0.93382
vn -0.03805 0.35641 0.93355
vn 0.0444 -0.01184 0.99894
vn -0.0035 0.10645 0.99431
vn -0.0207 0.19388 0.98081
vn -0.00341 0.10371 0.9946
vn 0.10618 -0.32532 0.93963
vn 0.0308 -0.15724 0.98708
vn 0.03141 -0.1604 0.98655
vn 0.01503 -0.07674 0.99694
vn -0.00171 0.052 0.99865
vn -0.00164 0.04969 0.99876
vn 0.00745 -0.08313 0.99651
vn 0.00718 -0.08015 0.99676
vn -0.00156 0.04748 0.99887
vn 0.00033 -0.04696 0.9989
vn -0.01004 0.09408 0.99551
vn -0.01916 0.17953 0.98357
vn -0.01854 0.17369 0.98463
vn -0.07172 0.34463 0.93599
vn -0.06942 0.33359 0.94016
vn -0.07056 0.33908 0.93811
vn -0.00877 0.08216 0.99658
vn -0.00907 0.08499 0.99634
vn -0.03361 0.1615 0.9863
vn -0.03422 0.16443 0.9858
vn -0.03301 0.15861 0.98679
vn -0.10491 0.31583 0.943
vn -0.06829 0.32816 0.94215
vn 0.04448 -0.01769 0.99885
vn -0.00971 0.09095 0.99581
vn -0.03484 0.16741 0.98527
vn -0.00939 0.08792 0.99608
vn 0.10839 -0.33211 0.93699
vn 0.03285 -0.16772 0.98529
vn 0.03434 -0.17535 0.98391
vn 0.00794 -0.08863 0.99603
vn 0.00036 -0.0508 0.99871
vn 0.00039 -0.05495 0.99849
vn 0.00903 -0.10071 0.99488
vn 0.00847 -0.09448 0.99549
vn 0.00042 -0.05943 0.99823
vn -0.00333 -0.06469 0.9979
vn -0.00825 0.07729 0.99697
vn -0.03163 0.15199 0.98788
vn -0.0303 0.14563 0.98887
vn -0.10282 0.30956 0.94531
vn -0.09875 0.2973 0.94966
vn -0.10077 0.30338 0.94753
vn -0.01308 0.06287 0.99794
vn -0.01367 0.06567 0.99775
vn -0.04343 0.13076 0.99046
vn -0.0444 0.13368 0.99003
vn -0.04248 0.12791 0.99088
vn -0.13071 0.27671 0.95202
vn -0.09676 0.29131 0.95172
vn -0.03388 0.01403 0.99933
vn -0.01385 0.07165 0.99733
vn -0.04539 0.13666 0.98958
vn -0.01427 0.0686 0.99754
vn 0.10851 -0.33245 0.93686
vn 0.03452 -0.17628 0.98373
vn 0.03471 -0.17721 0.98356
vn 0.00911 -0.10162 0.99478
vn -0.00338 -0.06558 0.99784
vn -0.00343 -0.06649 0.99778
vn 0.00927 -0.10346 0.99459
vn 0.00919 -0.10253 0.99469
vn -0.00347 -0.06741 0.99772
vn -0.00352 -0.06834 0.99766
vn -0.01302 0.06256 0.99796
vn -0.04244 0.12778 0.99089
vn -0.0424 0.12765 0.99091
vn -0.1311 0.27753 0.95173
vn -0.13187 0.27917 0.95114
vn -0.13148 0.27835 0.95144
vn -0.01276 0.06131 0.99804
vn -0.01282 0.06162 0.99802
vn -0.04228 0.12728 0.99097
vn -0.04232 0.1274 0.99095
vn -0.04224 0.12715 0.99098
vn -0.13265 0.28082 0.95055
vn -0.13226 0.28 0.95085
vn -0.13343 0.28248 0.94995
vn -0.13304 0.28165 0.95025
vn -0.07093 0.01843 0.99731
vn -0.01295 0.06224 0.99798
vn -0.04236 0.12753 0.99093
vn -0.01289 0.06193 0.998
vn 0.108 -0.3309 0.93746
vn 0.03467 -0.17704 0.98359
vn 0.03464 -0.17686 0.98363
vn 0.00397 -0.10417 0.99455
vn -0.00355 -0.06886 0.99762
vn -0.00358 -0.06938 0.99758
vn 0.00075 -0.10531 0.99444
vn 0.00074 -0.10474 0.9945
vn -0.0036 -0.0699 0.99755
vn -0.00363 -0.07043 0.99751
vn -0.01278 0.06139 0.99803
vn -0.04246 0.12784 0.99088
vn -0.0427 0.12854 0.99079
vn -0.1346 0.28496 0.94904
vn -0.13696 0.28995 0.94719
vn -0.13578 0.28745 0.94812
vn -0.01285 0.06175 0.99801
vn -0.01283 0.06166 0.99801
vn -0.04339 0.13064 0.99048
vn -0.04316 0.12993 0.99058
vn -0.0452 0.13134 0.99031
vn -0.13935 0.29502 0.94528
vn -0.13815 0.29248 0.94624
vn -0.14178 0.30015 0.9433
vn -0.14056 0.29757 0.94429
vn -0.05707 0.0053 0.99836
vn -0.01279 0.06148 0.99803
vn -0.04293 0.12923 0.99068
vn -0.01281 0.06157 0.99802
vn 0.1069 -0.32753 0.93878
vn 0.03439 -0.17558 0.98386
vn 0.03414 -0.17431 0.9841
vn 0.00074 -0.10521 0.99445
vn -0.00363 -0.07051 0.9975
vn -0.00364 -0.07058 0.9975
vn 0.00074 -0.10501 0.99447
vn 0.00074 -0.10511 0.99446
vn -0.00364 -0.07066 0.99749
vn -0.00365 -0.07074 0.99749
vn -0.05996 0.12694 0.9901
vn -0.0609 0.12892 0.98978
vn -0.14378 0.30438 0.94164
vn -0.14783 0.31296 0.93819
vn -0.14579 0.30865 0.93994
vn -0.02094 0.06306 0.99779
vn -0.0207 0.06232 0.99784
vn -0.06378 0.13502 0.98879
vn -0.0628 0.13295 0.98913
vn -0.06477 0.13711 0.98844
vn -0.15197 0.32173 0.93456
vn -0.14989 0.31732 0.9364
vn -0.15619 0.33066 0.93073
vn -0.15407 0.32617 0.93267
vn 0.073 0.00817 0.9973
vn -0.01903 0.06087 0.99796
vn -0.06184 0.13092 0.98946
vn -0.02046 0.06159 0.99789
vn 0.10525 -0.32248 0.94071
vn 0.03369 -0.17201 0.98452
vn 0.03324 -0.16974 0.98493
vn 0.00074 -0.10424 0.99455
vn -0.00363 -0.07036 0.99752
vn -0.00361 -0.06998 0.99754
vn 0.00073 -0.10272 0.99471
vn 0.00073 -0.10348 0.99463
vn -0.00359 -0.06961 0.99757
vn -0.00357 -0.06923 0.99759
vn -0.02132 0.06418 0.99771
vn -0.06613 0.13999 0.98794
vn -0.06752 0.14293 0.98743
vn -0.15909 0.3368 0.92804
vn -0.165 0.34931 0.92237
vn -0.16203 0.34302 0.92525
vn -0.02288 0.06888 0.99736
vn -0.02248 0.06767 0.99745
vn -0.07185 0.1521 0.98575
vn -0.07037 0.14898 0.98633
vn -0.07335 0.15528 0.98514
vn -0.17105 0.36211 0.91631
vn -0.16801 0.35567 0.91939
vn -0.17647 0.37526 0.90996
vn -0.17412 0.36862 0.91313
vn 0.07007 0.02129 0.99731
vn -0.0217 0.06532 0.99763
vn -0.06893 0.14593 0.98689
vn -0.02208 0.06649 0.99754
vn -0.0564 0.54993 0.8333
vn 0.36621 0.18907 0.91112
vn -0.04918 0.47949 0.87617
vn 0.01211 0.59228 0.80564
vn -0.10032 0.21237 0.97203
vn -0.08881 0.513 0.85378
vn 0.40445 0.32275 0.85572
vn -0.04234 0.41287 0.90981
vn 0.32179 0.49709 0.80582
vn -0.0361 0.35197 0.93532
vn -0.02294 0.06907 0.99735
vn -0.00402 -0.07804 0.99694
vn -0.00938 0.00082 0.99996
vn 0.01282 -0.14307 0.98963
vn -0.00524 -0.06174 0.99808
vn 0.00063 -0.08898 0.99603
vn 0.26936 0.36267 0.89214
vn 0.36852 0.1944 0.90907
vn 0.01212 0.59304 0.80508
vn -0.13456 0.28487 0.94907
vn 0.39877 0.33672 0.853
vn -0.03014 0.09074 0.99542
vn -0.09989 0.21148 0.97226
vn 0.32367 0.49999 0.80327
vn -0.10599 0.5089 0.85428
vn -0.07366 0.15595 0.98501
vn -0.05056 0.11383 0.99221
vn -0.17175 0.37929 0.9092
vn -0.05706 0.55632 0.82901
vn -0.04981 0.48565 0.87273
vn -0.05044 0.49184 0.86922
vn -0.04293 0.4186 0.90716
vn -0.03663 0.35713 0.93333
vn -0.03716 0.36236 0.9313
vn -0.04412 0.43019 0.90166
vn -0.04352 0.42437 0.90444
vn -0.0377 0.36763 0.92921
vn -0.03825 0.37296 0.92706
vn 0.36918 0.17619 0.91251
vn 0.41743 0.30238 0.85692
vn 0.41174 0.29825 0.86111
vn 0.32232 0.4979 0.80511
vn 0.33703 0.48284 0.80825
vn 0.32096 0.4958 0.80695
vn 0.34785 0.16469 0.92297
vn 0.34084 0.16137 0.92617
vn 0.39482 0.28599 0.87311
vn 0.40044 0.29005 0.86921
vn 0.38924 0.28195 0.87693
vn 0.39842 0.41985 0.81546
vn 0.4018 0.42342 0.81196
vn 0.39166 0.41273 0.82235
vn 0.39504 0.41629 0.81893
vn 0.06479 0.03372 0.99733
vn 0.36214 0.17146 0.91622
vn 0.40608 0.29414 0.86521
vn 0.35495 0.16805 0.91966
vn -0.05792 0.56478 0.8232
vn -0.05129 0.50009 0.86445
vn -0.05214 0.50838 0.85955
vn -0.04492 0.43797 0.89787
vn -0.03898 0.3801 0.92412
vn -0.03972 0.38733 0.92108
vn -0.04654 0.45375 0.88991
vn -0.04572 0.44583 0.89395
vn -0.04048 0.39465 0.91794
vn -0.04123 0.40205 0.91469
vn 0.33543 0.15881 0.92858
vn 0.38543 0.27918 0.87949
vn 0.38163 0.27643 0.88201
vn 0.38994 0.41092 0.82407
vn 0.3865 0.40729 0.82748
vn 0.38822 0.4091 0.82578
vn -0.03632 0.35411 0.9345
vn 0.31956 0.1513 0.93541
vn 0.39363 0.23111 0.88974
vn 0.37992 0.26244 0.88701
vn 0.40309 0.201 0.89281
vn 0.39851 0.38759 0.83124
vn 0.38479 0.40548 0.82917
vn 0.4433 0.3211 0.83689
vn 0.44714 0.32459 0.83349
vn 0.05734 0.04504 0.99734
vn 0.33008 0.15628 0.93093
vn 0.37785 0.27369 0.88449
vn 0.32479 0.15377 0.9332
vn -0.05898 0.57505 0.81599
vn -0.05318 0.51849 0.85343
vn -0.05422 0.52864 0.84711
vn -0.04753 0.46343 0.88486
vn -0.04217 0.41114 0.9106
vn -0.04311 0.42034 0.90634
vn -0.04954 0.48307 0.87418
vn -0.04853 0.47321 0.87961
vn -0.04407 0.42966 0.90192
vn -0.04503 0.43909 0.89732
vn -0.03718 0.36247 0.93125
vn 0.40302 0.19081 0.89508
vn 0.39891 0.18887 0.89733
vn 0.44128 0.31964 0.83851
vn 0.43726 0.31673 0.84172
vn 0.43927 0.31818 0.84012
vn -0.04074 0.39726 0.9168
vn -0.03983 0.38837 0.92064
vn 0.38671 0.18309 0.90384
vn 0.39076 0.185 0.90171
vn 0.38269 0.18119 0.90593
vn 0.43324 0.31382 0.84488
vn 0.43525 0.31527 0.8433
vn 0.43214 0.30565 0.84843
vn 0.43123 0.31236 0.84644
vn 0.04799 0.05487 0.99734
vn -0.03805 0.37097 0.92787
vn 0.39482 0.18693 0.89954
vn -0.03893 0.3796 0.92433
vn -0.06018 0.58676 0.80752
vn -0.05541 0.54027 0.83967
vn -0.05661 0.55194 0.83196
vn -0.05071 0.49441 0.86775
vn -0.04615 0.44997 0.89185
vn -0.04728 0.46098 0.88615
vn -0.05306 0.51736 0.85412
vn -0.05188 0.50585 0.86106
vn -0.04842 0.47212 0.88021
vn -0.04957 0.48336 0.87402
vn -0.0418 0.40756 0.91222
vn 0.38066 0.18022 0.90698
vn 0.37863 0.17926 0.90802
vn 0.46853 0.24525 0.84872
vn 0.47374 0.22429 0.85163
vn 0.47597 0.22535 0.8501
vn -0.04618 0.45025 0.89171
vn -0.04506 0.43936 0.89718
vn 0.20013 0.26027 0.94457
vn 0.38684 0.14694 0.91036
vn -0.0429 0.41828 0.9073
vn 0.46928 0.22218 0.85464
vn 0.47151 0.22324 0.85314
vn 0.46484 0.22008 0.85761
vn 0.46706 0.22113 0.85613
vn 0.03706 0.06289 0.99733
vn -0.04287 0.41801 0.90743
vn 0.37967 0.17145 0.9091
vn -0.04396 0.42861 0.90242
vn -0.06149 0.5995 0.79801
vn -0.05791 0.56469 0.82327
vn -0.05922 0.57745 0.81428
vn -0.05435 0.52997 0.84627
vn -0.05084 0.49572 0.86699
vn -0.05212 0.50819 0.85966
vn -0.05696 0.55537 0.82965
vn -0.05565 0.54265 0.83811
vn -0.05341 0.52075 0.85204
vn -0.0547 0.53339 0.8441
vn -0.04741 0.46226 0.88548
vn -0.04409 0.42984 0.90183
vn -0.04529 0.44158 0.89608
vn 0.47973 0.1842 0.85786
vn -0.05247 0.51157 0.85764
vn -0.05119 0.49908 0.86505
vn -0.04899 0.4777 0.87715
vn -0.04774 0.46552 0.88375
vn -0.05026 0.49001 0.87027
vn 0.49294 0.12981 0.86033
vn 0.49511 0.13342 0.85853
vn 0.48821 0.12856 0.86321
vn 0.49057 0.12918 0.86177
vn 0.02491 0.0688 0.99732
vn -0.04866 0.47441 0.87896
vn -0.04651 0.45347 0.89006
vn -0.04991 0.48668 0.87215
vn -0.06285 0.61281 0.78773
vn -0.06059 0.59081 0.80453
vn -0.06196 0.60415 0.79446
vn -0.05833 0.56874 0.82045
vn -0.05607 0.54669 0.83546
vn -0.05744 0.56003 0.82648
vn -0.06107 0.59547 0.80106
vn -0.0597 0.58211 0.81092
vn -0.05881 0.5734 0.81716
vn -0.06018 0.58677 0.80752
vn -0.05382 0.52476 0.84955
vn -0.05159 0.50303 0.86273
vn -0.05294 0.51616 0.85486
vn -0.05206 0.5076 0.86002
vn -0.05929 0.57806 0.81384
vn -0.05792 0.56469 0.82327
vn -0.05702 0.55599 0.82923
vn -0.05566 0.54266 0.83811
vn -0.05839 0.56935 0.82002
vn -0.05477 0.534 0.84371
vn -0.05341 0.52076 0.85203
vn -0.0575 0.56065 0.82606
vn -0.05613 0.5473 0.83505
vn 0.00764 0.03598 0.99932
vn -0.05518 0.53802 0.84113
vn -0.05429 0.52937 0.84665
vn -0.05655 0.55134 0.83237
vn -0.31623 -0.29864 0.90045
g
g seven_gold
f 1//1 3//1 2//1
f 1//1 4//1 3//1
f 1//1 5//1 4//1
f 1//1 6//1 5//1
f 1//1 7//1 6//1
f 1//1 8//1 7//1
f 1//1 9//1 8//1
f 1//1 10//1 9//1
f 1//1 11//1 10//1
f 1//1 12//1 11//1
f 1//1 13//1 12//1
f 1//1 14//1 13//1
f 1//1 15//1 14//1
f 1//1 16//1 15//1
f 1//1 17//1 16//1
f 18//1 20//1 19//1
f 18//1 21//1 20//1
f 18//1 22//1 21//1
f 23//1 22//1 18//1
f 23//1 24//1 22//1
f 23//1 25//1 24//1
f 17//1 25//1 23//1
f 17//1 26//1 25//1
f 17//1 27//1 26//1
f 17//1 28//1 27//1
f 17//1 29//1 28//1
f 17//1 30//1 29//1
f 17//1 31//1 30//1
f 17//1 32//1 31//1
f 17//1 33//1 32//1
f 33//1 35//1 34//1
f 33//1 36//1 35//1
f 17//1 36//1 33//1
f 17//1 37//1 36//1
f 17//1 38//1 37//1
f 17//1 39//1 38//1
f 17//1 40//1 39//1
f 17//1 41//1 40//1
f 17//1 42//1 41//1
f 1//1 42//1 17//1
f 1//1 43//1 42//1
f 1//1 44//1 43//1
f 44//1 46//1 45//1
f 44//1 47//1 46//1
f 44//1 48//1 47//1
f 44//1 49//1 48//1
f 44//1 50//1 49//1
f 44//1 51//1 50//1
f 44//1 52//1 51//1
f 44//1 53//1 52//1
f 44//1 54//1 53//1
f 44//1 55//1 54//1
f 44//1 56//1 55//1
f 44//1 57//1 56//1
f 44//1 58//1 57//1
f 44//1 59//1 58//1
f 44//1 60//1 59//1
f 44//1 61//1 60//1
f 44//1 62//1 61//1
f 44//1 63//1 62//1
f 44//1 64//1 63//1
f 44//1 65//1 64//1
f 44//1 66//1 65//1
f 44//1 67//1 66//1
f 44//1 68//1 67//1
f 44//1 69//1 68//1
f 44//1 70//1 69//1
f 1//1 70//1 44//1
f 70//1 1//1 71//1
f 72//2 74//2 73//2
f 75//2 74//2 72//2
f 76//2 74//2 75//2
f 77//2 74//2 76//2
f 78//2 74//2 77//2
f 79//2 74//2 78//2
f 80//2 74//2 79//2
f 81//2 74//2 80//2
f 82//2 74//2 81//2
f 83//2 74//2 82//2
f 84//2 74//2 83//2
f 85//2 74//2 84//2
f 86//2 74//2 85//2
f 87//2 74//2 86//2
f 88//2 74//2 87//2
f 89//2 91//2 90//2
f 92//2 91//2 89//2
f 93//2 91//2 92//2
f 93//2 94//2 91//2
f 95//2 94//2 93//2
f 96//2 94//2 95//2
f 96//2 88//2 94//2
f 97//2 88//2 96//2
f 98//2 88//2 97//2
f 99//2 88//2 98//2
f 100//2 88//2 99//2
f 101//2 88//2 100//2
f 102//2 88//2 101//2
f 103//2 88//2 102//2
f 104//2 88//2 103//2
f 105//2 104//2 106//2
f 107//2 104//2 105//2
f 108//2 104//2 107//2
f 109//2 104//2 108//2
f 109//2 88//2 104//2
f 110//2 88//2 109//2
f 111//2 88//2 110//2
f 112//2 88//2 111//2
f 113//2 88//2 112//2
f 114//2 88//2 113//2
f 114//2 74//2 88//2
f 115//2 117//2 116//2
f 115//2 114//2 117//2
f 118//2 114//2 115//2
f 119//2 114//2 118//2
f 120//2 114//2 119//2
f 121//2 114//2 120//2
f 122//2 114//2 121//2
f 123//2 114//2 122//2
f 124//2 114//2 123//2
f 125//2 114//2 124//2
f 126//2 114//2 125//2
f 127//2 114//2 126//2
f 128//2 127//2 129//2
f 128//2 114//2 127//2
f 130//2 114//2 128//2
f 131//2 114//2 130//2
f 132//2 114//2 131//2
f 133//2 114//2 132//2
f 134//2 114//2 133//2
f 135//2 114//2 134//2
f 136//2 114//2 135//2
f 137//2 114//2 136//2
f 138//2 114//2 137//2
f 139//2 114//2 138//2
f 140//2 114//2 139//2
f 141//2 114//2 140//2
f 141//2 74//2 114//2
f 74//2 141//2 142//2
f 143//3 3//3 144//3
f 144//4 4//4 145//4
f 145//5 5//5 146//5
f 146//6 6//6 147//6
f 147//7 7//7 148//7
f 148//8 8//8 149//8
f 149//9 9//9 150//9
f 150//10 10//10 151//10
f 151//11 11//11 152//11
f 152//12 12//12 153//12
f 153//13 13//13 154//13
f 154//14 14//14 155//14
f 155//15 15//15 156//15
f 156//16 16//16 157//16
f 157//17 17//17 158//17
f 158//18 23//18 159//18
f 159//19 18//19 160//19
f 160//20 19//20 161//20
f 161//21 20//21 162//21
f 162//22 21//22 163//22
f 163//23 22//23 164//23
f 164//24 24//24 165//24
f 165//25 25//25 166//25
f 166//26 26//26 167//26
f 167//27 27//27 168//27
f 168//28 28//28 169//28
f 169//29 29//29 170//29
f 170//30 30//30 171//30
f 171//31 31//31 172//31
f 172//32 32//32 173//32
f 173//33 33//33 174//33
f 174//34 34//34 175//34
f 175//35 35//35 176//35
f 176//36 36//36 177//36
f 177//37 37//37 178//37
f 178//38 38//38 179//38
f 179//39 39//39 180//39
f 180//40 40//40 181//40
f 181//41 41//41 182//41
f 182//42 42//42 183//42
f 183//43 43//43 184//43
f 184//44 44//44 185//44
f 185//45 45//45 186//45
f 186//46 46//46 187//46
f 187//47 47//47 188//47
f 188//48 48//48 189//48
f 189//49 49//49 190//49
f 190//50 50//50 191//50
f 191//51 51//51 192//51
f 192//52 52//52 193//52
f 193//53 53//53 194//53
f 194//54 54//54 195//54
f 195//55 55//55 196//55
f 196//56 56//56 197//56
f 197//57 57//57 198//57
f 198//58 58//58 199//58
f 199//59 59//59 200//59
f 200//60 60//60 201//60
f 201//61 61//61 202//61
f 202//62 62//62 203//62
f 203//63 63//63 204//63
f 204//64 64//64 205//64
f 205//65 65//65 206//65
f 206//66 66//66 207//66
f 207//67 67//67 208//67
f 208//68 68//68 209//68
f 209//69 69//69 210//69
f 210//70 70//70 211//70
f 211//71 71//71 212//71
f 212//72 1//72 213//72
f 213//73 2//73 143//73
f 73//74 144//74 72//74
f 72//75 145//75 75//75
f 75//76 146//76 76//76
f 76//77 147//77 77//77
f 77//78 148//78 78//78
f 78//79 149//79 79//79
f 79//80 150//80 80//80
f 80//81 151//81 81//81
f 81//82 152//82 82//82
f 82//83 153//83 83//83
f 83//84 154//84 84//84
f 84//85 155//85 85//85
f 85//86 156//86 86//86
f 86//87 157//87 87//87
f 87//88 158//88 88//88
f 88//89 159//89 94//89
f 94//90 160//90 91//90
f 91//91 161//91 90//91
f 90//92 162//92 89//92
f 89//93 163//93 92//93
f 92//94 164//94 93//94
f 93//95 165//95 95//95
f 95//96 166//96 96//96
f 96//97 167//97 97//97
f 97//98 168//98 98//98
f 98//99 169//99 99//99
f 99//100 170//100 100//100
f 100//101 171//101 101//101
f 101//102 172//102 102//102
f 102//103 173//103 103//103
f 103//104 174//104 104//104
f 104//105 175//105 106//105
f 106//106 176//106 105//106
f 105//107 177//107 107//107
f 107//108 178//108 108//108
f 108//109 179//109 109//109
f 109//110 180//110 110//110
f 110//111 181//111 111//111
f 111//112 182//112 112//112
f 112//113 183//113 113//113
f 113//114 184//114 114//114
f 114//115 185//115 117//115
f 117//116 186//116 116//116
f 116//117 187//117 115//117
f 115//118 188//118 118//118
f 118//119 189//119 119//119
f 119//120 190//120 120//120
f 120//121 191//121 121//121
f 121//122 192//122 122//122
f 122//123 193//123 123//123
f 123//124 194//124 124//124
f 124//125 195//125 125//125
f 125//126 196//126 126//126
f 126//127 197//127 127//127
f 127//128 198//128 129//128
f 129//129 198//129 128//129
f 128//130 200//130 130//130
f 130//131 201//131 131//131
f 131//132 202//132 132//132
f 132//133 203//133 133//133
f 133//134 204//134 134//134
f 134//135 205//135 135//135
f 135//136 206//136 136//136
f 136//137 207//137 137//137
f 137//138 208//138 138//138
f 138//139 209//139 139//139
f 139//140 210//140 140//140
f 140//141 211//141 141//141
f 141//142 212//142 142//142
f 142//143 213//143 74//143
f 74//144 143//144 73//144
f 214//145 216//147 215//146
f 218//149 215//146 219//150
f 220//151 219//150 221//152
f 222//153 221//152 223//154
f 224//155 223//154 225//156
f 226//1 225//156 227//157
f 228//158 227//157 229//159
f 217//160 229//159 216//161
f 215//146 231//163 230//162
f 219//150 230//162 232//150
f 221//152 232//150 233//164
f 223//154 233//164 234//165
f 225//156 234//165 235//166
f 227//157 235//166 236//157
f 229//159 236//157 237//167
f 216//161 237//167 231//168
f 230//162 239//170 238//169
f 232//150 238//169 240//150
f 233//164 240//150 241//171
f 234//165 241//171 242//172
f 235//166 242//172 243//173
f 236//157 243//173 244//157
f 237//167 244//157 245//174
f 231//168 245//174 239//175
f 238//169 247//177 246//176
f 240//150 246//176 248//150
f 241//171 248//150 249//178
f 242//172 249//178 250//179
f 243//173 250//179 251//180
f 244//157 251//180 252//157
f 245//174 252//157 253//181
f 239//175 253//181 247//182
f 246//176 255//184 254//183
f 248//150 254//183 256//150
f 249//178 256//150 257//185
f 250//179 257//185 258//186
f 251//180 258//186 259//187
f 252//157 259//187 260//157
f 253//181 260//157 261//188
f 247//182 261//188 255//189
f 254//183 263//191 262//190
f 256//150 262//190 264//150
f 257//185 264//150 265//192
f 258//186 265//192 266//193
f 259//187 266//193 267//194
f 260//157 267//194 268//157
f 261//188 268//157 269//195
f 255//189 269//195 263//196
f 262//190 271//198 270//197
f 264//150 270//197 272//150
f 265//192 272//150 273//199
f 266//193 273//199 274//200
f 267//194 274//200 275//201
f 268//157 275//201 276//157
f 269//195 276//157 277//202
f 263//196 277//202 271//203
f 270//197 279//205 278//204
f 272//150 278//204 280//150
f 273//199 280//150 281//206
f 274//200 281//206 282//207
f 275//201 282//207 283//208
f 276//157 283//208 284//157
f 277//202 284//157 285//209
f 271//203 285//209 279//210
f 278//204 287//212 286//211
f 280//150 286//211 288//150
f 281//206 288//150 289//213
f 282//207 289//213 290//214
f 283//208 290//214 291//215
f 284//157 291//215 292//157
f 285//209 292//157 293//216
f 279//210 293//216 287//217
f 286//211 295//219 294//218
f 288//150 294//218 296//150
f 289//213 296//150 297//220
f 290//214 297//220 298//221
f 291//215 298//221 299//222
f 292//157 299//222 300//157
f 293//216 300//157 301//223
f 287//217 301//223 295//224
f 294//218 303//226 302//225
f 296//150 302//225 304//150
f 297//220 304//150 305//227
f 298//221 305//227 306//228
f 299//222 306//228 307//229
f 300//157 307//229 308//157
f 301//223 308//157 309//230
f 295//224 309//230 303//231
f 302//225 311//233 310//232
f 304//150 310//232 312//150
f 305//227 312//150 313//234
f 306//228 313//234 314//235
f 307//229 314//235 315//236
f 308//157 315//236 316//157
f 309//230 316//157 317//237
f 303//231 317//237 311//238
f 310//232 319//240 318//239
f 312//150 318//239 320//150
f 313//234 320//150 321//241
f 314//235 321//241 322//242
f 315//236 322//242 323//243
f 316//157 323//243 324//157
f 317//237 324//157 325//244
f 311//238 325//244 319//245
f 318//239 327//247 326//246
f 320//150 326//246 328//150
f 321//241 328//150 329//248
f 322//242 329//248 330//249
f 323//243 330//249 331//250
f 324//157 331//250 332//157
f 325//244 332//157 333//251
f 319//245 333//251 327//252
f 326//246 335//254 334//253
f 328//150 334//253 336//149
f 329//248 336//149 337//255
f 330//249 337//255 338//256
f 331//250 338//256 339//257
f 332//157 339//257 340//1
f 333//251 340//1 341//258
f 327//252 341//258 335//259
f 334//253 343//261 342//260
f 336//149 342//260 344//149
f 337//255 344//149 345//262
f 338//256 345//262 346//263
f 339//257 346//263 347//264
f 340//1 347//264 348//1
f 341//258 348//1 349//265
f 335//259 349//265 343//266
f 342//260 351//268 350//267
f 344//149 350//267 352//149
f 345//262 352//149 353//269
f 346//263 353//269 354//270
f 347//264 354//270 355//271
f 348//1 355//271 356//1
f 349//265 356//1 357//272
f 343//266 357//272 351//273
f 350//267 359//275 358//274
f 352//149 358//274 360//149
f 353//269 360//149 361//276
f 354//270 361//276 362//277
f 355//271 362//277 363//278
f 356//1 363//278 364//1
f 357//272 364//1 365//279
f 351//273 365//279 359//280
f 358//274 367//282 366//281
f 360//149 366//281 368//149
f 361//276 368//149 369//283
f 362//277 369//283 370//284
f 363//278 370//284 371//285
f 364//1 371//285 372//1
f 365//279 372//1 373//286
f 359//280 373//286 367//287
f 366//281 375//289 374//288
f 368//149 374//288 376//149
f 369//283 376//149 377//290
f 370//284 377//290 378//291
f 371//285 378//291 379//292
f 372//1 379//292 380//1
f 373//286 380//1 381//293
f 367//287 381//293 375//294
f 374//288 383//296 382//295
f 376//149 382//295 384//149
f 377//290 384//149 385//297
f 378//291 385//297 386//298
f 379//292 386//298 387//299
f 380//1 387//299 388//1
f 381//293 388//1 389//300
f 375//294 389//300 383//301
f 382//295 391//303 390//302
f 384//149 390//302 392//150
f 385//297 392//150 393//304
f 386//298 393//304 394//305
f 387//299 394//305 395//306
f 388//1 395//306 396//157
f 389//300 396//157 397//307
f 383//301 397//307 391//308
f 390//302 399//310 398//309
f 392//150 398//309 400//150
f 393//304 400//150 401//311
f 394//305 401//311 402//312
f 395//306 402//312 403//313
f 396//157 403//313 404//157
f 397//307 404//157 405//314
f 391//308 405//314 399//315
f 398//309 407//317 406//316
f 400//150 406//316 408//150
f 401//311 408//150 409//318
f 402//312 409//318 410//319
f 403//313 410//319 411//320
f 404//157 411//320 412//157
f 405//314 412//157 413//321
f 399//315 413//321 407//322
f 406//316 415//324 414//323
f 408//150 414//323 416//150
f 409//318 416//150 417//325
f 410//319 417//325 418//326
f 411//320 418//326 419//327
f 412//157 419//327 420//157
f 413//321 420//157 421//328
f 407//322 421//328 415//329
f 414//323 423//331 422//330
f 416//150 422//330 424//150
f 417//325 424//150 425//332
f 418//326 425//332 426//333
f 419//327 426//333 427//334
f 420//157 427//334 428//157
f 421//328 428//157 429//335
f 415//329 429//335 423//336
f 422//330 431//338 430//337
f 424//150 430//337 432//149
f 425//332 432//149 433//339
f 426//333 433//339 434//340
f 427//334 434//340 435//341
f 428//157 435//341 436//1
f 429//335 436//1 437//342
f 423//336 437//342 431//343
f 430//337 439//345 438//344
f 432//149 438//344 440//149
f 433//339 440//149 441//346
f 434//340 441//346 442//347
f 435//341 442//347 443//348
f 436//1 443//348 444//1
f 437//342 444//1 445//349
f 431//343 445//349 439//350
f 438//344 447//352 446//351
f 440//149 446//351 448//149
f 441//346 448//149 449//353
f 442//347 449//353 450//354
f 443//348 450//354 451//355
f 444//1 451//355 452//1
f 445//349 452//1 453//356
f 439//350 453//356 447//357
f 446//351 455//359 454//358
f 448//149 454//358 456//149
f 449//353 456//149 457//360
f 450//354 457//360 458//361
f 451//355 458//361 459//362
f 452//1 459//362 460//1
f 453//356 460//1 461//363
f 447//357 461//363 455//364
f 454//358 463//366 462//365
f 456//149 462//365 464//149
f 457//360 464//149 465//367
f 458//361 465//367 466//368
f 459//362 466//368 467//369
f 460//1 467//369 468//1
f 461//363 468//1 469//370
f 455//364 469//370 463//371
f 462//365 471//373 470//372
f 464//149 470//372 472//149
f 465//367 472//149 473//374
f 466//368 473//374 474//375
f 467//369 474//375 475//376
f 468//1 475//376 476//1
f 469//370 476//1 477//377
f 463//371 477//377 471//378
f 470//372 479//380 478//379
f 472//149 478//379 480//149
f 473//374 480//149 481//381
f 474//375 481//381 482//382
f 475//376 482//382 483//383
f 476//1 483//383 484//1
f 477//377 484//1 485//384
f 471//378 485//384 479//385
f 478//379 487//387 486//386
f 480//149 486//386 488//149
f 481//381 488//149 489//388
f 482//382 489//388 490//389
f 483//383 490//389 491//390
f 484//1 491//390 492//1
f 485//384 492//1 493//391
f 479//385 493//391 487//392
f 486//386 495//394 494//393
f 488//149 494//393 496//149
f 489//388 496//149 497//395
f 490//389 497//395 498//396
f 491//390 498//396 499//397
f 492//1 499//397 500//1
f 493//391 500//1 501//398
f 487//392 501//398 495//399
f 494//393 503//401 502//400
f 496//149 502//400 504//402
f 497//395 504//402 505//403
f 498//396 505//403 506//404
f 499//397 506//404 507//405
f 500//1 507//405 508//406
f 501//398 508//406 509//407
f 495//399 509//407 503//408
f 502//400 511//410 510//409
f 504//402 510//409 512//402
f 505//403 512//402 513//411
f 506//404 513//411 514//412
f 507//405 514//412 515//413
f 508//406 515//413 516//406
f 509//407 516//406 517//414
f 503//408 517//414 511//415
f 510//409 519//417 518//416
f 512//402 518//416 520//402
f 513//411 520//402 521//418
f 514//412 521//418 522//419
f 515//413 522//419 523//420
f 516//406 523//420 524//406
f 517//414 524//406 525//421
f 511//415 525//421 519//422
f 518//416 527//424 526//423
f 520//402 526//423 528//402
f 521//418 528//402 529//425
f 522//419 529//425 530//426
f 523//420 530//426 531//427
f 524//406 531//427 532//406
f 525//421 532//406 533//428
f 519//422 533//428 527//429
f 526//423 535//431 534//430
f 528//402 534//430 536//402
f 529//425 536//402 537//432
f 530//426 537//432 538//433
f 531//427 538//433 539//434
f 532//406 539//434 540//406
f 533//428 540//406 541//435
f 527//429 541//435 535//436
f 534//430 543//438 542//437
f 536//402 542//437 544//402
f 537//432 544//402 545//439
f 538//433 545//439 546//440
f 539//434 546//440 547//441
f 540//406 547//441 548//406
f 541//435 548//406 549//442
f 535//436 549//442 543//443
f 542//437 551//445 550//444
f 544//402 550//444 552//402
f 545//439 552//402 553//446
f 546//440 553//446 554//447
f 547//441 554//447 555//448
f 548//406 555//448 556//406
f 549//442 556//406 557//449
f 543//443 557//449 551//450
f 550//444 559//452 558//451
f 552//402 558//451 560//402
f 553//446 560//402 561//453
f 554//447 561//453 562//454
f 555//448 562//454 563//455
f 556//406 563//455 564//406
f 557//449 564//406 565//456
f 551//450 565//456 559//457
f 558//451 567//459 566//458
f 560//402 566//458 568//402
f 561//453 568//402 569//460
f 562//454 569//460 570//461
f 563//455 570//461 571//462
f 564//406 571//462 572//406
f 565//456 572//406 573//463
f 559//457 573//463 567//464
f 566//458 575//466 574//465
f 568//402 574//465 576//402
f 569//460 576//402 577//467
f 570//461 577//467 578//468
f 571//462 578//468 579//469
f 572//406 579//469 580//406
f 573//463 580//406 581//470
f 567//464 581//470 575//471
f 574//465 583//473 582//472
f 576//402 582//472 584//402
f 577//467 584//402 585//474
f 578//468 585//474 586//475
f 579//469 586//475 587//476
f 580//406 587//476 588//406
f 581//470 588//406 589//477
f 575//471 589//477 583//478
f 582//472 591//480 590//479
f 584//402 590//479 592//402
f 585//474 592//402 593//481
f 586//475 593//481 594//482
f 587//476 594//482 595//483
f 588//406 595//483 596//406
f 589//477 596//406 597//484
f 583//478 597//484 591//485
f 590//479 599//487 598//486
f 592//402 598//486 600//402
f 593//481 600//402 601//488
f 594//482 601//488 602//489
f 595//483 602//489 603//490
f 596//406 603//490 604//406
f 597//484 604//406 605//491
f 591//485 605//491 599//492
f 598//486 607//494 606//493
f 600//402 606//493 608//402
f 601//488 608//402 609//495
f 602//489 609//495 610//496
f 603//490 610//496 611//497
f 604//406 611//497 612//406
f 605//491 612//406 613//498
f 599//492 613//498 607//499
f 606//493 615//501 614//500
f 608//402 614//500 616//402
f 609//495 616//402 617//502
f 610//496 617//502 618//503
f 611//497 618//503 619//504
f 612//406 619//504 620//406
f 613//498 620//406 621//505
f 607//499 621//505 615//506
f 614//500 623//508 622//507
f 616//402 622//507 624//402
f 617//502 624//402 625//509
f 618//503 625//509 626//510
f 619//504 626//510 627//511
f 620//406 627//511 628//406
f 621//505 628//406 629//512
f 615//506 629//512 623//513
f 622//507 631//515 630//514
f 624//402 630//514 632//402
f 625//509 632//402 633//516
f 626//510 633//516 634//517
f 627//511 634//517 635//518
f 628//406 635//518 636//406
f 629//512 636//406 637//519
f 623//513 637//519 631//520
f 630//514 639//522 638//521
f 632//402 638//521 640//402
f 633//516 640//402 641//523
f 634//517 641//523 642//524
f 635//518 642//524 643//525
f 636//406 643//525 644//406
f 637//519 644//406 645//526
f 631//520 645//526 639//527
f 638//521 647//529 646//528
f 640//402 646//528 648//402
f 641//523 648//402 649//530
f 642//524 649//530 650//531
f 643//525 650//531 651//532
f 644//406 651//532 652//406
f 645//526 652//406 653//533
f 639//527 653//533 647//534
f 646//528 655//536 654//535
f 648//402 654//535 656//402
f 649//530 656//402 657//537
f 650//531 657//537 658//538
f 651//532 658//538 659//539
f 652//406 659//539 660//406
f 653//533 660//406 661//540
f 647//534 661//540 655//541
f 654//535 663//543 662//542
f 656//402 662//542 664//402
f 657//537 664//402 665//544
f 658//538 665//544 666//545
f 659//539 666//545 667//546
f 660//406 667//546 668//406
f 661//540 668//406 669//547
f 655//541 669//547 663//548
f 662//542 671//550 670//549
f 664//402 670//549 672//402
f 665//544 672//402 673//551
f 666//545 673//551 674//552
f 667//546 674//552 675//553
f 668//406 675//553 676//406
f 669//547 676//406 677//554
f 663//548 677//554 671//555
f 670//549 679//557 678//556
f 672//402 678//556 680//149
f 673//551 680//149 681//558
f 674//552 681//558 682//559
f 675//553 682//559 683//560
f 676//406 683//560 684//1
f 677//554 684//1 685//561
f 671//555 685//561 679//562
f 678//556 687//564 686//563
f 680//149 686//563 688//150
f 681//558 688//150 689//565
f 682//559 689//565 690//566
f 683//560 690//566 691//567
f 684//1 691//567 692//157
f 685//561 692//157 693//568
f 679//562 693//568 687//569
f 686//563 695//571 694//570
f 688//150 694//570 696//150
f 689//565 696//150 697//572
f 690//566 697//572 698//573
f 691//567 698//573 699//574
f 692//157 699//574 700//157
f 693//568 700//157 701//575
f 687//569 701//575 695//576
f 694//570 703//578 702//577
f 696//150 702//577 704//150
f 697//572 704//150 705//579
f 698//573 705//579 706//580
f 699//574 706//580 707//581
f 700//157 707//581 708//157
f 701//575 708//157 709//582
f 695//576 709//582 703//583
f 702//577 711//585 710//584
f 704//150 710//584 712//150
f 705//579 712//150 713//586
f 706//580 713//586 714//587
f 707//581 714//587 715//588
f 708//157 715//588 716//157
f 709//582 716//157 717//589
f 703//583 717//589 711//590
f 710//584 719//592 718//591
f 712//150 718//591 720//150
f 713//586 720//150 721//593
f 714//587 721//593 722//594
f 715//588 722//594 723//595
f 716//157 723//595 724//157
f 717//589 724//157 725//596
f 711//590 725//596 719//597
f 718//591 727//599 726//598
f 720//150 726//598 728//150
f 721//593 728//150 729//600
f 722//594 729//600 730//601
f 723//595 730//601 731//602
f 724//157 731//602 732//157
f 725//596 732//157 733//603
f 719//597 733//603 727//604
f 726//598 735//606 734//605
f 728//150 734//605 736//150
f 729//600 736//150 737//607
f 730//601 737//607 738//608
f 731//602 738//608 739//609
f 732//157 739//609 740//157
f 733//603 740//157 741//610
f 727//604 741//610 735//611
f 734//605 743//613 742//612
f 736//150 742//612 744//150
f 737//607 744//150 745//614
f 738//608 745//614 746//615
f 739//609 746//615 747//616
f 740//157 747//616 748//157
f 741//610 748//157 749//617
f 735//611 749//617 743//618
f 742//612 751//620 750//619
f 744//150 750//619 752//150
f 745//614 752//150 753//621
f 746//615 753//621 754//622
f 747//616 754//622 755//623
f 748//157 755//623 756//157
f 749//617 756//157 757//624
f 743//618 757//624 751//625
f 750//619 759//627 758//626
f 752//150 758//626 760//150
f 753//621 760//150 761//628
f 754//622 761//628 762//629
f 755//623 762//629 763//630
f 756//157 763//630 764//157
f 757//624 764//157 765//631
f 751//625 765//631 759//632
f 758//626 767//634 766//633
f 760//150 766//633 768//150
f 761//628 768//150 769//635
f 762//629 769//635 770//636
f 763//630 770//636 771//637
f 764//157 771//637 772//157
f 765//631 772//157 773//638
f 759//632 773//638 767//639
f 766//633 775//641 774//640
f 768//150 774//640 776//150
f 769//635 776//150 777//642
f 770//636 777//642 778//643
f 771//637 778//643 779//644
f 772//157 779//644 780//157
f 773//638 780//157 781//645
f 767//639 781//645 775//646
f 774//640 783//648 782//647
f 776//150 782//647 784//150
f 777//642 784//150 785//649
f 778//643 785//649 786//650
f 779//644 786//650 787//651
f 780//157 787//651 788//157
f 781//645 788//157 789//652
f 775//646 789//652 783//653
f 782//647 791//655 790//654
f 784//150 790//654 792//150
f 785//649 792//150 793//656
f 786//650 793//656 794//657
f 787//651 794//657 795//658
f 788//157 795//658 796//157
f 789//652 796//157 797//659
f 783//653 797//659 791//660
f 790//654 799//662 798//661
f 792//150 798//661 800//150
f 793//656 800//150 801//663
f 794//657 801//663 802//664
f 795//658 802//664 803//665
f 796//157 803//665 804//157
f 797//659 804//157 805//666
f 791//660 805//666 799//667
f 798//661 807//669 806//668
f 800//150 806//668 808//150
f 801//663 808//150 809//670
f 802//664 809//670 810//671
f 803//665 810//671 811//672
f 804//157 811//672 812//157
f 805//666 812//157 813//673
f 799//667 813//673 807//674
f 806//668 815//676 814//675
f 808//150 814//675 816//150
f 809//670 816//150 817//677
f 810//671 817//677 818//678
f 811//672 818//678 819//679
f 812//157 819//679 820//157
f 813//673 820//157 821//680
f 807//674 821//680 815//681
f 814//675 823//683 822//682
f 816//150 822//682 824//150
f 817//677 824//150 825//684
f 818//678 825//684 826//685
f 819//679 826//685 827//686
f 820//157 827//686 828//157
f 821//680 828//157 829//687
f 815//681 829//687 823//688
f 822//682 831//690 830//689
f 824//150 830//689 832//150
f 825//684 832//150 833//691
f 826//685 833//691 834//692
f 827//686 834//692 835//693
f 828//157 835//693 836//157
f 829//687 836//157 837//694
f 823//688 837//694 831//695
f 830//689 839//697 838//696
f 832//150 838//696 840//150
f 833//691 840//150 841//698
f 834//692 841//698 842//699
f 835//693 842//699 843//700
f 836//157 843//700 844//157
f 837//694 844//157 845//701
f 831//695 845//701 839//702
f 838//696 847//704 846//703
f 840//150 846//703 848//150
f 841//698 848//150 849//705
f 842//699 849//705 850//706
f 843//700 850//706 851//707
f 844//157 851//707 852//157
f 845//701 852//157 853//708
f 839//702 853//708 847//709
f 846//703 855//711 854//710
f 848//150 854//710 856//150
f 849//705 856//150 857//712
f 850//706 857//712 858//713
f 851//707 858//713 859//714
f 852//157 859//714 860//157
f 853//708 860//157 861//715
f 847//709 861//715 855//716
f 854//710 863//718 862//717
f 856//150 862//717 864//150
f 857//712 864//150 865//719
f 858//713 865//719 866//720
f 859//714 866//720 867//721
f 860//157 867//721 868//157
f 861//715 868//157 869//722
f 855//716 869//722 863//723
f 862//717 871//725 870//724
f 864//150 870//724 872//150
f 865//719 872//150 873//726
f 866//720 873//726 874//727
f 867//721 874//727 875//728
f 868//157 875//728 876//157
f 869//722 876//157 877//729
f 863//723 877//729 871//730
f 870//724 879//732 878//731
f 872//150 878//731 880//150
f 873//726 880//150 881//733
f 874//727 881//733 882//734
f 875//728 882//734 883//735
f 876//157 883//735 884//157
f 877//729 884//157 885//736
f 871//730 885//736 879//737
f 878//731 887//739 886//738
f 880//150 886//738 888//150
f 881//733 888//150 889//740
f 882//734 889//740 890//741
f 883//735 890//741 891//742
f 884//157 891//742 892//157
f 885//736 892//157 893//743
f 879//737 893//743 887//744
f 886//738 895//746 894//745
f 888//150 894//745 896//150
f 889//740 896//150 897//747
f 890//741 897//747 898//748
f 891//742 898//748 899//749
f 892//157 899//749 900//157
f 893//743 900//157 901//750
f 887//744 901//750 895//751
f 894//745 903//753 902//752
f 896//150 902//752 904//150
f 897//747 904//150 905//754
f 898//748 905//754 906//755
f 899//749 906//755 907//756
f 900//157 907//756 908//157
f 901//750 908//157 909//757
f 895//751 909//757 903//758
f 902//752 911//760 910//759
f 904//150 910//759 912//150
f 905//754 912//150 913//761
f 906//755 913//761 914//762
f 907//756 914//762 915//763
f 908//157 915//763 916//157
f 909//757 916//157 917//764
f 903//758 917//764 911//765
f 910//759 919//767 918//766
f 912//150 918//766 920//150
f 913//761 920//150 921//768
f 914//762 921//768 922//769
f 915//763 922//769 923//770
f 916//157 923//770 924//157
f 917//764 924//157 925//771
f 911//765 925//771 919//772
f 918//766 927//774 926//773
f 920//150 926//773 928//150
f 921//768 928//150 929//775
f 922//769 929//775 930//776
f 923//770 930//776 931//777
f 924//157 931//777 932//157
f 925//771 932//157 933//778
f 919//772 933//778 927//779
f 926//773 935//781 934//780
f 928//150 934//780 936//150
f 929//775 936//150 937//782
f 930//776 937//782 938//783
f 931//777 938//783 939//784
f 932//157 939//784 940//157
f 933//778 940//157 941//785
f 927//779 941//785 935//786
f 934//780 943//788 942//787
f 936//150 942//787 944//150
f 937//782 944//150 945//789
f 938//783 945//789 946//790
f 939//784 946//790 947//791
f 940//157 947//791 948//157
f 941//785 948//157 949//792
f 935//786 949//792 943//793
f 942//787 951//795 950//794
f 944//150 950//794 952//150
f 945//789 952//150 953//796
f 946//790 953//796 954//797
f 947//791 954//797 955//798
f 948//157 955//798 956//157
f 949//792 956//157 957//799
f 943//793 957//799 951//800
f 950//794 959//802 958//801
f 952//150 958//801 960//2
f 953//796 952//150 961//803
f 953//796 962//804 961//803
f 954//797 963//805 962//804
f 955//798 956//157 963//805
f 957//799 964//806 965//807
f 951//800 965//807 959//808
f 958//801 967//810 966//809
f 960//2 966//809 968//402
f 961//803 968//402 969//811
f 961//803 970//812 969//811
f 962//804 971//813 970//812
f 963//805 972//406 971//813
f 965//807 972//406 973//814
f 959//808 973//814 967//815
f 966//809 975//817 974//816
f 968//402 974//816 976//402
f 969//811 976//402 977//818
f 970//812 977//818 978//819
f 971//813 978//819 979//820
f 972//406 979//820 980//406
f 973//814 980//406 981//821
f 967//815 981//821 975//822
f 974//816 983//824 982//823
f 976//402 982//823 984//402
f 977//818 984//402 985//825
f 978//819 985//825 986//826
f 979//820 986//826 987//827
f 980//406 987//827 988//406
f 981//821 988//406 989//828
f 975//822 989//828 983//829
f 982//823 991//831 990//830
f 984//402 990//830 992//402
f 985//825 992//402 993//832
f 986//826 993//832 994//833
f 987//827 994//833 995//834
f 988//406 995//834 996//406
f 989//828 996//406 997//835
f 983//829 997//835 991//836
f 990//830 999//838 998//837
f 992//402 998//837 1000//402
f 993//832 1000//402 1001//839
f 994//833 1001//839 1002//840
f 995//834 1002//840 1003//841
f 996//406 1003//841 1004//406
f 997//835 1004//406 1005//842
f 991//836 1005//842 999//843
f 998//837 1007//845 1006//844
f 1000//402 1006//844 1008//402
f 1001//839 1008//402 1009//846
f 1002//840 1009//846 1010//847
f 1003//841 1010//847 1011//848
f 1004//406 1011//848 1012//406
f 1005//842 1012//406 1013//849
f 999//843 1013//849 1007//850
f 1006//844 1015//852 1014//851
f 1008//402 1014//851 1016//402
f 1009//846 1016//402 1017//853
f 1010//847 1017//853 1018//854
f 1011//848 1018//854 1019//855
f 1012//406 1019//855 1020//406
f 1013//849 1020//406 1021//856
f 1007//850 1021//856 1015//857
f 1014//851 1023//859 1022//858
f 1016//402 1022//858 1024//402
f 1017//853 1024//402 1025//860
f 1018//854 1025//860 1026//861
f 1019//855 1026//861 1027//862
f 1020//406 1027//862 1028//406
f 1021//856 1028//406 1029//863
f 1015//857 1029//863 1023//864
f 1022//858 1031//866 1030//865
f 1024//402 1030//865 1032//2
f 1025//860 1032//2 1033//867
f 1026//861 1033//867 1034//868
f 1027//862 1034//868 1035//869
f 1028//406 1035//869 1036//806
f 1029//863 1036//806 1037//870
f 1023//864 1037//870 1031//871
f 1030//865 1039//873 1038//872
f 1032//2 1038//872 1040//2
f 1033//867 1040//2 1041//874
f 1034//868 1041//874 1042//875
f 1035//869 1042//875 1043//876
f 1036//806 1043//876 1044//806
f 1037//870 1044//806 1045//877
f 1031//871 1045//877 1039//878
f 1038//872 1047//880 1046//879
f 1040//2 1046//879 1048//2
f 1041//874 1048//2 1049//881
f 1042//875 1049//881 1050//882
f 1043//876 1050//882 1051//883
f 1044//806 1051//883 1052//806
f 1045//877 1052//806 1053//884
f 1039//878 1053//884 1047//885
f 1046//879 1055//887 1054//886
f 1048//2 1054//886 1056//2
f 1049//881 1056//2 1057//888
f 1050//882 1057//888 1058//889
f 1051//883 1058//889 1059//890
f 1052//806 1059//890 1060//806
f 1053//884 1060//806 1061//891
f 1047//885 1061//891 1055//892
f 1054//886 1063//894 1062//893
f 1056//2 1062//893 1064//402
f 1057//888 1064//402 1065//895
f 1058//889 1065//895 1066//896
f 1059//890 1066//896 1067//897
f 1060//806 1067//897 1068//406
f 1061//891 1068//406 1069//898
f 1055//892 1069//898 1063//899
f 1062//893 1071//901 1070//900
f 1064//402 1070//900 1072//402
f 1065//895 1072//402 1073//902
f 1066//896 1073//902 1074//903
f 1067//897 1074//903 1075//904
f 1068//406 1075//904 1076//406
f 1069//898 1076//406 1077//905
f 1063//899 1077//905 1071//906
f 1070//900 1079//908 1078//907
f 1072//402 1078//907 1080//402
f 1073//902 1080//402 1081//909
f 1074//903 1081//909 1082//910
f 1075//904 1082//910 1083//911
f 1076//406 1083//911 1084//406
f 1077//905 1084//406 1085//912
f 1071//906 1085//912 1079//913
f 1078//907 1087//915 1086//914
f 1080//402 1086//914 1088//402
f 1081//909 1088//402 1089//916
f 1082//910 1089//916 1090//917
f 1083//911 1090//917 1091//918
f 1084//406 1091//918 1092//406
f 1085//912 1092//406 1093//919
f 1079//913 1093//919 1087//920
f 1086//914 1095//922 1094//921
f 1088//402 1094//921 1096//402
f 1089//916 1096//402 1097//923
f 1090//917 1097//923 1098//924
f 1091//918 1098//924 1099//925
f 1092//406 1099//925 1100//406
f 1093//919 1100//406 1101//926
f 1087//920 1101//926 1095//927
f 1094//921 1103//929 1102//928
f 1096//402 1102//928 1104//402
f 1097//923 1104//402 1105//930
f 1098//924 1105//930 1106//931
f 1099//925 1106//931 1107//932
f 1100//406 1107//932 1108//406
f 1101//926 1108//406 1109//933
f 1095//927 1109//933 1103//934
f 1102//928 1111//936 1110//935
f 1104//402 1110//935 1112//402
f 1105//930 1112//402 1113//937
f 1106//931 1113//937 1114//938
f 1107//932 1114//938 1115//939
f 1108//406 1115//939 1116//406
f 1109//933 1116//406 1117//940
f 1103//934 1117//940 1111//941
f 1110//935 1119//943 1118//942
f 1112//402 1118//942 1120//402
f 1113//937 1120//402 1121//944
f 1114//938 1121//944 1122//945
f 1115//939 1122//945 1123//946
f 1116//406 1123//946 1124//406
f 1117//940 1124//406 1125//947
f 1111//941 1125//947 1119//948
f 1118//942 1127//950 1126//949
f 1120//402 1126//949 1128//2
f 1121//944 1128//2 1129//951
f 1122//945 1129//951 1130//952
f 1123//946 1130//952 1131//953
f 1124//406 1131//953 1132//806
f 1125//947 1132//806 1133//954
f 1119//948 1133//954 1127//955
f 1126//949 1135//957 1134//956
f 1128//2 1134//956 1136//2
f 1129//951 1136//2 1137//958
f 1130//952 1137//958 1138//959
f 1131//953 1138//959 1139//960
f 1132//806 1139//960 1140//806
f 1133//954 1140//806 1141//961
f 1127//955 1141//961 1135//962
f 1134//956 1143//964 1142//963
f 1136//2 1142//963 1144//2
f 1137//958 1144//2 1145//965
f 1138//959 1145//965 1146//966
f 1139//960 1146//966 1147//967
f 1140//806 1147//967 1148//806
f 1141//961 1148//806 1149//968
f 1135//962 1149//968 1143//969
f 1142//963 1151//971 1150//970
f 1144//2 1150//970 1152//2
f 1145//965 1152//2 1153//972
f 1146//966 1153//972 1154//973
f 1147//967 1154//973 1155//974
f 1148//806 1155//974 1156//806
f 1149//968 1156//806 1157//975
f 1143//969 1157//975 1151//976
f 1150//970 1159//978 1158//977
f 1152//2 1158//977 1160//2
f 1153//972 1160//2 1161//979
f 1154//973 1161//979 1162//980
f 1155//974 1162//980 1163//981
f 1156//806 1163//981 1164//806
f 1157//975 1164//806 1165//982
f 1151//976 1165//982 1159//983
f 1158//977 1167//985 1166//984
f 1160//2 1166//984 1168//2
f 1161//979 1168//2 1169//986
f 1162//980 1169//986 1170//987
f 1163//981 1170//987 1171//988
f 1164//806 1171//988 1172//806
f 1165//982 1172//806 1173//989
f 1159//983 1173//989 1167//990
f 1166//984 1175//992 1174//991
f 1168//2 1174//991 1176//2
f 1169//986 1176//2 1177//993
f 1170//987 1177//993 1178//994
f 1171//988 1178//994 1179//995
f 1172//806 1179//995 1180//806
f 1173//989 1180//806 1181//996
f 1167//990 1181//996 1175//997
f 1174//991 1183//999 1182//998
f 1176//2 1182//998 1184//2
f 1177//993 1184//2 1185//1000
f 1178//994 1185//1000 1186//1001
f 1179//995 1186//1001 1187//1002
f 1180//806 1187//1002 1188//806
f 1181//996 1188//806 1189//1003
f 1175//997 1189//1003 1183//1004
f 1182//998 1191//1006 1190//1005
f 1184//2 1190//1005 1192//2
f 1185//1000 1192//2 1193//1007
f 1186//1001 1193//1007 1194//1008
f 1187//1002 1194//1008 1195//1009
f 1188//806 1195//1009 1196//806
f 1189//1003 1196//806 1197//1010
f 1183//1004 1197//1010 1191//1011
f 1190//1005 1199//1013 1198//1012
f 1192//2 1198//1012 1200//402
f 1193//1007 1200//402 1201//1014
f 1194//1008 1201//1014 1202//1015
f 1195//1009 1202//1015 1203//1016
f 1196//806 1203//1016 1204//406
f 1197//1010 1204//406 1205//1017
f 1191//1011 1205//1017 1199//1018
f 1198//1012 217//148 214//145
f 1200//402 214//145 218//149
f 1201//1014 218//149 220//151
f 1202//1015 220//151 222//153
f 1203//1016 222//153 224//155
f 1204//406 224//155 226//1
f 1205//1017 226//1 228//158
f 1199//1018 228//158 217//160
f 228//158 1199//1018 1205//1017
f 226//1 1205//1017 1204//406
f 224//155 1204//406 1203//1016
f 222//153 1203//1016 1202//1015
f 220//151 1202//1015 1201//1014
f 218//149 1201//1014 1200//402
f 214//145 1200//402 1198//1012
f 217//148 1198//1012 1199//1013
f 1205//1017 1191//1011 1197//1010
f 1204//406 1197//1010 1196//806
f 1203//1016 1196//806 1195//1009
f 1202//1015 1195//1009 1194//1008
f 1201//1014 1194//1008 1193//1007
f 1200//402 1193//1007 1192//2
f 1198//1012 1192//2 1190//1005
f 1199//1013 1190//1005 1191//1006
f 1197//1010 1183//1004 1189//1003
f 1196//806 1189//1003 1188//806
f 1195//1009 1188//806 1187//1002
f 1194//1008 1187//1002 1186//1001
f 1193//1007 1186//1001 1185//1000
f 1192//2 1185//1000 1184//2
f 1190//1005 1184//2 1182//998
f 1191//1006 1182//998 1183//999
f 1189//1003 1175//997 1181//996
f 1188//806 1181//996 1180//806
f 1187//1002 1180//806 1179//995
f 1186//1001 1179//995 1178//994
f 1185//1000 1178//994 1177//993
f 1184//2 1177//993 1176//2
f 1182//998 1176//2 1174//991
f 1183//999 1174//991 1175//992
f 1181//996 1167//990 1173//989
f 1180//806 1173//989 1172//806
f 1179//995 1172//806 1171//988
f 1178//994 1171//988 1170//987
f 1177//993 1170//987 1169//986
f 1176//2 1169//986 1168//2
f 1174//991 1168//2 1166//984
f 1175//992 1166//984 1167//985
f 1173//989 1159//983 1165//982
f 1172//806 1165//982 1164//806
f 1171//988 1164//806 1163//981
f 1170//987 1163//981 1162//980
f 1169//986 1162//980 1161//979
f 1168//2 1161//979 1160//2
f 1166//984 1160//2 1158//977
f 1167//985 1158//977 1159//978
f 1165//982 1151//976 1157//975
f 1164//806 1157//975 1156//806
f 1163//981 1156//806 1155//974
f 1162//980 1155//974 1154//973
f 1161//979 1154//973 1153//972
f 1160//2 1153//972 1152//2
f 1158//977 1152//2 1150//970
f 1159//978 1150//970 1151//971
f 1157//975 1143//969 1149//968
f 1156//806 1149//968 1148//806
f 1155//974 1148//806 1147//967
f 1154//973 1147//967 1146//966
f 1153//972 1146//966 1145//965
f 1152//2 1145//965 1144//2
f 1150//970 1144//2 1142//963
f 1151//971 1142//963 1143//964
f 1149//968 1135//962 1141//961
f 1148//806 1141//961 1140//806
f 1147//967 1140//806 1139//960
f 1146//966 1139//960 1138//959
f 1145//965 1138//959 1137//958
f 1144//2 1137//958 1136//2
f 1142//963 1136//2 1134//956
f 1143//964 1134//956 1135//957
f 1141//961 1127//955 1133//954
f 1140//806 1133//954 1132//806
f 1139//960 1132//806 1131//953
f 1138//959 1131//953 1130//952
f 1137//958 1130//952 1129//951
f 1136//2 1129//951 1128//2
f 1134//956 1128//2 1126//949
f 1135//957 1126//949 1127//950
f 1133//954 1119//948 1125//947
f 1132//806 1125//947 1124//406
f 1131//953 1124//406 1123//946
f 1130//952 1123//946 1122//945
f 1129//951 1122//945 1121//944
f 1128//2 1121//944 1120//402
f 1126//949 1120//402 1118//942
f 1127//950 1118//942 1119//943
f 1125//947 1111//941 1117//940
f 1124//406 1117//940 1116//406
f 1123//946 1116//406 1115//939
f 1122//945 1115//939 1114//938
f 1121//944 1114//938 1113//937
f 1120//402 1113//937 1112//402
f 1118//942 1112//402 1110//935
f 1119//943 1110//935 1111//936
f 1117//940 1103//934 1109//933
f 1116//406 1109//933 1108//406
f 1115//939 1108//406 1107//932
f 1114//938 1107//932 1106//931
f 1113//937 1106//931 1105//930
f 1112//402 1105//930 1104//402
f 1110//935 1104//402 1102//928
f 1111//936 1102//928 1103//929
f 1109//933 1095//927 1101//926
f 1108//406 1101//926 1100//406
f 1107//932 1100//406 1099//925
f 1106//931 1099//925 1098//924
f 1105//930 1098//924 1097//923
f 1104//402 1097//923 1096//402
f 1102//928 1096//402 1094//921
f 1103//929 1094//921 1095//922
f 1101//926 1087//920 1093//919
f 1100//406 1093//919 1092//406
f 1099//925 1092//406 1091//918
f 1098//924 1091//918 1090//917
f 1097//923 1090//917 1089//916
f 1096//402 1089//916 1088//402
f 1094//921 1088//402 1086//914
f 1095//922 1086//914 1087//915
f 1093//919 1079//913 1085//912
f 1092//406 1085//912 1084//406
f 1091//918 1084//406 1083//911
f 1090//917 1083//911 1082//910
f 1089//916 1082//910 1081//909
f 1088//402 1081//909 1080//402
f 1086//914 1080//402 1078//907
f 1087//915 1078//907 1079//908
f 1085//912 1071//906 1077//905
f 1084//406 1077//905 1076//406
f 1083//911 1076//406 1075//904
f 1082//910 1075//904 1074//903
f 1081//909 1074//903 1073//902
f 1080//402 1073//902 1072//402
f 1078//907 1072//402 1070//900
f 1079//908 1070//900 1071//901
f 1077//905 1063//899 1069//898
f 1076//406 1069//898 1068//406
f 1075//904 1068//406 1067//897
f 1074//903 1067//897 1066//896
f 1073//902 1066//896 1065//895
f 1072//402 1065//895 1064//402
f 1070//900 1064//402 1062//893
f 1071//901 1062//893 1063//894
f 1069//898 1055//892 1061//891
f 1068//406 1061//891 1060//806
f 1067//897 1060//806 1059//890
f 1066//896 1059//890 1058//889
f 1065//895 1058//889 1057//888
f 1064//402 1057//888 1056//2
f 1062//893 1056//2 1054//886
f 1063//894 1054//886 1055//887
f 1061//891 1047//885 1053//884
f 1060//806 1053//884 1052//806
f 1059//890 1052//806 1051//883
f 1058//889 1051//883 1050//882
f 1057//888 1050//882 1049//881
f 1056//2 1049//881 1048//2
f 1054//886 1048//2 1046//879
f 1055//887 1046//879 1047//880
f 1053//884 1039//878 1045//877
f 1052//806 1045//877 1044//806
f 1051//883 1044//806 1043//876
f 1050//882 1043//876 1042//875
f 1049//881 1042//875 1041//874
f 1048//2 1041//874 1040//2
f 1046//879 1040//2 1038//872
f 1047//880 1038//872 1039//873
f 1045//877 1031//871 1037//870
f 1044//806 1037//870 1036//806
f 1043//876 1036//806 1035//869
f 1042//875 1035//869 1034//868
f 1041//874 1034//868 1033//867
f 1040//2 1033//867 1032//2
f 1038//872 1032//2 1030//865
f 1039//873 1030//865 1031//866
f 1037//870 1023//864 1029//863
f 1036//806 1029//863 1028//406
f 1035//869 1028//406 1027//862
f 1034//868 1027//862 1026//861
f 1033//867 1026//861 1025//860
f 1032//2 1025//860 1024//402
f 1030//865 1024//402 1022//858
f 1031//866 1022//858 1023//859
f 1029//863 1015//857 1021//856
f 1028//406 1021//856 1020//406
f 1027//862 1020//406 1019//855
f 1026//861 1019//855 1018//854
f 1025//860 1018//854 1017//853
f 1024//402 1017//853 1016//402
f 1022//858 1016//402 1014//851
f 1023//859 1014//851 1015//852
f 1021//856 1007//850 1013//849
f 1020//406 1013//849 1012//406
f 1019//855 1012//406 1011//848
f 1018//854 1011//848 1010//847
f 1017//853 1010//847 1009//846
f 1016//402 1009//846 1008//402
f 1014//851 1008//402 1006//844
f 1015//852 1006//844 1007//845
f 1013//849 999//843 1005//842
f 1012//406 1005//842 1004//406
f 1011//848 1004//406 1003//841
f 1010//847 1003//841 1002//840
f 1009//846 1002//840 1001//839
f 1008//402 1001//839 1000//402
f 1006//844 1000//402 998//837
f 1007//845 998//837 999//838
f 1005//842 991//836 997//835
f 1004//406 997//835 996//406
f 1003//841 996//406 995//834
f 1002//840 995//834 994//833
f 1001//839 994//833 993//832
f 1000//402 993//832 992//402
f 998//837 992//402 990//830
f 999//838 990//830 991//831
f 997//835 983//829 989//828
f 996//406 989//828 988//406
f 995//834 988//406 987//827
f 994//833 987//827 986//826
f 993//832 986//826 985//825
f 992//402 985//825 984//402
f 990//830 984//402 982//823
f 991//831 982//823 983//824
f 989//828 975//822 981//821
f 988//406 981//821 980//406
f 987//827 980//406 979//820
f 986//826 979//820 978//819
f 985//825 978//819 977//818
f 984//402 977//818 976//402
f 982//823 976//402 974//816
f 983//824 974//816 975//817
f 981//821 967//815 973//814
f 980//406 973//814 972//406
f 979//820 972//406 971//813
f 978//819 971//813 970//812
f 977//818 970//812 969//811
f 976//402 969//811 968//402
f 974//816 968//402 966//809
f 975//817 966//809 967//810
f 973//814 959//808 965//807
f 972//406 965//807 964//806
f 972//406 963//805 964//806
f 971//813 962//804 963//805
f 970//812 961//803 962//804
f 968//402 961//803 960//2
f 966//809 960//2 958//801
f 967//810 958//801 959//802
f 965//807 951//800 957//799
f 964//806 957//799 956//157
f 963//805 956//157 964//806
f 963//805 954//797 955//798
f 962//804 953//796 954//797
f 961//803 952//150 960//2
f 958//801 952//150 950//794
f 959//802 950//794 951//795
f 957//799 943//793 949//792
f 956//157 949//792 948//157
f 955//798 948//157 947//791
f 954//797 947//791 946//790
f 953//796 946//790 945//789
f 952//150 945//789 944//150
f 950//794 944//150 942//787
f 951//795 942//787 943//788
f 949//792 935//786 941//785
f 948//157 941//785 940//157
f 947//791 940//157 939//784
f 946//790 939//784 938//783
f 945//789 938//783 937//782
f 944//150 937//782 936//150
f 942//787 936//150 934//780
f 943//788 934//780 935//781
f 941//785 927//779 933//778
f 940//157 933//778 932//157
f 939//784 932//157 931//777
f 938//783 931//777 930//776
f 937//782 930//776 929//775
f 936//150 929//775 928//150
f 934//780 928//150 926//773
f 935//781 926//773 927//774
f 933//778 919//772 925//771
f 932//157 925//771 924//157
f 931//777 924//157 923//770
f 930//776 923//770 922//769
f 929//775 922//769 921//768
f 928//150 921//768 920//150
f 926//773 920//150 918//766
f 927//774 918//766 919//767
f 925//771 911//765 917//764
f 924//157 917//764 916//157
f 923//770 916//157 915//763
f 922//769 915//763 914//762
f 921//768 914//762 913//761
f 920//150 913//761 912//150
f 918//766 912//150 910//759
f 919//767 910//759 911//760
f 917//764 903//758 909//757
f 916//157 909//757 908//157
f 915//763 908//157 907//756
f 914//762 907//756 906//755
f 913//761 906//755 905//754
f 912//150 905//754 904//150
f 910//759 904//150 902//752
f 911//760 902//752 903//753
f 909//757 895//751 901//750
f 908//157 901//750 900//157
f 907//756 900//157 899//749
f 906//755 899//749 898//748
f 905//754 898//748 897//747
f 904//150 897//747 896//150
f 902//752 896//150 894//745
f 903//753 894//745 895//746
f 901//750 887//744 893//743
f 900//157 893//743 892//157
f 899//749 892//157 891//742
f 898//748 891//742 890//741
f 897//747 890//741 889//740
f 896//150 889//740 888//150
f 894//745 888//150 886//738
f 895//746 886//738 887//739
f 893//743 879//737 885//736
f 892//157 885//736 884//157
f 891//742 884//157 883//735
f 890//741 883//735 882//734
f 889//740 882//734 881//733
f 888//150 881//733 880//150
f 886//738 880//150 878//731
f 887//739 878//731 879//732
f 885//736 871//730 877//729
f 884//157 877//729 876//157
f 883//735 876//157 875//728
f 882//734 875//728 874//727
f 881//733 874//727 873//726
f 880//150 873//726 872//150
f 878//731 872//150 870//724
f 879//732 870//724 871//725
f 877//729 863//723 869//722
f 876//157 869//722 868//157
f 875//728 868//157 867//721
f 874//727 867//721 866//720
f 873//726 866//720 865//719
f 872//150 865//719 864//150
f 870//724 864//150 862//717
f 871//725 862//717 863//718
f 869//722 855//716 861//715
f 868//157 861//715 860//157
f 867//721 860//157 859//714
f 866//720 859//714 858//713
f 865//719 858//713 857//712
f 864//150 857//712 856//150
f 862//717 856//150 854//710
f 863//718 854//710 855//711
f 861//715 847//709 853//708
f 860//157 853//708 852//157
f 859//714 852//157 851//707
f 858//713 851//707 850//706
f 857//712 850//706 849//705
f 856//150 849//705 848//150
f 854//710 848//150 846//703
f 855//711 846//703 847//704
f 853//708 839//702 845//701
f 852//157 845//701 844//157
f 851//707 844//157 843//700
f 850//706 843//700 842//699
f 849//705 842//699 841//698
f 848//150 841//698 840//150
f 846//703 840//150 838//696
f 847//704 838//696 839//697
f 845//701 831//695 837//694
f 844//157 837//694 836//157
f 843//700 836//157 835//693
f 842//699 835//693 834//692
f 841//698 834//692 833//691
f 840//150 833//691 832//150
f 838//696 832//150 830//689
f 839//697 830//689 831//690
f 837//694 823//688 829//687
f 836//157 829//687 828//157
f 835//693 828//157 827//686
f 834//692 827//686 826//685
f 833//691 826//685 825//684
f 832//150 825//684 824//150
f 830//689 824//150 822//682
f 831//690 822//682 823//683
f 829//687 815//681 821//680
f 828//157 821//680 820//157
f 827//686 820//157 819//679
f 826//685 819//679 818//678
f 825//684 818//678 817//677
f 824//150 817//677 816//150
f 822//682 816//150 814//675
f 823//683 814//675 815//676
f 821//680 807//674 813//673
f 820//157 813//673 812//157
f 819//679 812//157 811//672
f 818//678 811//672 810//671
f 817//677 810//671 809//670
f 816//150 809//670 808//150
f 814//675 808//150 806//668
f 815//676 806//668 807//669
f 813//673 799//667 805//666
f 812//157 805//666 804//157
f 811//672 804//157 803//665
f 810//671 803//665 802//664
f 809//670 802//664 801//663
f 808//150 801//663 800//150
f 806//668 800//150 798//661
f 807//669 798//661 799//662
f 805//666 791//660 797//659
f 804//157 797//659 796//157
f 803//665 796//157 795//658
f 802//664 795//658 794//657
f 801//663 794//657 793//656
f 800//150 793//656 792//150
f 798//661 792//150 790//654
f 799//662 790//654 791//655
f 797//659 783//653 789//652
f 796//157 789//652 788//157
f 795//658 788//157 787//651
f 794//657 787//651 786//650
f 793//656 786//650 785//649
f 792//150 785//649 784//150
f 790//654 784//150 782//647
f 791//655 782//647 783//648
f 789//652 775//646 781//645
f 788//157 781//645 780//157
f 787//651 780//157 779//644
f 786//650 779//644 778//643
f 785//649 778//643 777//642
f 784//150 777//642 776//150
f 782//647 776//150 774//640
f 783//648 774//640 775//641
f 781//645 767//639 773//638
f 780//157 773//638 772//157
f 779//644 772//157 771//637
f 778//643 771//637 770//636
f 777//642 770//636 769//635
f 776//150 769//635 768//150
f 774//640 768//150 766//633
f 775//641 766//633 767//634
f 773//638 759//632 765//631
f 772//157 765//631 764//157
f 771//637 764//157 763//630
f 770//636 763//630 762//629
f 769//635 762//629 761//628
f 768//150 761//628 760//150
f 766//633 760//150 758//626
f 767//634 758//626 759//627
f 765//631 751//625 757//624
f 764//157 757//624 756//157
f 763//630 756//157 755//623
f 762//629 755//623 754//622
f 761//628 754//622 753//621
f 760//150 753//621 752//150
f 758//626 752//150 750//619
f 759//627 750//619 751//620
f 757//624 743//618 749//617
f 756//157 749//617 748//157
f 755//623 748//157 747//616
f 754//622 747//616 746//615
f 753//621 746//615 745//614
f 752//150 745//614 744//150
f 750//619 744//150 742//612
f 751//620 742//612 743//613
f 749//617 735//611 741//610
f 748//157 741//610 740//157
f 747//616 740//157 739//609
f 746//615 739//609 738//608
f 745//614 738//608 737//607
f 744//150 737//607 736//150
f 742//612 736//150 734//605
f 743//613 734//605 735//606
f 741//610 727//604 733//603
f 740//157 733//603 732//157
f 739//609 732//157 731//602
f 738//608 731//602 730//601
f 737//607 730//601 729//600
f 736//150 729//600 728//150
f 734//605 728//150 726//598
f 735//606 726//598 727//599
f 733//603 719//597 725//596
f 732//157 725//596 724//157
f 731//602 724//157 723//595
f 730//601 723//595 722//594
f 729//600 722//594 721//593
f 728//150 721//593 720//150
f 726//598 720//150 718//591
f 727//599 718//591 719//592
f 725//596 711//590 717//589
f 724//157 717//589 716//157
f 723//595 716//157 715//588
f 722//594 715//588 714//587
f 721//593 714//587 713//586
f 720//150 713//586 712//150
f 718//591 712//150 710//584
f 719//592 710//584 711//585
f 717//589 703//583 709//582
f 716//157 709//582 708//157
f 715//588 708//157 707//581
f 714//587 707//581 706//580
f 713//586 706//580 705//579
f 712//150 705//579 704//150
f 710//584 704//150 702//577
f 711//585 702//577 703//578
f 709//582 695//576 701//575
f 708//157 701//575 700//157
f 707//581 700//157 699//574
f 706//580 699//574 698//573
f 705//579 698//573 697//572
f 704//150 697//572 696//150
f 702//577 696//150 694//570
f 703//578 694//570 695//571
f 701//575 687//569 693//568
f 700//157 693//568 692//157
f 699//574 692//157 691//567
f 698//573 691//567 690//566
f 697//572 690//566 689//565
f 696//150 689//565 688//150
f 694//570 688//150 686//563
f 695//571 686//563 687//564
f 693//568 679//562 685//561
f 692//157 685//561 684//1
f 691//567 684//1 683//560
f 690//566 683//560 682//559
f 689//565 682//559 681//558
f 688//150 681//558 680//149
f 686//563 680//149 678//556
f 687//564 678//556 679//557
f 685//561 671//555 677//554
f 684//1 677//554 676//406
f 683//560 676//406 675//553
f 682//559 675//553 674//552
f 681//558 674//552 673//551
f 680//149 673//551 672//402
f 678//556 672//402 670//549
f 679//557 670//549 671//550
f 677//554 663//548 669//547
f 676//406 669//547 668//406
f 675//553 668//406 667//546
f 674//552 667//546 666//545
f 673//551 666//545 665//544
f 672//402 665//544 664//402
f 670//549 664//402 662//542
f 671//550 662//542 663//543
f 669//547 655//541 661//540
f 668//406 661//540 660//406
f 667//546 660//406 659//539
f 666//545 659//539 658//538
f 665//544 658//538 657//537
f 664//402 657//537 656//402
f 662//542 656//402 654//535
f 663//543 654//535 655//536
f 661//540 647//534 653//533
f 660//406 653//533 652//406
f 659//539 652//406 651//532
f 658//538 651//532 650//531
f 657//537 650//531 649//530
f 656//402 649//530 648//402
f 654//535 648//402 646//528
f 655//536 646//528 647//529
f 653//533 639//527 645//526
f 652//406 645//526 644//406
f 651//532 644//406 643//525
f 650//531 643//525 642//524
f 649//530 642//524 641//523
f 648//402 641//523 640//402
f 646//528 640//402 638//521
f 647//529 638//521 639//522
f 645//526 631//520 637//519
f 644//406 637//519 636//406
f 643//525 636//406 635//518
f 642//524 635//518 634//517
f 641//523 634//517 633//516
f 640//402 633//516 632//402
f 638//521 632//402 630//514
f 639//522 630//514 631//515
f 637//519 623//513 629//512
f 636//406 629//512 628//406
f 635//518 628//406 627//511
f 634//517 627//511 626//510
f 633//516 626//510 625//509
f 632//402 625//509 624//402
f 630//514 624//402 622//507
f 631//515 622//507 623//508
f 629//512 615//506 621//505
f 628//406 621//505 620//406
f 627//511 620//406 619//504
f 626//510 619//504 618//503
f 625//509 618//503 617//502
f 624//402 617//502 616//402
f 622//507 616//402 614//500
f 623//508 614//500 615//501
f 621//505 607//499 613//498
f 620//406 613//498 612//406
f 619//504 612//406 611//497
f 618//503 611//497 610//496
f 617//502 610//496 609//495
f 616//402 609//495 608//402
f 614//500 608//402 606//493
f 615//501 606//493 607//494
f 613//498 599//492 605//491
f 612//406 605//491 604//406
f 611//497 604//406 603//490
f 610//496 603//490 602//489
f 609//495 602//489 601//488
f 608//402 601//488 600//402
f 606//493 600//402 598//486
f 607//494 598//486 599//487
f 605//491 591//485 597//484
f 604//406 597//484 596//406
f 603//490 596//406 595//483
f 602//489 595//483 594//482
f 601//488 594//482 593//481
f 600//402 593//481 592//402
f 598//486 592//402 590//479
f 599//487 590//479 591//480
f 597//484 583//478 589//477
f 596//406 589//477 588//406
f 595//483 588//406 587//476
f 594//482 587//476 586//475
f 593//481 586//475 585//474
f 592//402 585//474 584//402
f 590//479 584//402 582//472
f 591//480 582//472 583//473
f 589//477 575//471 581//470
f 588//406 581//470 580//406
f 587//476 580//406 579//469
f 586//475 579//469 578//468
f 585//474 578//468 577//467
f 584//402 577//467 576//402
f 582//472 576//402 574//465
f 583//473 574//465 575//466
f 581//470 567//464 573//463
f 580//406 573//463 572//406
f 579//469 572//406 571//462
f 578//468 571//462 570//461
f 577//467 570//461 569//460
f 576//402 569//460 568//402
f 574//465 568//402 566//458
f 575//466 566//458 567//459
f 573//463 559//457 565//456
f 572//406 565//456 564//406
f 571//462 564//406 563//455
f 570//461 563//455 562//454
f 569//460 562//454 561//453
f 568//402 561//453 560//402
f 566//458 560//402 558//451
f 567//459 558//451 559//452
f 565//456 551//450 557//449
f 564//406 557//449 556//406
f 563//455 556//406 555//448
f 562//454 555//448 554//447
f 561//453 554//447 553//446
f 560//402 553//446 552//402
f 558//451 552//402 550//444
f 559//452 550//444 551//445
f 557//449 543//443 549//442
f 556//406 549//442 548//406
f 555//448 548//406 547//441
f 554//447 547//441 546//440
f 553//446 546//440 545//439
f 552//402 545//439 544//402
f 550//444 544//402 542//437
f 551//445 542//437 543//438
f 549//442 535//436 541//435
f 548//406 541//435 540//406
f 547//441 540//406 539//434
f 546//440 539//434 538//433
f 545//439 538//433 537//432
f 544//402 537//432 536//402
f 542//437 536//402 534//430
f 543//438 534//430 535//431
f 541//435 527//429 533//428
f 540//406 533//428 532//406
f 539//434 532//406 531//427
f 538//433 531//427 530//426
f 537//432 530//426 529//425
f 536//402 529//425 528//402
f 534//430 528//402 526//423
f 535//431 526//423 527//424
f 533//428 519//422 525//421
f 532//406 525//421 524//406
f 531//427 524//406 523//420
f 530//426 523//420 522//419
f 529//425 522//419 521//418
f 528//402 521//418 520//402
f 526//423 520//402 518//416
f 527//424 518//416 519//417
f 525//421 511//415 517//414
f 524//406 517//414 516//406
f 523//420 516//406 515//413
f 522//419 515//413 514//412
f 521//418 514//412 513//411
f 520//402 513//411 512//402
f 518//416 512//402 510//409
f 519//417 510//409 511//410
f 517//414 503//408 509//407
f 516//406 509//407 508//406
f 515//413 508//406 507//405
f 514//412 507//405 506//404
f 513//411 506//404 505//403
f 512//402 505//403 504//402
f 510//409 504//402 502//400
f 511//410 502//400 503//401
f 509//407 495//399 501//398
f 508//406 501//398 500//1
f 507//405 500//1 499//397
f 506//404 499//397 498//396
f 505//403 498//396 497//395
f 504//402 497//395 496//149
f 502//400 496//149 494//393
f 503//401 494//393 495//394
f 501//398 487//392 493//391
f 500//1 493//391 492//1
f 499//397 492//1 491//390
f 498//396 491//390 490//389
f 497//395 490//389 489//388
f 496//149 489//388 488//149
f 494//393 488//149 486//386
f 495//394 486//386 487//387
f 493//391 479//385 485//384
f 492//1 485//384 484//1
f 491//390 484//1 483//383
f 490//389 483//383 482//382
f 489//388 482//382 481//381
f 488//149 481//381 480//149
f 486//386 480//149 478//379
f 487//387 478//379 479//380
f 485//384 471//378 477//377
f 484//1 477//377 476//1
f 483//383 476//1 475//376
f 482//382 475//376 474//375
f 481//381 474//375 473//374
f 480//149 473//374 472//149
f 478//379 472//149 470//372
f 479//380 470//372 471//373
f 477//377 463//371 469//370
f 476//1 469//370 468//1
f 475//376 468//1 467//369
f 474//375 467//369 466//368
f 473//374 466//368 465//367
f 472//149 465//367 464//149
f 470//372 464//149 462//365
f 471//373 462//365 463//366
f 469//370 455//364 461//363
f 468//1 461//363 460//1
f 467//369 460//1 459//362
f 466//368 459//362 458//361
f 465//367 458//361 457//360
f 464//149 457//360 456//149
f 462//365 456//149 454//358
f 463//366 454//358 455//359
f 461//363 447//357 453//356
f 460//1 453//356 452//1
f 459//362 452//1 451//355
f 458//361 451//355 450//354
f 457//360 450//354 449//353
f 456//149 449//353 448//149
f 454//358 448//149 446//351
f 455//359 446//351 447//352
f 453//356 439//350 445//349
f 452//1 445//349 444//1
f 451//355 444//1 443//348
f 450//354 443//348 442//347
f 449//353 442//347 441//346
f 448//149 441//346 440//149
f 446//351 440//149 438//344
f 447//352 438//344 439//345
f 445//349 431//343 437//342
f 444//1 437//342 436//1
f 443//348 436//1 435//341
f 442//347 435//341 434//340
f 441//346 434//340 433//339
f 440//149 433//339 432//149
f 438//344 432//149 430//337
f 439//345 430//337 431//338
f 437//342 423//336 429//335
f 436//1 429//335 428//157
f 435//341 428//157 427//334
f 434//340 427//334 426//333
f 433//339 426//333 425//332
f 432//149 425//332 424//150
f 430//337 424//150 422//330
f 431//338 422//330 423//331
f 429//335 415//329 421//328
f 428//157 421//328 420//157
f 427//334 420//157 419//327
f 426//333 419//327 418//326
f 425//332 418//326 417//325
f 424//150 417//325 416//150
f 422//330 416//150 414//323
f 423//331 414//323 415//324
f 421//328 407//322 413//321
f 420//157 413//321 412//157
f 419//327 412//157 411//320
f 418//326 411//320 410//319
f 417//325 410//319 409//318
f 416//150 409//318 408//150
f 414//323 408//150 406//316
f 415//324 406//316 407//317
f 413//321 399//315 405//314
f 412//157 405//314 404//157
f 411//320 404//157 403//313
f 410//319 403//313 402//312
f 409//318 402//312 401//311
f 408//150 401//311 400//150
f 406//316 400//150 398//309
f 407//317 398//309 399//310
f 405//314 391//308 397//307
f 404//157 397//307 396//157
f 403//313 396//157 395//306
f 402//312 395//306 394//305
f 401//311 394//305 393//304
f 400//150 393//304 392//150
f 398//309 392//150 390//302
f 399//310 390//302 391//303
f 397//307 383//301 389//300
f 396//157 389//300 388//1
f 395//306 388//1 387//299
f 394//305 387//299 386//298
f 393//304 386//298 385//297
f 392//150 385//297 384//149
f 390//302 384//149 382//295
f 391//303 382//295 383//296
f 389//300 375//294 381//293
f 388//1 381//293 380//1
f 387//299 380//1 379//292
f 386//298 379//292 378//291
f 385//297 378//291 377//290
f 384//149 377//290 376//149
f 382//295 376//149 374//288
f 383//296 374//288 375//289
f 381//293 367//287 373//286
f 380//1 373//286 372//1
f 379//292 372//1 371//285
f 378//291 371//285 370//284
f 377//290 370//284 369//283
f 376//149 369//283 368//149
f 374//288 368//149 366//281
f 375//289 366//281 367//282
f 373//286 359//280 365//279
f 372//1 365//279 364//1
f 371//285 364//1 363//278
f 370//284 363//278 362//277
f 369//283 362//277 361//276
f 368//149 361//276 360//149
f 366//281 360//149 358//274
f 367//282 358//274 359//275
f 365//279 351//273 357//272
f 364//1 357//272 356//1
f 363//278 356//1 355//271
f 362//277 355//271 354//270
f 361//276 354//270 353//269
f 360//149 353//269 352//149
f 358//274 352//149 350//267
f 359//275 350//267 351//268
f 357//272 343//266 349//265
f 356//1 349//265 348//1
f 355//271 348//1 347//264
f 354//270 347//264 346//263
f 353//269 346//263 345//262
f 352//149 345//262 344//149
f 350//267 344//149 342//260
f 351//268 342//260 343//261
f 349//265 335//259 341//258
f 348//1 341//258 340//1
f 347//264 340//1 339//257
f 346//263 339//257 338//256
f 345//262 338//256 337//255
f 344//149 337//255 336//149
f 342//260 336//149 334//253
f 343//261 334//253 335//254
f 341//258 327//252 333//251
f 340//1 333//251 332//157
f 339//257 332//157 331//250
f 338//256 331//250 330//249
f 337//255 330//249 329//248
f 336//149 329//248 328//150
f 334//253 328//150 326//246
f 335//254 326//246 327//247
f 333//251 319//245 325//244
f 332//157 325//244 324//157
f 331//250 324//157 323//243
f 330//249 323//243 322//242
f 329//248 322//242 321//241
f 328//150 321//241 320//150
f 326//246 320//150 318//239
f 327//247 318//239 319//240
f 325//244 311//238 317//237
f 324//157 317//237 316//157
f 323//243 316//157 315//236
f 322//242 315//236 314//235
f 321//241 314//235 313//234
f 320//150 313//234 312//150
f 318//239 312//150 310//232
f 319//240 310//232 311//233
f 317//237 303//231 309//230
f 316//157 309//230 308//157
f 315//236 308//157 307//229
f 314//235 307//229 306//228
f 313//234 306//228 305//227
f 312//150 305//227 304//150
f 310//232 304//150 302//225
f 311//233 302//225 303//226
f 309//230 295//224 301//223
f 308//157 301//223 300//157
f 307//229 300//157 299//222
f 306//228 299//222 298//221
f 305//227 298//221 297//220
f 304//150 297//220 296//150
f 302//225 296//150 294//218
f 303//226 294//218 295//219
f 301//223 287//217 293//216
f 300//157 293//216 292//157
f 299//222 292//157 291//215
f 298//221 291//215 290//214
f 297//220 290//214 289//213
f 296//150 289//213 288//150
f 294//218 288//150 286//211
f 295//219 286//211 287//212
f 293//216 279//210 285//209
f 292//157 285//209 284//157
f 291//215 284//157 283//208
f 290//214 283//208 282//207
f 289//213 282//207 281//206
f 288//150 281//206 280//150
f 286//211 280//150 278//204
f 287//212 278//204 279//205
f 285//209 271//203 277//202
f 284//157 277//202 276//157
f 283//208 276//157 275//201
f 282//207 275//201 274//200
f 281//206 274//200 273//199
f 280//150 273//199 272//150
f 278//204 272//150 270//197
f 279//205 270//197 271//198
f 277//202 263//196 269//195
f 276//157 269//195 268//157
f 275//201 268//157 267//194
f 274//200 267//194 266//193
f 273//199 266//193 265//192
f 272//150 265//192 264//150
f 270//197 264//150 262//190
f 271//198 262//190 263//191
f 269//195 255//189 261//188
f 268//157 261//188 260//157
f 267//194 260//157 259//187
f 266//193 259//187 258//186
f 265//192 258//186 257//185
f 264//150 257//185 256//150
f 262//190 256//150 254//183
f 263//191 254//183 255//184
f 261//188 247//182 253//181
f 260//157 253//181 252//157
f 259//187 252//157 251//180
f 258//186 251//180 250//179
f 257//185 250//179 249//178
f 256//150 249//178 248//150
f 254//183 248//150 246//176
f 255//184 246//176 247//177
f 253//181 239//175 245//174
f 252//157 245//174 244//157
f 251//180 244//157 243//173
f 250//179 243//173 242//172
f 249//178 242//172 241//171
f 248//150 241//171 240//150
f 246//176 240//150 238//169
f 247//177 238//169 239//170
f 245//174 231//168 237//167
f 244//157 237//167 236//157
f 243//173 236//157 235//166
f 242//172 235//166 234//165
f 241//171 234//165 233//164
f 240//150 233//164 232//150
f 238//169 232//150 230//162
f 239//170 230//162 231//163
f 237//167 216//161 229//159
f 236//157 229//159 227//157
f 235//166 227//157 225//156
f 234//165 225//156 223//154
f 233//164 223//154 221//152
f 232//150 221//152 219//150
f 230//162 219//150 215//146
f 231//163 215//146 216//147
f 229//159 217//160 228//158
f 227//157 228//158 226//1
f 225//156 226//1 224//155
f 223//154 224//155 222//153
f 221//152 222//153 220//151
f 219//150 220//151 218//149
f 215//146 218//149 214//145
f 216//147 214//145 217//148
f 143//144 74//144 213//144
f 213//143 142//143 212//143
f 212//142 141//142 211//142
f 211//141 140//141 210//141
f 210//140 139//140 209//140
f 209//139 138//139 208//139
f 208//138 137//138 207//138
f 207//137 136//137 206//137
f 206//136 135//136 205//136
f 205//135 134//135 204//135
f 204//134 133//134 203//134
f 203//133 132//133 202//133
f 202//132 131//132 201//132
f 201//131 130//131 200//131
f 200//130 128//130 199//130
f 128//129 198//129 199//129
f 198//128 127//128 197//128
f 197//127 126//127 196//127
f 196//126 125//126 195//126
f 195//125 124//125 194//125
f 194//124 123//124 193//124
f 193//123 122//123 192//123
f 192//122 121//122 191//122
f 191//121 120//121 190//121
f 190//120 119//120 189//120
f 189//119 118//119 188//119
f 188//118 115//118 187//118
f 187//117 116//117 186//117
f 186//116 117//116 185//116
f 185//115 114//115 184//115
f 184//114 113//114 183//114
f 183//113 112//113 182//113
f 182//112 111//112 181//112
f 181//111 110//111 180//111
f 180//110 109//110 179//110
f 179//109 108//109 178//109
f 178//108 107//108 177//108
f 177//107 105//107 176//107
f 176//106 106//106 175//106
f 175//105 104//105 174//105
f 174//104 103//104 173//104
f 173//103 102//103 172//103
f 172//102 101//102 171//102
f 171//101 100//101 170//101
f 170//100 99//100 169//100
f 169//99 98//99 168//99
f 168//98 97//98 167//98
f 167//97 96//97 166//97
f 166//96 95//96 165//96
f 165//95 93//95 164//95
f 164//94 92//94 163//94
f 163//93 89//93 162//93
f 162//92 90//92 161//92
f 161//91 91//91 160//91
f 160//90 94//90 159//90
f 159//89 88//89 158//89
f 158//88 87//88 157//88
f 157//87 86//87 156//87
f 156//86 85//86 155//86
f 155//85 84//85 154//85
f 154//84 83//84 153//84
f 153//83 82//83 152//83
f 152//82 81//82 151//82
f 151//81 80//81 150//81
f 150//80 79//80 149//80
f 149//79 78//79 148//79
f 148//78 77//78 147//78
f 147//77 76//77 146//77
f 146//76 75//76 145//76
f 145//75 72//75 144//75
f 144//74 73//74 143//74
f 2//73 213//73 1//73
f 1//72 212//72 71//72
f 71//71 211//71 70//71
f 70//70 210//70 69//70
f 69//69 209//69 68//69
f 68//68 208//68 67//68
f 67//67 207//67 66//67
f 66//66 206//66 65//66
f 65//65 205//65 64//65
f 64//64 204//64 63//64
f 63//63 203//63 62//63
f 62//62 202//62 61//62
f 61//61 201//61 60//61
f 60//60 200//60 59//60
f 59//59 199//59 58//59
f 58//58 198//58 57//58
f 57//57 197//57 56//57
f 56//56 196//56 55//56
f 55//55 195//55 54//55
f 54//54 194//54 53//54
f 53//53 193//53 52//53
f 52//52 192//52 51//52
f 51//51 191//51 50//51
f 50//50 190//50 49//50
f 49//49 189//49 48//49
f 48//48 188//48 47//48
f 47//47 187//47 46//47
f 46//46 186//46 45//46
f 45//45 185//45 44//45
f 44//44 184//44 43//44
f 43//43 183//43 42//43
f 42//42 182//42 41//42
f 41//41 181//41 40//41
f 40//40 180//40 39//40
f 39//39 179//39 38//39
f 38//38 178//38 37//38
f 37//37 177//37 36//37
f 36//36 176//36 35//36
f 35//35 175//35 34//35
f 34//34 174//34 33//34
f 33//33 173//33 32//33
f 32//32 172//32 31//32
f 31//31 171//31 30//31
f 30//30 170//30 29//30
f 29//29 169//29 28//29
f 28//28 168//28 27//28
f 27//27 167//27 26//27
f 26//26 166//26 25//26
f 25//25 165//25 24//25
f 24//24 164//24 22//24
f 22//23 163//23 21//23
f 21//22 162//22 20//22
f 20//21 161//21 19//21
f 19//20 160//20 18//20
f 18//19 159//19 23//19
f 23//18 158//18 17//18
f 17//17 157//17 16//17
f 16//16 156//16 15//16
f 15//15 155//15 14//15
f 14//14 154//14 13//14
f 13//13 153//13 12//13
f 12//12 152//12 11//12
f 11//11 151//11 10//11
f 10//10 150//10 9//10
f 9//9 149//9 8//9
f 8//8 148//8 7//8
f 7//7 147//7 6//7
f 6//6 146//6 5//6
f 5//5 145//5 4//5
f 4//4 144//4 3//4
f 3//3 143//3 2//3
g seven_border
f 1206//1 1208//1 1207//1
f 1206//1 1209//1 1208//1
f 1206//1 1210//1 1209//1
f 1206//1 1211//1 1210//1
f 1206//1 1212//1 1211//1
f 1206//1 1213//1 1212//1
f 1206//1 1214//1 1213//1
f 1206//1 1215//1 1214//1
f 1206//1 1216//1 1215//1
f 1206//1 1217//1 1216//1
f 1206//1 1218//1 1217//1
f 1206//1 1219//1 1218//1
f 1206//1 1220//1 1219//1
f 1206//1 1221//1 1220//1
f 1206//1 1222//1 1221//1
f 1206//1 1223//1 1222//1
f 1206//1 1224//1 1223//1
f 1206//1 1225//1 1224//1
f 1206//1 1226//1 1225//1
f 1206//1 1227//1 1226//1
f 1206//1 1228//1 1227//1
f 1206//1 1229//1 1228//1
f 1206//1 1230//1 1229//1
f 1206//1 1231//1 1230//1
f 1206//1 1232//1 1231//1
f 1206//1 1233//1 1232//1
f 1206//1 1234//1 1233//1
f 1206//1 1235//1 1234//1
f 1206//1 1236//1 1235//1
f 1237//1 1239//1 1238//1
f 1237//1 1240//1 1239//1
f 1241//1 1240//1 1237//1
f 1241//1 1242//1 1240//1
f 1243//1 1242//1 1241//1
f 1243//1 1244//1 1242//1
f 1245//1 1244//1 1243//1
f 1245//1 1246//1 1244//1
f 1247//1 1246//1 1245//1
f 1247//1 1248//1 1246//1
f 1247//1 1249//1 1248//1
f 1247//1 1250//1 1249//1
f 1247//1 1251//1 1250//1
f 1247//1 1252//1 1251//1
f 1253//1 1252//1 1247//1
f 1253//1 1254//1 1252//1
f 1253//1 1255//1 1254//1
f 1253//1 1256//1 1255//1
f 1256//1 1258//1 1257//1
f 1256//1 1259//1 1258//1
f 1256//1 1260//1 1259//1
f 1256//1 1261//1 1260//1
f 1256//1 1262//1 1261//1
f 1256//1 1263//1 1262//1
f 1256//1 1264//1 1263//1
f 1253//1 1264//1 1256//1
f 1265//1 1264//1 1253//1
f 1266//1 1264//1 1265//1
f 1266//1 1267//1 1264//1
f 1266//1 1268//1 1267//1
f 1266//1 1269//1 1268//1
f 1266//1 1270//1 1269//1
f 1271//1 1270//1 1266//1
f 1271//1 1272//1 1270//1
f 1271//1 1273//1 1272//1
f 1274//1 1273//1 1271//1
f 1275//1 1273//1 1274//1
f 1275//1 1276//1 1273//1
f 1275//1 1277//1 1276//1
f 1278//1 1277//1 1275//1
f 1279//1 1277//1 1278//1
f 1280//1 1277//1 1279//1
f 1281//1 1277//1 1280//1
f 1281//1 1282//1 1277//1
f 1281//1 1283//1 1282//1
f 1236//1 1283//1 1281//1
f 1206//1 1283//1 1236//1
f 1206//1 1284//1 1283//1
f 1285//1 1287//1 1286//1
f 1288//1 1287//1 1285//1
f 1284//1 1287//1 1288//1
f 1284//1 1289//1 1287//1
f 1284//1 1290//1 1289//1
f 1284//1 1291//1 1290//1
f 1284//1 1292//1 1291//1
f 1284//1 1293//1 1292//1
f 1284//1 1294//1 1293//1
f 1284//1 1295//1 1294//1
f 1284//1 1296//1 1295//1
f 1284//1 1297//1 1296//1
f 1284//1 1298//1 1297//1
f 1284//1 1299//1 1298//1
f 1284//1 1300//1 1299//1
f 1284//1 1301//1 1300//1
f 1284//1 1302//1 1301//1
f 1284//1 1303//1 1302//1
f 1284//1 1304//1 1303//1
f 1284//1 1305//1 1304//1
f 1284//1 1306//1 1305//1
f 1284//1 1307//1 1306//1
f 1284//1 1308//1 1307//1
f 1284//1 1309//1 1308//1
f 1284//1 1310//1 1309//1
f 1284//1 1311//1 1310//1
f 1284//1 1312//1 1311//1
f 1284//1 1313//1 1312//1
f 1284//1 1314//1 1313//1
f 1284//1 1315//1 1314//1
f 1284//1 1316//1 1315//1
f 1284//1 1317//1 1316//1
f 1284//1 1318//1 1317//1
f 1284//1 1319//1 1318//1
f 1206//1 1319//1 1284//1
f 1206//1 1320//1 1319//1
f 1206//1 1321//1 1320//1
f 1206//1 1322//1 1321//1
f 1206//1 1323//1 1322//1
f 1206//1 1324//1 1323//1
f 1206//1 1325//1 1324//1
f 1325//1 1206//1 1326//1
f 1327//2 1329//2 1328//2
f 1330//2 1329//2 1327//2
f 1331//2 1329//2 1330//2
f 1332//2 1329//2 1331//2
f 1333//2 1329//2 1332//2
f 1334//2 1329//2 1333//2
f 1335//2 1329//2 1334//2
f 1336//2 1329//2 1335//2
f 1337//2 1329//2 1336//2
f 1338//2 1329//2 1337//2
f 1339//2 1329//2 1338//2
f 1340//2 1329//2 1339//2
f 1341//2 1329//2 1340//2
f 1342//2 1329//2 1341//2
f 1343//2 1329//2 1342//2
f 1344//2 1329//2 1343//2
f 1345//2 1329//2 1344//2
f 1346//2 1329//2 1345//2
f 1347//2 1329//2 1346//2
f 1348//2 1329//2 1347//2
f 1349//2 1329//2 1348//2
f 1350//2 1329//2 1349//2
f 1351//2 1329//2 1350//2
f 1352//2 1329//2 1351//2
f 1353//2 1329//2 1352//2
f 1354//2 1329//2 1353//2
f 1355//2 1329//2 1354//2
f 1356//2 1329//2 1355//2
f 1357//2 1329//2 1356//2
f 1358//2 1360//2 1359//2
f 1361//2 1360//2 1358//2
f 1361//2 1362//2 1360//2
f 1363//2 1362//2 1361//2
f 1363//2 1364//2 1362//2
f 1365//2 1364//2 1363//2
f 1365//2 1366//2 1364//2
f 1367//2 1366//2 1365//2
f 1367//2 1368//2 1366//2
f 1369//2 1368//2 1367//2
f 1370//2 1368//2 1369//2
f 1371//2 1368//2 1370//2
f 1372//2 1368//2 1371//2
f 1373//2 1368//2 1372//2
f 1373//2 1374//2 1368//2
f 1375//2 1374//2 1373//2
f 1376//2 1374//2 1375//2
f 1377//2 1374//2 1376//2
f 1378//2 1377//2 1379//2
f 1380//2 1377//2 1378//2
f 1381//2 1377//2 1380//2
f 1382//2 1377//2 1381//2
f 1383//2 1377//2 1382//2
f 1384//2 1377//2 1383//2
f 1385//2 1377//2 1384//2
f 1385//2 1374//2 1377//2
f 1385//2 1386//2 1374//2
f 1385//2 1387//2 1386//2
f 1388//2 1387//2 1385//2
f 1389//2 1387//2 1388//2
f 1390//2 1387//2 1389//2
f 1391//2 1387//2 1390//2
f 1391//2 1392//2 1387//2
f 1393//2 1392//2 1391//2
f 1394//2 1392//2 1393//2
f 1394//2 1395//2 1392//2
f 1394//2 1396//2 1395//2
f 1397//2 1396//2 1394//2
f 1398//2 1396//2 1397//2
f 1398//2 1399//2 1396//2
f 1398//2 1400//2 1399//2
f 1398//2 1401//2 1400//2
f 1398//2 1402//2 1401//2
f 1403//2 1402//2 1398//2
f 1404//2 1402//2 1403//2
f 1404//2 1357//2 1402//2
f 1404//2 1329//2 1357//2
f 1405//2 1329//2 1404//2
f 1406//2 1408//2 1407//2
f 1406//2 1409//2 1408//2
f 1406//2 1405//2 1409//2
f 1410//2 1405//2 1406//2
f 1411//2 1405//2 1410//2
f 1412//2 1405//2 1411//2
f 1413//2 1405//2 1412//2
f 1414//2 1405//2 1413//2
f 1415//2 1405//2 1414//2
f 1416//2 1405//2 1415//2
f 1417//2 1405//2 1416//2
f 1418//2 1405//2 1417//2
f 1419//2 1405//2 1418//2
f 1420//2 1405//2 1419//2
f 1421//2 1405//2 1420//2
f 1422//2 1405//2 1421//2
f 1423//2 1405//2 1422//2
f 1424//2 1405//2 1423//2
f 1425//2 1405//2 1424//2
f 1426//2 1405//2 1425//2
f 1427//2 1405//2 1426//2
f 1428//2 1405//2 1427//2
f 1429//2 1405//2 1428//2
f 1430//2 1405//2 1429//2
f 1431//2 1405//2 1430//2
f 1432//2 1405//2 1431//2
f 1433//2 1405//2 1432//2
f 1434//2 1405//2 1433//2
f 1435//2 1405//2 1434//2
f 1436//2 1405//2 1435//2
f 1437//2 1405//2 1436//2
f 1438//2 1405//2 1437//2
f 1439//2 1405//2 1438//2
f 1440//2 1405//2 1439//2
f 1440//2 1329//2 1405//2
f 1441//2 1329//2 1440//2
f 1442//2 1329//2 1441//2
f 1443//2 1329//2 1442//2
f 1444//2 1329//2 1443//2
f 1445//2 1329//2 1444//2
f 1446//2 1329//2 1445//2
f 1329//2 1446//2 1447//2
f 1328//3 1208//3 1327//3
f 1327//4 1209//4 1330//4
f 1330//1019 1210//1019 1331//1019
f 1331//1020 1211//1020 1332//1020
f 1332//5 1212//5 1333//5
f 1333//1021 1213//1021 1334//1021
f 1334//1022 1214//1022 1335//1022
f 1335//6 1215//6 1336//6
f 1336//1023 1216//1023 1337//1023
f 1337//1024 1217//1024 1338//1024
f 1338//7 1218//7 1339//7
f 1339//1025 1219//1025 1340//1025
f 1340//8 1220//8 1341//8
f 1341//1026 1221//1026 1342//1026
f 1342//9 1222//9 1343//9
f 1343//1027 1223//1027 1344//1027
f 1344//10 1224//10 1345//10
f 1345//1028 1225//1028 1346//1028
f 1346//11 1226//11 1347//11
f 1347//12 1227//12 1348//12
f 1348//13 1228//13 1349//13
f 1349//14 1229//14 1350//14
f 1350//15 1230//15 1351//15
f 1351//16 1231//16 1352//16
f 1352//17 1232//17 1353//17
f 1353//1029 1233//1029 1354//1029
f 1354//1030 1234//1030 1355//1030
f 1355//1031 1235//1031 1356//1031
f 1356//1032 1236//1032 1357//1032
f 1357//1033 1281//1033 1402//1033
f 1402//1034 1280//1034 1401//1034
f 1401//1035 1279//1035 1400//1035
f 1400//1036 1278//1036 1399//1036
f 1399//1037 1275//1037 1396//1037
f 1396//1038 1274//1038 1395//1038
f 1395//1039 1271//1039 1392//1039
f 1392//1040 1266//1040 1387//1040
f 1387//1041 1265//1041 1386//1041
f 1386//1042 1253//1042 1374//1042
f 1374//1043 1247//1043 1368//1043
f 1368//18 1245//18 1366//18
f 1366//1044 1243//1044 1364//1044
f 1364//19 1241//19 1362//19
f 1362//1045 1237//1045 1360//1045
f 1360//20 1238//20 1359//20
f 1359//21 1239//21 1358//21
f 1358//22 1240//22 1361//22
f 1361//23 1242//23 1363//23
f 1363//24 1244//24 1365//24
f 1365//25 1246//25 1367//25
f 1367//26 1248//26 1369//26
f 1369//27 1249//27 1370//27
f 1370//28 1250//28 1371//28
f 1371//29 1251//29 1372//29
f 1372//30 1252//30 1373//30
f 1373//31 1254//31 1375//31
f 1375//32 1255//32 1376//32
f 1376//33 1256//33 1377//33
f 1377//34 1257//34 1379//34
f 1379//35 1258//35 1378//35
f 1378//1046 1259//1046 1380//1046
f 1380//36 1260//36 1381//36
f 1381//1047 1261//1047 1382//1047
f 1382//37 1262//37 1383//37
f 1383//1048 1263//1048 1384//1048
f 1384//38 1264//38 1385//38
f 1385//1049 1267//1049 1388//1049
f 1388//39 1268//39 1389//39
f 1389//1050 1269//1050 1390//1050
f 1390//40 1270//40 1391//40
f 1391//1051 1272//1051 1393//1051
f 1393//41 1273//41 1394//41
f 1394//1052 1276//1052 1397//1052
f 1397//42 1277//42 1398//42
f 1398//1053 1282//1053 1403//1053
f 1403//43 1283//43 1404//43
f 1404//1054 1284//1054 1405//1054
f 1405//44 1288//44 1409//44
f 1409//1055 1285//1055 1408//1055
f 1408//45 1286//45 1407//45
f 1407//46 1287//46 1406//46
f 1406//47 1289//47 1410//47
f 1410//48 1290//48 1411//48
f 1411//49 1291//49 1412//49
f 1412//50 1292//50 1413//50
f 1413//51 1293//51 1414//51
f 1414//52 1294//52 1415//52
f 1415//53 1295//53 1416//53
f 1416//54 1296//54 1417//54
f 1417//55 1297//55 1418//55
f 1418//56 1298//56 1419//56
f 1419//59 1299//59 1420//59
f 1420//1056 1300//1056 1421//1056
f 1421//60 1301//60 1422//60
f 1422//1057 1302//1057 1423//1057
f 1423//61 1303//61 1424//61
f 1424//1058 1304//1058 1425//1058
f 1425//62 1305//62 1426//62
f 1426//1059 1306//1059 1427//1059
f 1427//63 1307//63 1428//63
f 1428//1060 1308//1060 1429//1060
f 1429//64 1309//64 1430//64
f 1430//65 1310//65 1431//65
f 1431//66 1311//66 1432//66
f 1432//67 1312//67 1433//67
f 1433//68 1313//68 1434//68
f 1434//69 1314//69 1435//69
f 1435//70 1315//70 1436//70
f 1436//1061 1316//1061 1437//1061
f 1437//1062 1317//1062 1438//1062
f 1438//1063 1318//1063 1439//1063
f 1439//1064 1319//1064 1440//1064
f 1440//1065 1320//1065 1441//1065
f 1441//1066 1321//1066 1442//1066
f 1442//1067 1322//1067 1443//1067
f 1443//1068 1323//1068 1444//1068
f 1444//1069 1324//1069 1445//1069
f 1445//1070 1325//1070 1446//1070
f 1446//71 1326//71 1447//71
f 1447//72 1206//72 1329//72
f 1329//73 1207//73 1328//73
f 1207//73 1329//73 1206//73
f 1206//72 1447//72 1326//72
f 1326//71 1446//71 1325//71
f 1325//1070 1445//1070 1324//1070
f 1324//1069 1444//1069 1323//1069
f 1323//1068 1443//1068 1322//1068
f 1322//1067 1442//1067 1321//1067
f 1321//1066 1441//1066 1320//1066
f 1320//1065 1440//1065 1319//1065
f 1319//1064 1439//1064 1318//1064
f 1318//1063 1438//1063 1317//1063
f 1317//1062 1437//1062 1316//1062
f 1316//1061 1436//1061 1315//1061
f 1315//70 1435//70 1314//70
f 1314//69 1434//69 1313//69
f 1313//68 1433//68 1312//68
f 1312//67 1432//67 1311//67
f 1311//66 1431//66 1310//66
f 1310//65 1430//65 1309//65
f 1309//64 1429//64 1308//64
f 1308//1060 1428//1060 1307//1060
f 1307//63 1427//63 1306//63
f 1306//1059 1426//1059 1305//1059
f 1305//62 1425//62 1304//62
f 1304//1058 1424//1058 1303//1058
f 1303//61 1423//61 1302//61
f 1302//1057 1422//1057 1301//1057
f 1301//60 1421//60 1300//60
f 1300//1056 1420//1056 1299//1056
f 1299//59 1419//59 1298//59
f 1298//56 1418//56 1297//56
f 1297//55 1417//55 1296//55
f 1296//54 1416//54 1295//54
f 1295//53 1415//53 1294//53
f 1294//52 1414//52 1293//52
f 1293//51 1413//51 1292//51
f 1292//50 1412//50 1291//50
f 1291//49 1411//49 1290//49
f 1290//48 1410//48 1289//48
f 1289//47 1406//47 1287//47
f 1287//46 1407//46 1286//46
f 1286//45 1408//45 1285//45
f 1285//1055 1409//1055 1288//1055
f 1288//44 1405//44 1284//44
f 1284//1054 1404//1054 1283//1054
f 1283//43 1403//43 1282//43
f 1282//1053 1398//1053 1277//1053
f 1277//42 1397//42 1276//42
f 1276//1052 1394//1052 1273//1052
f 1273//41 1393//41 1272//41
f 1272//1051 1391//1051 1270//1051
f 1270//40 1390//40 1269//40
f 1269//1050 1389//1050 1268//1050
f 1268//39 1388//39 1267//39
f 1267//1049 1385//1049 1264//1049
f 1264//38 1384//38 1263//38
f 1263//1048 1383//1048 1262//1048
f 1262//37 1382//37 1261//37
f 1261//1047 1381//1047 1260//1047
f 1260//36 1380//36 1259//36
f 1259//1046 1378//1046 1258//1046
f 1258//35 1379//35 1257//35
f 1257//34 1377//34 1256//34
f 1256//33 1376//33 1255//33
f 1255//32 1375//32 1254//32
f 1254//31 1373//31 1252//31
f 1252//30 1372//30 1251//30
f 1251//29 1371//29 1250//29
f 1250//28 1370//28 1249//28
f 1249//27 1369//27 1248//27
f 1248//26 1367//26 1246//26
f 1246//25 1365//25 1244//25
f 1244//24 1363//24 1242//24
f 1242//23 1361//23 1240//23
f 1240//22 1358//22 1239//22
f 1239//21 1359//21 1238//21
f 1238//20 1360//20 1237//20
f 1237//1045 1362//1045 1241//1045
f 1241//19 1364//19 1243//19
f 1243//1044 1366//1044 1245//1044
f 1245//18 1368//18 1247//18
f 1247//1043 1374//1043 1253//1043
f 1253//1042 1386//1042 1265//1042
f 1265//1041 1387//1041 1266//1041
f 1266//1040 1392//1040 1271//1040
f 1271//1039 1395//1039 1274//1039
f 1274//1038 1396//1038 1275//1038
f 1275//1037 1399//1037 1278//1037
f 1278//1036 1400//1036 1279//1036
f 1279//1035 1401//1035 1280//1035
f 1280//1034 1402//1034 1281//1034
f 1281//1033 1357//1033 1236//1033
f 1236//1032 1356//1032 1235//1032
f 1235//1031 1355//1031 1234//1031
f 1234//1030 1354//1030 1233//1030
f 1233//1029 1353//1029 1232//1029
f 1232//17 1352//17 1231//17
f 1231//16 1351//16 1230//16
f 1230//15 1350//15 1229//15
f 1229//14 1349//14 1228//14
f 1228//13 1348//13 1227//13
f 1227//12 1347//12 1226//12
f 1226//11 1346//11 1225//11
f 1225//1028 1345//1028 1224//1028
f 1224//10 1344//10 1223//10
f 1223//1027 1343//1027 1222//1027
f 1222//9 1342//9 1221//9
f 1221//1026 1341//1026 1220//1026
f 1220//8 1340//8 1219//8
f 1219//1025 1339//1025 1218//1025
f 1218//7 1338//7 1217//7
f 1217//1024 1337//1024 1216//1024
f 1216//1023 1336//1023 1215//1023
f 1215//6 1335//6 1214//6
f 1214//1022 1334//1022 1213//1022
f 1213//1021 1333//1021 1212//1021
f 1212//5 1332//5 1211//5
f 1211//1020 1331//1020 1210//1020
f 1210//1019 1330//1019 1209//1019
f 1209//4 1327//4 1208//4
f 1208//3 1328//3 1207//3
g seven_chrome
f 1448//1071 1450//147 1449//1072
f 1452//149 1449//1072 1453//150
f 1454//1073 1453//150 1455//1074
f 1456//153 1455//1074 1457//154
f 1458//1075 1457//154 1459//1076
f 1460//1 1459//1076 1461//157
f 1462//1077 1461//157 1463//1078
f 1451//160 1463//1078 1450//161
f 1449//1072 1465//163 1464//1079
f 1453//150 1464//1079 1466//150
f 1455//1074 1466//150 1467//1080
f 1457//154 1467//1080 1468//165
f 1459//1076 1468//165 1469//1081
f 1461//157 1469//1081 1470//157
f 1463//1078 1470//157 1471//1082
f 1450//161 1471//1082 1465//168
f 1464//1079 1473//170 1472//1083
f 1466//150 1472//1083 1474//150
f 1467//1080 1474//150 1475//1084
f 1468//165 1475//1084 1476//172
f 1469//1081 1476//172 1477//1085
f 1470//157 1477//1085 1478//157
f 1471//1082 1478//157 1479//1086
f 1465//168 1479//1086 1473//175
f 1472//1083 1481//177 1480//1087
f 1474//150 1480//1087 1482//150
f 1475//1084 1482//150 1483//1088
f 1476//172 1483//1088 1484//179
f 1477//1085 1484//179 1485//1089
f 1478//157 1485//1089 1486//157
f 1479//1086 1486//157 1487//1090
f 1473//175 1487//1090 1481//182
f 1480//1087 1489//184 1488//1091
f 1482//150 1488//1091 1490//150
f 1483//1088 1490//150 1491//1092
f 1484//179 1491//1092 1492//186
f 1485//1089 1492//186 1493//1093
f 1486//157 1493//1093 1494//157
f 1487//1090 1494//157 1495//1094
f 1481//182 1495//1094 1489//189
f 1488//1091 1497//191 1496//1095
f 1490//150 1496//1095 1498//150
f 1491//1092 1498//150 1499//1096
f 1492//186 1499//1096 1500//193
f 1493//1093 1500//193 1501//1097
f 1494//157 1501//1097 1502//157
f 1495//1094 1502//157 1503//1098
f 1489//189 1503//1098 1497//196
f 1496//1095 1505//198 1504//1099
f 1498//150 1504//1099 1506//150
f 1499//1096 1506//150 1507//1100
f 1500//193 1507//1100 1508//200
f 1501//1097 1508//200 1509//1101
f 1502//157 1509//1101 1510//157
f 1503//1098 1510//157 1511//1102
f 1497//196 1511//1102 1505//203
f 1504//1099 1513//205 1512//1103
f 1506//150 1512//1103 1514//150
f 1507//1100 1514//150 1515//1104
f 1508//200 1515//1104 1516//207
f 1509//1101 1516//207 1517//1105
f 1510//157 1517//1105 1518//157
f 1511//1102 1518//157 1519//1106
f 1505//203 1519//1106 1513//210
f 1512//1103 1521//212 1520//1107
f 1514//150 1520//1107 1522//150
f 1515//1104 1522//150 1523//1108
f 1516//207 1523//1108 1524//214
f 1517//1105 1524//214 1525//1109
f 1518//157 1525//1109 1526//157
f 1519//1106 1526//157 1527//1110
f 1513//210 1527//1110 1521//217
f 1520//1107 1529//219 1528//1111
f 1522//150 1528//1111 1530//150
f 1523//1108 1530//150 1531//1112
f 1524//214 1531//1112 1532//221
f 1525//1109 1532//221 1533//1113
f 1526//157 1533//1113 1534//157
f 1527//1110 1534//157 1535//1114
f 1521//217 1535//1114 1529//224
f 1528//1111 1537//226 1536//1115
f 1530//150 1536//1115 1538//150
f 1531//1112 1538//150 1539//1116
f 1532//221 1539//1116 1540//228
f 1533//1113 1540//228 1541//1117
f 1534//157 1541//1117 1542//157
f 1535//1114 1542//157 1543//1118
f 1529//224 1543//1118 1537//231
f 1536//1115 1545//233 1544//1119
f 1538//150 1544//1119 1546//150
f 1539//1116 1546//150 1547//1120
f 1540//228 1547//1120 1548//235
f 1541//1117 1548//235 1549//1121
f 1542//157 1549//1121 1550//157
f 1543//1118 1550//157 1551//1122
f 1537//231 1551//1122 1545//238
f 1544//1119 1553//240 1552//1123
f 1546//150 1552//1123 1554//150
f 1547//1120 1554//150 1555//1124
f 1548//235 1555//1124 1556//242
f 1549//1121 1556//242 1557//1125
f 1550//157 1557//1125 1558//157
f 1551//1122 1558//157 1559//1126
f 1545//238 1559//1126 1553//245
f 1552//1123 1561//247 1560//1127
f 1554//150 1560//1127 1562//150
f 1555//1124 1562//150 1563//1128
f 1556//242 1563//1128 1564//249
f 1557//1125 1564//249 1565//1129
f 1558//157 1565//1129 1566//157
f 1559//1126 1566//157 1567//1130
f 1553//245 1567//1130 1561//252
f 1560//1127 1569//254 1568//1131
f 1562//150 1568//1131 1570//149
f 1563//1128 1570//149 1571//1132
f 1564//249 1571//1132 1572//256
f 1565//1129 1572//256 1573//1133
f 1566//157 1573//1133 1574//1
f 1567//1130 1574//1 1575//1134
f 1561//252 1575//1134 1569//259
f 1568//1131 1577//261 1576//1135
f 1570//149 1576//1135 1578//149
f 1571//1132 1578//149 1579//1136
f 1572//256 1579//1136 1580//263
f 1573//1133 1580//263 1581//1137
f 1574//1 1581//1137 1582//1
f 1575//1134 1582//1 1583//1138
f 1569//259 1583//1138 1577//266
f 1576//1135 1585//268 1584//1139
f 1578//149 1584//1139 1586//149
f 1579//1136 1586//149 1587//1140
f 1580//263 1587//1140 1588//270
f 1581//1137 1588//270 1589//1141
f 1582//1 1589//1141 1590//1
f 1583//1138 1590//1 1591//1142
f 1577//266 1591//1142 1585//273
f 1584//1139 1593//275 1592//1143
f 1586//149 1592//1143 1594//149
f 1587//1140 1594//149 1595//1144
f 1588//270 1595//1144 1596//277
f 1589//1141 1596//277 1597//1145
f 1590//1 1597//1145 1598//1
f 1591//1142 1598//1 1599//1146
f 1585//273 1599//1146 1593//280
f 1592//1143 1601//282 1600//1147
f 1594//149 1600//1147 1602//149
f 1595//1144 1602//149 1603//1148
f 1596//277 1603//1148 1604//284
f 1597//1145 1604//284 1605//1149
f 1598//1 1605//1149 1606//1
f 1599//1146 1606//1 1607//1150
f 1593//280 1607//1150 1601//287
f 1600//1147 1609//289 1608//1151
f 1602//149 1608//1151 1610//149
f 1603//1148 1610//149 1611//1152
f 1604//284 1611//1152 1612//291
f 1605//1149 1612//291 1613//1153
f 1606//1 1613//1153 1614//1
f 1607//1150 1614//1 1615//1154
f 1601//287 1615//1154 1609//294
f 1608//1151 1617//296 1616//1155
f 1610//149 1616//1155 1618//149
f 1611//1152 1618//149 1619//1156
f 1612//291 1619//1156 1620//298
f 1613//1153 1620//298 1621//1157
f 1614//1 1621//1157 1622//1
f 1615//1154 1622//1 1623//1158
f 1609//294 1623//1158 1617//301
f 1616//1155 1625//303 1624//1159
f 1618//149 1624//1159 1626//150
f 1619//1156 1626//150 1627//1160
f 1620//298 1627//1160 1628//305
f 1621//1157 1628//305 1629//1161
f 1622//1 1629//1161 1630//157
f 1623//1158 1630//157 1631//1162
f 1617//301 1631//1162 1625//308
f 1624//1159 1633//310 1632//1163
f 1626//150 1632//1163 1634//150
f 1627//1160 1634//150 1635//1164
f 1628//305 1635//1164 1636//312
f 1629//1161 1636//312 1637//1165
f 1630//157 1637//1165 1638//157
f 1631//1162 1638//157 1639//1166
f 1625//308 1639//1166 1633//315
f 1632//1163 1641//317 1640//1167
f 1634//150 1640//1167 1642//150
f 1635//1164 1642//150 1643//1168
f 1636//312 1643//1168 1644//319
f 1637//1165 1644//319 1645//1169
f 1638//157 1645//1169 1646//157
f 1639//1166 1646//157 1647//1170
f 1633//315 1647//1170 1641//322
f 1640//1167 1649//324 1648//1171
f 1642//150 1648//1171 1650//150
f 1643//1168 1650//150 1651//1172
f 1644//319 1651//1172 1652//326
f 1645//1169 1652//326 1653//1173
f 1646//157 1653//1173 1654//157
f 1647//1170 1654//157 1655//1174
f 1641//322 1655//1174 1649//329
f 1648//1171 1657//331 1656//1175
f 1650//150 1656//1175 1658//150
f 1651//1172 1658//150 1659//1176
f 1652//326 1659//1176 1660//333
f 1653//1173 1660//333 1661//1177
f 1654//157 1661//1177 1662//157
f 1655//1174 1662//157 1663//1178
f 1649//329 1663//1178 1657//336
f 1656//1175 1665//338 1664//1179
f 1658//150 1664//1179 1666//149
f 1659//1176 1666//149 1667//1180
f 1660//333 1667//1180 1668//340
f 1661//1177 1668//340 1669//1181
f 1662//157 1669//1181 1670//1
f 1663//1178 1670//1 1671//1182
f 1657//336 1671//1182 1665//343
f 1664//1179 1673//345 1672//1183
f 1666//149 1672//1183 1674//149
f 1667//1180 1674//149 1675//1184
f 1668//340 1675//1184 1676//347
f 1669//1181 1676//347 1677//1185
f 1670//1 1677//1185 1678//1
f 1671//1182 1678//1 1679//1186
f 1665//343 1679//1186 1673//350
f 1672//1183 1681//352 1680//1187
f 1674//149 1680//1187 1682//149
f 1675//1184 1682//149 1683//1188
f 1676//347 1683//1188 1684//354
f 1677//1185 1684//354 1685//1189
f 1678//1 1685//1189 1686//1
f 1679//1186 1686//1 1687//1190
f 1673//350 1687//1190 1681//357
f 1680//1187 1689//359 1688//1191
f 1682//149 1688//1191 1690//149
f 1683//1188 1690//149 1691//1192
f 1684//354 1691//1192 1692//361
f 1685//1189 1692//361 1693//1193
f 1686//1 1693//1193 1694//1
f 1687//1190 1694//1 1695//1194
f 1681//357 1695//1194 1689//364
f 1688//1191 1697//366 1696//1195
f 1690//149 1696//1195 1698//149
f 1691//1192 1698//149 1699//1196
f 1692//361 1699//1196 1700//368
f 1693//1193 1700//368 1701//1197
f 1694//1 1701//1197 1702//1
f 1695//1194 1702//1 1703//1198
f 1689//364 1703//1198 1697//371
f 1696//1195 1705//373 1704//1199
f 1698//149 1704//1199 1706//149
f 1699//1196 1706//149 1707//1200
f 1700//368 1707//1200 1708//375
f 1701//1197 1708//375 1709//1201
f 1702//1 1709//1201 1710//1
f 1703//1198 1710//1 1711//1202
f 1697//371 1711//1202 1705//378
f 1704//1199 1713//380 1712//1203
f 1706//149 1712//1203 1714//149
f 1707//1200 1714//149 1715//1204
f 1708//375 1715//1204 1716//382
f 1709//1201 1716//382 1717//1205
f 1710//1 1717//1205 1718//1
f 1711//1202 1718//1 1719//1206
f 1705//378 1719//1206 1713//385
f 1712//1203 1721//387 1720//1207
f 1714//149 1720//1207 1722//149
f 1715//1204 1722//149 1723//1208
f 1716//382 1723//1208 1724//389
f 1717//1205 1724//389 1725//1209
f 1718//1 1725//1209 1726//1
f 1719//1206 1726//1 1727//1210
f 1713//385 1727//1210 1721//392
f 1720//1207 1729//394 1728//1211
f 1722//149 1728//1211 1730//149
f 1723//1208 1730//149 1731//1212
f 1724//389 1731//1212 1732//396
f 1725//1209 1732//396 1733//1213
f 1726//1 1733//1213 1734//1
f 1727//1210 1734//1 1735//1214
f 1721//392 1735//1214 1729//399
f 1728//1211 1737//401 1736//1215
f 1730//149 1736//1215 1738//402
f 1731//1212 1738//402 1739//1216
f 1732//396 1739//1216 1740//404
f 1733//1213 1740//404 1741//1217
f 1734//1 1741//1217 1742//406
f 1735//1214 1742//406 1743//1218
f 1729//399 1743//1218 1737//408
f 1736//1215 1745//410 1744//1219
f 1738//402 1744//1219 1746//402
f 1739//1216 1746//402 1747//1220
f 1740//404 1747//1220 1748//412
f 1741//1217 1748//412 1749//1221
f 1742//406 1749//1221 1750//406
f 1743//1218 1750//406 1751//1222
f 1737//408 1751//1222 1745//415
f 1744//1219 1753//417 1752//1223
f 1746//402 1752//1223 1754//402
f 1747//1220 1754//402 1755//1224
f 1748//412 1755//1224 1756//419
f 1749//1221 1756//419 1757//1225
f 1750//406 1757//1225 1758//406
f 1751//1222 1758//406 1759//1226
f 1745//415 1759//1226 1753//422
f 1752//1223 1761//424 1760//1227
f 1754//402 1760//1227 1762//402
f 1755//1224 1762//402 1763//1228
f 1756//419 1763//1228 1764//426
f 1757//1225 1764//426 1765//1229
f 1758//406 1765//1229 1766//406
f 1759//1226 1766//406 1767//1230
f 1753//422 1767//1230 1761//429
f 1760//1227 1769//431 1768//1231
f 1762//402 1768//1231 1770//402
f 1763//1228 1770//402 1771//1232
f 1764//426 1771//1232 1772//433
f 1765//1229 1772//433 1773//1233
f 1766//406 1773//1233 1774//406
f 1767//1230 1774//406 1775//1234
f 1761//429 1775//1234 1769//436
f 1768//1231 1777//438 1776//1235
f 1770//402 1776//1235 1778//402
f 1771//1232 1778//402 1779//1236
f 1772//433 1779//1236 1780//440
f 1773//1233 1780//440 1781//1237
f 1774//406 1781//1237 1782//406
f 1775//1234 1782//406 1783//1238
f 1769//436 1783//1238 1777//443
f 1776//1235 1785//445 1784//1239
f 1778//402 1784//1239 1786//402
f 1779//1236 1786//402 1787//1240
f 1780//440 1787//1240 1788//447
f 1781//1237 1788//447 1789//1241
f 1782//406 1789//1241 1790//406
f 1783//1238 1790//406 1791//1242
f 1777//443 1791//1242 1785//450
f 1784//1239 1793//452 1792//1243
f 1786//402 1792//1243 1794//402
f 1787//1240 1794//402 1795//1244
f 1788//447 1795//1244 1796//454
f 1789//1241 1796//454 1797//1245
f 1790//406 1797//1245 1798//406
f 1791//1242 1798//406 1799//1246
f 1785//450 1799//1246 1793//457
f 1792//1243 1801//459 1800//1247
f 1794//402 1800//1247 1802//402
f 1795//1244 1802//402 1803//1248
f 1796//454 1803//1248 1804//461
f 1797//1245 1804//461 1805//1249
f 1798//406 1805//1249 1806//406
f 1799//1246 1806//406 1807//1250
f 1793//457 1807//1250 1801//464
f 1800//1247 1809//466 1808//1251
f 1802//402 1808//1251 1810//402
f 1803//1248 1810//402 1811//1252
f 1804//461 1811//1252 1812//468
f 1805//1249 1812//468 1813//1253
f 1806//406 1813//1253 1814//406
f 1807//1250 1814//406 1815//1254
f 1801//464 1815//1254 1809//471
f 1808//1251 1817//473 1816//1255
f 1810//402 1816//1255 1818//402
f 1811//1252 1818//402 1819//1256
f 1812//468 1819//1256 1820//475
f 1813//1253 1820//475 1821//1257
f 1814//406 1821//1257 1822//406
f 1815//1254 1822//406 1823//1258
f 1809//471 1823//1258 1817//478
f 1816//1255 1825//480 1824//1259
f 1818//402 1824//1259 1826//402
f 1819//1256 1826//402 1827//1260
f 1820//475 1827//1260 1828//482
f 1821//1257 1828//482 1829//1261
f 1822//406 1829//1261 1830//406
f 1823//1258 1830//406 1831//1262
f 1817//478 1831//1262 1825//485
f 1824//1259 1833//487 1832//1263
f 1826//402 1832//1263 1834//402
f 1827//1260 1834//402 1835//1264
f 1828//482 1835//1264 1836//489
f 1829//1261 1836//489 1837//1265
f 1830//406 1837//1265 1838//406
f 1831//1262 1838//406 1839//1266
f 1825//485 1839//1266 1833//492
f 1832//1263 1841//494 1840//1267
f 1834//402 1840//1267 1842//402
f 1835//1264 1842//402 1843//1268
f 1836//489 1843//1268 1844//496
f 1837//1265 1844//496 1845//1269
f 1838//406 1845//1269 1846//406
f 1839//1266 1846//406 1847//1270
f 1833//492 1847//1270 1841//499
f 1840//1267 1849//501 1848//1271
f 1842//402 1848//1271 1850//402
f 1843//1268 1850//402 1851//1272
f 1844//496 1851//1272 1852//503
f 1845//1269 1852//503 1853//1273
f 1846//406 1853//1273 1854//406
f 1847//1270 1854//406 1855//1274
f 1841//499 1855//1274 1849//506
f 1848//1271 1857//508 1856//1275
f 1850//402 1856//1275 1858//402
f 1851//1272 1858//402 1859//1276
f 1852//503 1859//1276 1860//510
f 1853//1273 1860//510 1861//1277
f 1854//406 1861//1277 1862//406
f 1855//1274 1862//406 1863//1278
f 1849//506 1863//1278 1857//513
f 1856//1275 1865//515 1864//1279
f 1858//402 1864//1279 1866//402
f 1859//1276 1866//402 1867//1280
f 1860//510 1867//1280 1868//517
f 1861//1277 1868//517 1869//1281
f 1862//406 1869//1281 1870//406
f 1863//1278 1870//406 1871//1282
f 1857//513 1871//1282 1865//520
f 1864//1279 1873//522 1872//1283
f 1866//402 1872//1283 1874//402
f 1867//1280 1874//402 1875//1284
f 1868//517 1875//1284 1876//524
f 1869//1281 1876//524 1877//1285
f 1870//406 1877//1285 1878//406
f 1871//1282 1878//406 1879//1286
f 1865//520 1879//1286 1873//527
f 1872//1283 1881//529 1880//1287
f 1874//402 1880//1287 1882//402
f 1875//1284 1882//402 1883//1288
f 1876//524 1883//1288 1884//531
f 1877//1285 1884//531 1885//1289
f 1878//406 1885//1289 1886//406
f 1879//1286 1886//406 1887//1290
f 1873//527 1887//1290 1881//534
f 1880//1287 1889//536 1888//1291
f 1882//402 1888//1291 1890//402
f 1883//1288 1890//402 1891//1292
f 1884//531 1891//1292 1892//538
f 1885//1289 1892//538 1893//1293
f 1886//406 1893//1293 1894//406
f 1887//1290 1894//406 1895//1294
f 1881//534 1895//1294 1889//541
f 1888//1291 1897//543 1896//1295
f 1890//402 1896//1295 1898//402
f 1891//1292 1898//402 1899//1296
f 1892//538 1899//1296 1900//545
f 1893//1293 1900//545 1901//1297
f 1894//406 1901//1297 1902//406
f 1895//1294 1902//406 1903//1298
f 1889//541 1903//1298 1897//548
f 1896//1295 1905//550 1904//1299
f 1898//402 1904//1299 1906//402
f 1899//1296 1906//402 1907//1300
f 1900//545 1907//1300 1908//552
f 1901//1297 1908//552 1909//1301
f 1902//406 1909//1301 1910//406
f 1903//1298 1910//406 1911//1302
f 1897//548 1911//1302 1905//555
f 1904//1299 1913//557 1912//1303
f 1906//402 1912//1303 1914//149
f 1907//1300 1914//149 1915//1304
f 1908//552 1915//1304 1916//559
f 1909//1301 1916//559 1917//1305
f 1910//406 1917//1305 1918//1
f 1911//1302 1918//1 1919//1306
f 1905//555 1919//1306 1913//562
f 1912//1303 1921//564 1920//1307
f 1914//149 1920//1307 1922//150
f 1915//1304 1922//150 1923//1308
f 1916//559 1923//1308 1924//566
f 1917//1305 1924//566 1925//1309
f 1918//1 1925//1309 1926//157
f 1919//1306 1926//157 1927//1310
f 1913//562 1927//1310 1921//569
f 1920//1307 1929//571 1928//1311
f 1922//150 1928//1311 1930//150
f 1923//1308 1930//150 1931//1312
f 1924//566 1931//1312 1932//573
f 1925//1309 1932//573 1933//1313
f 1926//157 1933//1313 1934//157
f 1927//1310 1934//157 1935//1314
f 1921//569 1935//1314 1929//576
f 1928//1311 1937//578 1936//1315
f 1930//150 1936//1315 1938//150
f 1931//1312 1938//150 1939//1316
f 1932//573 1939//1316 1940//580
f 1933//1313 1940//580 1941//1317
f 1934//157 1941//1317 1942//157
f 1935//1314 1942//157 1943//1318
f 1929//576 1943//1318 1937//583
f 1936//1315 1945//585 1944//1319
f 1938//150 1944//1319 1946//150
f 1939//1316 1946//150 1947//1320
f 1940//580 1947//1320 1948//587
f 1941//1317 1948//587 1949//1321
f 1942//157 1949//1321 1950//157
f 1943//1318 1950//157 1951//1322
f 1937//583 1951//1322 1945//590
f 1944//1319 1953//592 1952//1323
f 1946//150 1952//1323 1954//150
f 1947//1320 1954//150 1955//1324
f 1948//587 1955//1324 1956//594
f 1949//1321 1956//594 1957//1325
f 1950//157 1957//1325 1958//157
f 1951//1322 1958//157 1959//1326
f 1945//590 1959//1326 1953//597
f 1952//1323 1961//599 1960//1327
f 1954//150 1960//1327 1962//150
f 1955//1324 1962//150 1963//1328
f 1956//594 1963//1328 1964//601
f 1957//1325 1964//601 1965//1329
f 1958//157 1965//1329 1966//157
f 1959//1326 1966//157 1967//1330
f 1953//597 1967//1330 1961//604
f 1960//1327 1969//606 1968//1331
f 1962//150 1968//1331 1970//150
f 1963//1328 1970//150 1971//1332
f 1964//601 1971//1332 1972//608
f 1965//1329 1972//608 1973//1333
f 1966//157 1973//1333 1974//157
f 1967//1330 1974//157 1975//1334
f 1961//604 1975//1334 1969//611
f 1968//1331 1977//613 1976//1335
f 1970//150 1976//1335 1978//150
f 1971//1332 1978//150 1979//1336
f 1972//608 1979//1336 1980//615
f 1973//1333 1980//615 1981//1337
f 1974//157 1981//1337 1982//157
f 1975//1334 1982//157 1983//1338
f 1969//611 1983//1338 1977//618
f 1976//1335 1985//620 1984//1339
f 1978//150 1984//1339 1986//150
f 1979//1336 1986//150 1987//1340
f 1980//615 1987//1340 1988//622
f 1981//1337 1988//622 1989//1341
f 1982//157 1989//1341 1990//157
f 1983//1338 1990//157 1991//1342
f 1977//618 1991//1342 1985//625
f 1984//1339 1993//627 1992//1343
f 1986//150 1992//1343 1994//150
f 1987//1340 1994//150 1995//1344
f 1988//622 1995//1344 1996//629
f 1989//1341 1996//629 1997//1345
f 1990//157 1997//1345 1998//157
f 1991//1342 1998//157 1999//1346
f 1985//625 1999//1346 1993//632
f 1992//1343 2001//634 2000//1347
f 1994//150 2000//1347 2002//150
f 1995//1344 2002//150 2003//1348
f 1996//629 2003//1348 2004//636
f 1997//1345 2004//636 2005//1349
f 1998//157 2005//1349 2006//157
f 1999//1346 2006//157 2007//1350
f 1993//632 2007//1350 2001//639
f 2000//1347 2009//641 2008//1351
f 2002//150 2008//1351 2010//150
f 2003//1348 2010//150 2011//1352
f 2004//636 2011//1352 2012//643
f 2005//1349 2012//643 2013//1353
f 2006//157 2013//1353 2014//157
f 2007//1350 2014//157 2015//1354
f 2001//639 2015//1354 2009//646
f 2008//1351 2017//648 2016//1355
f 2010//150 2016//1355 2018//150
f 2011//1352 2018//150 2019//1356
f 2012//643 2019//1356 2020//650
f 2013//1353 2020//650 2021//1357
f 2014//157 2021//1357 2022//157
f 2015//1354 2022//157 2023//1358
f 2009//646 2023//1358 2017//653
f 2016//1355 2025//655 2024//1359
f 2018//150 2024//1359 2026//150
f 2019//1356 2026//150 2027//1360
f 2020//650 2027//1360 2028//657
f 2021//1357 2028//657 2029//1361
f 2022//157 2029//1361 2030//157
f 2023//1358 2030//157 2031//1362
f 2017//653 2031//1362 2025//660
f 2024//1359 2033//662 2032//1363
f 2026//150 2032//1363 2034//150
f 2027//1360 2034//150 2035//1364
f 2028//657 2035//1364 2036//664
f 2029//1361 2036//664 2037//1365
f 2030//157 2037//1365 2038//157
f 2031//1362 2038//157 2039//1366
f 2025//660 2039//1366 2033//667
f 2032//1363 2041//669 2040//1367
f 2034//150 2040//1367 2042//150
f 2035//1364 2042//150 2043//1368
f 2036//664 2043//1368 2044//671
f 2037//1365 2044//671 2045//1369
f 2038//157 2045//1369 2046//157
f 2039//1366 2046//157 2047//1370
f 2033//667 2047//1370 2041//674
f 2040//1367 2049//676 2048//1371
f 2042//150 2048//1371 2050//150
f 2043//1368 2050//150 2051//1372
f 2044//671 2051//1372 2052//678
f 2045//1369 2052//678 2053//1373
f 2046//157 2053//1373 2054//157
f 2047//1370 2054//157 2055//1374
f 2041//674 2055//1374 2049//681
f 2048//1371 2057//683 2056//1375
f 2050//150 2056//1375 2058//150
f 2051//1372 2058//150 2059//1376
f 2052//678 2059//1376 2060//685
f 2053//1373 2060//685 2061//1377
f 2054//157 2061//1377 2062//157
f 2055//1374 2062//157 2063//1378
f 2049//681 2063//1378 2057//688
f 2056//1375 2065//690 2064//1379
f 2058//150 2064//1379 2066//150
f 2059//1376 2066//150 2067//1380
f 2060//685 2067//1380 2068//692
f 2061//1377 2068//692 2069//1381
f 2062//157 2069//1381 2070//157
f 2063//1378 2070//157 2071//1382
f 2057//688 2071//1382 2065//695
f 2064//1379 2073//697 2072//1383
f 2066//150 2072//1383 2074//150
f 2067//1380 2074//150 2075//1384
f 2068//692 2075//1384 2076//699
f 2069//1381 2076//699 2077//1385
f 2070//157 2077//1385 2078//157
f 2071//1382 2078//157 2079//1386
f 2065//695 2079//1386 2073//702
f 2072//1383 2081//704 2080//1387
f 2074//150 2080//1387 2082//150
f 2075//1384 2082//150 2083//1388
f 2076//699 2083//1388 2084//706
f 2077//1385 2084//706 2085//1389
f 2078//157 2085//1389 2086//157
f 2079//1386 2086//157 2087//1390
f 2073//702 2087//1390 2081//709
f 2080//1387 2089//711 2088//1391
f 2082//150 2088//1391 2090//150
f 2083//1388 2090//150 2091//1392
f 2084//706 2091//1392 2092//713
f 2085//1389 2092//713 2093//1393
f 2086//157 2093//1393 2094//157
f 2087//1390 2094//157 2095//1394
f 2081//709 2095//1394 2089//716
f 2088//1391 2097//718 2096//1395
f 2090//150 2096//1395 2098//150
f 2091//1392 2098//150 2099//1396
f 2092//713 2099//1396 2100//720
f 2093//1393 2100//720 2101//1397
f 2094//157 2101//1397 2102//157
f 2095//1394 2102//157 2103//1398
f 2089//716 2103//1398 2097//723
f 2096//1395 2105//725 2104//1399
f 2098//150 2104//1399 2106//150
f 2099//1396 2106//150 2107//1400
f 2100//720 2107//1400 2108//727
f 2101//1397 2108//727 2109//1401
f 2102//157 2109//1401 2110//157
f 2103//1398 2110//157 2111//1402
f 2097//723 2111//1402 2105//730
f 2104//1399 2113//732 2112//1403
f 2106//150 2112//1403 2114//150
f 2107//1400 2114//150 2115//1404
f 2108//727 2115//1404 2116//734
f 2109//1401 2116//734 2117//1405
f 2110//157 2117//1405 2118//157
f 2111//1402 2118//157 2119//1406
f 2105//730 2119//1406 2113//737
f 2112//1403 2121//739 2120//1407
f 2114//150 2120//1407 2122//150
f 2115//1404 2122//150 2123//1408
f 2116//734 2123//1408 2124//741
f 2117//1405 2124//741 2125//1409
f 2118//157 2125//1409 2126//157
f 2119//1406 2126//157 2127//1410
f 2113//737 2127//1410 2121//744
f 2120//1407 2129//746 2128//1411
f 2122//150 2128//1411 2130//150
f 2123//1408 2130//150 2131//1412
f 2124//741 2131//1412 2132//748
f 2125//1409 2132//748 2133//1413
f 2126//157 2133//1413 2134//157
f 2127//1410 2134//157 2135//1414
f 2121//744 2135//1414 2129//751
f 2128//1411 2137//753 2136//1415
f 2130//150 2136//1415 2138//150
f 2131//1412 2138//150 2139//1416
f 2132//748 2139//1416 2140//755
f 2133//1413 2140//755 2141//1417
f 2134//157 2141//1417 2142//157
f 2135//1414 2142//157 2143//1418
f 2129//751 2143//1418 2137//758
f 2136//1415 2145//760 2144//1419
f 2138//150 2144//1419 2146//150
f 2139//1416 2146//150 2147//1420
f 2140//755 2147//1420 2148//762
f 2141//1417 2148//762 2149//1421
f 2142//157 2149//1421 2150//157
f 2143//1418 2150//157 2151//1422
f 2137//758 2151//1422 2145//765
f 2144//1419 2153//767 2152//1423
f 2146//150 2152//1423 2154//150
f 2147//1420 2154//150 2155//1424
f 2148//762 2155//1424 2156//769
f 2149//1421 2156//769 2157//1425
f 2150//157 2157//1425 2158//157
f 2151//1422 2158//157 2159//1426
f 2145//765 2159//1426 2153//772
f 2152//1423 2161//774 2160//1427
f 2154//150 2160//1427 2162//150
f 2155//1424 2162//150 2163//1428
f 2156//769 2163//1428 2164//776
f 2157//1425 2164//776 2165//1429
f 2158//157 2165//1429 2166//157
f 2159//1426 2166//157 2167//1430
f 2153//772 2167//1430 2161//779
f 2160//1427 2169//1432 2168//1431
f 2162//150 2168//1431 2170//2
f 2163//1428 2162//150 2171//1433
f 2163//1428 2172//1434 2171//1433
f 2164//776 2173//1435 2172//1434
f 2165//1429 2166//157 2173//1435
f 2167//1430 2174//806 2175//1436
f 2161//779 2175//1436 2169//1437
f 2168//1431 2177//817 2176//1438
f 2170//2 2176//1438 2178//402
f 2171//1433 2178//402 2179//1439
f 2172//1434 2179//1439 2180//819
f 2173//1435 2180//819 2181//1440
f 2174//806 2181//1440 2182//406
f 2175//1436 2182//406 2183//1441
f 2169//1437 2183//1441 2177//822
f 2176//1438 2185//824 2184//1442
f 2178//402 2184//1442 2186//402
f 2179//1439 2186//402 2187//1443
f 2180//819 2187//1443 2188//826
f 2181//1440 2188//826 2189//1444
f 2182//406 2189//1444 2190//406
f 2183//1441 2190//406 2191//1445
f 2177//822 2191//1445 2185//829
f 2184//1442 2193//831 2192//1446
f 2186//402 2192//1446 2194//402
f 2187//1443 2194//402 2195//1447
f 2188//826 2195//1447 2196//833
f 2189//1444 2196//833 2197//1448
f 2190//406 2197//1448 2198//406
f 2191//1445 2198//406 2199//1449
f 2185//829 2199//1449 2193//836
f 2192//1446 2201//838 2200//1450
f 2194//402 2200//1450 2202//402
f 2195//1447 2202//402 2203//1451
f 2196//833 2203//1451 2204//840
f 2197//1448 2204//840 2205//1452
f 2198//406 2205//1452 2206//406
f 2199//1449 2206//406 2207//1453
f 2193//836 2207//1453 2201//843
f 2200//1450 2209//845 2208//1454
f 2202//402 2208//1454 2210//402
f 2203//1451 2210//402 2211//1455
f 2204//840 2211//1455 2212//847
f 2205//1452 2212//847 2213//1456
f 2206//406 2213//1456 2214//406
f 2207//1453 2214//406 2215//1457
f 2201//843 2215//1457 2209//850
f 2208//1454 2217//852 2216//1458
f 2210//402 2216//1458 2218//402
f 2211//1455 2218//402 2219//1459
f 2212//847 2219//1459 2220//854
f 2213//1456 2220//854 2221//1460
f 2214//406 2221//1460 2222//406
f 2215//1457 2222//406 2223//1461
f 2209//850 2223//1461 2217//857
f 2216//1458 2225//859 2224//1462
f 2218//402 2224//1462 2226//402
f 2219//1459 2226//402 2227//1463
f 2220//854 2227//1463 2228//861
f 2221//1460 2228//861 2229//1464
f 2222//406 2229//1464 2230//406
f 2223//1461 2230//406 2231//1465
f 2217//857 2231//1465 2225//864
f 2224//1462 2233//866 2232//1466
f 2226//402 2232//1466 2234//2
f 2227//1463 2234//2 2235//1467
f 2228//861 2235//1467 2236//868
f 2229//1464 2236//868 2237//1468
f 2230//406 2237//1468 2238//806
f 2231//1465 2238//806 2239//1469
f 2225//864 2239//1469 2233//871
f 2232//1466 2241//873 2240//1470
f 2234//2 2240//1470 2242//2
f 2235//1467 2242//2 2243//1471
f 2236//868 2243//1471 2244//875
f 2237//1468 2244//875 2245//1472
f 2238//806 2245//1472 2246//806
f 2239//1469 2246//806 2247//1473
f 2233//871 2247//1473 2241//878
f 2240//1470 2249//880 2248//1474
f 2242//2 2248//1474 2250//2
f 2243//1471 2250//2 2251//1475
f 2244//875 2251//1475 2252//882
f 2245//1472 2252//882 2253//1476
f 2246//806 2253//1476 2254//806
f 2247//1473 2254//806 2255//1477
f 2241//878 2255//1477 2249//885
f 2248//1474 2257//887 2256//1478
f 2250//2 2256//1478 2258//2
f 2251//1475 2258//2 2259//1479
f 2252//882 2259//1479 2260//889
f 2253//1476 2260//889 2261//1480
f 2254//806 2261//1480 2262//806
f 2255//1477 2262//806 2263//1481
f 2249//885 2263//1481 2257//892
f 2256//1478 2265//894 2264//1482
f 2258//2 2264//1482 2266//402
f 2259//1479 2266//402 2267//1483
f 2260//889 2267//1483 2268//896
f 2261//1480 2268//896 2269//1484
f 2262//806 2269//1484 2270//406
f 2263//1481 2270//406 2271//1485
f 2257//892 2271//1485 2265//899
f 2264//1482 2273//901 2272//1486
f 2266//402 2272//1486 2274//402
f 2267//1483 2274//402 2275//1487
f 2268//896 2275//1487 2276//903
f 2269//1484 2276//903 2277//1488
f 2270//406 2277//1488 2278//406
f 2271//1485 2278//406 2279//1489
f 2265//899 2279//1489 2273//906
f 2272//1486 2281//908 2280//1490
f 2274//402 2280//1490 2282//402
f 2275//1487 2282//402 2283//1491
f 2276//903 2283//1491 2284//910
f 2277//1488 2284//910 2285//1492
f 2278//406 2285//1492 2286//406
f 2279//1489 2286//406 2287//1493
f 2273//906 2287//1493 2281//913
f 2280//1490 2289//915 2288//1494
f 2282//402 2288//1494 2290//402
f 2283//1491 2290//402 2291//1495
f 2284//910 2291//1495 2292//917
f 2285//1492 2292//917 2293//1496
f 2286//406 2293//1496 2294//406
f 2287//1493 2294//406 2295//1497
f 2281//913 2295//1497 2289//920
f 2288//1494 2297//922 2296//1498
f 2290//402 2296//1498 2298//402
f 2291//1495 2298//402 2299//1499
f 2292//917 2299//1499 2300//924
f 2293//1496 2300//924 2301//1500
f 2294//406 2301//1500 2302//406
f 2295//1497 2302//406 2303//1501
f 2289//920 2303//1501 2297//927
f 2296//1498 2305//929 2304//1502
f 2298//402 2304//1502 2306//402
f 2299//1499 2306//402 2307//1503
f 2300//924 2307//1503 2308//931
f 2301//1500 2308//931 2309//1504
f 2302//406 2309//1504 2310//406
f 2303//1501 2310//406 2311//1505
f 2297//927 2311//1505 2305//934
f 2304//1502 2313//936 2312//1506
f 2306//402 2312//1506 2314//402
f 2307//1503 2314//402 2315//1507
f 2308//931 2315//1507 2316//938
f 2309//1504 2316//938 2317//1508
f 2310//406 2317//1508 2318//406
f 2311//1505 2318//406 2319//1509
f 2305//934 2319//1509 2313//941
f 2312//1506 2321//943 2320//1510
f 2314//402 2320//1510 2322//402
f 2315//1507 2322//402 2323//1511
f 2316//938 2323//1511 2324//945
f 2317//1508 2324//945 2325//1512
f 2318//406 2325//1512 2326//406
f 2319//1509 2326//406 2327//1513
f 2313//941 2327//1513 2321//948
f 2320//1510 2329//950 2328//1514
f 2322//402 2328//1514 2330//2
f 2323//1511 2330//2 2331//1515
f 2324//945 2331//1515 2332//952
f 2325//1512 2332//952 2333//1516
f 2326//406 2333//1516 2334//806
f 2327//1513 2334//806 2335//1517
f 2321//948 2335//1517 2329//955
f 2328//1514 2337//957 2336//1518
f 2330//2 2336//1518 2338//2
f 2331//1515 2338//2 2339//1519
f 2332//952 2339//1519 2340//959
f 2333//1516 2340//959 2341//1520
f 2334//806 2341//1520 2342//806
f 2335//1517 2342//806 2343//1521
f 2329//955 2343//1521 2337//962
f 2336//1518 2345//964 2344//1522
f 2338//2 2344//1522 2346//2
f 2339//1519 2346//2 2347//1523
f 2340//959 2347//1523 2348//966
f 2341//1520 2348//966 2349//1524
f 2342//806 2349//1524 2350//806
f 2343//1521 2350//806 2351//1525
f 2337//962 2351//1525 2345//969
f 2344//1522 2353//971 2352//1526
f 2346//2 2352//1526 2354//2
f 2347//1523 2354//2 2355//1527
f 2348//966 2355//1527 2356//973
f 2349//1524 2356//973 2357//1528
f 2350//806 2357//1528 2358//806
f 2351//1525 2358//806 2359//1529
f 2345//969 2359//1529 2353//976
f 2352//1526 2361//978 2360//1530
f 2354//2 2360//1530 2362//2
f 2355//1527 2362//2 2363//1531
f 2356//973 2363//1531 2364//980
f 2357//1528 2364//980 2365//1532
f 2358//806 2365//1532 2366//806
f 2359//1529 2366//806 2367//1533
f 2353//976 2367//1533 2361//983
f 2360//1530 2369//985 2368//1534
f 2362//2 2368//1534 2370//2
f 2363//1531 2370//2 2371//1535
f 2364//980 2371//1535 2372//987
f 2365//1532 2372//987 2373//1536
f 2366//806 2373//1536 2374//806
f 2367//1533 2374//806 2375//1537
f 2361//983 2375//1537 2369//990
f 2368//1534 2377//992 2376//1538
f 2370//2 2376//1538 2378//2
f 2371//1535 2378//2 2379//1539
f 2372//987 2379//1539 2380//994
f 2373//1536 2380//994 2381//1540
f 2374//806 2381//1540 2382//806
f 2375//1537 2382//806 2383//1541
f 2369//990 2383//1541 2377//997
f 2376//1538 2385//999 2384//1542
f 2378//2 2384//1542 2386//2
f 2379//1539 2386//2 2387//1543
f 2380//994 2387//1543 2388//1001
f 2381//1540 2388//1001 2389//1544
f 2382//806 2389//1544 2390//806
f 2383//1541 2390//806 2391//1545
f 2377//997 2391//1545 2385//1004
f 2384//1542 2393//1006 2392//1546
f 2386//2 2392//1546 2394//2
f 2387//1543 2394//2 2395//1547
f 2388//1001 2395//1547 2396//1008
f 2389//1544 2396//1008 2397//1548
f 2390//806 2397//1548 2398//806
f 2391//1545 2398//806 2399//1549
f 2385//1004 2399//1549 2393//1011
f 2392//1546 2401//1013 2400//1550
f 2394//2 2400//1550 2402//402
f 2395//1547 2402//402 2403//1551
f 2396//1008 2403//1551 2404//1015
f 2397//1548 2404//1015 2405//1552
f 2398//806 2405//1552 2406//406
f 2399//1549 2406//406 2407//1553
f 2393//1011 2407//1553 2401//1018
f 2400//1550 1451//148 1448//1071
f 2402//402 1448//1071 1452//149
f 2403//1551 1452//149 1454//1073
f 2404//1015 1454//1073 1456//153
f 2405//1552 1456//153 1458//1075
f 2406//406 1458//1075 1460//1
f 2407//1553 1460//1 1462//1077
f 2401//1018 1462//1077 1451//160
f 1462//1077 2401//1018 2407//1553
f 1460//1 2407//1553 2406//406
f 1458//1075 2406//406 2405//1552
f 1456//153 2405//1552 2404//1015
f 1454//1073 2404//1015 2403//1551
f 1452//149 2403//1551 2402//402
f 1448//1071 2402//402 2400//1550
f 1451//148 2400//1550 2401//1013
f 2407//1553 2393//1011 2399//1549
f 2406//406 2399//1549 2398//806
f 2405//1552 2398//806 2397//1548
f 2404//1015 2397//1548 2396//1008
f 2403//1551 2396//1008 2395//1547
f 2402//402 2395//1547 2394//2
f 2400//1550 2394//2 2392//1546
f 2401//1013 2392//1546 2393//1006
f 2399//1549 2385//1004 2391//1545
f 2398//806 2391//1545 2390//806
f 2397//1548 2390//806 2389//1544
f 2396//1008 2389//1544 2388//1001
f 2395//1547 2388//1001 2387//1543
f 2394//2 2387//1543 2386//2
f 2392//1546 2386//2 2384//1542
f 2393//1006 2384//1542 2385//999
f 2391//1545 2377//997 2383//1541
f 2390//806 2383//1541 2382//806
f 2389//1544 2382//806 2381//1540
f 2388//1001 2381//1540 2380//994
f 2387//1543 2380//994 2379//1539
f 2386//2 2379//1539 2378//2
f 2384//1542 2378//2 2376//1538
f 2385//999 2376//1538 2377//992
f 2383//1541 2369//990 2375//1537
f 2382//806 2375//1537 2374//806
f 2381//1540 2374//806 2373//1536
f 2380//994 2373//1536 2372//987
f 2379//1539 2372//987 2371//1535
f 2378//2 2371//1535 2370//2
f 2376//1538 2370//2 2368//1534
f 2377//992 2368//1534 2369//985
f 2375//1537 2361//983 2367//1533
f 2374//806 2367//1533 2366//806
f 2373//1536 2366//806 2365//1532
f 2372//987 2365//1532 2364//980
f 2371//1535 2364//980 2363//1531
f 2370//2 2363//1531 2362//2
f 2368//1534 2362//2 2360//1530
f 2369//985 2360//1530 2361//978
f 2367//1533 2353//976 2359//1529
f 2366//806 2359//1529 2358//806
f 2365//1532 2358//806 2357//1528
f 2364//980 2357//1528 2356//973
f 2363//1531 2356//973 2355//1527
f 2362//2 2355//1527 2354//2
f 2360//1530 2354//2 2352//1526
f 2361//978 2352//1526 2353//971
f 2359//1529 2345//969 2351//1525
f 2358//806 2351//1525 2350//806
f 2357//1528 2350//806 2349//1524
f 2356//973 2349//1524 2348//966
f 2355//1527 2348//966 2347//1523
f 2354//2 2347//1523 2346//2
f 2352//1526 2346//2 2344//1522
f 2353//971 2344//1522 2345//964
f 2351//1525 2337//962 2343//1521
f 2350//806 2343//1521 2342//806
f 2349//1524 2342//806 2341//1520
f 2348//966 2341//1520 2340//959
f 2347//1523 2340//959 2339//1519
f 2346//2 2339//1519 2338//2
f 2344//1522 2338//2 2336//1518
f 2345//964 2336//1518 2337//957
f 2343//1521 2329//955 2335//1517
f 2342//806 2335//1517 2334//806
f 2341//1520 2334//806 2333//1516
f 2340//959 2333//1516 2332//952
f 2339//1519 2332//952 2331//1515
f 2338//2 2331//1515 2330//2
f 2336//1518 2330//2 2328//1514
f 2337//957 2328//1514 2329//950
f 2335//1517 2321//948 2327//1513
f 2334//806 2327//1513 2326//406
f 2333//1516 2326//406 2325//1512
f 2332//952 2325//1512 2324//945
f 2331//1515 2324//945 2323//1511
f 2330//2 2323//1511 2322//402
f 2328//1514 2322//402 2320//1510
f 2329//950 2320//1510 2321//943
f 2327//1513 2313//941 2319//1509
f 2326//406 2319//1509 2318//406
f 2325//1512 2318//406 2317//1508
f 2324//945 2317//1508 2316//938
f 2323//1511 2316//938 2315//1507
f 2322//402 2315//1507 2314//402
f 2320//1510 2314//402 2312//1506
f 2321//943 2312//1506 2313//936
f 2319//1509 2305//934 2311//1505
f 2318//406 2311//1505 2310//406
f 2317//1508 2310//406 2309//1504
f 2316//938 2309//1504 2308//931
f 2315//1507 2308//931 2307//1503
f 2314//402 2307//1503 2306//402
f 2312//1506 2306//402 2304//1502
f 2313//936 2304//1502 2305//929
f 2311//1505 2297//927 2303//1501
f 2310//406 2303//1501 2302//406
f 2309//1504 2302//406 2301//1500
f 2308//931 2301//1500 2300//924
f 2307//1503 2300//924 2299//1499
f 2306//402 2299//1499 2298//402
f 2304//1502 2298//402 2296//1498
f 2305//929 2296//1498 2297//922
f 2303//1501 2289//920 2295//1497
f 2302//406 2295//1497 2294//406
f 2301//1500 2294//406 2293//1496
f 2300//924 2293//1496 2292//917
f 2299//1499 2292//917 2291//1495
f 2298//402 2291//1495 2290//402
f 2296//1498 2290//402 2288//1494
f 2297//922 2288//1494 2289//915
f 2295//1497 2281//913 2287//1493
f 2294//406 2287//1493 2286//406
f 2293//1496 2286//406 2285//1492
f 2292//917 2285//1492 2284//910
f 2291//1495 2284//910 2283//1491
f 2290//402 2283//1491 2282//402
f 2288//1494 2282//402 2280//1490
f 2289//915 2280//1490 2281//908
f 2287//1493 2273//906 2279//1489
f 2286//406 2279//1489 2278//406
f 2285//1492 2278//406 2277//1488
f 2284//910 2277//1488 2276//903
f 2283//1491 2276//903 2275//1487
f 2282//402 2275//1487 2274//402
f 2280//1490 2274//402 2272//1486
f 2281//908 2272//1486 2273//901
f 2279//1489 2265//899 2271//1485
f 2278//406 2271//1485 2270//406
f 2277//1488 2270//406 2269//1484
f 2276//903 2269//1484 2268//896
f 2275//1487 2268//896 2267//1483
f 2274//402 2267//1483 2266//402
f 2272//1486 2266//402 2264//1482
f 2273//901 2264//1482 2265//894
f 2271//1485 2257//892 2263//1481
f 2270//406 2263//1481 2262//806
f 2269//1484 2262//806 2261//1480
f 2268//896 2261//1480 2260//889
f 2267//1483 2260//889 2259//1479
f 2266//402 2259//1479 2258//2
f 2264//1482 2258//2 2256//1478
f 2265//894 2256//1478 2257//887
f 2263//1481 2249//885 2255//1477
f 2262//806 2255//1477 2254//806
f 2261//1480 2254//806 2253//1476
f 2260//889 2253//1476 2252//882
f 2259//1479 2252//882 2251//1475
f 2258//2 2251//1475 2250//2
f 2256//1478 2250//2 2248//1474
f 2257//887 2248//1474 2249//880
f 2255//1477 2241//878 2247//1473
f 2254//806 2247//1473 2246//806
f 2253//1476 2246//806 2245//1472
f 2252//882 2245//1472 2244//875
f 2251//1475 2244//875 2243//1471
f 2250//2 2243//1471 2242//2
f 2248//1474 2242//2 2240//1470
f 2249//880 2240//1470 2241//873
f 2247//1473 2233//871 2239//1469
f 2246//806 2239//1469 2238//806
f 2245//1472 2238//806 2237//1468
f 2244//875 2237//1468 2236//868
f 2243//1471 2236//868 2235//1467
f 2242//2 2235//1467 2234//2
f 2240//1470 2234//2 2232//1466
f 2241//873 2232//1466 2233//866
f 2239//1469 2225//864 2231//1465
f 2238//806 2231//1465 2230//406
f 2237//1468 2230//406 2229//1464
f 2236//868 2229//1464 2228//861
f 2235//1467 2228//861 2227//1463
f 2234//2 2227//1463 2226//402
f 2232//1466 2226//402 2224//1462
f 2233//866 2224//1462 2225//859
f 2231//1465 2217//857 2223//1461
f 2230//406 2223//1461 2222//406
f 2229//1464 2222//406 2221//1460
f 2228//861 2221//1460 2220//854
f 2227//1463 2220//854 2219//1459
f 2226//402 2219//1459 2218//402
f 2224//1462 2218//402 2216//1458
f 2225//859 2216//1458 2217//852
f 2223//1461 2209//850 2215//1457
f 2222//406 2215//1457 2214//406
f 2221//1460 2214//406 2213//1456
f 2220//854 2213//1456 2212//847
f 2219//1459 2212//847 2211//1455
f 2218//402 2211//1455 2210//402
f 2216//1458 2210//402 2208//1454
f 2217//852 2208//1454 2209//845
f 2215//1457 2201//843 2207//1453
f 2214//406 2207//1453 2206//406
f 2213//1456 2206//406 2205//1452
f 2212//847 2205//1452 2204//840
f 2211//1455 2204//840 2203//1451
f 2210//402 2203//1451 2202//402
f 2208//1454 2202//402 2200//1450
f 2209//845 2200//1450 2201//838
f 2207//1453 2193//836 2199//1449
f 2206//406 2199//1449 2198//406
f 2205//1452 2198//406 2197//1448
f 2204//840 2197//1448 2196//833
f 2203//1451 2196//833 2195//1447
f 2202//402 2195//1447 2194//402
f 2200//1450 2194//402 2192//1446
f 2201//838 2192//1446 2193//831
f 2199//1449 2185//829 2191//1445
f 2198//406 2191//1445 2190//406
f 2197//1448 2190//406 2189//1444
f 2196//833 2189//1444 2188//826
f 2195//1447 2188//826 2187//1443
f 2194//402 2187//1443 2186//402
f 2192//1446 2186//402 2184//1442
f 2193//831 2184//1442 2185//824
f 2191//1445 2177//822 2183//1441
f 2190//406 2183//1441 2182//406
f 2189//1444 2182//406 2181//1440
f 2188//826 2181//1440 2180//819
f 2187//1443 2180//819 2179//1439
f 2186//402 2179//1439 2178//402
f 2184//1442 2178//402 2176//1438
f 2185//824 2176//1438 2177//817
f 2183//1441 2169//1437 2175//1436
f 2182//406 2175//1436 2174//806
f 2181//1440 2174//806 2173//1435
f 2180//819 2173//1435 2172//1434
f 2179//1439 2172//1434 2171//1433
f 2178//402 2171//1433 2170//2
f 2176//1438 2170//2 2168//1431
f 2177//817 2168//1431 2169//1432
f 2175//1436 2161//779 2167//1430
f 2174//806 2167//1430 2166//157
f 2173//1435 2166//157 2174//806
f 2173//1435 2164//776 2165//1429
f 2172//1434 2163//1428 2164//776
f 2171//1433 2162//150 2170//2
f 2168//1431 2162//150 2160//1427
f 2169//1432 2160//1427 2161//774
f 2167//1430 2153//772 2159//1426
f 2166//157 2159//1426 2158//157
f 2165//1429 2158//157 2157//1425
f 2164//776 2157//1425 2156//769
f 2163//1428 2156//769 2155//1424
f 2162//150 2155//1424 2154//150
f 2160//1427 2154//150 2152//1423
f 2161//774 2152//1423 2153//767
f 2159//1426 2145//765 2151//1422
f 2158//157 2151//1422 2150//157
f 2157//1425 2150//157 2149//1421
f 2156//769 2149//1421 2148//762
f 2155//1424 2148//762 2147//1420
f 2154//150 2147//1420 2146//150
f 2152//1423 2146//150 2144//1419
f 2153//767 2144//1419 2145//760
f 2151//1422 2137//758 2143//1418
f 2150//157 2143//1418 2142//157
f 2149//1421 2142//157 2141//1417
f 2148//762 2141//1417 2140//755
f 2147//1420 2140//755 2139//1416
f 2146//150 2139//1416 2138//150
f 2144//1419 2138//150 2136//1415
f 2145//760 2136//1415 2137//753
f 2143//1418 2129//751 2135//1414
f 2142//157 2135//1414 2134//157
f 2141//1417 2134//157 2133//1413
f 2140//755 2133//1413 2132//748
f 2139//1416 2132//748 2131//1412
f 2138//150 2131//1412 2130//150
f 2136//1415 2130//150 2128//1411
f 2137//753 2128//1411 2129//746
f 2135//1414 2121//744 2127//1410
f 2134//157 2127//1410 2126//157
f 2133//1413 2126//157 2125//1409
f 2132//748 2125//1409 2124//741
f 2131//1412 2124//741 2123//1408
f 2130//150 2123//1408 2122//150
f 2128//1411 2122//150 2120//1407
f 2129//746 2120//1407 2121//739
f 2127//1410 2113//737 2119//1406
f 2126//157 2119//1406 2118//157
f 2125//1409 2118//157 2117//1405
f 2124//741 2117//1405 2116//734
f 2123//1408 2116//734 2115//1404
f 2122//150 2115//1404 2114//150
f 2120//1407 2114//150 2112//1403
f 2121//739 2112//1403 2113//732
f 2119//1406 2105//730 2111//1402
f 2118//157 2111//1402 2110//157
f 2117//1405 2110//157 2109//1401
f 2116//734 2109//1401 2108//727
f 2115//1404 2108//727 2107//1400
f 2114//150 2107//1400 2106//150
f 2112//1403 2106//150 2104//1399
f 2113//732 2104//1399 2105//725
f 2111//1402 2097//723 2103//1398
f 2110//157 2103//1398 2102//157
f 2109//1401 2102//157 2101//1397
f 2108//727 2101//1397 2100//720
f 2107//1400 2100//720 2099//1396
f 2106//150 2099//1396 2098//150
f 2104//1399 2098//150 2096//1395
f 2105//725 2096//1395 2097//718
f 2103//1398 2089//716 2095//1394
f 2102//157 2095//1394 2094//157
f 2101//1397 2094//157 2093//1393
f 2100//720 2093//1393 2092//713
f 2099//1396 2092//713 2091//1392
f 2098//150 2091//1392 2090//150
f 2096//1395 2090//150 2088//1391
f 2097//718 2088//1391 2089//711
f 2095//1394 2081//709 2087//1390
f 2094//157 2087//1390 2086//157
f 2093//1393 2086//157 2085//1389
f 2092//713 2085//1389 2084//706
f 2091//1392 2084//706 2083//1388
f 2090//150 2083//1388 2082//150
f 2088//1391 2082//150 2080//1387
f 2089//711 2080//1387 2081//704
f 2087//1390 2073//702 2079//1386
f 2086//157 2079//1386 2078//157
f 2085//1389 2078//157 2077//1385
f 2084//706 2077//1385 2076//699
f 2083//1388 2076//699 2075//1384
f 2082//150 2075//1384 2074//150
f 2080//1387 2074//150 2072//1383
f 2081//704 2072//1383 2073//697
f 2079//1386 2065//695 2071//1382
f 2078//157 2071//1382 2070//157
f 2077//1385 2070//157 2069//1381
f 2076//699 2069//1381 2068//692
f 2075//1384 2068//692 2067//1380
f 2074//150 2067//1380 2066//150
f 2072//1383 2066//150 2064//1379
f 2073//697 2064//1379 2065//690
f 2071//1382 2057//688 2063//1378
f 2070//157 2063//1378 2062//157
f 2069//1381 2062//157 2061//1377
f 2068//692 2061//1377 2060//685
f 2067//1380 2060//685 2059//1376
f 2066//150 2059//1376 2058//150
f 2064//1379 2058//150 2056//1375
f 2065//690 2056//1375 2057//683
f 2063//1378 2049//681 2055//1374
f 2062//157 2055//1374 2054//157
f 2061//1377 2054//157 2053//1373
f 2060//685 2053//1373 2052//678
f 2059//1376 2052//678 2051//1372
f 2058//150 2051//1372 2050//150
f 2056//1375 2050//150 2048//1371
f 2057//683 2048//1371 2049//676
f 2055//1374 2041//674 2047//1370
f 2054//157 2047//1370 2046//157
f 2053//1373 2046//157 2045//1369
f 2052//678 2045//1369 2044//671
f 2051//1372 2044//671 2043//1368
f 2050//150 2043//1368 2042//150
f 2048//1371 2042//150 2040//1367
f 2049//676 2040//1367 2041//669
f 2047//1370 2033//667 2039//1366
f 2046//157 2039//1366 2038//157
f 2045//1369 2038//157 2037//1365
f 2044//671 2037//1365 2036//664
f 2043//1368 2036//664 2035//1364
f 2042//150 2035//1364 2034//150
f 2040//1367 2034//150 2032//1363
f 2041//669 2032//1363 2033//662
f 2039//1366 2025//660 2031//1362
f 2038//157 2031//1362 2030//157
f 2037//1365 2030//157 2029//1361
f 2036//664 2029//1361 2028//657
f 2035//1364 2028//657 2027//1360
f 2034//150 2027//1360 2026//150
f 2032//1363 2026//150 2024//1359
f 2033//662 2024//1359 2025//655
f 2031//1362 2017//653 2023//1358
f 2030//157 2023//1358 2022//157
f 2029//1361 2022//157 2021//1357
f 2028//657 2021//1357 2020//650
f 2027//1360 2020//650 2019//1356
f 2026//150 2019//1356 2018//150
f 2024//1359 2018//150 2016//1355
f 2025//655 2016//1355 2017//648
f 2023//1358 2009//646 2015//1354
f 2022//157 2015//1354 2014//157
f 2021//1357 2014//157 2013//1353
f 2020//650 2013//1353 2012//643
f 2019//1356 2012//643 2011//1352
f 2018//150 2011//1352 2010//150
f 2016//1355 2010//150 2008//1351
f 2017//648 2008//1351 2009//641
f 2015//1354 2001//639 2007//1350
f 2014//157 2007//1350 2006//157
f 2013//1353 2006//157 2005//1349
f 2012//643 2005//1349 2004//636
f 2011//1352 2004//636 2003//1348
f 2010//150 2003//1348 2002//150
f 2008//1351 2002//150 2000//1347
f 2009//641 2000//1347 2001//634
f 2007//1350 1993//632 1999//1346
f 2006//157 1999//1346 1998//157
f 2005//1349 1998//157 1997//1345
f 2004//636 1997//1345 1996//629
f 2003//1348 1996//629 1995//1344
f 2002//150 1995//1344 1994//150
f 2000//1347 1994//150 1992//1343
f 2001//634 1992//1343 1993//627
f 1999//1346 1985//625 1991//1342
f 1998//157 1991//1342 1990//157
f 1997//1345 1990//157 1989//1341
f 1996//629 1989//1341 1988//622
f 1995//1344 1988//622 1987//1340
f 1994//150 1987//1340 1986//150
f 1992//1343 1986//150 1984//1339
f 1993//627 1984//1339 1985//620
f 1991//1342 1977//618 1983//1338
f 1990//157 1983//1338 1982//157
f 1989//1341 1982//157 1981//1337
f 1988//622 1981//1337 1980//615
f 1987//1340 1980//615 1979//1336
f 1986//150 1979//1336 1978//150
f 1984//1339 1978//150 1976//1335
f 1985//620 1976//1335 1977//613
f 1983//1338 1969//611 1975//1334
f 1982//157 1975//1334 1974//157
f 1981//1337 1974//157 1973//1333
f 1980//615 1973//1333 1972//608
f 1979//1336 1972//608 1971//1332
f 1978//150 1971//1332 1970//150
f 1976//1335 1970//150 1968//1331
f 1977//613 1968//1331 1969//606
f 1975//1334 1961//604 1967//1330
f 1974//157 1967//1330 1966//157
f 1973//1333 1966//157 1965//1329
f 1972//608 1965//1329 1964//601
f 1971//1332 1964//601 1963//1328
f 1970//150 1963//1328 1962//150
f 1968//1331 1962//150 1960//1327
f 1969//606 1960//1327 1961//599
f 1967//1330 1953//597 1959//1326
f 1966//157 1959//1326 1958//157
f 1965//1329 1958//157 1957//1325
f 1964//601 1957//1325 1956//594
f 1963//1328 1956//594 1955//1324
f 1962//150 1955//1324 1954//150
f 1960//1327 1954//150 1952//1323
f 1961//599 1952//1323 1953//592
f 1959//1326 1945//590 1951//1322
f 1958//157 1951//1322 1950//157
f 1957//1325 1950//157 1949//1321
f 1956//594 1949//1321 1948//587
f 1955//1324 1948//587 1947//1320
f 1954//150 1947//1320 1946//150
f 1952//1323 1946//150 1944//1319
f 1953//592 1944//1319 1945//585
f 1951//1322 1937//583 1943//1318
f 1950//157 1943//1318 1942//157
f 1949//1321 1942//157 1941//1317
f 1948//587 1941//1317 1940//580
f 1947//1320 1940//580 1939//1316
f 1946//150 1939//1316 1938//150
f 1944//1319 1938//150 1936//1315
f 1945//585 1936//1315 1937//578
f 1943//1318 1929//576 1935//1314
f 1942//157 1935//1314 1934//157
f 1941//1317 1934//157 1933//1313
f 1940//580 1933//1313 1932//573
f 1939//1316 1932//573 1931//1312
f 1938//150 1931//1312 1930//150
f 1936//1315 1930//150 1928//1311
f 1937//578 1928//1311 1929//571
f 1935//1314 1921//569 1927//1310
f 1934//157 1927//1310 1926//157
f 1933//1313 1926//157 1925//1309
f 1932//573 1925//1309 1924//566
f 1931//1312 1924//566 1923//1308
f 1930//150 1923//1308 1922//150
f 1928//1311 1922//150 1920//1307
f 1929//571 1920//1307 1921//564
f 1927//1310 1913//562 1919//1306
f 1926//157 1919//1306 1918//1
f 1925//1309 1918//1 1917//1305
f 1924//566 1917//1305 1916//559
f 1923//1308 1916//559 1915//1304
f 1922//150 1915//1304 1914//149
f 1920//1307 1914//149 1912//1303
f 1921//564 1912//1303 1913//557
f 1919//1306 1905//555 1911//1302
f 1918//1 1911//1302 1910//406
f 1917//1305 1910//406 1909//1301
f 1916//559 1909//1301 1908//552
f 1915//1304 1908//552 1907//1300
f 1914//149 1907//1300 1906//402
f 1912//1303 1906//402 1904//1299
f 1913//557 1904//1299 1905//550
f 1911//1302 1897//548 1903//1298
f 1910//406 1903//1298 1902//406
f 1909//1301 1902//406 1901//1297
f 1908//552 1901//1297 1900//545
f 1907//1300 1900//545 1899//1296
f 1906//402 1899//1296 1898//402
f 1904//1299 1898//402 1896//1295
f 1905//550 1896//1295 1897//543
f 1903//1298 1889//541 1895//1294
f 1902//406 1895//1294 1894//406
f 1901//1297 1894//406 1893//1293
f 1900//545 1893//1293 1892//538
f 1899//1296 1892//538 1891//1292
f 1898//402 1891//1292 1890//402
f 1896//1295 1890//402 1888//1291
f 1897//543 1888//1291 1889//536
f 1895//1294 1881//534 1887//1290
f 1894//406 1887//1290 1886//406
f 1893//1293 1886//406 1885//1289
f 1892//538 1885//1289 1884//531
f 1891//1292 1884//531 1883//1288
f 1890//402 1883//1288 1882//402
f 1888//1291 1882//402 1880//1287
f 1889//536 1880//1287 1881//529
f 1887//1290 1873//527 1879//1286
f 1886//406 1879//1286 1878//406
f 1885//1289 1878//406 1877//1285
f 1884//531 1877//1285 1876//524
f 1883//1288 1876//524 1875//1284
f 1882//402 1875//1284 1874//402
f 1880//1287 1874//402 1872//1283
f 1881//529 1872//1283 1873//522
f 1879//1286 1865//520 1871//1282
f 1878//406 1871//1282 1870//406
f 1877//1285 1870//406 1869//1281
f 1876//524 1869//1281 1868//517
f 1875//1284 1868//517 1867//1280
f 1874//402 1867//1280 1866//402
f 1872//1283 1866//402 1864//1279
f 1873//522 1864//1279 1865//515
f 1871//1282 1857//513 1863//1278
f 1870//406 1863//1278 1862//406
f 1869//1281 1862//406 1861//1277
f 1868//517 1861//1277 1860//510
f 1867//1280 1860//510 1859//1276
f 1866//402 1859//1276 1858//402
f 1864//1279 1858//402 1856//1275
f 1865//515 1856//1275 1857//508
f 1863//1278 1849//506 1855//1274
f 1862//406 1855//1274 1854//406
f 1861//1277 1854//406 1853//1273
f 1860//510 1853//1273 1852//503
f 1859//1276 1852//503 1851//1272
f 1858//402 1851//1272 1850//402
f 1856//1275 1850//402 1848//1271
f 1857//508 1848//1271 1849//501
f 1855//1274 1841//499 1847//1270
f 1854//406 1847//1270 1846//406
f 1853//1273 1846//406 1845//1269
f 1852//503 1845//1269 1844//496
f 1851//1272 1844//496 1843//1268
f 1850//402 1843//1268 1842//402
f 1848//1271 1842//402 1840//1267
f 1849//501 1840//1267 1841//494
f 1847//1270 1833//492 1839//1266
f 1846//406 1839//1266 1838//406
f 1845//1269 1838//406 1837//1265
f 1844//496 1837//1265 1836//489
f 1843//1268 1836//489 1835//1264
f 1842//402 1835//1264 1834//402
f 1840//1267 1834//402 1832//1263
f 1841//494 1832//1263 1833//487
f 1839//1266 1825//485 1831//1262
f 1838//406 1831//1262 1830//406
f 1837//1265 1830//406 1829//1261
f 1836//489 1829//1261 1828//482
f 1835//1264 1828//482 1827//1260
f 1834//402 1827//1260 1826//402
f 1832//1263 1826//402 1824//1259
f 1833//487 1824//1259 1825//480
f 1831//1262 1817//478 1823//1258
f 1830//406 1823//1258 1822//406
f 1829//1261 1822//406 1821//1257
f 1828//482 1821//1257 1820//475
f 1827//1260 1820//475 1819//1256
f 1826//402 1819//1256 1818//402
f 1824//1259 1818//402 1816//1255
f 1825//480 1816//1255 1817//473
f 1823//1258 1809//471 1815//1254
f 1822//406 1815//1254 1814//406
f 1821//1257 1814//406 1813//1253
f 1820//475 1813//1253 1812//468
f 1819//1256 1812//468 1811//1252
f 1818//402 1811//1252 1810//402
f 1816//1255 1810//402 1808//1251
f 1817//473 1808//1251 1809//466
f 1815//1254 1801//464 1807//1250
f 1814//406 1807//1250 1806//406
f 1813//1253 1806//406 1805//1249
f 1812//468 1805//1249 1804//461
f 1811//1252 1804//461 1803//1248
f 1810//402 1803//1248 1802//402
f 1808//1251 1802//402 1800//1247
f 1809//466 1800//1247 1801//459
f 1807//1250 1793//457 1799//1246
f 1806//406 1799//1246 1798//406
f 1805//1249 1798//406 1797//1245
f 1804//461 1797//1245 1796//454
f 1803//1248 1796//454 1795//1244
f 1802//402 1795//1244 1794//402
f 1800//1247 1794//402 1792//1243
f 1801//459 1792//1243 1793//452
f 1799//1246 1785//450 1791//1242
f 1798//406 1791//1242 1790//406
f 1797//1245 1790//406 1789//1241
f 1796//454 1789//1241 1788//447
f 1795//1244 1788//447 1787//1240
f 1794//402 1787//1240 1786//402
f 1792//1243 1786//402 1784//1239
f 1793//452 1784//1239 1785//445
f 1791//1242 1777//443 1783//1238
f 1790//406 1783//1238 1782//406
f 1789//1241 1782//406 1781//1237
f 1788//447 1781//1237 1780//440
f 1787//1240 1780//440 1779//1236
f 1786//402 1779//1236 1778//402
f 1784//1239 1778//402 1776//1235
f 1785//445 1776//1235 1777//438
f 1783//1238 1769//436 1775//1234
f 1782//406 1775//1234 1774//406
f 1781//1237 1774//406 1773//1233
f 1780//440 1773//1233 1772//433
f 1779//1236 1772//433 1771//1232
f 1778//402 1771//1232 1770//402
f 1776//1235 1770//402 1768//1231
f 1777//438 1768//1231 1769//431
f 1775//1234 1761//429 1767//1230
f 1774//406 1767//1230 1766//406
f 1773//1233 1766//406 1765//1229
f 1772//433 1765//1229 1764//426
f 1771//1232 1764//426 1763//1228
f 1770//402 1763//1228 1762//402
f 1768//1231 1762//402 1760//1227
f 1769//431 1760//1227 1761//424
f 1767//1230 1753//422 1759//1226
f 1766//406 1759//1226 1758//406
f 1765//1229 1758//406 1757//1225
f 1764//426 1757//1225 1756//419
f 1763//1228 1756//419 1755//1224
f 1762//402 1755//1224 1754//402
f 1760//1227 1754//402 1752//1223
f 1761//424 1752//1223 1753//417
f 1759//1226 1745//415 1751//1222
f 1758//406 1751//1222 1750//406
f 1757//1225 1750//406 1749//1221
f 1756//419 1749//1221 1748//412
f 1755//1224 1748//412 1747//1220
f 1754//402 1747//1220 1746//402
f 1752//1223 1746//402 1744//1219
f 1753//417 1744//1219 1745//410
f 1751//1222 1737//408 1743//1218
f 1750//406 1743//1218 1742//406
f 1749//1221 1742//406 1741//1217
f 1748//412 1741//1217 1740//404
f 1747//1220 1740//404 1739//1216
f 1746//402 1739//1216 1738//402
f 1744//1219 1738//402 1736//1215
f 1745//410 1736//1215 1737//401
f 1743//1218 1729//399 1735//1214
f 1742//406 1735//1214 1734//1
f 1741//1217 1734//1 1733//1213
f 1740//404 1733//1213 1732//396
f 1739//1216 1732//396 1731//1212
f 1738//402 1731//1212 1730//149
f 1736//1215 1730//149 1728//1211
f 1737//401 1728//1211 1729//394
f 1735//1214 1721//392 1727//1210
f 1734//1 1727//1210 1726//1
f 1733//1213 1726//1 1725//1209
f 1732//396 1725//1209 1724//389
f 1731//1212 1724//389 1723//1208
f 1730//149 1723//1208 1722//149
f 1728//1211 1722//149 1720//1207
f 1729//394 1720//1207 1721//387
f 1727//1210 1713//385 1719//1206
f 1726//1 1719//1206 1718//1
f 1725//1209 1718//1 1717//1205
f 1724//389 1717//1205 1716//382
f 1723//1208 1716//382 1715//1204
f 1722//149 1715//1204 1714//149
f 1720//1207 1714//149 1712//1203
f 1721//387 1712//1203 1713//380
f 1719//1206 1705//378 1711//1202
f 1718//1 1711//1202 1710//1
f 1717//1205 1710//1 1709//1201
f 1716//382 1709//1201 1708//375
f 1715//1204 1708//375 1707//1200
f 1714//149 1707//1200 1706//149
f 1712//1203 1706//149 1704//1199
f 1713//380 1704//1199 1705//373
f 1711//1202 1697//371 1703//1198
f 1710//1 1703//1198 1702//1
f 1709//1201 1702//1 1701//1197
f 1708//375 1701//1197 1700//368
f 1707//1200 1700//368 1699//1196
f 1706//149 1699//1196 1698//149
f 1704//1199 1698//149 1696//1195
f 1705//373 1696//1195 1697//366
f 1703//1198 1689//364 1695//1194
f 1702//1 1695//1194 1694//1
f 1701//1197 1694//1 1693//1193
f 1700//368 1693//1193 1692//361
f 1699//1196 1692//361 1691//1192
f 1698//149 1691//1192 1690//149
f 1696//1195 1690//149 1688//1191
f 1697//366 1688//1191 1689//359
f 1695//1194 1681//357 1687//1190
f 1694//1 1687//1190 1686//1
f 1693//1193 1686//1 1685//1189
f 1692//361 1685//1189 1684//354
f 1691//1192 1684//354 1683//1188
f 1690//149 1683//1188 1682//149
f 1688//1191 1682//149 1680//1187
f 1689//359 1680//1187 1681//352
f 1687//1190 1673//350 1679//1186
f 1686//1 1679//1186 1678//1
f 1685//1189 1678//1 1677//1185
f 1684//354 1677//1185 1676//347
f 1683//1188 1676//347 1675//1184
f 1682//149 1675//1184 1674//149
f 1680//1187 1674//149 1672//1183
f 1681//352 1672//1183 1673//345
f 1679//1186 1665//343 1671//1182
f 1678//1 1671//1182 1670//1
f 1677//1185 1670//1 1669//1181
f 1676//347 1669//1181 1668//340
f 1675//1184 1668//340 1667//1180
f 1674//149 1667//1180 1666//149
f 1672//1183 1666//149 1664//1179
f 1673//345 1664//1179 1665//338
f 1671//1182 1657//336 1663//1178
f 1670//1 1663//1178 1662//157
f 1669//1181 1662//157 1661//1177
f 1668//340 1661//1177 1660//333
f 1667//1180 1660//333 1659//1176
f 1666//149 1659//1176 1658//150
f 1664//1179 1658//150 1656//1175
f 1665//338 1656//1175 1657//331
f 1663//1178 1649//329 1655//1174
f 1662//157 1655//1174 1654//157
f 1661//1177 1654//157 1653//1173
f 1660//333 1653//1173 1652//326
f 1659//1176 1652//326 1651//1172
f 1658//150 1651//1172 1650//150
f 1656//1175 1650//150 1648//1171
f 1657//331 1648//1171 1649//324
f 1655//1174 1641//322 1647//1170
f 1654//157 1647//1170 1646//157
f 1653//1173 1646//157 1645//1169
f 1652//326 1645//1169 1644//319
f 1651//1172 1644//319 1643//1168
f 1650//150 1643//1168 1642//150
f 1648//1171 1642//150 1640//1167
f 1649//324 1640//1167 1641//317
f 1647//1170 1633//315 1639//1166
f 1646//157 1639//1166 1638//157
f 1645//1169 1638//157 1637//1165
f 1644//319 1637//1165 1636//312
f 1643//1168 1636//312 1635//1164
f 1642//150 1635//1164 1634//150
f 1640//1167 1634//150 1632//1163
f 1641//317 1632//1163 1633//310
f 1639//1166 1625//308 1631//1162
f 1638//157 1631//1162 1630//157
f 1637//1165 1630//157 1629//1161
f 1636//312 1629//1161 1628//305
f 1635//1164 1628//305 1627//1160
f 1634//150 1627//1160 1626//150
f 1632//1163 1626//150 1624//1159
f 1633//310 1624//1159 1625//303
f 1631//1162 1617//301 1623//1158
f 1630//157 1623//1158 1622//1
f 1629//1161 1622//1 1621//1157
f 1628//305 1621//1157 1620//298
f 1627//1160 1620//298 1619//1156
f 1626//150 1619//1156 1618//149
f 1624//1159 1618//149 1616//1155
f 1625//303 1616//1155 1617//296
f 1623//1158 1609//294 1615//1154
f 1622//1 1615//1154 1614//1
f 1621//1157 1614//1 1613//1153
f 1620//298 1613//1153 1612//291
f 1619//1156 1612//291 1611//1152
f 1618//149 1611//1152 1610//149
f 1616//1155 1610//149 1608//1151
f 1617//296 1608//1151 1609//289
f 1615//1154 1601//287 1607//1150
f 1614//1 1607//1150 1606//1
f 1613//1153 1606//1 1605//1149
f 1612//291 1605//1149 1604//284
f 1611//1152 1604//284 1603//1148
f 1610//149 1603//1148 1602//149
f 1608//1151 1602//149 1600//1147
f 1609//289 1600//1147 1601//282
f 1607//1150 1593//280 1599//1146
f 1606//1 1599//1146 1598//1
f 1605//1149 1598//1 1597//1145
f 1604//284 1597//1145 1596//277
f 1603//1148 1596//277 1595//1144
f 1602//149 1595//1144 1594//149
f 1600//1147 1594//149 1592//1143
f 1601//282 1592//1143 1593//275
f 1599//1146 1585//273 1591//1142
f 1598//1 1591//1142 1590//1
f 1597//1145 1590//1 1589//1141
f 1596//277 1589//1141 1588//270
f 1595//1144 1588//270 1587//1140
f 1594//149 1587//1140 1586//149
f 1592//1143 1586//149 1584//1139
f 1593//275 1584//1139 1585//268
f 1591//1142 1577//266 1583//1138
f 1590//1 1583//1138 1582//1
f 1589//1141 1582//1 1581//1137
f 1588//270 1581//1137 1580//263
f 1587//1140 1580//263 1579//1136
f 1586//149 1579//1136 1578//149
f 1584//1139 1578//149 1576//1135
f 1585//268 1576//1135 1577//261
f 1583//1138 1569//259 1575//1134
f 1582//1 1575//1134 1574//1
f 1581//1137 1574//1 1573//1133
f 1580//263 1573//1133 1572//256
f 1579//1136 1572//256 1571//1132
f 1578//149 1571//1132 1570//149
f 1576//1135 1570//149 1568//1131
f 1577//261 1568//1131 1569//254
f 1575//1134 1561//252 1567//1130
f 1574//1 1567//1130 1566//157
f 1573//1133 1566//157 1565//1129
f 1572//256 1565//1129 1564//249
f 1571//1132 1564//249 1563//1128
f 1570//149 1563//1128 1562//150
f 1568//1131 1562//150 1560//1127
f 1569//254 1560//1127 1561//247
f 1567//1130 1553//245 1559//1126
f 1566//157 1559//1126 1558//157
f 1565//1129 1558//157 1557//1125
f 1564//249 1557//1125 1556//242
f 1563//1128 1556//242 1555//1124
f 1562//150 1555//1124 1554//150
f 1560//1127 1554//150 1552//1123
f 1561//247 1552//1123 1553//240
f 1559//1126 1545//238 1551//1122
f 1558//157 1551//1122 1550//157
f 1557//1125 1550//157 1549//1121
f 1556//242 1549//1121 1548//235
f 1555//1124 1548//235 1547//1120
f 1554//150 1547//1120 1546//150
f 1552//1123 1546//150 1544//1119
f 1553//240 1544//1119 1545//233
f 1551//1122 1537//231 1543//1118
f 1550//157 1543//1118 1542//157
f 1549//1121 1542//157 1541//1117
f 1548//235 1541//1117 1540//228
f 1547//1120 1540//228 1539//1116
f 1546//150 1539//1116 1538//150
f 1544//1119 1538//150 1536//1115
f 1545//233 1536//1115 1537//226
f 1543//1118 1529//224 1535//1114
f 1542//157 1535//1114 1534//157
f 1541//1117 1534//157 1533//1113
f 1540//228 1533//1113 1532//221
f 1539//1116 1532//221 1531//1112
f 1538//150 1531//1112 1530//150
f 1536//1115 1530//150 1528//1111
f 1537//226 1528//1111 1529//219
f 1535//1114 1521//217 1527//1110
f 1534//157 1527//1110 1526//157
f 1533//1113 1526//157 1525//1109
f 1532//221 1525//1109 1524//214
f 1531//1112 1524//214 1523//1108
f 1530//150 1523//1108 1522//150
f 1528//1111 1522//150 1520//1107
f 1529//219 1520//1107 1521//212
f 1527//1110 1513//210 1519//1106
f 1526//157 1519//1106 1518//157
f 1525//1109 1518//157 1517//1105
f 1524//214 1517//1105 1516//207
f 1523//1108 1516//207 1515//1104
f 1522//150 1515//1104 1514//150
f 1520//1107 1514//150 1512//1103
f 1521//212 1512//1103 1513//205
f 1519//1106 1505//203 1511//1102
f 1518//157 1511//1102 1510//157
f 1517//1105 1510//157 1509//1101
f 1516//207 1509//1101 1508//200
f 1515//1104 1508//200 1507//1100
f 1514//150 1507//1100 1506//150
f 1512//1103 1506//150 1504//1099
f 1513//205 1504//1099 1505//198
f 1511//1102 1497//196 1503//1098
f 1510//157 1503//1098 1502//157
f 1509//1101 1502//157 1501//1097
f 1508//200 1501//1097 1500//193
f 1507//1100 1500//193 1499//1096
f 1506//150 1499//1096 1498//150
f 1504//1099 1498//150 1496//1095
f 1505//198 1496//1095 1497//191
f 1503//1098 1489//189 1495//1094
f 1502//157 1495//1094 1494//157
f 1501//1097 1494//157 1493//1093
f 1500//193 1493//1093 1492//186
f 1499//1096 1492//186 1491//1092
f 1498//150 1491//1092 1490//150
f 1496//1095 1490//150 1488//1091
f 1497//191 1488//1091 1489//184
f 1495//1094 1481//182 1487//1090
f 1494//157 1487//1090 1486//157
f 1493//1093 1486//157 1485//1089
f 1492//186 1485//1089 1484//179
f 1491//1092 1484//179 1483//1088
f 1490//150 1483//1088 1482//150
f 1488//1091 1482//150 1480//1087
f 1489//184 1480//1087 1481//177
f 1487//1090 1473//175 1479//1086
f 1486//157 1479//1086 1478//157
f 1485//1089 1478//157 1477//1085
f 1484//179 1477//1085 1476//172
f 1483//1088 1476//172 1475//1084
f 1482//150 1475//1084 1474//150
f 1480//1087 1474//150 1472//1083
f 1481//177 1472//1083 1473//170
f 1479//1086 1465//168 1471//1082
f 1478//157 1471//1082 1470//157
f 1477//1085 1470//157 1469//1081
f 1476//172 1469//1081 1468//165
f 1475//1084 1468//165 1467//1080
f 1474//150 1467//1080 1466//150
f 1472//1083 1466//150 1464//1079
f 1473//170 1464//1079 1465//163
f 1471//1082 1450//161 1463//1078
f 1470//157 1463//1078 1461//157
f 1469//1081 1461//157 1459//1076
f 1468//165 1459//1076 1457//154
f 1467//1080 1457//154 1455//1074
f 1466//150 1455//1074 1453//150
f 1464//1079 1453//150 1449//1072
f 1465//163 1449//1072 1450//147
f 1463//1078 1451//160 1462//1077
f 1461//157 1462//1077 1460//1
f 1459//1076 1460//1 1458//1075
f 1457//154 1458//1075 1456//153
f 1455//1074 1456//153 1454//1073
f 1453//150 1454//1073 1452//149
f 1449//1072 1452//149 1448//1071
f 1450//147 1448//1071 1451//148
g seven_enamel
f 2408//1 2410//1 2409//1
f 2408//1 2411//1 2410//1
f 2408//1 2412//1 2411//1
f 2408//1 2413//1 2412//1
f 2408//1 2414//1 2413//1
f 2408//1 2415//1 2414//1
f 2408//1 2416//1 2415//1
f 2408//1 2417//1 2416//1
f 2408//1 2418//1 2417//1
f 2408//1 2419//1 2418//1
f 2408//1 2420//1 2419//1
f 2408//1 2421//1 2420//1
f 2408//1 2422//1 2421//1
f 2408//1 2423//1 2422//1
f 2408//1 2424//1 2423//1
f 2408//1 2425//1 2424//1
f 2408//1 2426//1 2425//1
f 2408//1 2427//1 2426//1
f 2408//1 2428//1 2427//1
f 2408//1 2429//1 2428//1
f 2408//1 2430//1 2429//1
f 2408//1 2431//1 2430//1
f 2408//1 2432//1 2431//1
f 2408//1 2433//1 2432//1
f 2408//1 2434//1 2433//1
f 2408//1 2435//1 2434//1
f 2436//1 2438//1 2437//1
f 2436//1 2439//1 2438//1
f 2440//1 2439//1 2436//1
f 2440//1 2441//1 2439//1
f 2442//1 2441//1 2440//1
f 2442//1 2443//1 2441//1
f 2444//1 2443//1 2442//1
f 2444//1 2445//1 2443//1
f 2446//1 2445//1 2444//1
f 2446//1 2447//1 2445//1
f 2446//1 2448//1 2447//1
f 2446//1 2449//1 2448//1
f 2446//1 2450//1 2449//1
f 2446//1 2451//1 2450//1
f 2452//1 2451//1 2446//1
f 2452//1 2453//1 2451//1
f 2452//1 2454//1 2453//1
f 2454//1 2456//1 2455//1
f 2454//1 2457//1 2456//1
f 2454//1 2458//1 2457//1
f 2454//1 2459//1 2458//1
f 2454//1 2460//1 2459//1
f 2454//1 2461//1 2460//1
f 2454//1 2462//1 2461//1
f 2454//1 2463//1 2462//1
f 2454//1 2464//1 2463//1
f 2454//1 2465//1 2464//1
f 2454//1 2466//1 2465//1
f 2454//1 2467//1 2466//1
f 2452//1 2467//1 2454//1
f 2452//1 2468//1 2467//1
f 2469//1 2468//1 2452//1
f 2469//1 2470//1 2468//1
f 2469//1 2471//1 2470//1
f 2472//1 2471//1 2469//1
f 2473//1 2471//1 2472//1
f 2474//1 2471//1 2473//1
f 2475//1 2471//1 2474//1
f 2476//1 2471//1 2475//1
f 2477//1 2471//1 2476//1
f 2477//1 2478//1 2471//1
f 2477//1 2479//1 2478//1
f 2480//1 2479//1 2477//1
f 2481//1 2479//1 2480//1
f 2482//1 2479//1 2481//1
f 2483//1 2479//1 2482//1
f 2484//1 2479//1 2483//1
f 2484//1 2485//1 2479//1
f 2484//1 2486//1 2485//1
f 2435//1 2486//1 2484//1
f 2435//1 2487//1 2486//1
f 2435//1 2488//1 2487//1
f 2435//1 2489//1 2488//1
f 2435//1 2490//1 2489//1
f 2435//1 2491//1 2490//1
f 2435//1 2492//1 2491//1
f 2435//1 2493//1 2492//1
f 2435//1 2494//1 2493//1
f 2435//1 2495//1 2494//1
f 2435//1 2496//1 2495//1
f 2435//1 2497//1 2496//1
f 2435//1 2498//1 2497//1
f 2435//1 2499//1 2498//1
f 2435//1 2500//1 2499//1
f 2435//1 2501//1 2500//1
f 2435//1 2502//1 2501//1
f 2435//1 2503//1 2502//1
f 2435//1 2504//1 2503//1
f 2435//1 2505//1 2504//1
f 2435//1 2506//1 2505//1
f 2435//1 2507//1 2506//1
f 2435//1 2508//1 2507//1
f 2435//1 2509//1 2508//1
f 2435//1 2510//1 2509//1
f 2435//1 2511//1 2510//1
f 2435//1 2512//1 2511//1
f 2435//1 2513//1 2512//1
f 2435//1 2514//1 2513//1
f 2435//1 2515//1 2514//1
f 2435//1 2516//1 2515//1
f 2435//1 2517//1 2516//1
f 2408//1 2517//1 2435//1
f 2408//1 2518//1 2517//1
f 2408//1 2519//1 2518//1
f 2408//1 2520//1 2519//1
f 2408//1 2521//1 2520//1
f 2408//1 2522//1 2521//1
f 2408//1 2523//1 2522//1
f 2523//1 2408//1 2524//1
f 2525//2 2527//2 2526//2
f 2528//2 2527//2 2525//2
f 2529//2 2527//2 2528//2
f 2530//2 2527//2 2529//2
f 2531//2 2527//2 2530//2
f 2532//2 2527//2 2531//2
f 2533//2 2527//2 2532//2
f 2534//2 2527//2 2533//2
f 2535//2 2527//2 2534//2
f 2536//2 2527//2 2535//2
f 2537//2 2527//2 2536//2
f 2538//2 2527//2 2537//2
f 2539//2 2527//2 2538//2
f 2540//2 2527//2 2539//2
f 2541//2 2527//2 2540//2
f 2542//2 2527//2 2541//2
f 2543//2 2527//2 2542//2
f 2544//2 2527//2 2543//2
f 2545//2 2527//2 2544//2
f 2546//2 2527//2 2545//2
f 2547//2 2527//2 2546//2
f 2548//2 2527//2 2547//2
f 2549//2 2527//2 2548//2
f 2550//2 2527//2 2549//2
f 2551//2 2527//2 2550//2
f 2552//2 2527//2 2551//2
f 2553//2 2555//2 2554//2
f 2556//2 2555//2 2553//2
f 2556//2 2557//2 2555//2
f 2558//2 2557//2 2556//2
f 2558//2 2559//2 2557//2
f 2560//2 2559//2 2558//2
f 2560//2 2561//2 2559//2
f 2562//2 2561//2 2560//2
f 2562//2 2563//2 2561//2
f 2564//2 2563//2 2562//2
f 2565//2 2563//2 2564//2
f 2566//2 2563//2 2565//2
f 2567//2 2563//2 2566//2
f 2568//2 2563//2 2567//2
f 2568//2 2569//2 2563//2
f 2570//2 2569//2 2568//2
f 2571//2 2569//2 2570//2
f 2572//2 2571//2 2573//2
f 2574//2 2571//2 2572//2
f 2575//2 2571//2 2574//2
f 2576//2 2571//2 2575//2
f 2577//2 2571//2 2576//2
f 2578//2 2571//2 2577//2
f 2579//2 2571//2 2578//2
f 2580//2 2571//2 2579//2
f 2581//2 2571//2 2580//2
f 2582//2 2571//2 2581//2
f 2583//2 2571//2 2582//2
f 2584//2 2571//2 2583//2
f 2584//2 2569//2 2571//2
f 2585//2 2569//2 2584//2
f 2585//2 2586//2 2569//2
f 2587//2 2586//2 2585//2
f 2588//2 2586//2 2587//2
f 2588//2 2589//2 2586//2
f 2588//2 2590//2 2589//2
f 2588//2 2591//2 2590//2
f 2588//2 2592//2 2591//2
f 2588//2 2593//2 2592//2
f 2588//2 2594//2 2593//2
f 2595//2 2594//2 2588//2
f 2596//2 2594//2 2595//2
f 2596//2 2597//2 2594//2
f 2596//2 2598//2 2597//2
f 2596//2 2599//2 2598//2
f 2596//2 2600//2 2599//2
f 2596//2 2601//2 2600//2
f 2602//2 2601//2 2596//2
f 2603//2 2601//2 2602//2
f 2603//2 2552//2 2601//2
f 2604//2 2552//2 2603//2
f 2605//2 2552//2 2604//2
f 2606//2 2552//2 2605//2
f 2607//2 2552//2 2606//2
f 2608//2 2552//2 2607//2
f 2609//2 2552//2 2608//2
f 2610//2 2552//2 2609//2
f 2611//2 2552//2 2610//2
f 2612//2 2552//2 2611//2
f 2613//2 2552//2 2612//2
f 2614//2 2552//2 2613//2
f 2615//2 2552//2 2614//2
f 2616//2 2552//2 2615//2
f 2617//2 2552//2 2616//2
f 2618//2 2552//2 2617//2
f 2619//2 2552//2 2618//2
f 2620//2 2552//2 2619//2
f 2621//2 2552//2 2620//2
f 2622//2 2552//2 2621//2
f 2623//2 2552//2 2622//2
f 2624//2 2552//2 2623//2
f 2625//2 2552//2 2624//2
f 2626//2 2552//2 2625//2
f 2627//2 2552//2 2626//2
f 2628//2 2552//2 2627//2
f 2629//2 2552//2 2628//2
f 2630//2 2552//2 2629//2
f 2631//2 2552//2 2630//2
f 2632//2 2552//2 2631//2
f 2633//2 2552//2 2632//2
f 2634//2 2552//2 2633//2
f 2634//2 2527//2 2552//2
f 2635//2 2527//2 2634//2
f 2636//2 2527//2 2635//2
f 2637//2 2527//2 2636//2
f 2638//2 2527//2 2637//2
f 2639//2 2527//2 2638//2
f 2640//2 2527//2 2639//2
f 2527//2 2640//2 2641//2
f 2526//3 2410//3 2525//3
f 2525//4 2411//4 2528//4
f 2528//1019 2412//1019 2529//1019
f 2529//1020 2413//1020 2530//1020
f 2530//5 2414//5 2531//5
f 2531//1021 2415//1021 2532//1021
f 2532//1022 2416//1022 2533//1022
f 2533//6 2417//6 2534//6
f 2534//1023 2418//1023 2535//1023
f 2535//1024 2419//1024 2536//1024
f 2536//7 2420//7 2537//7
f 2537//1025 2421//1025 2538//1025
f 2538//8 2422//8 2539//8
f 2539//1026 2423//1026 2540//1026
f 2540//9 2424//9 2541//9
f 2541//1027 2425//1027 2542//1027
f 2542//10 2426//10 2543//10
f 2543//1028 2427//1028 2544//1028
f 2544//11 2428//11 2545//11
f 2545//12 2429//12 2546//12
f 2546//13 2430//13 2547//13
f 2547//14 2431//14 2548//14
f 2548//15 2432//15 2549//15
f 2549//16 2433//16 2550//16
f 2550//17 2434//17 2551//17
f 2551//1029 2435//1029 2552//1029
f 2552//1030 2484//1030 2601//1030
f 2601//1031 2483//1031 2600//1031
f 2600//1032 2482//1032 2599//1032
f 2599//1033 2481//1033 2598//1033
f 2598//1034 2480//1034 2597//1034
f 2597//1035 2477//1035 2594//1035
f 2594//1036 2476//1036 2593//1036
f 2593//1037 2475//1037 2592//1037
f 2592//1038 2474//1038 2591//1038
f 2591//1039 2473//1039 2590//1039
f 2590//1040 2472//1040 2589//1040
f 2589//1041 2469//1041 2586//1041
f 2586//1042 2452//1042 2569//1042
f 2569//1043 2446//1043 2563//1043
f 2563//18 2444//18 2561//18
f 2561//1044 2442//1044 2559//1044
f 2559//19 2440//19 2557//19
f 2557//1045 2436//1045 2555//1045
f 2555//20 2437//20 2554//20
f 2554//21 2438//21 2553//21
f 2553//22 2439//22 2556//22
f 2556//23 2441//23 2558//23
f 2558//24 2443//24 2560//24
f 2560//25 2445//25 2562//25
f 2562//26 2447//26 2564//26
f 2564//27 2448//27 2565//27
f 2565//28 2449//28 2566//28
f 2566//29 2450//29 2567//29
f 2567//30 2451//30 2568//30
f 2568//31 2453//31 2570//31
f 2570//32 2454//32 2571//32
f 2571//34 2455//34 2573//34
f 2573//35 2456//35 2572//35
f 2572//1046 2457//1046 2574//1046
f 2574//36 2458//36 2575//36
f 2575//1047 2459//1047 2576//1047
f 2576//37 2460//37 2577//37
f 2577//1048 2461//1048 2578//1048
f 2578//38 2462//38 2579//38
f 2579//1049 2463//1049 2580//1049
f 2580//39 2464//39 2581//39
f 2581//1050 2465//1050 2582//1050
f 2582//40 2466//40 2583//40
f 2583//1051 2467//1051 2584//1051
f 2584//41 2468//41 2585//41
f 2585//1052 2470//1052 2587//1052
f 2587//42 2471//42 2588//42
f 2588//1053 2478//1053 2595//1053
f 2595//43 2479//43 2596//43
f 2596//1054 2485//1054 2602//1054
f 2602//44 2486//44 2603//44
f 2603//1055 2487//1055 2604//1055
f 2604//45 2488//45 2605//45
f 2605//46 2489//46 2606//46
f 2606//47 2490//47 2607//47
f 2607//48 2491//48 2608//48
f 2608//49 2492//49 2609//49
f 2609//50 2493//50 2610//50
f 2610//51 2494//51 2611//51
f 2611//52 2495//52 2612//52
f 2612//53 2496//53 2613//53
f 2613//59 2497//59 2614//59
f 2614//1056 2498//1056 2615//1056
f 2615//60 2499//60 2616//60
f 2616//1057 2500//1057 2617//1057
f 2617//61 2501//61 2618//61
f 2618//1058 2502//1058 2619//1058
f 2619//62 2503//62 2620//62
f 2620//1059 2504//1059 2621//1059
f 2621//63 2505//63 2622//63
f 2622//1060 2506//1060 2623//1060
f 2623//64 2507//64 2624//64
f 2624//65 2508//65 2625//65
f 2625//66 2509//66 2626//66
f 2626//67 2510//67 2627//67
f 2627//68 2511//68 2628//68
f 2628//69 2512//69 2629//69
f 2629//70 2513//70 2630//70
f 2630//1061 2514//1061 2631//1061
f 2631//1062 2515//1062 2632//1062
f 2632//1063 2516//1063 2633//1063
f 2633//1064 2517//1064 2634//1064
f 2634//1065 2518//1065 2635//1065
f 2635//1066 2519//1066 2636//1066
f 2636//1067 2520//1067 2637//1067
f 2637//1068 2521//1068 2638//1068
f 2638//1069 2522//1069 2639//1069
f 2639//1070 2523//1070 2640//1070
f 2640//71 2524//71 2641//71
f 2641//72 2408//72 2527//72
f 2527//73 2409//73 2526//73
f 2642//1554 2644//1555 2643//150
f 2645//1554 2643//150 2646//149
f 2647//1556 2642//1554 2645//1554
f 2642//1554 2643//150 2645//1554
f 2648//1554 2646//149 2649//402
f 2650//1554 2649//402 2651//149
f 2652//1556 2648//1554 2650//1554
f 2648//1554 2649//402 2650//1554
f 2653//1557 2647//1556 2654//1556
f 2655//1557 2654//1556 2652//1556
f 2656//1558 2653//1557 2655//1557
f 2653//1557 2654//1556 2655//1557
f 2645//1554 2646//149 2648//1554
f 2654//1556 2648//1554 2652//1556
f 2647//1556 2645//1554 2654//1556
f 2645//1554 2648//1554 2654//1556
f 2657//1554 2651//149 2658//150
f 2659//1554 2658//150 2660//149
f 2661//1556 2657//1554 2659//1554
f 2657//1554 2658//150 2659//1554
f 2662//1554 2660//149 2663//402
f 2664//402 2663//402 2665//1559
f 2666//402 2662//1554 2664//402
f 2662//1554 2663//402 2664//402
f 2667//1557 2661//1556 2668//1556
f 2669//402 2668//1556 2666//402
f 2670//149 2667//1557 2669//402
f 2667//1557 2668//1556 2669//402
f 2659//1554 2660//149 2662//1554
f 2668//1556 2662//1554 2666//402
f 2661//1556 2659//1554 2668//1556
f 2659//1554 2662//1554 2668//1556
f 2671//1560 2656//1558 2672//1558
f 2673//1560 2672//1558 2674//1558
f 2675//1561 2671//1560 2673//1560
f 2671//1560 2672//1558 2673//1560
f 2676//1560 2674//1558 2677//1558
f 2678//150 2677//1558 2670//149
f 2679//150 2676//1560 2678//150
f 2676//1560 2677//1558 2678//150
f 2680//1562 2675//1561 2681//1563
f 2682//150 2681//1563 2679//150
f 2683//1564 2680//1562 2682//150
f 2680//1562 2681//1563 2682//150
f 2673//1560 2674//1558 2676//1560
f 2681//1563 2676//1560 2679//150
f 2675//1561 2673//1560 2681//1563
f 2673//1560 2676//1560 2681//1563
f 2650//1554 2651//149 2657//1554
f 2684//1556 2657//1554 2661//1556
f 2652//1556 2650//1554 2684//1556
f 2650//1554 2657//1554 2684//1556
f 2685//1557 2661//1556 2667//1557
f 2677//1558 2667//1557 2670//149
f 2674//1558 2685//1557 2677//1558
f 2685//1557 2667//1557 2677//1558
f 2655//1557 2652//1556 2686//1557
f 2672//1558 2686//1557 2674//1558
f 2656//1558 2655//1557 2672//1558
f 2655//1557 2686//1557 2672//1558
f 2684//1556 2661//1556 2685//1557
f 2686//1557 2685//1557 2674//1558
f 2652//1556 2684//1556 2686//1557
f 2684//1556 2685//1557 2686//1557
f 2687//1565 2644//1555 2642//1554
f 2688//1566 2642//1554 2647//1556
f 2689//1567 2687//1565 2688//1566
f 2687//1565 2642//1554 2688//1566
f 2690//1568 2647//1556 2653//1557
f 2691//1569 2653//1557 2656//1558
f 2692//1570 2690//1568 2691//1569
f 2690//1568 2653//1557 2691//1569
f 2693//1571 2689//1567 2694//1572
f 2695//1573 2694//1572 2692//1570
f 2696//1574 2693//1571 2695//1573
f 2693//1571 2694//1572 2695//1573
f 2688//1566 2647//1556 2690//1568
f 2694//1572 2690//1568 2692//1570
f 2689//1567 2688//1566 2694//1572
f 2688//1566 2690//1568 2694//1572
f 2697//1575 2656//1558 2671//1560
f 2698//1576 2671//1560 2675//1561
f 2699//1577 2697//1575 2698//1576
f 2697//1575 2671//1560 2698//1576
f 2700//1578 2675//1561 2680//1562
f 2701//150 2680//1562 2683//1564
f 2702//150 2700//1578 2701//150
f 2700//1578 2680//1562 2701//150
f 2703//1579 2699//1577 2704//1580
f 2705//402 2704//1580 2702//150
f 2706//149 2703//1579 2705//402
f 2703//1579 2704//1580 2705//402
f 2698//1576 2675//1561 2700//1578
f 2704//1580 2700//1578 2702//150
f 2699//1577 2698//1576 2704//1580
f 2698//1576 2700//1578 2704//1580
f 2707//1581 2696//1574 2708//1582
f 2709//1583 2708//1582 2710//1584
f 2711//1585 2707//1581 2709//1583
f 2707//1581 2708//1582 2709//1583
f 2712//1586 2710//1584 2713//1587
f 2714//150 2713//1587 2706//149
f 2715//402 2712//1586 2714//150
f 2712//1586 2713//1587 2714//150
f 2716//1588 2711//1585 2717//1589
f 2718//402 2717//1589 2715//402
f 2719//1590 2716//1588 2718//402
f 2716//1588 2717//1589 2718//402
f 2709//1583 2710//1584 2712//1586
f 2717//1589 2712//1586 2715//402
f 2711//1585 2709//1583 2717//1589
f 2709//1583 2712//1586 2717//1589
f 2691//1569 2656//1558 2697//1575
f 2720//1591 2697//1575 2699//1577
f 2692//1570 2691//1569 2720//1591
f 2691//1569 2697//1575 2720//1591
f 2721//1592 2699//1577 2703//1579
f 2713//1587 2703//1579 2706//149
f 2710//1584 2721//1592 2713//1587
f 2721//1592 2703//1579 2713//1587
f 2695//1573 2692//1570 2722//1593
f 2708//1582 2722//1593 2710//1584
f 2696//1574 2695//1573 2708//1582
f 2695//1573 2722//1593 2708//1582
f 2720//1591 2699//1577 2721//1592
f 2722//1593 2721//1592 2710//1584
f 2692//1570 2720//1591 2722//1593
f 2720//1591 2721//1592 2722//1593
f 2723//1594 2644//1555 2687//1565
f 2724//1595 2687//1565 2689//1567
f 2725//1596 2723//1594 2724//1595
f 2723//1594 2687//1565 2724//1595
f 2726//1597 2689//1567 2693//1571
f 2727//1598 2693//1571 2696//1574
f 2728//1599 2726//1597 2727//1598
f 2726//1597 2693//1571 2727//1598
f 2729//1600 2725//1596 2730//1601
f 2731//1602 2730//1601 2728//1599
f 2732//1603 2729//1600 2731//1602
f 2729//1600 2730//1601 2731//1602
f 2724//1595 2689//1567 2726//1597
f 2730//1601 2726//1597 2728//1599
f 2725//1596 2724//1595 2730//1601
f 2724//1595 2726//1597 2730//1601
f 2733//1604 2696//1574 2707//1581
f 2734//1605 2707//1581 2711//1585
f 2735//1606 2733//1604 2734//1605
f 2733//1604 2707//1581 2734//1605
f 2736//1607 2711//1585 2716//1588
f 2737//402 2716//1588 2719//1590
f 2738//402 2736//1607 2737//402
f 2736//1607 2716//1588 2737//402
f 2739//1608 2735//1606 2740//1609
f 2741//150 2740//1609 2738//402
f 2742//149 2739//1608 2741//150
f 2739//1608 2740//1609 2741//150
f 2734//1605 2711//1585 2736//1607
f 2740//1609 2736//1607 2738//402
f 2735//1606 2734//1605 2740//1609
f 2734//1605 2736//1607 2740//1609
f 2743//1610 2732//1603 2744//1611
f 2745//1612 2744//1611 2746//1613
f 2747//1614 2743//1610 2745//1612
f 2743//1610 2744//1611 2745//1612
f 2748//1615 2746//1613 2749//1616
f 2750//402 2749//1616 2742//149
f 2751//150 2748//1615 2750//402
f 2748//1615 2749//1616 2750//402
f 2752//1617 2747//1614 2753//1618
f 2754//150 2753//1618 2751//150
f 2755//1619 2752//1617 2754//150
f 2752//1617 2753//1618 2754//150
f 2745//1612 2746//1613 2748//1615
f 2753//1618 2748//1615 2751//150
f 2747//1614 2745//1612 2753//1618
f 2745//1612 2748//1615 2753//1618
f 2727//1598 2696//1574 2733//1604
f 2756//1620 2733//1604 2735//1606
f 2728//1599 2727//1598 2756//1620
f 2727//1598 2733//1604 2756//1620
f 2757//1621 2735//1606 2739//1608
f 2749//1616 2739//1608 2742//149
f 2746//1613 2757//1621 2749//1616
f 2757//1621 2739//1608 2749//1616
f 2731//1602 2728//1599 2758//1622
f 2744//1611 2758//1622 2746//1613
f 2732//1603 2731//1602 2744//1611
f 2731//1602 2758//1622 2744//1611
f 2756//1620 2735//1606 2757//1621
f 2758//1622 2757//1621 2746//1613
f 2728//1599 2756//1620 2758//1622
f 2756//1620 2757//1621 2758//1622
f 2759//1623 2644//1555 2723//1594
f 2760//1624 2723//1594 2725//1596
f 2761//1625 2759//1623 2760//1624
f 2759//1623 2723//1594 2760//1624
f 2762//1626 2725//1596 2729//1600
f 2763//1627 2729//1600 2732//1603
f 2764//1628 2762//1626 2763//1627
f 2762//1626 2729//1600 2763//1627
f 2765//1629 2761//1625 2766//1630
f 2767//1631 2766//1630 2764//1628
f 2768//1632 2765//1629 2767//1631
f 2765//1629 2766//1630 2767//1631
f 2760//1624 2725//1596 2762//1626
f 2766//1630 2762//1626 2764//1628
f 2761//1625 2760//1624 2766//1630
f 2760//1624 2762//1626 2766//1630
f 2769//1633 2732//1603 2743//1610
f 2770//1634 2743//1610 2747//1614
f 2771//1635 2769//1633 2770//1634
f 2769//1633 2743//1610 2770//1634
f 2772//1636 2747//1614 2752//1617
f 2773//402 2752//1617 2755//1619
f 2774//402 2772//1636 2773//402
f 2772//1636 2752//1617 2773//402
f 2775//1637 2771//1635 2776//1638
f 2777//402 2776//1638 2774//402
f 2778//402 2775//1637 2777//402
f 2775//1637 2776//1638 2777//402
f 2770//1634 2747//1614 2772//1636
f 2776//1638 2772//1636 2774//402
f 2771//1635 2770//1634 2776//1638
f 2770//1634 2772//1636 2776//1638
f 2779//1639 2768//1632 2780//1640
f 2781//1641 2780//1640 2782//1642
f 2783//1643 2779//1639 2781//1641
f 2779//1639 2780//1640 2781//1641
f 2784//1644 2782//1642 2785//1645
f 2786//402 2785//1645 2778//402
f 2787//402 2784//1644 2786//402
f 2784//1644 2785//1645 2786//402
f 2788//1646 2783//1643 2789//1647
f 2790//150 2789//1647 2787//402
f 2791//1648 2788//1646 2790//150
f 2788//1646 2789//1647 2790//150
f 2781//1641 2782//1642 2784//1644
f 2789//1647 2784//1644 2787//402
f 2783//1643 2781//1641 2789//1647
f 2781//1641 2784//1644 2789//1647
f 2763//1627 2732//1603 2769//1633
f 2792//1649 2769//1633 2771//1635
f 2764//1628 2763//1627 2792//1649
f 2763//1627 2769//1633 2792//1649
f 2793//1650 2771//1635 2775//1637
f 2785//1645 2775//1637 2778//402
f 2782//1642 2793//1650 2785//1645
f 2793//1650 2775//1637 2785//1645
f 2767//1631 2764//1628 2794//1651
f 2780//1640 2794//1651 2782//1642
f 2768//1632 2767//1631 2780//1640
f 2767//1631 2794//1651 2780//1640
f 2792//1649 2771//1635 2793//1650
f 2794//1651 2793//1650 2782//1642
f 2764//1628 2792//1649 2794//1651
f 2792//1649 2793//1650 2794//1651
f 2795//1652 2644//1555 2759//1623
f 2796//1653 2759//1623 2761//1625
f 2797//1654 2795//1652 2796//1653
f 2795//1652 2759//1623 2796//1653
f 2798//1655 2761//1625 2765//1629
f 2799//1656 2765//1629 2768//1632
f 2800//1657 2798//1655 2799//1656
f 2798//1655 2765//1629 2799//1656
f 2801//1658 2797//1654 2802//1659
f 2803//1660 2802//1659 2800//1657
f 2804//1661 2801//1658 2803//1660
f 2801//1658 2802//1659 2803//1660
f 2796//1653 2761//1625 2798//1655
f 2802//1659 2798//1655 2800//1657
f 2797//1654 2796//1653 2802//1659
f 2796//1653 2798//1655 2802//1659
f 2805//1662 2768//1632 2779//1639
f 2806//1663 2779//1639 2783//1643
f 2807//1664 2805//1662 2806//1663
f 2805//1662 2779//1639 2806//1663
f 2808//1646 2783//1643 2788//1646
f 2809//402 2788//1646 2791//1648
f 2810//150 2808//1646 2809//402
f 2808//1646 2788//1646 2809//402
f 2811//1665 2807//1664 2812//1646
f 2813//402 2812//1646 2810//150
f 2814//149 2811//1665 2813//402
f 2811//1665 2812//1646 2813//402
f 2806//1663 2783//1643 2808//1646
f 2812//1646 2808//1646 2810//150
f 2807//1664 2806//1663 2812//1646
f 2806//1663 2808//1646 2812//1646
f 2815//1666 2804//1661 2816//1667
f 2817//1668 2816//1667 2818//1669
f 2819//1670 2815//1666 2817//1668
f 2815//1666 2816//1667 2817//1668
f 2820//1671 2818//1669 2821//1672
f 2822//150 2821//1672 2814//149
f 2823//402 2820//1671 2822//150
f 2820//1671 2821//1672 2822//150
f 2824//1673 2819//1670 2825//1674
f 2826//150 2825//1674 2823//402
f 2827//1675 2824//1673 2826//150
f 2824//1673 2825//1674 2826//150
f 2817//1668 2818//1669 2820//1671
f 2825//1674 2820//1671 2823//402
f 2819//1670 2817//1668 2825//1674
f 2817//1668 2820//1671 2825//1674
f 2799//1656 2768//1632 2805//1662
f 2828//1676 2805//1662 2807//1664
f 2800//1657 2799//1656 2828//1676
f 2799//1656 2805//1662 2828//1676
f 2829//1677 2807//1664 2811//1665
f 2821//1672 2811//1665 2814//149
f 2818//1669 2829//1677 2821//1672
f 2829//1677 2811//1665 2821//1672
f 2803//1660 2800//1657 2830//1678
f 2816//1667 2830//1678 2818//1669
f 2804//1661 2803//1660 2816//1667
f 2803//1660 2830//1678 2816//1667
f 2828//1676 2807//1664 2829//1677
f 2830//1678 2829//1677 2818//1669
f 2800//1657 2828//1676 2830//1678
f 2828//1676 2829//1677 2830//1678
f 2831//1679 2644//1555 2795//1652
f 2832//1680 2795//1652 2797//1654
f 2833//1681 2831//1679 2832//1680
f 2831//1679 2795//1652 2832//1680
f 2834//1682 2797//1654 2801//1658
f 2835//1683 2801//1658 2804//1661
f 2836//1684 2834//1682 2835//1683
f 2834//1682 2801//1658 2835//1683
f 2837//1685 2833//1681 2838//1686
f 2839//1687 2838//1686 2836//1684
f 2840//1688 2837//1685 2839//1687
f 2837//1685 2838//1686 2839//1687
f 2832//1680 2797//1654 2834//1682
f 2838//1686 2834//1682 2836//1684
f 2833//1681 2832//1680 2838//1686
f 2832//1680 2834//1682 2838//1686
f 2841//1689 2804//1661 2815//1666
f 2842//1690 2815//1666 2819//1670
f 2843//1691 2841//1689 2842//1690
f 2841//1689 2815//1666 2842//1690
f 2844//1692 2819//1670 2824//1673
f 2845//150 2824//1673 2827//1675
f 2846//402 2844//1692 2845//150
f 2844//1692 2824//1673 2845//150
f 2847//1693 2843//1691 2848//1694
f 2849//402 2848//1694 2846//402
f 2850//402 2847//1693 2849//402
f 2847//1693 2848//1694 2849//402
f 2842//1690 2819//1670 2844//1692
f 2848//1694 2844//1692 2846//402
f 2843//1691 2842//1690 2848//1694
f 2842//1690 2844//1692 2848//1694
f 2851//1695 2840//1688 2852//1696
f 2853//1697 2852//1696 2854//1698
f 2855//1699 2851//1695 2853//1697
f 2851//1695 2852//1696 2853//1697
f 2856//1700 2854//1698 2857//1701
f 2858//402 2857//1701 2850//402
f 2859//402 2856//1700 2858//402
f 2856//1700 2857//1701 2858//402
f 2860//1702 2855//1699 2861//1703
f 2862//150 2861//1703 2859//402
f 2863//1704 2860//1702 2862//150
f 2860//1702 2861//1703 2862//150
f 2853//1697 2854//1698 2856//1700
f 2861//1703 2856//1700 2859//402
f 2855//1699 2853//1697 2861//1703
f 2853//1697 2856//1700 2861//1703
f 2835//1683 2804//1661 2841//1689
f 2864//1705 2841//1689 2843//1691
f 2836//1684 2835//1683 2864//1705
f 2835//1683 2841//1689 2864//1705
f 2865//1706 2843//1691 2847//1693
f 2857//1701 2847//1693 2850//402
f 2854//1698 2865//1706 2857//1701
f 2865//1706 2847//1693 2857//1701
f 2839//1687 2836//1684 2866//1707
f 2852//1696 2866//1707 2854//1698
f 2840//1688 2839//1687 2852//1696
f 2839//1687 2866//1707 2852//1696
f 2864//1705 2843//1691 2865//1706
f 2866//1707 2865//1706 2854//1698
f 2836//1684 2864//1705 2866//1707
f 2864//1705 2865//1706 2866//1707
f 2867//1708 2644//1555 2831//1679
f 2868//1709 2831//1679 2833//1681
f 2869//1710 2867//1708 2868//1709
f 2867//1708 2831//1679 2868//1709
f 2870//1711 2833//1681 2837//1685
f 2871//1712 2837//1685 2840//1688
f 2872//1713 2870//1711 2871//1712
f 2870//1711 2837//1685 2871//1712
f 2873//1714 2869//1710 2874//1715
f 2875//1716 2874//1715 2872//1713
f 2876//1717 2873//1714 2875//1716
f 2873//1714 2874//1715 2875//1716
f 2868//1709 2833//1681 2870//1711
f 2874//1715 2870//1711 2872//1713
f 2869//1710 2868//1709 2874//1715
f 2868//1709 2870//1711 2874//1715
f 2877//1718 2840//1688 2851//1695
f 2878//1719 2851//1695 2855//1699
f 2879//1720 2877//1718 2878//1719
f 2877//1718 2851//1695 2878//1719
f 2880//1721 2855//1699 2860//1702
f 2881//402 2860//1702 2863//1704
f 2882//150 2880//1721 2881//402
f 2880//1721 2860//1702 2881//402
f 2883//1722 2879//1720 2884//1723
f 2885//150 2884//1723 2882//150
f 2886//149 2883//1722 2885//150
f 2883//1722 2884//1723 2885//150
f 2878//1719 2855//1699 2880//1721
f 2884//1723 2880//1721 2882//150
f 2879//1720 2878//1719 2884//1723
f 2878//1719 2880//1721 2884//1723
f 2887//1724 2876//1717 2888//1725
f 2889//1726 2888//1725 2890//1727
f 2891//1728 2887//1724 2889//1726
f 2887//1724 2888//1725 2889//1726
f 2892//1729 2890//1727 2893//1730
f 2894//402 2893//1730 2886//149
f 2895//402 2892//1729 2894//402
f 2892//1729 2893//1730 2894//402
f 2896//1731 2891//1728 2897//1732
f 2898//150 2897//1732 2895//402
f 2899//1733 2896//1731 2898//150
f 2896//1731 2897//1732 2898//150
f 2889//1726 2890//1727 2892//1729
f 2897//1732 2892//1729 2895//402
f 2891//1728 2889//1726 2897//1732
f 2889//1726 2892//1729 2897//1732
f 2871//1712 2840//1688 2877//1718
f 2900//1734 2877//1718 2879//1720
f 2872//1713 2871//1712 2900//1734
f 2871//1712 2877//1718 2900//1734
f 2901//1735 2879//1720 2883//1722
f 2893//1730 2883//1722 2886//149
f 2890//1727 2901//1735 2893//1730
f 2901//1735 2883//1722 2893//1730
f 2875//1716 2872//1713 2902//1736
f 2888//1725 2902//1736 2890//1727
f 2876//1717 2875//1716 2888//1725
f 2875//1716 2902//1736 2888//1725
f 2900//1734 2879//1720 2901//1735
f 2902//1736 2901//1735 2890//1727
f 2872//1713 2900//1734 2902//1736
f 2900//1734 2901//1735 2902//1736
f 2903//1737 2644//1555 2867//1708
f 2904//1738 2867//1708 2869//1710
f 2905//1739 2903//1737 2904//1738
f 2903//1737 2867//1708 2904//1738
f 2906//1740 2869//1710 2873//1714
f 2907//1741 2873//1714 2876//1717
f 2908//1742 2906//1740 2907//1741
f 2906//1740 2873//1714 2907//1741
f 2909//1743 2905//1739 2910//1744
f 2911//1745 2910//1744 2908//1742
f 2912//1746 2909//1743 2911//1745
f 2909//1743 2910//1744 2911//1745
f 2904//1738 2869//1710 2906//1740
f 2910//1744 2906//1740 2908//1742
f 2905//1739 2904//1738 2910//1744
f 2904//1738 2906//1740 2910//1744
f 2913//1747 2876//1717 2887//1724
f 2914//1748 2887//1724 2891//1728
f 2915//1748 2913//1747 2914//1748
f 2913//1747 2887//1724 2914//1748
f 2916//1731 2891//1728 2896//1731
f 2917//150 2896//1731 2899//1733
f 2918//150 2916//1731 2917//150
f 2916//1731 2896//1731 2917//150
f 2919//1731 2915//1748 2920//1731
f 2921//150 2920//1731 2918//150
f 2922//149 2919//1731 2921//150
f 2919//1731 2920//1731 2921//150
f 2914//1748 2891//1728 2916//1731
f 2920//1731 2916//1731 2918//150
f 2915//1748 2914//1748 2920//1731
f 2914//1748 2916//1731 2920//1731
f 2923//1749 2912//1746 2924//1750
f 2925//1751 2924//1750 2926//1752
f 2927//1753 2923//1749 2925//1751
f 2923//1749 2924//1750 2925//1751
f 2928//1731 2926//1752 2929//1731
f 2930//402 2929//1731 2922//149
f 2931//402 2928//1731 2930//402
f 2928//1731 2929//1731 2930//402
f 2932//1754 2927//1753 2933//1755
f 2934//402 2933//1755 2931//402
f 2935//1756 2932//1754 2934//402
f 2932//1754 2933//1755 2934//402
f 2925//1751 2926//1752 2928//1731
f 2933//1755 2928//1731 2931//402
f 2927//1753 2925//1751 2933//1755
f 2925//1751 2928//1731 2933//1755
f 2907//1741 2876//1717 2913//1747
f 2936//1757 2913//1747 2915//1748
f 2908//1742 2907//1741 2936//1757
f 2907//1741 2913//1747 2936//1757
f 2937//1758 2915//1748 2919//1731
f 2929//1731 2919//1731 2922//149
f 2926//1752 2937//1758 2929//1731
f 2937//1758 2919//1731 2929//1731
f 2911//1745 2908//1742 2938//1759
f 2924//1750 2938//1759 2926//1752
f 2912//1746 2911//1745 2924//1750
f 2911//1745 2938//1759 2924//1750
f 2936//1757 2915//1748 2937//1758
f 2938//1759 2937//1758 2926//1752
f 2908//1742 2936//1757 2938//1759
f 2936//1757 2937//1758 2938//1759
f 2939//1760 2644//1555 2903//1737
f 2940//1761 2903//1737 2905//1739
f 2941//1762 2939//1760 2940//1761
f 2939//1760 2903//1737 2940//1761
f 2942//1763 2905//1739 2909//1743
f 2943//1764 2909//1743 2912//1746
f 2944//1765 2942//1763 2943//1764
f 2942//1763 2909//1743 2943//1764
f 2945//1766 2941//1762 2946//1767
f 2947//1768 2946//1767 2944//1765
f 2948//1769 2945//1766 2947//1768
f 2945//1766 2946//1767 2947//1768
f 2940//1761 2905//1739 2942//1763
f 2946//1767 2942//1763 2944//1765
f 2941//1762 2940//1761 2946//1767
f 2940//1761 2942//1763 2946//1767
f 2949//1770 2912//1746 2923//1749
f 2950//1771 2923//1749 2927//1753
f 2951//1772 2949//1770 2950//1771
f 2949//1770 2923//1749 2950//1771
f 2952//1754 2927//1753 2932//1754
f 2953//149 2932//1754 2935//1756
f 2954//150 2952//1754 2953//149
f 2952//1754 2932//1754 2953//149
f 2955//1773 2951//1772 2956//1754
f 2957//150 2956//1754 2954//150
f 2958//149 2955//1773 2957//150
f 2955//1773 2956//1754 2957//150
f 2950//1771 2927//1753 2952//1754
f 2956//1754 2952//1754 2954//150
f 2951//1772 2950//1771 2956//1754
f 2950//1771 2952//1754 2956//1754
f 2959//1774 2948//1769 2960//1775
f 2961//1776 2960//1775 2962//1777
f 2963//1778 2959//1774 2961//1776
f 2959//1774 2960//1775 2961//1776
f 2964//1779 2962//1777 2965//1780
f 2966//149 2965//1780 2958//149
f 2967//150 2964//1779 2966//149
f 2964//1779 2965//1780 2966//149
f 2968//1781 2963//1778 2969//1782
f 2970//149 2969//1782 2967//150
f 2971//1783 2968//1781 2970//149
f 2968//1781 2969//1782 2970//149
f 2961//1776 2962//1777 2964//1779
f 2969//1782 2964//1779 2967//150
f 2963//1778 2961//1776 2969//1782
f 2961//1776 2964//1779 2969//1782
f 2943//1764 2912//1746 2949//1770
f 2972//1784 2949//1770 2951//1772
f 2944//1765 2943//1764 2972//1784
f 2943//1764 2949//1770 2972//1784
f 2973//1785 2951//1772 2955//1773
f 2965//1780 2955//1773 2958//149
f 2962//1777 2973//1785 2965//1780
f 2973//1785 2955//1773 2965//1780
f 2947//1768 2944//1765 2974//1786
f 2960//1775 2974//1786 2962//1777
f 2948//1769 2947//1768 2960//1775
f 2947//1768 2974//1786 2960//1775
f 2972//1784 2951//1772 2973//1785
f 2974//1786 2973//1785 2962//1777
f 2944//1765 2972//1784 2974//1786
f 2972//1784 2973//1785 2974//1786
f 2975//1787 2644//1555 2939//1760
f 2976//1788 2939//1760 2941//1762
f 2977//1789 2975//1787 2976//1788
f 2975//1787 2939//1760 2976//1788
f 2978//1790 2941//1762 2945//1766
f 2979//1791 2945//1766 2948//1769
f 2980//1792 2978//1790 2979//1791
f 2978//1790 2945//1766 2979//1791
f 2981//1793 2977//1789 2982//1794
f 2983//1795 2982//1794 2980//1792
f 2984//1796 2981//1793 2983//1795
f 2981//1793 2982//1794 2983//1795
f 2976//1788 2941//1762 2978//1790
f 2982//1794 2978//1790 2980//1792
f 2977//1789 2976//1788 2982//1794
f 2976//1788 2978//1790 2982//1794
f 2985//1797 2948//1769 2959//1774
f 2986//1798 2959//1774 2963//1778
f 2987//1798 2985//1797 2986//1798
f 2985//1797 2959//1774 2986//1798
f 2988//1799 2963//1778 2968//1781
f 2989//150 2968//1781 2971//1783
f 2990//402 2988//1799 2989//150
f 2988//1799 2968//1781 2989//150
f 2991//1799 2987//1798 2992//1799
f 2993//402 2992//1799 2990//402
f 2994//402 2991//1799 2993//402
f 2991//1799 2992//1799 2993//402
f 2986//1798 2963//1778 2988//1799
f 2992//1799 2988//1799 2990//402
f 2987//1798 2986//1798 2992//1799
f 2986//1798 2988//1799 2992//1799
f 2995//1800 2984//1796 2996//1801
f 2997//1798 2996//1801 2998//1798
f 2999//1798 2995//1800 2997//1798
f 2995//1800 2996//1801 2997//1798
f 3000//1799 2998//1798 3001//1799
f 3002//149 3001//1799 2994//402
f 3003//402 3000//1799 3002//149
f 3000//1799 3001//1799 3002//149
f 3004//1799 2999//1798 3005//1799
f 3006//402 3005//1799 3003//402
f 3007//1802 3004//1799 3006//402
f 3004//1799 3005//1799 3006//402
f 2997//1798 2998//1798 3000//1799
f 3005//1799 3000//1799 3003//402
f 2999//1798 2997//1798 3005//1799
f 2997//1798 3000//1799 3005//1799
f 2979//1791 2948//1769 2985//1797
f 3008//1803 2985//1797 2987//1798
f 2980//1792 2979//1791 3008//1803
f 2979//1791 2985//1797 3008//1803
f 3009//1798 2987//1798 2991//1799
f 3001//1799 2991//1799 2994//402
f 2998//1798 3009//1798 3001//1799
f 3009//1798 2991//1799 3001//1799
f 2983//1795 2980//1792 3010//1804
f 2996//1801 3010//1804 2998//1798
f 2984//1796 2983//1795 2996//1801
f 2983//1795 3010//1804 2996//1801
f 3008//1803 2987//1798 3009//1798
f 3010//1804 3009//1798 2998//1798
f 2980//1792 3008//1803 3010//1804
f 3008//1803 3009//1798 3010//1804
f 3011//1805 2644//1555 2975//1787
f 3012//1806 2975//1787 2977//1789
f 3013//1807 3011//1805 3012//1806
f 3011//1805 2975//1787 3012//1806
f 3014//1808 2977//1789 2981//1793
f 3015//1809 2981//1793 2984//1796
f 3016//1810 3014//1808 3015//1809
f 3014//1808 2981//1793 3015//1809
f 3017//1811 3013//1807 3018//1812
f 3019//1813 3018//1812 3016//1810
f 3020//1814 3017//1811 3019//1813
f 3017//1811 3018//1812 3019//1813
f 3012//1806 2977//1789 3014//1808
f 3018//1812 3014//1808 3016//1810
f 3013//1807 3012//1806 3018//1812
f 3012//1806 3014//1808 3018//1812
f 3021//1815 2984//1796 2995//1800
f 3022//1816 2995//1800 2999//1798
f 3023//1817 3021//1815 3022//1816
f 3021//1815 2995//1800 3022//1816
f 3024//1818 2999//1798 3004//1799
f 3025//150 3004//1799 3007//1802
f 3026//149 3024//1818 3025//150
f 3024//1818 3004//1799 3025//150
f 3027//1818 3023//1817 3028//1818
f 3029//402 3028//1818 3026//149
f 3030//149 3027//1818 3029//402
f 3027//1818 3028//1818 3029//402
f 3022//1816 2999//1798 3024//1818
f 3028//1818 3024//1818 3026//149
f 3023//1817 3022//1816 3028//1818
f 3022//1816 3024//1818 3028//1818
f 3031//1819 3020//1814 3032//1820
f 3033//1817 3032//1820 3034//1817
f 3035//1817 3031//1819 3033//1817
f 3031//1819 3032//1820 3033//1817
f 3036//1818 3034//1817 3037//1818
f 3038//149 3037//1818 3030//149
f 3039//402 3036//1818 3038//149
f 3036//1818 3037//1818 3038//149
f 3040//1818 3035//1817 3041//1818
f 3042//150 3041//1818 3039//402
f 3043//1821 3040//1818 3042//150
f 3040//1818 3041//1818 3042//150
f 3033//1817 3034//1817 3036//1818
f 3041//1818 3036//1818 3039//402
f 3035//1817 3033//1817 3041//1818
f 3033//1817 3036//1818 3041//1818
f 3015//1809 2984//1796 3021//1815
f 3044//1822 3021//1815 3023//1817
f 3016//1810 3015//1809 3044//1822
f 3015//1809 3021//1815 3044//1822
f 3045//1817 3023//1817 3027//1818
f 3037//1818 3027//1818 3030//149
f 3034//1817 3045//1817 3037//1818
f 3045//1817 3027//1818 3037//1818
f 3019//1813 3016//1810 3046//1823
f 3032//1820 3046//1823 3034//1817
f 3020//1814 3019//1813 3032//1820
f 3019//1813 3046//1823 3032//1820
f 3044//1822 3023//1817 3045//1817
f 3046//1823 3045//1817 3034//1817
f 3016//1810 3044//1822 3046//1823
f 3044//1822 3045//1817 3046//1823
f 3047//1824 2644//1555 3011//1805
f 3048//1825 3011//1805 3013//1807
f 3049//1826 3047//1824 3048//1825
f 3047//1824 3011//1805 3048//1825
f 3050//1827 3013//1807 3017//1811
f 3051//1828 3017//1811 3020//1814
f 3052//1829 3050//1827 3051//1828
f 3050//1827 3017//1811 3051//1828
f 3053//1830 3049//1826 3054//1831
f 3055//1832 3054//1831 3052//1829
f 3056//1833 3053//1830 3055//1832
f 3053//1830 3054//1831 3055//1832
f 3048//1825 3013//1807 3050//1827
f 3054//1831 3050//1827 3052//1829
f 3049//1826 3048//1825 3054//1831
f 3048//1825 3050//1827 3054//1831
f 3057//1834 3020//1814 3031//1819
f 3058//1835 3031//1819 3035//1817
f 3059//1836 3057//1834 3058//1835
f 3057//1834 3031//1819 3058//1835
f 3060//1837 3035//1817 3040//1818
f 3061//149 3040//1818 3043//1821
f 3062//150 3060//1837 3061//149
f 3060//1837 3040//1818 3061//149
f 3063//1838 3059//1836 3064//1839
f 3065//150 3064//1839 3062//150
f 3066//150 3063//1838 3065//150
f 3063//1838 3064//1839 3065//150
f 3058//1835 3035//1817 3060//1837
f 3064//1839 3060//1837 3062//150
f 3059//1836 3058//1835 3064//1839
f 3058//1835 3060//1837 3064//1839
f 3067//1840 3056//1833 3068//1841
f 3069//1842 3068//1841 3070//1843
f 3071//1844 3067//1840 3069//1842
f 3067//1840 3068//1841 3069//1842
f 3072//1845 3070//1843 3073//1846
f 3074//150 3073//1846 3066//150
f 3075//150 3072//1845 3074//150
f 3072//1845 3073//1846 3074//150
f 3076//1847 3071//1844 3077//1848
f 3078//149 3077//1848 3075//150
f 3079//1849 3076//1847 3078//149
f 3076//1847 3077//1848 3078//149
f 3069//1842 3070//1843 3072//1845
f 3077//1848 3072//1845 3075//150
f 3071//1844 3069//1842 3077//1848
f 3069//1842 3072//1845 3077//1848
f 3051//1828 3020//1814 3057//1834
f 3080//1850 3057//1834 3059//1836
f 3052//1829 3051//1828 3080//1850
f 3051//1828 3057//1834 3080//1850
f 3081//1851 3059//1836 3063//1838
f 3073//1846 3063//1838 3066//150
f 3070//1843 3081//1851 3073//1846
f 3081//1851 3063//1838 3073//1846
f 3055//1832 3052//1829 3082//1852
f 3068//1841 3082//1852 3070//1843
f 3056//1833 3055//1832 3068//1841
f 3055//1832 3082//1852 3068//1841
f 3080//1850 3059//1836 3081//1851
f 3082//1852 3081//1851 3070//1843
f 3052//1829 3080//1850 3082//1852
f 3080//1850 3081//1851 3082//1852
f 3083//1853 2644//1555 3047//1824
f 3084//1854 3047//1824 3049//1826
f 3085//1855 3083//1853 3084//1854
f 3083//1853 3047//1824 3084//1854
f 3086//1856 3049//1826 3053//1830
f 3087//1857 3053//1830 3056//1833
f 3088//1858 3086//1856 3087//1857
f 3086//1856 3053//1830 3087//1857
f 3089//1859 3085//1855 3090//1860
f 3091//1861 3090//1860 3088//1858
f 3092//1862 3089//1859 3091//1861
f 3089//1859 3090//1860 3091//1861
f 3084//1854 3049//1826 3086//1856
f 3090//1860 3086//1856 3088//1858
f 3085//1855 3084//1854 3090//1860
f 3084//1854 3086//1856 3090//1860
f 3093//1863 3056//1833 3067//1840
f 3094//1864 3067//1840 3071//1844
f 3095//1865 3093//1863 3094//1864
f 3093//1863 3067//1840 3094//1864
f 3096//1866 3071//1844 3076//1847
f 3097//150 3076//1847 3079//1849
f 3098//150 3096//1866 3097//150
f 3096//1866 3076//1847 3097//150
f 3099//1867 3095//1865 3100//1868
f 3101//150 3100//1868 3098//150
f 3102//402 3099//1867 3101//150
f 3099//1867 3100//1868 3101//150
f 3094//1864 3071//1844 3096//1866
f 3100//1868 3096//1866 3098//150
f 3095//1865 3094//1864 3100//1868
f 3094//1864 3096//1866 3100//1868
f 3103//1869 3092//1862 3104//1870
f 3105//1871 3104//1870 3106//1872
f 3107//1873 3103//1869 3105//1871
f 3103//1869 3104//1870 3105//1871
f 3108//1874 3106//1872 3109//1874
f 3110//402 3109//1874 3102//402
f 3111//402 3108//1874 3110//402
f 3108//1874 3109//1874 3110//402
f 3112//1874 3107//1873 3113//1874
f 3114//402 3113//1874 3111//402
f 3115//1875 3112//1874 3114//402
f 3112//1874 3113//1874 3114//402
f 3105//1871 3106//1872 3108//1874
f 3113//1874 3108//1874 3111//402
f 3107//1873 3105//1871 3113//1874
f 3105//1871 3108//1874 3113//1874
f 3087//1857 3056//1833 3093//1863
f 3116//1876 3093//1863 3095//1865
f 3088//1858 3087//1857 3116//1876
f 3087//1857 3093//1863 3116//1876
f 3117//1877 3095//1865 3099//1867
f 3109//1874 3099//1867 3102//402
f 3106//1872 3117//1877 3109//1874
f 3117//1877 3099//1867 3109//1874
f 3091//1861 3088//1858 3118//1878
f 3104//1870 3118//1878 3106//1872
f 3092//1862 3091//1861 3104//1870
f 3091//1861 3118//1878 3104//1870
f 3116//1876 3095//1865 3117//1877
f 3118//1878 3117//1877 3106//1872
f 3088//1858 3116//1876 3118//1878
f 3116//1876 3117//1877 3118//1878
f 3119//1879 2644//1555 3083//1853
f 3120//1880 3083//1853 3085//1855
f 3121//1881 3119//1879 3120//1880
f 3119//1879 3083//1853 3120//1880
f 3122//1882 3085//1855 3089//1859
f 3123//1883 3089//1859 3092//1862
f 3124//1884 3122//1882 3123//1883
f 3122//1882 3089//1859 3123//1883
f 3125//1885 3121//1881 3126//1886
f 3127//1887 3126//1886 3124//1884
f 3128//1888 3125//1885 3127//1887
f 3125//1885 3126//1886 3127//1887
f 3120//1880 3085//1855 3122//1882
f 3126//1886 3122//1882 3124//1884
f 3121//1881 3120//1880 3126//1886
f 3120//1880 3122//1882 3126//1886
f 3129//1889 3092//1862 3103//1869
f 3130//1890 3103//1869 3107//1873
f 3131//1891 3129//1889 3130//1890
f 3129//1889 3103//1869 3130//1890
f 3132//1892 3107//1873 3112//1874
f 3133//150 3112//1874 3115//1875
f 3134//149 3132//1892 3133//150
f 3132//1892 3112//1874 3133//150
f 3135//1893 3131//1891 3136//1894
f 3137//402 3136//1894 3134//149
f 3138//149 3135//1893 3137//402
f 3135//1893 3136//1894 3137//402
f 3130//1890 3107//1873 3132//1892
f 3136//1894 3132//1892 3134//149
f 3131//1891 3130//1890 3136//1894
f 3130//1890 3132//1892 3136//1894
f 3139//1895 3128//1888 3140//1896
f 3141//1897 3140//1896 3142//1898
f 3143//1899 3139//1895 3141//1897
f 3139//1895 3140//1896 3141//1897
f 3144//1900 3142//1898 3145//1901
f 3146//150 3145//1901 3138//149
f 3147//149 3144//1900 3146//150
f 3144//1900 3145//1901 3146//150
f 3148//1902 3143//1899 3149//1903
f 3150//402 3149//1903 3147//149
f 3151//1904 3148//1902 3150//402
f 3148//1902 3149//1903 3150//402
f 3141//1897 3142//1898 3144//1900
f 3149//1903 3144//1900 3147//149
f 3143//1899 3141//1897 3149//1903
f 3141//1897 3144//1900 3149//1903
f 3123//1883 3092//1862 3129//1889
f 3152//1905 3129//1889 3131//1891
f 3124//1884 3123//1883 3152//1905
f 3123//1883 3129//1889 3152//1905
f 3153//1906 3131//1891 3135//1893
f 3145//1901 3135//1893 3138//149
f 3142//1898 3153//1906 3145//1901
f 3153//1906 3135//1893 3145//1901
f 3127//1887 3124//1884 3154//1907
f 3140//1896 3154//1907 3142//1898
f 3128//1888 3127//1887 3140//1896
f 3127//1887 3154//1907 3140//1896
f 3152//1905 3131//1891 3153//1906
f 3154//1907 3153//1906 3142//1898
f 3124//1884 3152//1905 3154//1907
f 3152//1905 3153//1906 3154//1907
f 3155//1908 2644//1555 3119//1879
f 3156//1909 3119//1879 3121//1881
f 3157//1910 3155//1908 3156//1909
f 3155//1908 3119//1879 3156//1909
f 3158//1911 3121//1881 3125//1885
f 3159//1912 3125//1885 3128//1888
f 3160//1913 3158//1911 3159//1912
f 3158//1911 3125//1885 3159//1912
f 3161//1914 3157//1910 3162//1915
f 3163//1916 3162//1915 3160//1913
f 3164//1917 3161//1914 3163//1916
f 3161//1914 3162//1915 3163//1916
f 3156//1909 3121//1881 3158//1911
f 3162//1915 3158//1911 3160//1913
f 3157//1910 3156//1909 3162//1915
f 3156//1909 3158//1911 3162//1915
f 3165//1918 3128//1888 3139//1895
f 3166//1919 3139//1895 3143//1899
f 3167//1920 3165//1918 3166//1919
f 3165//1918 3139//1895 3166//1919
f 3168//1921 3143//1899 3148//1902
f 3169//150 3148//1902 3151//1904
f 3170//150 3168//1921 3169//150
f 3168//1921 3148//1902 3169//150
f 3171//1922 3167//1920 3172//1923
f 3173//402 3172//1923 3170//150
f 3174//149 3171//1922 3173//402
f 3171//1922 3172//1923 3173//402
f 3166//1919 3143//1899 3168//1921
f 3172//1923 3168//1921 3170//150
f 3167//1920 3166//1919 3172//1923
f 3166//1919 3168//1921 3172//1923
f 3175//1924 3164//1917 3176//1925
f 3177//1926 3176//1925 3178//1927
f 3179//1928 3175//1924 3177//1926
f 3175//1924 3176//1925 3177//1926
f 3180//1929 3178//1927 3181//1930
f 3182//150 3181//1930 3174//149
f 3183//402 3180//1929 3182//150
f 3180//1929 3181//1930 3182//150
f 3184//1929 3179//1928 3185//1929
f 3186//402 3185//1929 3183//402
f 3187//1931 3184//1929 3186//402
f 3184//1929 3185//1929 3186//402
f 3177//1926 3178//1927 3180//1929
f 3185//1929 3180//1929 3183//402
f 3179//1928 3177//1926 3185//1929
f 3177//1926 3180//1929 3185//1929
f 3159//1912 3128//1888 3165//1918
f 3188//1932 3165//1918 3167//1920
f 3160//1913 3159//1912 3188//1932
f 3159//1912 3165//1918 3188//1932
f 3189//1933 3167//1920 3171//1922
f 3181//1930 3171//1922 3174//149
f 3178//1927 3189//1933 3181//1930
f 3189//1933 3171//1922 3181//1930
f 3163//1916 3160//1913 3190//1934
f 3176//1925 3190//1934 3178//1927
f 3164//1917 3163//1916 3176//1925
f 3163//1916 3190//1934 3176//1925
f 3188//1932 3167//1920 3189//1933
f 3190//1934 3189//1933 3178//1927
f 3160//1913 3188//1932 3190//1934
f 3188//1932 3189//1933 3190//1934
f 3191//1935 2644//1555 3155//1908
f 3192//1936 3155//1908 3157//1910
f 3193//1937 3191//1935 3192//1936
f 3191//1935 3155//1908 3192//1936
f 3194//1938 3157//1910 3161//1914
f 3195//1939 3161//1914 3164//1917
f 3196//1940 3194//1938 3195//1939
f 3194//1938 3161//1914 3195//1939
f 3197//1941 3193//1937 3198//1942
f 3199//1943 3198//1942 3196//1940
f 3200//1944 3197//1941 3199//1943
f 3197//1941 3198//1942 3199//1943
f 3192//1936 3157//1910 3194//1938
f 3198//1942 3194//1938 3196//1940
f 3193//1937 3192//1936 3198//1942
f 3192//1936 3194//1938 3198//1942
f 3201//1945 3164//1917 3175//1924
f 3202//1946 3175//1924 3179//1928
f 3203//1947 3201//1945 3202//1946
f 3201//1945 3175//1924 3202//1946
f 3204//1948 3179//1928 3184//1929
f 3205//1949 3184//1929 3187//1931
f 3206//2 3204//1948 3205//1949
f 3204//1948 3184//1929 3205//1949
f 3207//1950 3203//1947 3208//1951
f 3209//2 3208//1951 3206//2
f 3210//149 3207//1950 3209//2
f 3207//1950 3208//1951 3209//2
f 3202//1946 3179//1928 3204//1948
f 3208//1951 3204//1948 3206//2
f 3203//1947 3202//1946 3208//1951
f 3202//1946 3204//1948 3208//1951
f 3211//1952 3200//1944 3212//1953
f 3213//1954 3212//1953 3214//1955
f 3215//1956 3211//1952 3213//1954
f 3211//1952 3212//1953 3213//1954
f 3216//1957 3214//1955 3217//1958
f 3218//149 3217//1958 3210//149
f 3219//149 3216//1957 3218//149
f 3216//1957 3217//1958 3218//149
f 3220//1959 3215//1956 3221//1960
f 3222//1961 3221//1960 3219//149
f 3223//1962 3220//1959 3222//1961
f 3220//1959 3221//1960 3222//1961
f 3213//1954 3214//1955 3216//1957
f 3221//1960 3216//1957 3219//149
f 3215//1956 3213//1954 3221//1960
f 3213//1954 3216//1957 3221//1960
f 3195//1939 3164//1917 3201//1945
f 3224//1963 3201//1945 3203//1947
f 3196//1940 3195//1939 3224//1963
f 3195//1939 3201//1945 3224//1963
f 3225//1964 3203//1947 3207//1950
f 3217//1958 3207//1950 3210//149
f 3214//1955 3225//1964 3217//1958
f 3225//1964 3207//1950 3217//1958
f 3199//1943 3196//1940 3226//1965
f 3212//1953 3226//1965 3214//1955
f 3200//1944 3199//1943 3212//1953
f 3199//1943 3226//1965 3212//1953
f 3224//1963 3203//1947 3225//1964
f 3226//1965 3225//1964 3214//1955
f 3196//1940 3224//1963 3226//1965
f 3224//1963 3225//1964 3226//1965
f 3227//1966 2644//1555 3191//1935
f 3228//1967 3191//1935 3193//1937
f 3229//1968 3227//1966 3228//1967
f 3227//1966 3191//1935 3228//1967
f 3230//1969 3193//1937 3197//1941
f 3231//1970 3197//1941 3200//1944
f 3232//1971 3230//1969 3231//1970
f 3230//1969 3197//1941 3231//1970
f 3233//1972 3229//1968 3234//1973
f 3235//1974 3234//1973 3232//1971
f 3236//1975 3233//1972 3235//1974
f 3233//1972 3234//1973 3235//1974
f 3228//1967 3193//1937 3230//1969
f 3234//1973 3230//1969 3232//1971
f 3229//1968 3228//1967 3234//1973
f 3228//1967 3230//1969 3234//1973
f 3237//1976 3200//1944 3211//1952
f 3238//1977 3211//1952 3215//1956
f 3239//1978 3237//1976 3238//1977
f 3237//1976 3211//1952 3238//1977
f 3240//1979 3215//1956 3220//1959
f 3241//149 3220//1959 3223//1962
f 3242//149 3240//1979 3241//149
f 3240//1979 3220//1959 3241//149
f 3243//1980 3239//1978 3244//1981
f 3245//149 3244//1981 3242//149
f 3246//149 3243//1980 3245//149
f 3243//1980 3244//1981 3245//149
f 3238//1977 3215//1956 3240//1979
f 3244//1981 3240//1979 3242//149
f 3239//1978 3238//1977 3244//1981
f 3238//1977 3240//1979 3244//1981
f 3247//1982 3236//1975 3248//1983
f 3249//1984 3248//1983 3250//1985
f 3251//1986 3247//1982 3249//1984
f 3247//1982 3248//1983 3249//1984
f 3252//1987 3250//1985 3253//1988
f 3254//149 3253//1988 3246//149
f 3255//149 3252//1987 3254//149
f 3252//1987 3253//1988 3254//149
f 3256//1989 3251//1986 3257//1989
f 3258//149 3257//1989 3255//149
f 3259//1990 3256//1989 3258//149
f 3256//1989 3257//1989 3258//149
f 3249//1984 3250//1985 3252//1987
f 3257//1989 3252//1987 3255//149
f 3251//1986 3249//1984 3257//1989
f 3249//1984 3252//1987 3257//1989
f 3231//1970 3200//1944 3237//1976
f 3260//1991 3237//1976 3239//1978
f 3232//1971 3231//1970 3260//1991
f 3231//1970 3237//1976 3260//1991
f 3261//1992 3239//1978 3243//1980
f 3253//1988 3243//1980 3246//149
f 3250//1985 3261//1992 3253//1988
f 3261//1992 3243//1980 3253//1988
f 3235//1974 3232//1971 3262//1993
f 3248//1983 3262//1993 3250//1985
f 3236//1975 3235//1974 3248//1983
f 3235//1974 3262//1993 3248//1983
f 3260//1991 3239//1978 3261//1992
f 3262//1993 3261//1992 3250//1985
f 3232//1971 3260//1991 3262//1993
f 3260//1991 3261//1992 3262//1993
f 3263//1994 2644//1555 3227//1966
f 3264//1995 3227//1966 3229//1968
f 3265//1996 3263//1994 3264//1995
f 3263//1994 3227//1966 3264//1995
f 3266//1997 3229//1968 3233//1972
f 3267//1998 3233//1972 3236//1975
f 3268//1999 3266//1997 3267//1998
f 3266//1997 3233//1972 3267//1998
f 3269//2000 3265//1996 3270//2001
f 3271//2002 3270//2001 3268//1999
f 3272//2003 3269//2000 3271//2002
f 3269//2000 3270//2001 3271//2002
f 3264//1995 3229//1968 3266//1997
f 3270//2001 3266//1997 3268//1999
f 3265//1996 3264//1995 3270//2001
f 3264//1995 3266//1997 3270//2001
f 3273//2004 3236//1975 3247//1982
f 3274//2005 3247//1982 3251//1986
f 3275//2006 3273//2004 3274//2005
f 3273//2004 3247//1982 3274//2005
f 3276//2007 3251//1986 3256//1989
f 3277//2008 3256//1989 3259//1990
f 3278//2009 3276//2007 3277//2008
f 3276//2007 3256//1989 3277//2008
f 3279//2010 3275//2006 3280//2011
f 3281//149 3280//2011 3278//2009
f 3282//149 3279//2010 3281//149
f 3279//2010 3280//2011 3281//149
f 3274//2005 3251//1986 3276//2007
f 3280//2011 3276//2007 3278//2009
f 3275//2006 3274//2005 3280//2011
f 3274//2005 3276//2007 3280//2011
f 3283//2012 3272//2003 3284//2013
f 3285//2014 3284//2013 3286//2015
f 3287//2016 3283//2012 3285//2014
f 3283//2012 3284//2013 3285//2014
f 3288//2017 3286//2015 3289//2018
f 3290//149 3289//2018 3282//149
f 3291//2019 3288//2017 3290//149
f 3288//2017 3289//2018 3290//149
f 3292//2020 3287//2016 3293//2021
f 3294//2008 3293//2021 3291//2019
f 3295//2022 3292//2020 3294//2008
f 3292//2020 3293//2021 3294//2008
f 3285//2014 3286//2015 3288//2017
f 3293//2021 3288//2017 3291//2019
f 3287//2016 3285//2014 3293//2021
f 3285//2014 3288//2017 3293//2021
f 3267//1998 3236//1975 3273//2004
f 3296//2023 3273//2004 3275//2006
f 3268//1999 3267//1998 3296//2023
f 3267//1998 3273//2004 3296//2023
f 3297//2024 3275//2006 3279//2010
f 3289//2018 3279//2010 3282//149
f 3286//2015 3297//2024 3289//2018
f 3297//2024 3279//2010 3289//2018
f 3271//2002 3268//1999 3298//2025
f 3284//2013 3298//2025 3286//2015
f 3272//2003 3271//2002 3284//2013
f 3271//2002 3298//2025 3284//2013
f 3296//2023 3275//2006 3297//2024
f 3298//2025 3297//2024 3286//2015
f 3268//1999 3296//2023 3298//2025
f 3296//2023 3297//2024 3298//2025
f 3299//2026 2644//1555 3263//1994
f 3300//2027 3263//1994 3265//1996
f 3301//2028 3299//2026 3300//2027
f 3299//2026 3263//1994 3300//2027
f 3302//2029 3265//1996 3269//2000
f 3303//2030 3269//2000 3272//2003
f 3304//2031 3302//2029 3303//2030
f 3302//2029 3269//2000 3303//2030
f 3305//2032 3301//2028 3306//2033
f 3307//2034 3306//2033 3304//2031
f 3308//2035 3305//2032 3307//2034
f 3305//2032 3306//2033 3307//2034
f 3300//2027 3265//1996 3302//2029
f 3306//2033 3302//2029 3304//2031
f 3301//2028 3300//2027 3306//2033
f 3300//2027 3302//2029 3306//2033
f 3309//2036 3272//2003 3283//2012
f 3310//2037 3283//2012 3287//2016
f 3311//2038 3309//2036 3310//2037
f 3309//2036 3283//2012 3310//2037
f 3312//2039 3287//2016 3292//2020
f 3313//150 3292//2020 3295//2022
f 3314//2 3312//2039 3313//150
f 3312//2039 3292//2020 3313//150
f 3315//2040 3311//2038 3316//2041
f 3317//2 3316//2041 3314//2
f 3318//2 3315//2040 3317//2
f 3315//2040 3316//2041 3317//2
f 3310//2037 3287//2016 3312//2039
f 3316//2041 3312//2039 3314//2
f 3311//2038 3310//2037 3316//2041
f 3310//2037 3312//2039 3316//2041
f 3319//2042 3308//2035 3320//2043
f 3321//2044 3320//2043 3322//2045
f 3323//2046 3319//2042 3321//2044
f 3319//2042 3320//2043 3321//2044
f 3324//2047 3322//2045 3325//2048
f 3326//2 3325//2048 3318//2
f 3327//2 3324//2047 3326//2
f 3324//2047 3325//2048 3326//2
f 3328//2049 3323//2046 3329//2050
f 3330//149 3329//2050 3327//2
f 3331//2051 3328//2049 3330//149
f 3328//2049 3329//2050 3330//149
f 3321//2044 3322//2045 3324//2047
f 3329//2050 3324//2047 3327//2
f 3323//2046 3321//2044 3329//2050
f 3321//2044 3324//2047 3329//2050
f 3303//2030 3272//2003 3309//2036
f 3332//2052 3309//2036 3311//2038
f 3304//2031 3303//2030 3332//2052
f 3303//2030 3309//2036 3332//2052
f 3333//2053 3311//2038 3315//2040
f 3325//2048 3315//2040 3318//2
f 3322//2045 3333//2053 3325//2048
f 3333//2053 3315//2040 3325//2048
f 3307//2034 3304//2031 3334//2054
f 3320//2043 3334//2054 3322//2045
f 3308//2035 3307//2034 3320//2043
f 3307//2034 3334//2054 3320//2043
f 3332//2052 3311//2038 3333//2053
f 3334//2054 3333//2053 3322//2045
f 3304//2031 3332//2052 3334//2054
f 3332//2052 3333//2053 3334//2054
f 3335//2055 2644//1555 3299//2026
f 3336//2056 3299//2026 3301//2028
f 3337//2057 3335//2055 3336//2056
f 3335//2055 3299//2026 3336//2056
f 3338//2058 3301//2028 3305//2032
f 3339//2059 3305//2032 3308//2035
f 3340//2060 3338//2058 3339//2059
f 3338//2058 3305//2032 3339//2059
f 3341//2061 3337//2057 3342//2062
f 3343//2063 3342//2062 3340//2060
f 3344//2064 3341//2061 3343//2063
f 3341//2061 3342//2062 3343//2063
f 3336//2056 3301//2028 3338//2058
f 3342//2062 3338//2058 3340//2060
f 3337//2057 3336//2056 3342//2062
f 3336//2056 3338//2058 3342//2062
f 3345//2065 3308//2035 3319//2042
f 3346//2066 3319//2042 3323//2046
f 3347//2067 3345//2065 3346//2066
f 3345//2065 3319//2042 3346//2066
f 3348//2068 3323//2046 3328//2049
f 3349//149 3328//2049 3331//2051
f 3350//2 3348//2068 3349//149
f 3348//2068 3328//2049 3349//149
f 3351//2069 3347//2067 3352//2070
f 3353//2 3352//2070 3350//2
f 3354//2 3351//2069 3353//2
f 3351//2069 3352//2070 3353//2
f 3346//2066 3323//2046 3348//2068
f 3352//2070 3348//2068 3350//2
f 3347//2067 3346//2066 3352//2070
f 3346//2066 3348//2068 3352//2070
f 3355//2071 3344//2064 3356//2072
f 3357//2073 3356//2072 3358//2074
f 3359//2075 3355//2071 3357//2073
f 3355//2071 3356//2072 3357//2073
f 3360//2076 3358//2074 3361//2077
f 3362//2 3361//2077 3354//2
f 3363//2 3360//2076 3362//2
f 3360//2076 3361//2077 3362//2
f 3364//2078 3359//2075 3365//2079
f 3366//149 3365//2079 3363//2
f 3367//2080 3364//2078 3366//149
f 3364//2078 3365//2079 3366//149
f 3357//2073 3358//2074 3360//2076
f 3365//2079 3360//2076 3363//2
f 3359//2075 3357//2073 3365//2079
f 3357//2073 3360//2076 3365//2079
f 3339//2059 3308//2035 3345//2065
f 3368//2081 3345//2065 3347//2067
f 3340//2060 3339//2059 3368//2081
f 3339//2059 3345//2065 3368//2081
f 3369//2082 3347//2067 3351//2069
f 3361//2077 3351//2069 3354//2
f 3358//2074 3369//2082 3361//2077
f 3369//2082 3351//2069 3361//2077
f 3343//2063 3340//2060 3370//2083
f 3356//2072 3370//2083 3358//2074
f 3344//2064 3343//2063 3356//2072
f 3343//2063 3370//2083 3356//2072
f 3368//2081 3347//2067 3369//2082
f 3370//2083 3369//2082 3358//2074
f 3340//2060 3368//2081 3370//2083
f 3368//2081 3369//2082 3370//2083
f 3371//2084 2644//1555 3335//2055
f 3372//2085 3335//2055 3337//2057
f 3373//2086 3371//2084 3372//2085
f 3371//2084 3335//2055 3372//2085
f 3374//2087 3337//2057 3341//2061
f 3375//2088 3341//2061 3344//2064
f 3376//2089 3374//2087 3375//2088
f 3374//2087 3341//2061 3375//2088
f 3377//2090 3373//2086 3378//2091
f 3379//2092 3378//2091 3376//2089
f 3380//2093 3377//2090 3379//2092
f 3377//2090 3378//2091 3379//2092
f 3372//2085 3337//2057 3374//2087
f 3378//2091 3374//2087 3376//2089
f 3373//2086 3372//2085 3378//2091
f 3372//2085 3374//2087 3378//2091
f 3381//2094 3344//2064 3355//2071
f 3382//2095 3355//2071 3359//2075
f 3383//2096 3381//2094 3382//2095
f 3381//2094 3355//2071 3382//2095
f 3384//2097 3359//2075 3364//2078
f 3385//2 3364//2078 3367//2080
f 3386//2 3384//2097 3385//2
f 3384//2097 3364//2078 3385//2
f 3387//2098 3383//2096 3388//2099
f 3389//2 3388//2099 3386//2
f 3390//149 3387//2098 3389//2
f 3387//2098 3388//2099 3389//2
f 3382//2095 3359//2075 3384//2097
f 3388//2099 3384//2097 3386//2
f 3383//2096 3382//2095 3388//2099
f 3382//2095 3384//2097 3388//2099
f 3391//2100 3380//2093 3392//2101
f 3393//2102 3392//2101 3394//2103
f 3395//2104 3391//2100 3393//2102
f 3391//2100 3392//2101 3393//2102
f 3396//2105 3394//2103 3397//2106
f 3398//149 3397//2106 3390//149
f 3399//149 3396//2105 3398//149
f 3396//2105 3397//2106 3398//149
f 3400//2107 3395//2104 3401//2108
f 3402//149 3401//2108 3399//149
f 3403//2109 3400//2107 3402//149
f 3400//2107 3401//2108 3402//149
f 3393//2102 3394//2103 3396//2105
f 3401//2108 3396//2105 3399//149
f 3395//2104 3393//2102 3401//2108
f 3393//2102 3396//2105 3401//2108
f 3375//2088 3344//2064 3381//2094
f 3404//2110 3381//2094 3383//2096
f 3376//2089 3375//2088 3404//2110
f 3375//2088 3381//2094 3404//2110
f 3405//2111 3383//2096 3387//2098
f 3397//2106 3387//2098 3390//149
f 3394//2103 3405//2111 3397//2106
f 3405//2111 3387//2098 3397//2106
f 3379//2092 3376//2089 3406//2112
f 3392//2101 3406//2112 3394//2103
f 3380//2093 3379//2092 3392//2101
f 3379//2092 3406//2112 3392//2101
f 3404//2110 3383//2096 3405//2111
f 3406//2112 3405//2111 3394//2103
f 3376//2089 3404//2110 3406//2112
f 3404//2110 3405//2111 3406//2112
f 3407//2113 2644//1555 3371//2084
f 3408//2114 3371//2084 3373//2086
f 3409//2115 3407//2113 3408//2114
f 3407//2113 3371//2084 3408//2114
f 3410//2116 3373//2086 3377//2090
f 3411//2117 3377//2090 3380//2093
f 3412//2118 3410//2116 3411//2117
f 3410//2116 3377//2090 3411//2117
f 3413//2119 3409//2115 3414//2120
f 3415//2121 3414//2120 3412//2118
f 3416//2122 3413//2119 3415//2121
f 3413//2119 3414//2120 3415//2121
f 3408//2114 3373//2086 3410//2116
f 3414//2120 3410//2116 3412//2118
f 3409//2115 3408//2114 3414//2120
f 3408//2114 3410//2116 3414//2120
f 3417//2123 3380//2093 3391//2100
f 3418//2124 3391//2100 3395//2104
f 3419//2125 3417//2123 3418//2124
f 3417//2123 3391//2100 3418//2124
f 3420//2126 3395//2104 3400//2107
f 3421//149 3400//2107 3403//2109
f 3422//149 3420//2126 3421//149
f 3420//2126 3400//2107 3421//149
f 3423//2127 3419//2125 3424//2128
f 3425//402 3424//2128 3422//149
f 3426//402 3423//2127 3425//402
f 3423//2127 3424//2128 3425//402
f 3418//2124 3395//2104 3420//2126
f 3424//2128 3420//2126 3422//149
f 3419//2125 3418//2124 3424//2128
f 3418//2124 3420//2126 3424//2128
f 3427//2129 3416//2122 3428//2130
f 3429//2131 3428//2130 3430//2132
f 3431//2133 3427//2129 3429//2131
f 3427//2129 3428//2130 3429//2131
f 3432//2134 3430//2132 3433//2135
f 3434//402 3433//2135 3426//402
f 3435//402 3432//2134 3434//402
f 3432//2134 3433//2135 3434//402
f 3436//2136 3431//2133 3437//2137
f 3438//149 3437//2137 3435//402
f 3439//2138 3436//2136 3438//149
f 3436//2136 3437//2137 3438//149
f 3429//2131 3430//2132 3432//2134
f 3437//2137 3432//2134 3435//402
f 3431//2133 3429//2131 3437//2137
f 3429//2131 3432//2134 3437//2137
f 3411//2117 3380//2093 3417//2123
f 3440//2139 3417//2123 3419//2125
f 3412//2118 3411//2117 3440//2139
f 3411//2117 3417//2123 3440//2139
f 3441//2140 3419//2125 3423//2127
f 3433//2135 3423//2127 3426//402
f 3430//2132 3441//2140 3433//2135
f 3441//2140 3423//2127 3433//2135
f 3415//2121 3412//2118 3442//2141
f 3428//2130 3442//2141 3430//2132
f 3416//2122 3415//2121 3428//2130
f 3415//2121 3442//2141 3428//2130
f 3440//2139 3419//2125 3441//2140
f 3442//2141 3441//2140 3430//2132
f 3412//2118 3440//2139 3442//2141
f 3440//2139 3441//2140 3442//2141
f 3443//2142 2644//1555 3407//2113
f 3444//2143 3407//2113 3409//2115
f 3445//2144 3443//2142 3444//2143
f 3443//2142 3407//2113 3444//2143
f 3446//2145 3409//2115 3413//2119
f 3447//2146 3413//2119 3416//2122
f 3448//2147 3446//2145 3447//2146
f 3446//2145 3413//2119 3447//2146
f 3449//2148 3445//2144 3450//2149
f 3451//2150 3450//2149 3448//2147
f 3452//2151 3449//2148 3451//2150
f 3449//2148 3450//2149 3451//2150
f 3444//2143 3409//2115 3446//2145
f 3450//2149 3446//2145 3448//2147
f 3445//2144 3444//2143 3450//2149
f 3444//2143 3446//2145 3450//2149
f 3453//2152 3416//2122 3427//2129
f 3454//2153 3427//2129 3431//2133
f 3455//2154 3453//2152 3454//2153
f 3453//2152 3427//2129 3454//2153
f 3456//2155 3431//2133 3436//2136
f 3457//150 3436//2136 3439//2138
f 3458//402 3456//2155 3457//150
f 3456//2155 3436//2136 3457//150
f 3459//2156 3455//2154 3460//2157
f 3461//402 3460//2157 3458//402
f 3462//149 3459//2156 3461//402
f 3459//2156 3460//2157 3461//402
f 3454//2153 3431//2133 3456//2155
f 3460//2157 3456//2155 3458//402
f 3455//2154 3454//2153 3460//2157
f 3454//2153 3456//2155 3460//2157
f 3463//2158 3452//2151 3464//2159
f 3465//2160 3464//2159 3466//2161
f 3467//2162 3463//2158 3465//2160
f 3463//2158 3464//2159 3465//2160
f 3468//2163 3466//2161 3469//2164
f 3470//150 3469//2164 3462//149
f 3471//150 3468//2163 3470//150
f 3468//2163 3469//2164 3470//150
f 3472//2165 3467//2162 3473//2166
f 3474//402 3473//2166 3471//150
f 3475//2167 3472//2165 3474//402
f 3472//2165 3473//2166 3474//402
f 3465//2160 3466//2161 3468//2163
f 3473//2166 3468//2163 3471//150
f 3467//2162 3465//2160 3473//2166
f 3465//2160 3468//2163 3473//2166
f 3447//2146 3416//2122 3453//2152
f 3476//2168 3453//2152 3455//2154
f 3448//2147 3447//2146 3476//2168
f 3447//2146 3453//2152 3476//2168
f 3477//2169 3455//2154 3459//2156
f 3469//2164 3459//2156 3462//149
f 3466//2161 3477//2169 3469//2164
f 3477//2169 3459//2156 3469//2164
f 3451//2150 3448//2147 3478//2170
f 3464//2159 3478//2170 3466//2161
f 3452//2151 3451//2150 3464//2159
f 3451//2150 3478//2170 3464//2159
f 3476//2168 3455//2154 3477//2169
f 3478//2170 3477//2169 3466//2161
f 3448//2147 3476//2168 3478//2170
f 3476//2168 3477//2169 3478//2170
f 3479//2171 2644//1555 3443//2142
f 3480//2172 3443//2142 3445//2144
f 3481//2173 3479//2171 3480//2172
f 3479//2171 3443//2142 3480//2172
f 3482//2174 3445//2144 3449//2148
f 3483//2175 3449//2148 3452//2151
f 3484//2176 3482//2174 3483//2175
f 3482//2174 3449//2148 3483//2175
f 3485//2177 3481//2173 3486//2178
f 3487//2179 3486//2178 3484//2176
f 3488//2180 3485//2177 3487//2179
f 3485//2177 3486//2178 3487//2179
f 3480//2172 3445//2144 3482//2174
f 3486//2178 3482//2174 3484//2176
f 3481//2173 3480//2172 3486//2178
f 3480//2172 3482//2174 3486//2178
f 3489//2181 3452//2151 3463//2158
f 3490//2182 3463//2158 3467//2162
f 3491//2183 3489//2181 3490//2182
f 3489//2181 3463//2158 3490//2182
f 3492//2184 3467//2162 3472//2165
f 3493//402 3472//2165 3475//2167
f 3494//150 3492//2184 3493//402
f 3492//2184 3472//2165 3493//402
f 3495//2185 3491//2183 3496//2186
f 3497//150 3496//2186 3494//150
f 3498//150 3495//2185 3497//150
f 3495//2185 3496//2186 3497//150
f 3490//2182 3467//2162 3492//2184
f 3496//2186 3492//2184 3494//150
f 3491//2183 3490//2182 3496//2186
f 3490//2182 3492//2184 3496//2186
f 3499//2187 3488//2180 3500//2188
f 3501//2189 3500//2188 3502//2190
f 3503//2191 3499//2187 3501//2189
f 3499//2187 3500//2188 3501//2189
f 3504//2192 3502//2190 3505//2193
f 3506//150 3505//2193 3498//150
f 3507//150 3504//2192 3506//150
f 3504//2192 3505//2193 3506//150
f 3508//2194 3503//2191 3509//2195
f 3510//149 3509//2195 3507//150
f 3511//2196 3508//2194 3510//149
f 3508//2194 3509//2195 3510//149
f 3501//2189 3502//2190 3504//2192
f 3509//2195 3504//2192 3507//150
f 3503//2191 3501//2189 3509//2195
f 3501//2189 3504//2192 3509//2195
f 3483//2175 3452//2151 3489//2181
f 3512//2197 3489//2181 3491//2183
f 3484//2176 3483//2175 3512//2197
f 3483//2175 3489//2181 3512//2197
f 3513//2198 3491//2183 3495//2185
f 3505//2193 3495//2185 3498//150
f 3502//2190 3513//2198 3505//2193
f 3513//2198 3495//2185 3505//2193
f 3487//2179 3484//2176 3514//2199
f 3500//2188 3514//2199 3502//2190
f 3488//2180 3487//2179 3500//2188
f 3487//2179 3514//2199 3500//2188
f 3512//2197 3491//2183 3513//2198
f 3514//2199 3513//2198 3502//2190
f 3484//2176 3512//2197 3514//2199
f 3512//2197 3513//2198 3514//2199
f 3515//2200 2644//1555 3479//2171
f 3516//2201 3479//2171 3481//2173
f 3517//2202 3515//2200 3516//2201
f 3515//2200 3479//2171 3516//2201
f 3518//2203 3481//2173 3485//2177
f 3519//2204 3485//2177 3488//2180
f 3520//2205 3518//2203 3519//2204
f 3518//2203 3485//2177 3519//2204
f 3521//2206 3517//2202 3522//2207
f 3523//2208 3522//2207 3520//2205
f 3524//2209 3521//2206 3523//2208
f 3521//2206 3522//2207 3523//2208
f 3516//2201 3481//2173 3518//2203
f 3522//2207 3518//2203 3520//2205
f 3517//2202 3516//2201 3522//2207
f 3516//2201 3518//2203 3522//2207
f 3525//2210 3488//2180 3499//2187
f 3526//2211 3499//2187 3503//2191
f 3527//2212 3525//2210 3526//2211
f 3525//2210 3499//2187 3526//2211
f 3528//2213 3503//2191 3508//2194
f 3529//402 3508//2194 3511//2196
f 3530//402 3528//2213 3529//402
f 3528//2213 3508//2194 3529//402
f 3531//2214 3527//2212 3532//2215
f 3533//150 3532//2215 3530//402
f 3534//149 3531//2214 3533//150
f 3531//2214 3532//2215 3533//150
f 3526//2211 3503//2191 3528//2213
f 3532//2215 3528//2213 3530//402
f 3527//2212 3526//2211 3532//2215
f 3526//2211 3528//2213 3532//2215
f 3535//2216 3524//2209 3536//2217
f 3537//2218 3536//2217 3538//2219
f 3539//2220 3535//2216 3537//2218
f 3535//2216 3536//2217 3537//2218
f 3540//2221 3538//2219 3541//2222
f 3542//402 3541//2222 3534//149
f 3543//150 3540//2221 3542//402
f 3540//2221 3541//2222 3542//402
f 3544//2223 3539//2220 3545//2224
f 3546//150 3545//2224 3543//150
f 3547//2225 3544//2223 3546//150
f 3544//2223 3545//2224 3546//150
f 3537//2218 3538//2219 3540//2221
f 3545//2224 3540//2221 3543//150
f 3539//2220 3537//2218 3545//2224
f 3537//2218 3540//2221 3545//2224
f 3519//2204 3488//2180 3525//2210
f 3548//2226 3525//2210 3527//2212
f 3520//2205 3519//2204 3548//2226
f 3519//2204 3525//2210 3548//2226
f 3549//2227 3527//2212 3531//2214
f 3541//2222 3531//2214 3534//149
f 3538//2219 3549//2227 3541//2222
f 3549//2227 3531//2214 3541//2222
f 3523//2208 3520//2205 3550//2228
f 3536//2217 3550//2228 3538//2219
f 3524//2209 3523//2208 3536//2217
f 3523//2208 3550//2228 3536//2217
f 3548//2226 3527//2212 3549//2227
f 3550//2228 3549//2227 3538//2219
f 3520//2205 3548//2226 3550//2228
f 3548//2226 3549//2227 3550//2228
f 3551//2229 2644//1555 3515//2200
f 3552//2230 3515//2200 3517//2202
f 3553//2231 3551//2229 3552//2230
f 3551//2229 3515//2200 3552//2230
f 3554//2232 3517//2202 3521//2206
f 3555//2233 3521//2206 3524//2209
f 3556//2234 3554//2232 3555//2233
f 3554//2232 3521//2206 3555//2233
f 3557//2235 3553//2231 3558//2236
f 3559//2237 3558//2236 3556//2234
f 3560//2238 3557//2235 3559//2237
f 3557//2235 3558//2236 3559//2237
f 3552//2230 3517//2202 3554//2232
f 3558//2236 3554//2232 3556//2234
f 3553//2231 3552//2230 3558//2236
f 3552//2230 3554//2232 3558//2236
f 3561//2239 3524//2209 3535//2216
f 3562//2240 3535//2216 3539//2220
f 3563//2241 3561//2239 3562//2240
f 3561//2239 3535//2216 3562//2240
f 3564//2242 3539//2220 3544//2223
f 3565//402 3544//2223 3547//2225
f 3566//149 3564//2242 3565//402
f 3564//2242 3544//2223 3565//402
f 3567//2243 3563//2241 3568//2244
f 3569//150 3568//2244 3566//149
f 3570//402 3567//2243 3569//150
f 3567//2243 3568//2244 3569//150
f 3562//2240 3539//2220 3564//2242
f 3568//2244 3564//2242 3566//149
f 3563//2241 3562//2240 3568//2244
f 3562//2240 3564//2242 3568//2244
f 3571//2245 3560//2238 3572//2246
f 3573//2247 3572//2246 3574//2248
f 3575//2249 3571//2245 3573//2247
f 3571//2245 3572//2246 3573//2247
f 3576//2250 3574//2248 3577//2251
f 3578//149 3577//2251 3570//402
f 3579//150 3576//2250 3578//149
f 3576//2250 3577//2251 3578//149
f 3580//2252 3575//2249 3581//2253
f 3582//402 3581//2253 3579//150
f 3583//2254 3580//2252 3582//402
f 3580//2252 3581//2253 3582//402
f 3573//2247 3574//2248 3576//2250
f 3581//2253 3576//2250 3579//150
f 3575//2249 3573//2247 3581//2253
f 3573//2247 3576//2250 3581//2253
f 3555//2233 3524//2209 3561//2239
f 3584//2255 3561//2239 3563//2241
f 3556//2234 3555//2233 3584//2255
f 3555//2233 3561//2239 3584//2255
f 3585//2256 3563//2241 3567//2243
f 3577//2251 3567//2243 3570//402
f 3574//2248 3585//2256 3577//2251
f 3585//2256 3567//2243 3577//2251
f 3559//2237 3556//2234 3586//2257
f 3572//2246 3586//2257 3574//2248
f 3560//2238 3559//2237 3572//2246
f 3559//2237 3586//2257 3572//2246
f 3584//2255 3563//2241 3585//2256
f 3586//2257 3585//2256 3574//2248
f 3556//2234 3584//2255 3586//2257
f 3584//2255 3585//2256 3586//2257
f 3587//2258 3589//2259 3588//149
f 3590//2258 3588//149 3591//149
f 3592//2260 3587//2258 3590//2258
f 3587//2258 3588//149 3590//2258
f 3593//2258 3591//149 3594//149
f 3595//2258 3594//149 3596//402
f 3597//2260 3593//2258 3595//2258
f 3593//2258 3594//149 3595//2258
f 3598//2261 3592//2260 3599//2260
f 3600//2261 3599//2260 3597//2260
f 3601//2262 3598//2261 3600//2261
f 3598//2261 3599//2260 3600//2261
f 3590//2258 3591//149 3593//2258
f 3599//2260 3593//2258 3597//2260
f 3592//2260 3590//2258 3599//2260
f 3590//2258 3593//2258 3599//2260
f 3602//2258 3596//402 3603//402
f 3604//2258 3603//402 3605//402
f 3606//2263 3602//2258 3604//2258
f 3602//2258 3603//402 3604//2258
f 3607//2264 3605//402 3608//402
f 3609//149 3608//402 3610//2265
f 3611//149 3607//2264 3609//149
f 3607//2264 3608//402 3609//149
f 3612//2266 3606//2263 3613//2266
f 3614//149 3613//2266 3611//149
f 3615//149 3612//2266 3614//149
f 3612//2266 3613//2266 3614//149
f 3604//2258 3605//402 3607//2264
f 3613//2266 3607//2264 3611//149
f 3606//2263 3604//2258 3613//2266
f 3604//2258 3607//2264 3613//2266
f 3616//2267 3601//2262 3617//2267
f 3618//2268 3617//2267 3619//2268
f 3620//2268 3616//2267 3618//2268
f 3616//2267 3617//2267 3618//2268
f 3621//2266 3619//2268 3622//2266
f 3623//149 3622//2266 3615//149
f 3624//149 3621//2266 3623//149
f 3621//2266 3622//2266 3623//149
f 3625//2266 3620//2268 3626//2266
f 3627//149 3626//2266 3624//149
f 3628//2269 3625//2266 3627//149
f 3625//2266 3626//2266 3627//149
f 3618//2268 3619//2268 3621//2266
f 3626//2266 3621//2266 3624//149
f 3620//2268 3618//2268 3626//2266
f 3618//2268 3621//2266 3626//2266
f 3595//2258 3596//402 3602//2258
f 3629//2260 3602//2258 3606//2263
f 3597//2260 3595//2258 3629//2260
f 3595//2258 3602//2258 3629//2260
f 3630//2268 3606//2263 3612//2266
f 3622//2266 3612//2266 3615//149
f 3619//2268 3630//2268 3622//2266
f 3630//2268 3612//2266 3622//2266
f 3600//2261 3597//2260 3631//2270
f 3617//2267 3631//2270 3619//2268
f 3601//2262 3600//2261 3617//2267
f 3600//2261 3631//2270 3617//2267
f 3629//2260 3606//2263 3630//2268
f 3631//2270 3630//2268 3619//2268
f 3597//2260 3629//2260 3631//2270
f 3629//2260 3630//2268 3631//2270
f 3632//2271 3589//2259 3587//2258
f 3633//2272 3587//2258 3592//2260
f 3634//2273 3632//2271 3633//2272
f 3632//2271 3587//2258 3633//2272
f 3635//2274 3592//2260 3598//2261
f 3636//2275 3598//2261 3601//2262
f 3637//2276 3635//2274 3636//2275
f 3635//2274 3598//2261 3636//2275
f 3638//2277 3634//2273 3639//2278
f 3640//2279 3639//2278 3637//2276
f 3641//2280 3638//2277 3640//2279
f 3638//2277 3639//2278 3640//2279
f 3633//2272 3592//2260 3635//2274
f 3639//2278 3635//2274 3637//2276
f 3634//2273 3633//2272 3639//2278
f 3633//2272 3635//2274 3639//2278
f 3642//2281 3601//2262 3616//2267
f 3643//2282 3616//2267 3620//2268
f 3644//2283 3642//2281 3643//2282
f 3642//2281 3616//2267 3643//2282
f 3645//2284 3620//2268 3625//2266
f 3646//149 3625//2266 3628//2269
f 3647//149 3645//2284 3646//149
f 3645//2284 3625//2266 3646//149
f 3648//2285 3644//2283 3649//2286
f 3650//149 3649//2286 3647//149
f 3651//149 3648//2285 3650//149
f 3648//2285 3649//2286 3650//149
f 3643//2282 3620//2268 3645//2284
f 3649//2286 3645//2284 3647//149
f 3644//2283 3643//2282 3649//2286
f 3643//2282 3645//2284 3649//2286
f 3652//2287 3641//2280 3653//2288
f 3654//2289 3653//2288 3655//2290
f 3656//2289 3652//2287 3654//2289
f 3652//2287 3653//2288 3654//2289
f 3657//2285 3655//2290 3658//2285
f 3659//149 3658//2285 3651//149
f 3660//149 3657//2285 3659//149
f 3657//2285 3658//2285 3659//149
f 3661//2285 3656//2289 3662//2285
f 3663//149 3662//2285 3660//149
f 3664//2291 3661//2285 3663//149
f 3661//2285 3662//2285 3663//149
f 3654//2289 3655//2290 3657//2285
f 3662//2285 3657//2285 3660//149
f 3656//2289 3654//2289 3662//2285
f 3654//2289 3657//2285 3662//2285
f 3636//2275 3601//2262 3642//2281
f 3665//2292 3642//2281 3644//2283
f 3637//2276 3636//2275 3665//2292
f 3636//2275 3642//2281 3665//2292
f 3666//2293 3644//2283 3648//2285
f 3658//2285 3648//2285 3651//149
f 3655//2290 3666//2293 3658//2285
f 3666//2293 3648//2285 3658//2285
f 3640//2279 3637//2276 3667//2294
f 3653//2288 3667//2294 3655//2290
f 3641//2280 3640//2279 3653//2288
f 3640//2279 3667//2294 3653//2288
f 3665//2292 3644//2283 3666//2293
f 3667//2294 3666//2293 3655//2290
f 3637//2276 3665//2292 3667//2294
f 3665//2292 3666//2293 3667//2294
f 3668//2295 3670//2297 3669//2296
f 3671//2298 3669//2296 3672//2299
f 3673//2300 3668//2295 3671//2298
f 3668//2295 3669//2296 3671//2298
f 3674//2301 3672//2299 3675//2302
f 3676//2303 3675//2302 3677//2304
f 3678//2305 3674//2301 3676//2303
f 3674//2301 3675//2302 3676//2303
f 3679//2306 3673//2300 3680//2307
f 3681//2308 3680//2307 3678//2305
f 3682//2309 3679//2306 3681//2308
f 3679//2306 3680//2307 3681//2308
f 3671//2298 3672//2299 3674//2301
f 3680//2307 3674//2301 3678//2305
f 3673//2300 3671//2298 3680//2307
f 3671//2298 3674//2301 3680//2307
f 3683//2310 3677//2304 3684//2302
f 3685//2311 3684//2302 3686//2312
f 3687//2313 3683//2310 3685//2311
f 3683//2310 3684//2302 3685//2311
f 3688//2314 3686//2312 3689//2296
f 3632//2271 3689//2296 3589//2259
f 3634//2273 3688//2314 3632//2271
f 3688//2314 3689//2296 3632//2271
f 3690//2315 3687//2313 3691//2316
f 3638//2277 3691//2316 3634//2273
f 3641//2280 3690//2315 3638//2277
f 3690//2315 3691//2316 3638//2277
f 3685//2311 3686//2312 3688//2314
f 3691//2316 3688//2314 3634//2273
f 3687//2313 3685//2311 3691//2316
f 3685//2311 3688//2314 3691//2316
f 3692//2287 3682//2309 3693//2309
f 3694//2287 3693//2309 3695//2309
f 3692//2287 3696//2317 3694//2287
f 3692//2287 3693//2309 3694//2287
f 3697//2287 3695//2309 3698//2309
f 3652//2287 3698//2309 3641//2280
f 3697//2287 3656//2289 3652//2287
f 3697//2287 3698//2309 3652//2287
f 3699//2318 3696//2317 3700//2319
f 3661//2285 3700//2319 3656//2289
f 3664//2291 3699//2318 3661//2285
f 3699//2318 3700//2319 3661//2285
f 3694//2287 3695//2309 3697//2287
f 3700//2319 3697//2287 3656//2289
f 3696//2317 3694//2287 3700//2319
f 3697//2287 3694//2287 3700//2319
f 3676//2303 3677//2304 3683//2310
f 3701//2320 3683//2310 3687//2313
f 3678//2305 3676//2303 3701//2320
f 3676//2303 3683//2310 3701//2320
f 3702//2321 3687//2313 3690//2315
f 3698//2309 3690//2315 3641//2280
f 3695//2309 3702//2321 3698//2309
f 3702//2321 3690//2315 3698//2309
f 3681//2308 3678//2305 3703//2322
f 3693//2309 3703//2322 3695//2309
f 3682//2309 3681//2308 3693//2309
f 3681//2308 3703//2322 3693//2309
f 3701//2320 3687//2313 3702//2321
f 3703//2322 3702//2321 3695//2309
f 3678//2305 3701//2320 3703//2322
f 3701//2320 3702//2321 3703//2322
f 3704//2323 3670//2297 3668//2295
f 3705//2324 3668//2295 3673//2300
f 3706//2325 3704//2323 3705//2324
f 3704//2323 3668//2295 3705//2324
f 3707//2326 3673//2300 3679//2306
f 3708//2327 3679//2306 3682//2309
f 3709//2328 3707//2326 3708//2327
f 3707//2326 3679//2306 3708//2327
f 3710//2329 3706//2325 3711//2330
f 3712//2331 3711//2330 3709//2328
f 3713//2332 3710//2329 3712//2331
f 3710//2329 3711//2330 3712//2331
f 3705//2324 3673//2300 3707//2326
f 3711//2330 3707//2326 3709//2328
f 3706//2325 3705//2324 3711//2330
f 3705//2324 3707//2326 3711//2330
f 3714//2333 3682//2309 3692//2287
f 3715//2334 3692//2287 3696//2317
f 3716//2335 3714//2333 3715//2334
f 3714//2333 3692//2287 3715//2334
f 3717//2336 3696//2317 3699//2318
f 3718//402 3699//2318 3664//2291
f 3719//402 3717//2336 3718//402
f 3717//2336 3699//2318 3718//402
f 3720//2337 3716//2335 3721//2338
f 3722//402 3721//2338 3719//402
f 3723//149 3720//2337 3722//402
f 3720//2337 3721//2338 3722//402
f 3715//2334 3696//2317 3717//2336
f 3721//2338 3717//2336 3719//402
f 3716//2335 3715//2334 3721//2338
f 3715//2334 3717//2336 3721//2338
f 3724//2339 3713//2332 3725//2340
f 3726//2341 3725//2340 3727//2342
f 3728//2343 3724//2339 3726//2341
f 3724//2339 3725//2340 3726//2341
f 3729//2344 3727//2342 3730//2344
f 3731//402 3730//2344 3723//149
f 3732//149 3729//2344 3731//402
f 3729//2344 3730//2344 3731//402
f 3733//2344 3728//2343 3734//2344
f 3735//149 3734//2344 3732//149
f 3736//2345 3733//2344 3735//149
f 3733//2344 3734//2344 3735//149
f 3726//2341 3727//2342 3729//2344
f 3734//2344 3729//2344 3732//149
f 3728//2343 3726//2341 3734//2344
f 3726//2341 3729//2344 3734//2344
f 3708//2327 3682//2309 3714//2333
f 3737//2346 3714//2333 3716//2335
f 3709//2328 3708//2327 3737//2346
f 3708//2327 3714//2333 3737//2346
f 3738//2347 3716//2335 3720//2337
f 3730//2344 3720//2337 3723//149
f 3727//2342 3738//2347 3730//2344
f 3738//2347 3720//2337 3730//2344
f 3712//2331 3709//2328 3739//2348
f 3725//2340 3739//2348 3727//2342
f 3713//2332 3712//2331 3725//2340
f 3712//2331 3739//2348 3725//2340
f 3737//2346 3716//2335 3738//2347
f 3739//2348 3738//2347 3727//2342
f 3709//2328 3737//2346 3739//2348
f 3737//2346 3738//2347 3739//2348
f 3740//2349 3742//2350 3741//402
f 3743//2349 3741//402 3744//149
f 3745//2351 3740//2349 3743//2349
f 3740//2349 3741//402 3743//2349
f 3746//2349 3744//149 3747//150
f 3748//2352 3747//150 3749//149
f 3750//2353 3746//2349 3748//2352
f 3746//2349 3747//150 3748//2352
f 3751//2354 3745//2351 3752//2355
f 3753//2356 3752//2355 3750//2353
f 3754//2357 3751//2354 3753//2356
f 3751//2354 3752//2355 3753//2356
f 3743//2349 3744//149 3746//2349
f 3752//2355 3746//2349 3750//2353
f 3745//2351 3743//2349 3752//2355
f 3743//2349 3746//2349 3752//2355
f 3755//2358 3749//149 3756//402
f 3757//2359 3756//402 3758//149
f 3759//2360 3755//2358 3757//2359
f 3755//2358 3756//402 3757//2359
f 3760//2361 3758//149 3761//150
f 3704//2323 3761//150 3670//2297
f 3706//2325 3760//2361 3704//2323
f 3760//2361 3761//150 3704//2323
f 3762//2362 3759//2360 3763//2363
f 3710//2329 3763//2363 3706//2325
f 3713//2332 3762//2362 3710//2329
f 3762//2362 3763//2363 3710//2329
f 3757//2359 3758//149 3760//2361
f 3763//2363 3760//2361 3706//2325
f 3759//2360 3757//2359 3763//2363
f 3757//2359 3760//2361 3763//2363
f 3764//2364 3754//2357 3765//2365
f 3766//2366 3765//2365 3767//2367
f 3768//2368 3764//2364 3766//2366
f 3764//2364 3765//2365 3766//2366
f 3769//2369 3767//2367 3770//2370
f 3724//2339 3770//2370 3713//2332
f 3728//2343 3769//2369 3724//2339
f 3769//2369 3770//2370 3724//2339
f 3768//2368 3772//2372 3771//2371
f 3771//2371 3733//2344 3728//2343
f 3736//2345 3772//2372 3733//2344
f 3772//2372 3771//2371 3733//2344
f 3766//2366 3767//2367 3769//2369
f 3771//2371 3769//2369 3728//2343
f 3768//2368 3766//2366 3771//2371
f 3766//2366 3769//2369 3771//2371
f 3748//2352 3749//149 3755//2358
f 3773//2373 3755//2358 3759//2360
f 3750//2353 3748//2352 3773//2373
f 3748//2352 3755//2358 3773//2373
f 3774//2374 3759//2360 3762//2362
f 3770//2370 3762//2362 3713//2332
f 3767//2367 3774//2374 3770//2370
f 3774//2374 3762//2362 3770//2370
f 3753//2356 3750//2353 3775//2375
f 3765//2365 3775//2375 3767//2367
f 3754//2357 3753//2356 3765//2365
f 3753//2356 3775//2375 3765//2365
f 3773//2373 3759//2360 3774//2374
f 3775//2375 3774//2374 3767//2367
f 3750//2353 3773//2373 3775//2375
f 3773//2373 3774//2374 3775//2375
f 3776//2376 3742//2350 3740//2349
f 3777//2377 3740//2349 3745//2351
f 3778//2378 3776//2376 3777//2377
f 3776//2376 3740//2349 3777//2377
f 3779//2379 3745//2351 3751//2354
f 3780//2380 3751//2354 3754//2357
f 3781//2381 3779//2379 3780//2380
f 3779//2379 3751//2354 3780//2380
f 3782//2382 3778//2378 3783//2383
f 3784//2384 3783//2383 3781//2381
f 3785//2385 3782//2382 3784//2384
f 3782//2382 3783//2383 3784//2384
f 3777//2377 3745//2351 3779//2379
f 3783//2383 3779//2379 3781//2381
f 3778//2378 3777//2377 3783//2383
f 3777//2377 3779//2379 3783//2383
f 3786//2386 3754//2357 3764//2364
f 3787//2387 3764//2364 3768//2368
f 3788//2388 3786//2386 3787//2387
f 3786//2386 3764//2364 3787//2387
f 3789//2389 3768//2368 3772//2372
f 3790//150 3772//2372 3736//2345
f 3791//150 3789//2389 3790//150
f 3789//2389 3772//2372 3790//150
f 3792//2390 3788//2388 3793//2391
f 3794//150 3793//2391 3791//150
f 3795//150 3792//2390 3794//150
f 3792//2390 3793//2391 3794//150
f 3787//2387 3768//2368 3789//2389
f 3793//2391 3789//2389 3791//150
f 3788//2388 3787//2387 3793//2391
f 3787//2387 3789//2389 3793//2391
f 3796//2392 3785//2385 3797//2393
f 3798//2394 3797//2393 3799//2395
f 3800//2396 3796//2392 3798//2394
f 3796//2392 3797//2393 3798//2394
f 3801//2397 3799//2395 3802//2398
f 3803//149 3802//2398 3795//150
f 3804//150 3801//2397 3803//149
f 3801//2397 3802//2398 3803//149
f 3805//2399 3800//2396 3806//2399
f 3807//150 3806//2399 3804//150
f 3808//2400 3805//2399 3807//150
f 3805//2399 3806//2399 3807//150
f 3798//2394 3799//2395 3801//2397
f 3806//2399 3801//2397 3804//150
f 3800//2396 3798//2394 3806//2399
f 3798//2394 3801//2397 3806//2399
f 3780//2380 3754//2357 3786//2386
f 3809//2401 3786//2386 3788//2388
f 3781//2381 3780//2380 3809//2401
f 3780//2380 3786//2386 3809//2401
f 3810//2402 3788//2388 3792//2390
f 3802//2398 3792//2390 3795//150
f 3799//2395 3810//2402 3802//2398
f 3810//2402 3792//2390 3802//2398
f 3784//2384 3781//2381 3811//2403
f 3797//2393 3811//2403 3799//2395
f 3785//2385 3784//2384 3797//2393
f 3784//2384 3811//2403 3797//2393
f 3809//2401 3788//2388 3810//2402
f 3811//2403 3810//2402 3799//2395
f 3781//2381 3809//2401 3811//2403
f 3809//2401 3810//2402 3811//2403
f 3812//2404 3814//2406 3813//2405
f 3815//2407 3813//2405 3816//2408
f 3817//2409 3812//2404 3815//2407
f 3812//2404 3813//2405 3815//2407
f 3818//2410 3816//2408 3819//149
f 3820//2411 3819//149 3821//149
f 3822//2412 3818//2410 3820//2411
f 3818//2410 3819//149 3820//2411
f 3823//2413 3817//2409 3824//2414
f 3825//2415 3824//2414 3822//2412
f 3826//2416 3823//2413 3825//2415
f 3823//2413 3824//2414 3825//2415
f 3815//2407 3816//2408 3818//2410
f 3824//2414 3818//2410 3822//2412
f 3817//2409 3815//2407 3824//2414
f 3815//2407 3818//2410 3824//2414
f 3827//2417 3821//149 3828//150
f 3829//2418 3828//150 3830//2419
f 3831//2420 3827//2417 3829//2418
f 3827//2417 3828//150 3829//2418
f 3832//2421 3830//2419 3833//2422
f 3776//2376 3833//2422 3742//2350
f 3778//2378 3832//2421 3776//2376
f 3832//2421 3833//2422 3776//2376
f 3834//2423 3831//2420 3835//2424
f 3782//2382 3835//2424 3778//2378
f 3785//2385 3834//2423 3782//2382
f 3834//2423 3835//2424 3782//2382
f 3829//2418 3830//2419 3832//2421
f 3835//2424 3832//2421 3778//2378
f 3831//2420 3829//2418 3835//2424
f 3829//2418 3832//2421 3835//2424
f 3836//2425 3826//2416 3837//2426
f 3838//2425 3837//2426 3839//2427
f 3836//2425 3840//2428 3838//2425
f 3836//2425 3837//2426 3838//2425
f 3841//2429 3839//2427 3842//2430
f 3796//2392 3842//2430 3785//2385
f 3841//2429 3800//2396 3796//2392
f 3841//2429 3842//2430 3796//2392
f 3843//2431 3840//2428 3844//2432
f 3805//2399 3844//2432 3800//2396
f 3808//2400 3843//2431 3805//2399
f 3843//2431 3844//2432 3805//2399
f 3838//2425 3839//2427 3841//2429
f 3844//2432 3841//2429 3800//2396
f 3840//2428 3838//2425 3844//2432
f 3841//2429 3838//2425 3844//2432
f 3820//2411 3821//149 3827//2417
f 3845//2433 3827//2417 3831//2420
f 3822//2412 3820//2411 3845//2433
f 3820//2411 3827//2417 3845//2433
f 3846//2434 3831//2420 3834//2423
f 3842//2430 3834//2423 3785//2385
f 3839//2427 3846//2434 3842//2430
f 3846//2434 3834//2423 3842//2430
f 3825//2415 3822//2412 3847//2435
f 3837//2426 3847//2435 3839//2427
f 3826//2416 3825//2415 3837//2426
f 3825//2415 3847//2435 3837//2426
f 3845//2433 3831//2420 3846//2434
f 3847//2435 3846//2434 3839//2427
f 3822//2412 3845//2433 3847//2435
f 3845//2433 3846//2434 3847//2435
f 3848//2436 3814//2406 3812//2404
f 3849//2437 3812//2404 3817//2409
f 3850//2438 3848//2436 3849//2437
f 3848//2436 3812//2404 3849//2437
f 3851//2439 3817//2409 3823//2413
f 3852//2440 3823//2413 3826//2416
f 3853//2441 3851//2439 3852//2440
f 3851//2439 3823//2413 3852//2440
f 3854//2442 3850//2438 3855//2443
f 3856//2444 3855//2443 3853//2441
f 3857//2445 3854//2442 3856//2444
f 3854//2442 3855//2443 3856//2444
f 3849//2437 3817//2409 3851//2439
f 3855//2443 3851//2439 3853//2441
f 3850//2438 3849//2437 3855//2443
f 3849//2437 3851//2439 3855//2443
f 3858//2446 3826//2416 3836//2425
f 3859//2447 3836//2425 3840//2428
f 3860//2448 3858//2446 3859//2447
f 3858//2446 3836//2425 3859//2447
f 3861//2449 3840//2428 3843//2431
f 3862//402 3843//2431 3808//2400
f 3863//149 3861//2449 3862//402
f 3861//2449 3843//2431 3862//402
f 3864//2450 3860//2448 3865//2451
f 3866//149 3865//2451 3863//149
f 3867//150 3864//2450 3866//149
f 3864//2450 3865//2451 3866//149
f 3859//2447 3840//2428 3861//2449
f 3865//2451 3861//2449 3863//149
f 3860//2448 3859//2447 3865//2451
f 3859//2447 3861//2449 3865//2451
f 3868//2452 3857//2445 3869//2453
f 3870//2454 3869//2453 3871//2455
f 3872//2456 3868//2452 3870//2454
f 3868//2452 3869//2453 3870//2454
f 3873//2457 3871//2455 3874//2458
f 3875//150 3874//2458 3867//150
f 3876//149 3873//2457 3875//150
f 3873//2457 3874//2458 3875//150
f 3877//2459 3872//2456 3878//2460
f 3879//149 3878//2460 3876//149
f 3880//2461 3877//2459 3879//149
f 3877//2459 3878//2460 3879//149
f 3870//2454 3871//2455 3873//2457
f 3878//2460 3873//2457 3876//149
f 3872//2456 3870//2454 3878//2460
f 3870//2454 3873//2457 3878//2460
f 3852//2440 3826//2416 3858//2446
f 3881//2462 3858//2446 3860//2448
f 3853//2441 3852//2440 3881//2462
f 3852//2440 3858//2446 3881//2462
f 3882//2463 3860//2448 3864//2450
f 3874//2458 3864//2450 3867//150
f 3871//2455 3882//2463 3874//2458
f 3882//2463 3864//2450 3874//2458
f 3856//2444 3853//2441 3883//2464
f 3869//2453 3883//2464 3871//2455
f 3857//2445 3856//2444 3869//2453
f 3856//2444 3883//2464 3869//2453
f 3881//2462 3860//2448 3882//2463
f 3883//2464 3882//2463 3871//2455
f 3853//2441 3881//2462 3883//2464
f 3881//2462 3882//2463 3883//2464
f 3884//2465 3886//2466 3885//402
f 3887//2467 3885//402 3888//149
f 3889//2468 3884//2465 3887//2467
f 3884//2465 3885//402 3887//2467
f 3890//2469 3888//149 3891//150
f 3892//2470 3891//150 3893//149
f 3894//2471 3890//2469 3892//2470
f 3890//2469 3891//150 3892//2470
f 3895//2472 3889//2468 3896//2473
f 3897//2474 3896//2473 3894//2471
f 3898//2475 3895//2472 3897//2474
f 3895//2472 3896//2473 3897//2474
f 3887//2467 3888//149 3890//2469
f 3896//2473 3890//2469 3894//2471
f 3889//2468 3887//2467 3896//2473
f 3887//2467 3890//2469 3896//2473
f 3899//2476 3893//149 3900//402
f 3901//2477 3900//402 3902//150
f 3903//2478 3899//2476 3901//2477
f 3899//2476 3900//402 3901//2477
f 3904//2479 3902//150 3905//150
f 3848//2436 3905//150 3814//2406
f 3850//2438 3904//2479 3848//2436
f 3904//2479 3905//150 3848//2436
f 3906//2480 3903//2478 3907//2481
f 3854//2442 3907//2481 3850//2438
f 3857//2445 3906//2480 3854//2442
f 3906//2480 3907//2481 3854//2442
f 3901//2477 3902//150 3904//2479
f 3907//2481 3904//2479 3850//2438
f 3903//2478 3901//2477 3907//2481
f 3901//2477 3904//2479 3907//2481
f 3908//2482 3898//2475 3909//2483
f 3910//2484 3909//2483 3911//2485
f 3912//2486 3908//2482 3910//2484
f 3908//2482 3909//2483 3910//2484
f 3913//2487 3911//2485 3914//2488
f 3868//2452 3914//2488 3857//2445
f 3872//2456 3913//2487 3868//2452
f 3913//2487 3914//2488 3868//2452
f 3915//2489 3912//2486 3916//2490
f 3877//2459 3916//2490 3872//2456
f 3880//2461 3915//2489 3877//2459
f 3915//2489 3916//2490 3877//2459
f 3910//2484 3911//2485 3913//2487
f 3916//2490 3913//2487 3872//2456
f 3912//2486 3910//2484 3916//2490
f 3910//2484 3913//2487 3916//2490
f 3892//2470 3893//149 3899//2476
f 3917//2491 3899//2476 3903//2478
f 3894//2471 3892//2470 3917//2491
f 3892//2470 3899//2476 3917//2491
f 3918//2492 3903//2478 3906//2480
f 3914//2488 3906//2480 3857//2445
f 3911//2485 3918//2492 3914//2488
f 3918//2492 3906//2480 3914//2488
f 3897//2474 3894//2471 3919//2493
f 3909//2483 3919//2493 3911//2485
f 3898//2475 3897//2474 3909//2483
f 3897//2474 3919//2493 3909//2483
f 3917//2491 3903//2478 3918//2492
f 3919//2493 3918//2492 3911//2485
f 3894//2471 3917//2491 3919//2493
f 3917//2491 3918//2492 3919//2493
f 3920//2494 3886//2466 3884//2465
f 3921//2495 3884//2465 3889//2468
f 3922//2496 3920//2494 3921//2495
f 3920//2494 3884//2465 3921//2495
f 3923//2497 3889//2468 3895//2472
f 3924//2498 3895//2472 3898//2475
f 3925//2499 3923//2497 3924//2498
f 3923//2497 3895//2472 3924//2498
f 3926//2500 3922//2496 3927//2501
f 3928//2502 3927//2501 3925//2499
f 3929//2503 3926//2500 3928//2502
f 3926//2500 3927//2501 3928//2502
f 3921//2495 3889//2468 3923//2497
f 3927//2501 3923//2497 3925//2499
f 3922//2496 3921//2495 3927//2501
f 3921//2495 3923//2497 3927//2501
f 3930//2504 3898//2475 3908//2482
f 3931//2505 3908//2482 3912//2486
f 3932//2506 3930//2504 3931//2505
f 3930//2504 3908//2482 3931//2505
f 3933//2507 3912//2486 3915//2489
f 3934//150 3915//2489 3880//2461
f 3935//150 3933//2507 3934//150
f 3933//2507 3915//2489 3934//150
f 3936//2508 3932//2506 3937//2509
f 3938//150 3937//2509 3935//150
f 3939//150 3936//2508 3938//150
f 3936//2508 3937//2509 3938//150
f 3931//2505 3912//2486 3933//2507
f 3937//2509 3933//2507 3935//150
f 3932//2506 3931//2505 3937//2509
f 3931//2505 3933//2507 3937//2509
f 3940//2510 3929//2503 3941//2511
f 3942//2512 3941//2511 3943//2513
f 3944//2514 3940//2510 3942//2512
f 3940//2510 3941//2511 3942//2512
f 3945//2515 3943//2513 3946//2516
f 3947//150 3946//2516 3939//150
f 3948//149 3945//2515 3947//150
f 3945//2515 3946//2516 3947//150
f 3949//2517 3944//2514 3950//2518
f 3951//150 3950//2518 3948//149
f 3952//2519 3949//2517 3951//150
f 3949//2517 3950//2518 3951//150
f 3942//2512 3943//2513 3945//2515
f 3950//2518 3945//2515 3948//149
f 3944//2514 3942//2512 3950//2518
f 3942//2512 3945//2515 3950//2518
f 3924//2498 3898//2475 3930//2504
f 3953//2520 3930//2504 3932//2506
f 3925//2499 3924//2498 3953//2520
f 3924//2498 3930//2504 3953//2520
f 3954//2521 3932//2506 3936//2508
f 3946//2516 3936//2508 3939//150
f 3943//2513 3954//2521 3946//2516
f 3954//2521 3936//2508 3946//2516
f 3928//2502 3925//2499 3955//2522
f 3941//2511 3955//2522 3943//2513
f 3929//2503 3928//2502 3941//2511
f 3928//2502 3955//2522 3941//2511
f 3953//2520 3932//2506 3954//2521
f 3955//2522 3954//2521 3943//2513
f 3925//2499 3953//2520 3955//2522
f 3953//2520 3954//2521 3955//2522
f 3956//2523 3886//2466 3920//2494
f 3957//2524 3920//2494 3922//2496
f 3958//2525 3956//2523 3957//2524
f 3956//2523 3920//2494 3957//2524
f 3959//2526 3922//2496 3926//2500
f 3960//2527 3926//2500 3929//2503
f 3961//2528 3959//2526 3960//2527
f 3959//2526 3926//2500 3960//2527
f 3962//2529 3958//2525 3963//2530
f 3964//2531 3963//2530 3961//2528
f 3965//2532 3962//2529 3964//2531
f 3962//2529 3963//2530 3964//2531
f 3957//2524 3922//2496 3959//2526
f 3963//2530 3959//2526 3961//2528
f 3958//2525 3957//2524 3963//2530
f 3957//2524 3959//2526 3963//2530
f 3966//2533 3929//2503 3940//2510
f 3967//2534 3940//2510 3944//2514
f 3968//2535 3966//2533 3967//2534
f 3966//2533 3940//2510 3967//2534
f 3969//2536 3944//2514 3949//2517
f 3970//402 3949//2517 3952//2519
f 3971//149 3969//2536 3970//402
f 3969//2536 3949//2517 3970//402
f 3972//2537 3968//2535 3973//2538
f 3974//150 3973//2538 3971//149
f 3975//150 3972//2537 3974//150
f 3972//2537 3973//2538 3974//150
f 3967//2534 3944//2514 3969//2536
f 3973//2538 3969//2536 3971//149
f 3968//2535 3967//2534 3973//2538
f 3967//2534 3969//2536 3973//2538
f 3976//2539 3965//2532 3977//2540
f 3978//2541 3977//2540 3979//2542
f 3980//2543 3976//2539 3978//2541
f 3976//2539 3977//2540 3978//2541
f 3981//2544 3979//2542 3982//2545
f 3983//150 3982//2545 3975//150
f 3984//149 3981//2544 3983//150
f 3981//2544 3982//2545 3983//150
f 3985//2546 3980//2543 3986//2547
f 3987//402 3986//2547 3984//149
f 3988//2548 3985//2546 3987//402
f 3985//2546 3986//2547 3987//402
f 3978//2541 3979//2542 3981//2544
f 3986//2547 3981//2544 3984//149
f 3980//2543 3978//2541 3986//2547
f 3978//2541 3981//2544 3986//2547
f 3960//2527 3929//2503 3966//2533
f 3989//2549 3966//2533 3968//2535
f 3961//2528 3960//2527 3989//2549
f 3960//2527 3966//2533 3989//2549
f 3990//2550 3968//2535 3972//2537
f 3982//2545 3972//2537 3975//150
f 3979//2542 3990//2550 3982//2545
f 3990//2550 3972//2537 3982//2545
f 3964//2531 3961//2528 3991//2551
f 3977//2540 3991//2551 3979//2542
f 3965//2532 3964//2531 3977//2540
f 3964//2531 3991//2551 3977//2540
f 3989//2549 3968//2535 3990//2550
f 3991//2551 3990//2550 3979//2542
f 3961//2528 3989//2549 3991//2551
f 3989//2549 3990//2550 3991//2551
f 3992//2552 3886//2466 3956//2523
f 3993//2553 3956//2523 3958//2525
f 3994//2554 3992//2552 3993//2553
f 3992//2552 3956//2523 3993//2553
f 3995//2555 3958//2525 3962//2529
f 3996//2556 3962//2529 3965//2532
f 3997//2557 3995//2555 3996//2556
f 3995//2555 3962//2529 3996//2556
f 3998//2558 3994//2554 3999//2559
f 4000//2560 3999//2559 3997//2557
f 4001//2561 3998//2558 4000//2560
f 3998//2558 3999//2559 4000//2560
f 3993//2553 3958//2525 3995//2555
f 3999//2559 3995//2555 3997//2557
f 3994//2554 3993//2553 3999//2559
f 3993//2553 3995//2555 3999//2559
f 4002//2562 3965//2532 3976//2539
f 4003//2563 3976//2539 3980//2543
f 4004//2564 4002//2562 4003//2563
f 4002//2562 3976//2539 4003//2563
f 4005//2565 3980//2543 3985//2546
f 4006//402 3985//2546 3988//2548
f 4007//402 4005//2565 4006//402
f 4005//2565 3985//2546 4006//402
f 4008//2566 4004//2564 4009//2567
f 4010//402 4009//2567 4007//402
f 4011//402 4008//2566 4010//402
f 4008//2566 4009//2567 4010//402
f 4003//2563 3980//2543 4005//2565
f 4009//2567 4005//2565 4007//402
f 4004//2564 4003//2563 4009//2567
f 4003//2563 4005//2565 4009//2567
f 4012//2568 4001//2561 4013//2569
f 4014//2570 4013//2569 4015//2571
f 4016//2572 4012//2568 4014//2570
f 4012//2568 4013//2569 4014//2570
f 4017//2573 4015//2571 4018//2574
f 4019//402 4018//2574 4011//402
f 4020//402 4017//2573 4019//402
f 4017//2573 4018//2574 4019//402
f 4021//2575 4016//2572 4022//2576
f 4023//402 4022//2576 4020//402
f 4024//2577 4021//2575 4023//402
f 4021//2575 4022//2576 4023//402
f 4014//2570 4015//2571 4017//2573
f 4022//2576 4017//2573 4020//402
f 4016//2572 4014//2570 4022//2576
f 4014//2570 4017//2573 4022//2576
f 3996//2556 3965//2532 4002//2562
f 4025//2578 4002//2562 4004//2564
f 3997//2557 3996//2556 4025//2578
f 3996//2556 4002//2562 4025//2578
f 4026//2579 4004//2564 4008//2566
f 4018//2574 4008//2566 4011//402
f 4015//2571 4026//2579 4018//2574
f 4026//2579 4008//2566 4018//2574
f 4000//2560 3997//2557 4027//2580
f 4013//2569 4027//2580 4015//2571
f 4001//2561 4000//2560 4013//2569
f 4000//2560 4027//2580 4013//2569
f 4025//2578 4004//2564 4026//2579
f 4027//2580 4026//2579 4015//2571
f 3997//2557 4025//2578 4027//2580
f 4025//2578 4026//2579 4027//2580
f 4028//2581 3886//2466 3992//2552
f 4029//2582 3992//2552 3994//2554
f 4030//2583 4028//2581 4029//2582
f 4028//2581 3992//2552 4029//2582
f 4031//2584 3994//2554 3998//2558
f 4032//2585 3998//2558 4001//2561
f 4033//2586 4031//2584 4032//2585
f 4031//2584 3998//2558 4032//2585
f 4034//2587 4030//2583 4035//2588
f 4036//2589 4035//2588 4033//2586
f 4037//2590 4034//2587 4036//2589
f 4034//2587 4035//2588 4036//2589
f 4029//2582 3994//2554 4031//2584
f 4035//2588 4031//2584 4033//2586
f 4030//2583 4029//2582 4035//2588
f 4029//2582 4031//2584 4035//2588
f 4038//2591 4001//2561 4012//2568
f 4039//2592 4012//2568 4016//2572
f 4040//2593 4038//2591 4039//2592
f 4038//2591 4012//2568 4039//2592
f 4041//2594 4016//2572 4021//2575
f 4042//150 4021//2575 4024//2577
f 4043//149 4041//2594 4042//150
f 4041//2594 4021//2575 4042//150
f 4044//2595 4040//2593 4045//2596
f 4046//402 4045//2596 4043//149
f 4047//150 4044//2595 4046//402
f 4044//2595 4045//2596 4046//402
f 4039//2592 4016//2572 4041//2594
f 4045//2596 4041//2594 4043//149
f 4040//2593 4039//2592 4045//2596
f 4039//2592 4041//2594 4045//2596
f 4048//2597 4037//2590 4049//2598
f 4050//2599 4049//2598 4051//2600
f 4052//2601 4048//2597 4050//2599
f 4048//2597 4049//2598 4050//2599
f 4053//2602 4051//2600 4054//2603
f 4055//150 4054//2603 4047//150
f 4056//402 4053//2602 4055//150
f 4053//2602 4054//2603 4055//150
f 4057//2604 4052//2601 4058//2605
f 4059//149 4058//2605 4056//402
f 4060//2606 4057//2604 4059//149
f 4057//2604 4058//2605 4059//149
f 4050//2599 4051//2600 4053//2602
f 4058//2605 4053//2602 4056//402
f 4052//2601 4050//2599 4058//2605
f 4050//2599 4053//2602 4058//2605
f 4032//2585 4001//2561 4038//2591
f 4061//2607 4038//2591 4040//2593
f 4033//2586 4032//2585 4061//2607
f 4032//2585 4038//2591 4061//2607
f 4062//2608 4040//2593 4044//2595
f 4054//2603 4044//2595 4047//150
f 4051//2600 4062//2608 4054//2603
f 4062//2608 4044//2595 4054//2603
f 4036//2589 4033//2586 4063//2609
f 4049//2598 4063//2609 4051//2600
f 4037//2590 4036//2589 4049//2598
f 4036//2589 4063//2609 4049//2598
f 4061//2607 4040//2593 4062//2608
f 4063//2609 4062//2608 4051//2600
f 4033//2586 4061//2607 4063//2609
f 4061//2607 4062//2608 4063//2609
f 4064//2610 3886//2466 4028//2581
f 4065//2611 4028//2581 4030//2583
f 4066//2612 4064//2610 4065//2611
f 4064//2610 4028//2581 4065//2611
f 4067//2613 4030//2583 4034//2587
f 4068//2614 4034//2587 4037//2590
f 4069//2615 4067//2613 4068//2614
f 4067//2613 4034//2587 4068//2614
f 4070//2616 4066//2612 4071//2617
f 4072//2618 4071//2617 4069//2615
f 4073//2619 4070//2616 4072//2618
f 4070//2616 4071//2617 4072//2618
f 4065//2611 4030//2583 4067//2613
f 4071//2617 4067//2613 4069//2615
f 4066//2612 4065//2611 4071//2617
f 4065//2611 4067//2613 4071//2617
f 4074//2620 4037//2590 4048//2597
f 4075//2621 4048//2597 4052//2601
f 4076//2622 4074//2620 4075//2621
f 4074//2620 4048//2597 4075//2621
f 4077//2623 4052//2601 4057//2604
f 4078//150 4057//2604 4060//2606
f 4079//150 4077//2623 4078//150
f 4077//2623 4057//2604 4078//150
f 4080//2624 4076//2622 4081//2625
f 4082//149 4081//2625 4079//150
f 4083//150 4080//2624 4082//149
f 4080//2624 4081//2625 4082//149
f 4075//2621 4052//2601 4077//2623
f 4081//2625 4077//2623 4079//150
f 4076//2622 4075//2621 4081//2625
f 4075//2621 4077//2623 4081//2625
f 4084//2626 4073//2619 4085//2627
f 4086//2628 4085//2627 4087//2629
f 4088//2630 4084//2626 4086//2628
f 4084//2626 4085//2627 4086//2628
f 4089//2631 4087//2629 4090//2632
f 4091//149 4090//2632 4083//150
f 4092//402 4089//2631 4091//149
f 4089//2631 4090//2632 4091//149
f 4093//2633 4088//2630 4094//2634
f 4095//150 4094//2634 4092//402
f 4096//2635 4093//2633 4095//150
f 4093//2633 4094//2634 4095//150
f 4086//2628 4087//2629 4089//2631
f 4094//2634 4089//2631 4092//402
f 4088//2630 4086//2628 4094//2634
f 4086//2628 4089//2631 4094//2634
f 4068//2614 4037//2590 4074//2620
f 4097//2636 4074//2620 4076//2622
f 4069//2615 4068//2614 4097//2636
f 4068//2614 4074//2620 4097//2636
f 4098//2637 4076//2622 4080//2624
f 4090//2632 4080//2624 4083//150
f 4087//2629 4098//2637 4090//2632
f 4098//2637 4080//2624 4090//2632
f 4072//2618 4069//2615 4099//2638
f 4085//2627 4099//2638 4087//2629
f 4073//2619 4072//2618 4085//2627
f 4072//2618 4099//2638 4085//2627
f 4097//2636 4076//2622 4098//2637
f 4099//2638 4098//2637 4087//2629
f 4069//2615 4097//2636 4099//2638
f 4097//2636 4098//2637 4099//2638
f 4100//2639 4102//2640 4101//150
f 4103//2641 4101//150 4104//150
f 4105//2642 4100//2639 4103//2641
f 4100//2639 4101//150 4103//2641
f 4106//2643 4104//150 4107//150
f 4108//2644 4107//150 4109//150
f 4110//2645 4106//2643 4108//2644
f 4106//2643 4107//150 4108//2644
f 4111//2646 4105//2642 4112//2647
f 4113//2648 4112//2647 4110//2645
f 4114//2649 4111//2646 4113//2648
f 4111//2646 4112//2647 4113//2648
f 4103//2641 4104//150 4106//2643
f 4112//2647 4106//2643 4110//2645
f 4105//2642 4103//2641 4112//2647
f 4103//2641 4106//2643 4112//2647
f 4115//2650 4109//150 4116//150
f 4117//2651 4116//150 4118//149
f 4119//2652 4115//2650 4117//2651
f 4115//2650 4116//150 4117//2651
f 4120//2653 4118//149 4121//150
f 4064//2610 4121//150 3886//2466
f 4066//2612 4120//2653 4064//2610
f 4120//2653 4121//150 4064//2610
f 4122//2654 4119//2652 4123//2655
f 4070//2616 4123//2655 4066//2612
f 4073//2619 4122//2654 4070//2616
f 4122//2654 4123//2655 4070//2616
f 4117//2651 4118//149 4120//2653
f 4123//2655 4120//2653 4066//2612
f 4119//2652 4117//2651 4123//2655
f 4117//2651 4120//2653 4123//2655
f 4124//2656 4114//2649 4125//2657
f 4126//2658 4125//2657 4127//2659
f 4128//2660 4124//2656 4126//2658
f 4124//2656 4125//2657 4126//2658
f 4129//2661 4127//2659 4130//2662
f 4084//2626 4130//2662 4073//2619
f 4088//2630 4129//2661 4084//2626
f 4129//2661 4130//2662 4084//2626
f 4131//2663 4128//2660 4132//2664
f 4093//2633 4132//2664 4088//2630
f 4131//2663 4096//2635 4093//2633
f 4131//2663 4132//2664 4093//2633
f 4126//2658 4127//2659 4129//2661
f 4132//2664 4129//2661 4088//2630
f 4128//2660 4126//2658 4132//2664
f 4126//2658 4129//2661 4132//2664
f 4108//2644 4109//150 4115//2650
f 4133//2665 4115//2650 4119//2652
f 4110//2645 4108//2644 4133//2665
f 4108//2644 4115//2650 4133//2665
f 4134//2666 4119//2652 4122//2654
f 4130//2662 4122//2654 4073//2619
f 4127//2659 4134//2666 4130//2662
f 4134//2666 4122//2654 4130//2662
f 4113//2648 4110//2645 4135//2667
f 4125//2657 4135//2667 4127//2659
f 4114//2649 4113//2648 4125//2657
f 4113//2648 4135//2667 4125//2657
f 4133//2665 4119//2652 4134//2666
f 4135//2667 4134//2666 4127//2659
f 4110//2645 4133//2665 4135//2667
f 4133//2665 4134//2666 4135//2667
f 4136//2668 4102//2640 4100//2639
f 4137//2669 4100//2639 4105//2642
f 4138//2670 4136//2668 4137//2669
f 4136//2668 4100//2639 4137//2669
f 4139//2671 4105//2642 4111//2646
f 4140//2672 4111//2646 4114//2649
f 4141//2673 4139//2671 4140//2672
f 4139//2671 4111//2646 4140//2672
f 4142//2674 4138//2670 4143//2675
f 4144//2676 4143//2675 4141//2673
f 4145//2677 4142//2674 4144//2676
f 4142//2674 4143//2675 4144//2676
f 4137//2669 4105//2642 4139//2671
f 4143//2675 4139//2671 4141//2673
f 4138//2670 4137//2669 4143//2675
f 4137//2669 4139//2671 4143//2675
f 4146//2678 4114//2649 4124//2656
f 4147//2679 4124//2656 4128//2660
f 4148//2680 4146//2678 4147//2679
f 4146//2678 4124//2656 4147//2679
f 4149//2681 4128//2660 4131//2663
f 4150//402 4131//2663 4096//2635
f 4151//149 4149//2681 4150//402
f 4149//2681 4131//2663 4150//402
f 4152//2682 4148//2680 4153//2683
f 4154//150 4153//2683 4151//149
f 4155//150 4152//2682 4154//150
f 4152//2682 4153//2683 4154//150
f 4147//2679 4128//2660 4149//2681
f 4153//2683 4149//2681 4151//149
f 4148//2680 4147//2679 4153//2683
f 4147//2679 4149//2681 4153//2683
f 4156//2684 4145//2677 4157//2685
f 4158//2686 4157//2685 4159//2687
f 4160//2688 4156//2684 4158//2686
f 4156//2684 4157//2685 4158//2686
f 4161//2689 4159//2687 4162//2690
f 4163//402 4162//2690 4155//150
f 4164//150 4161//2689 4163//402
f 4161//2689 4162//2690 4163//402
f 4165//2691 4160//2688 4166//2692
f 4167//150 4166//2692 4164//150
f 4168//2693 4165//2691 4167//150
f 4165//2691 4166//2692 4167//150
f 4158//2686 4159//2687 4161//2689
f 4166//2692 4161//2689 4164//150
f 4160//2688 4158//2686 4166//2692
f 4158//2686 4161//2689 4166//2692
f 4140//2672 4114//2649 4146//2678
f 4169//2694 4146//2678 4148//2680
f 4141//2673 4140//2672 4169//2694
f 4140//2672 4146//2678 4169//2694
f 4170//2695 4148//2680 4152//2682
f 4162//2690 4152//2682 4155//150
f 4159//2687 4170//2695 4162//2690
f 4170//2695 4152//2682 4162//2690
f 4144//2676 4141//2673 4171//2696
f 4157//2685 4171//2696 4159//2687
f 4145//2677 4144//2676 4157//2685
f 4144//2676 4171//2696 4157//2685
f 4169//2694 4148//2680 4170//2695
f 4171//2696 4170//2695 4159//2687
f 4141//2673 4169//2694 4171//2696
f 4169//2694 4170//2695 4171//2696
f 4172//2697 4102//2640 4136//2668
f 4173//2698 4136//2668 4138//2670
f 4174//2699 4172//2697 4173//2698
f 4172//2697 4136//2668 4173//2698
f 4175//2700 4138//2670 4142//2674
f 4176//2701 4142//2674 4145//2677
f 4177//2702 4175//2700 4176//2701
f 4175//2700 4142//2674 4176//2701
f 4178//2703 4174//2699 4179//2704
f 4180//2705 4179//2704 4177//2702
f 4181//2706 4178//2703 4180//2705
f 4178//2703 4179//2704 4180//2705
f 4173//2698 4138//2670 4175//2700
f 4179//2704 4175//2700 4177//2702
f 4174//2699 4173//2698 4179//2704
f 4173//2698 4175//2700 4179//2704
f 4182//2707 4145//2677 4156//2684
f 4183//2708 4156//2684 4160//2688
f 4184//2709 4182//2707 4183//2708
f 4182//2707 4156//2684 4183//2708
f 4185//2710 4160//2688 4165//2691
f 4186//402 4165//2691 4168//2693
f 4187//402 4185//2710 4186//402
f 4185//2710 4165//2691 4186//402
f 4188//2711 4184//2709 4189//2712
f 4190//149 4189//2712 4187//402
f 4191//150 4188//2711 4190//149
f 4188//2711 4189//2712 4190//149
f 4183//2708 4160//2688 4185//2710
f 4189//2712 4185//2710 4187//402
f 4184//2709 4183//2708 4189//2712
f 4183//2708 4185//2710 4189//2712
f 4192//2713 4181//2706 4193//2714
f 4194//2715 4193//2714 4195//2716
f 4196//2717 4192//2713 4194//2715
f 4192//2713 4193//2714 4194//2715
f 4197//2718 4195//2716 4198//2719
f 4199//150 4198//2719 4191//150
f 4200//150 4197//2718 4199//150
f 4197//2718 4198//2719 4199//150
f 4201//2720 4196//2717 4202//2721
f 4203//402 4202//2721 4200//150
f 4204//2722 4201//2720 4203//402
f 4201//2720 4202//2721 4203//402
f 4194//2715 4195//2716 4197//2718
f 4202//2721 4197//2718 4200//150
f 4196//2717 4194//2715 4202//2721
f 4194//2715 4197//2718 4202//2721
f 4176//2701 4145//2677 4182//2707
f 4205//2723 4182//2707 4184//2709
f 4177//2702 4176//2701 4205//2723
f 4176//2701 4182//2707 4205//2723
f 4206//2724 4184//2709 4188//2711
f 4198//2719 4188//2711 4191//150
f 4195//2716 4206//2724 4198//2719
f 4206//2724 4188//2711 4198//2719
f 4180//2705 4177//2702 4207//2725
f 4193//2714 4207//2725 4195//2716
f 4181//2706 4180//2705 4193//2714
f 4180//2705 4207//2725 4193//2714
f 4205//2723 4184//2709 4206//2724
f 4207//2725 4206//2724 4195//2716
f 4177//2702 4205//2723 4207//2725
f 4205//2723 4206//2724 4207//2725
f 4208//2726 4204//2722 4209//149
f 4210//2726 4209//149 4211//149
f 4212//2727 4208//2726 4210//2726
f 4208//2726 4209//149 4210//2726
f 4213//2726 4211//149 4214//149
f 4215//2726 4214//149 4216//149
f 4217//2727 4213//2726 4215//2726
f 4213//2726 4214//149 4215//2726
f 4218//2728 4212//2727 4219//2727
f 4220//2728 4219//2727 4217//2727
f 4221//2729 4218//2728 4220//2728
f 4218//2728 4219//2727 4220//2728
f 4210//2726 4211//149 4213//2726
f 4219//2727 4213//2726 4217//2727
f 4212//2727 4210//2726 4219//2727
f 4210//2726 4213//2726 4219//2727
f 4222//2726 4216//149 4223//149
f 4224//2726 4223//149 4225//149
f 4226//2730 4222//2726 4224//2726
f 4222//2726 4223//149 4224//2726
f 4227//2726 4225//149 4228//149
f 4229//149 4228//149 4230//2731
f 4231//149 4227//2726 4229//149
f 4227//2726 4228//149 4229//149
f 4232//2728 4226//2727 4233//2727
f 4234//149 4233//2727 4231//149
f 4235//149 4232//2728 4234//149
f 4232//2728 4233//2727 4234//149
f 4224//2726 4225//149 4227//2726
f 4233//2727 4227//2726 4231//149
f 4226//2727 4224//2726 4233//2727
f 4224//2726 4227//2726 4233//2727
f 4236//2732 4221//2729 4237//2729
f 4238//2732 4237//2729 4239//2729
f 4240//2733 4236//2732 4238//2732
f 4236//2732 4237//2729 4238//2732
f 4241//2732 4239//2729 4242//2729
f 4243//149 4242//2729 4235//149
f 4244//149 4241//2732 4243//149
f 4241//2732 4242//2729 4243//149
f 4245//2734 4240//2733 4246//2733
f 4247//149 4246//2733 4244//149
f 4248//2735 4245//2734 4247//149
f 4245//2734 4246//2733 4247//149
f 4238//2732 4239//2729 4241//2732
f 4246//2733 4241//2732 4244//149
f 4240//2733 4238//2732 4246//2733
f 4238//2732 4241//2732 4246//2733
f 4215//2726 4216//149 4222//2726
f 4249//2727 4222//2726 4226//2727
f 4217//2727 4215//2726 4249//2727
f 4215//2726 4222//2726 4249//2727
f 4250//2728 4226//2727 4232//2728
f 4242//2729 4232//2728 4235//149
f 4239//2729 4250//2728 4242//2729
f 4250//2728 4232//2728 4242//2729
f 4220//2728 4217//2727 4251//2728
f 4237//2729 4251//2728 4239//2729
f 4221//2729 4220//2728 4237//2729
f 4220//2728 4251//2728 4237//2729
f 4249//2727 4226//2727 4250//2728
f 4251//2728 4250//2728 4239//2729
f 4217//2727 4249//2727 4251//2728
f 4249//2727 4250//2728 4251//2728
f 4252//2736 4204//2722 4208//2726
f 4253//2737 4208//2726 4212//2727
f 4254//2738 4252//2736 4253//2737
f 4252//2736 4208//2726 4253//2737
f 4255//2739 4212//2727 4218//2728
f 4256//2740 4218//2728 4221//2729
f 4257//2741 4255//2739 4256//2740
f 4255//2739 4218//2728 4256//2740
f 4258//2742 4254//2738 4259//2743
f 4260//2744 4259//2743 4257//2741
f 4261//2745 4258//2742 4260//2744
f 4258//2742 4259//2743 4260//2744
f 4253//2737 4212//2727 4255//2739
f 4259//2743 4255//2739 4257//2741
f 4254//2738 4253//2737 4259//2743
f 4253//2737 4255//2739 4259//2743
f 4262//2746 4221//2729 4236//2732
f 4263//2747 4236//2732 4240//2733
f 4264//2748 4262//2746 4263//2747
f 4262//2746 4236//2732 4263//2747
f 4265//2749 4240//2733 4245//2734
f 4266//150 4245//2734 4248//2735
f 4267//150 4265//2749 4266//150
f 4265//2749 4245//2734 4266//150
f 4268//2750 4264//2748 4269//2751
f 4270//149 4269//2751 4267//150
f 4271//149 4268//2750 4270//149
f 4268//2750 4269//2751 4270//149
f 4263//2747 4240//2733 4265//2749
f 4269//2751 4265//2749 4267//150
f 4264//2748 4263//2747 4269//2751
f 4263//2747 4265//2749 4269//2751
f 4272//2752 4261//2745 4273//2753
f 4274//2754 4273//2753 4275//2755
f 4276//2756 4272//2752 4274//2754
f 4272//2752 4273//2753 4274//2754
f 4277//2757 4275//2755 4278//2758
f 4279//150 4278//2758 4271//149
f 4280//149 4277//2757 4279//150
f 4277//2757 4278//2758 4279//150
f 4281//2759 4276//2756 4282//2760
f 4283//149 4282//2760 4280//149
f 4284//2761 4281//2759 4283//149
f 4281//2759 4282//2760 4283//149
f 4274//2754 4275//2755 4277//2757
f 4282//2760 4277//2757 4280//149
f 4276//2756 4274//2754 4282//2760
f 4274//2754 4277//2757 4282//2760
f 4256//2740 4221//2729 4262//2746
f 4285//2762 4262//2746 4264//2748
f 4257//2741 4256//2740 4285//2762
f 4256//2740 4262//2746 4285//2762
f 4286//2763 4264//2748 4268//2750
f 4278//2758 4268//2750 4271//149
f 4275//2755 4286//2763 4278//2758
f 4286//2763 4268//2750 4278//2758
f 4260//2744 4257//2741 4287//2764
f 4273//2753 4287//2764 4275//2755
f 4261//2745 4260//2744 4273//2753
f 4260//2744 4287//2764 4273//2753
f 4285//2762 4264//2748 4286//2763
f 4287//2764 4286//2763 4275//2755
f 4257//2741 4285//2762 4287//2764
f 4285//2762 4286//2763 4287//2764
f 4288//2765 4204//2722 4252//2736
f 4289//2766 4252//2736 4254//2738
f 4290//2767 4288//2765 4289//2766
f 4288//2765 4252//2736 4289//2766
f 4291//2768 4254//2738 4258//2742
f 4292//2769 4258//2742 4261//2745
f 4293//2770 4291//2768 4292//2769
f 4291//2768 4258//2742 4292//2769
f 4294//2771 4290//2767 4295//2772
f 4296//2773 4295//2772 4293//2770
f 4297//2774 4294//2771 4296//2773
f 4294//2771 4295//2772 4296//2773
f 4289//2766 4254//2738 4291//2768
f 4295//2772 4291//2768 4293//2770
f 4290//2767 4289//2766 4295//2772
f 4289//2766 4291//2768 4295//2772
f 4298//2775 4261//2745 4272//2752
f 4299//2776 4272//2752 4276//2756
f 4300//2777 4298//2775 4299//2776
f 4298//2775 4272//2752 4299//2776
f 4301//2778 4276//2756 4281//2759
f 4302//150 4281//2759 4284//2761
f 4303//150 4301//2778 4302//150
f 4301//2778 4281//2759 4302//150
f 4304//2779 4300//2777 4305//2779
f 4306//150 4305//2779 4303//150
f 4307//150 4304//2779 4306//150
f 4304//2779 4305//2779 4306//150
f 4299//2776 4276//2756 4301//2778
f 4305//2779 4301//2778 4303//150
f 4300//2777 4299//2776 4305//2779
f 4299//2776 4301//2778 4305//2779
f 4308//2780 4297//2774 4309//2781
f 4310//2782 4309//2781 4311//2783
f 4312//2782 4308//2780 4310//2782
f 4308//2780 4309//2781 4310//2782
f 4313//2779 4311//2783 4314//2779
f 4315//150 4314//2779 4307//150
f 4316//149 4313//2779 4315//150
f 4313//2779 4314//2779 4315//150
f 4317//2779 4312//2782 4318//2779
f 4319//149 4318//2779 4316//149
f 4320//2784 4317//2779 4319//149
f 4317//2779 4318//2779 4319//149
f 4310//2782 4311//2783 4313//2779
f 4318//2779 4313//2779 4316//149
f 4312//2782 4310//2782 4318//2779
f 4310//2782 4313//2779 4318//2779
f 4292//2769 4261//2745 4298//2775
f 4321//2785 4298//2775 4300//2777
f 4293//2770 4292//2769 4321//2785
f 4292//2769 4298//2775 4321//2785
f 4322//2786 4300//2777 4304//2779
f 4314//2779 4304//2779 4307//150
f 4311//2783 4322//2786 4314//2779
f 4322//2786 4304//2779 4314//2779
f 4296//2773 4293//2770 4323//2787
f 4309//2781 4323//2787 4311//2783
f 4297//2774 4296//2773 4309//2781
f 4296//2773 4323//2787 4309//2781
f 4321//2785 4300//2777 4322//2786
f 4323//2787 4322//2786 4311//2783
f 4293//2770 4321//2785 4323//2787
f 4321//2785 4322//2786 4323//2787
f 4324//2788 4204//2722 4288//2765
f 4325//2789 4288//2765 4290//2767
f 4326//2790 4324//2788 4325//2789
f 4324//2788 4288//2765 4325//2789
f 4327//2791 4290//2767 4294//2771
f 4328//2792 4294//2771 4297//2774
f 4329//2793 4327//2791 4328//2792
f 4327//2791 4294//2771 4328//2792
f 4330//2794 4326//2790 4331//2795
f 4332//2796 4331//2795 4329//2793
f 4333//2797 4330//2794 4332//2796
f 4330//2794 4331//2795 4332//2796
f 4325//2789 4290//2767 4327//2791
f 4331//2795 4327//2791 4329//2793
f 4326//2790 4325//2789 4331//2795
f 4325//2789 4327//2791 4331//2795
f 4334//2798 4297//2774 4308//2780
f 4335//2799 4308//2780 4312//2782
f 4336//2800 4334//2798 4335//2799
f 4334//2798 4308//2780 4335//2799
f 4337//2801 4312//2782 4317//2779
f 4338//402 4317//2779 4320//2784
f 4339//149 4337//2801 4338//402
f 4337//2801 4317//2779 4338//402
f 4340//2802 4336//2800 4341//2803
f 4342//150 4341//2803 4339//149
f 4343//149 4340//2802 4342//150
f 4340//2802 4341//2803 4342//150
f 4335//2799 4312//2782 4337//2801
f 4341//2803 4337//2801 4339//149
f 4336//2800 4335//2799 4341//2803
f 4335//2799 4337//2801 4341//2803
f 4344//2804 4333//2797 4345//2805
f 4346//2806 4345//2805 4347//2807
f 4348//2808 4344//2804 4346//2806
f 4344//2804 4345//2805 4346//2806
f 4349//2809 4347//2807 4350//2810
f 4351//149 4350//2810 4343//149
f 4352//402 4349//2809 4351//149
f 4349//2809 4350//2810 4351//149
f 4353//2811 4348//2808 4354//2812
f 4355//402 4354//2812 4352//402
f 4356//2813 4353//2811 4355//402
f 4353//2811 4354//2812 4355//402
f 4346//2806 4347//2807 4349//2809
f 4354//2812 4349//2809 4352//402
f 4348//2808 4346//2806 4354//2812
f 4346//2806 4349//2809 4354//2812
f 4328//2792 4297//2774 4334//2798
f 4357//2814 4334//2798 4336//2800
f 4329//2793 4328//2792 4357//2814
f 4328//2792 4334//2798 4357//2814
f 4358//2815 4336//2800 4340//2802
f 4350//2810 4340//2802 4343//149
f 4347//2807 4358//2815 4350//2810
f 4358//2815 4340//2802 4350//2810
f 4332//2796 4329//2793 4359//2816
f 4345//2805 4359//2816 4347//2807
f 4333//2797 4332//2796 4345//2805
f 4332//2796 4359//2816 4345//2805
f 4357//2814 4336//2800 4358//2815
f 4359//2816 4358//2815 4347//2807
f 4329//2793 4357//2814 4359//2816
f 4357//2814 4358//2815 4359//2816
f 4360//2817 4204//2722 4324//2788
f 4361//2818 4324//2788 4326//2790
f 4362//2819 4360//2817 4361//2818
f 4360//2817 4324//2788 4361//2818
f 4363//2820 4326//2790 4330//2794
f 4364//2821 4330//2794 4333//2797
f 4365//2822 4363//2820 4364//2821
f 4363//2820 4330//2794 4364//2821
f 4366//2823 4362//2819 4367//2824
f 4368//2825 4367//2824 4365//2822
f 4369//2826 4366//2823 4368//2825
f 4366//2823 4367//2824 4368//2825
f 4361//2818 4326//2790 4363//2820
f 4367//2824 4363//2820 4365//2822
f 4362//2819 4361//2818 4367//2824
f 4361//2818 4363//2820 4367//2824
f 4370//2827 4333//2797 4344//2804
f 4371//2828 4344//2804 4348//2808
f 4372//2829 4370//2827 4371//2828
f 4370//2827 4344//2804 4371//2828
f 4373//2830 4348//2808 4353//2811
f 4374//402 4353//2811 4356//2813
f 4375//402 4373//2830 4374//402
f 4373//2830 4353//2811 4374//402
f 4376//2831 4372//2829 4377//2832
f 4378//149 4377//2832 4375//402
f 4379//149 4376//2831 4378//149
f 4376//2831 4377//2832 4378//149
f 4371//2828 4348//2808 4373//2830
f 4377//2832 4373//2830 4375//402
f 4372//2829 4371//2828 4377//2832
f 4371//2828 4373//2830 4377//2832
f 4380//2833 4369//2826 4381//2834
f 4382//2835 4381//2834 4383//2836
f 4384//2837 4380//2833 4382//2835
f 4380//2833 4381//2834 4382//2835
f 4385//2831 4383//2836 4386//2831
f 4387//402 4386//2831 4379//149
f 4388//149 4385//2831 4387//402
f 4385//2831 4386//2831 4387//402
f 4389//2831 4384//2837 4390//2831
f 4391//149 4390//2831 4388//149
f 4392//2838 4389//2831 4391//149
f 4389//2831 4390//2831 4391//149
f 4382//2835 4383//2836 4385//2831
f 4390//2831 4385//2831 4388//149
f 4384//2837 4382//2835 4390//2831
f 4382//2835 4385//2831 4390//2831
f 4364//2821 4333//2797 4370//2827
f 4393//2839 4370//2827 4372//2829
f 4365//2822 4364//2821 4393//2839
f 4364//2821 4370//2827 4393//2839
f 4394//2840 4372//2829 4376//2831
f 4386//2831 4376//2831 4379//149
f 4383//2836 4394//2840 4386//2831
f 4394//2840 4376//2831 4386//2831
f 4368//2825 4365//2822 4395//2841
f 4381//2834 4395//2841 4383//2836
f 4369//2826 4368//2825 4381//2834
f 4368//2825 4395//2841 4381//2834
f 4393//2839 4372//2829 4394//2840
f 4395//2841 4394//2840 4383//2836
f 4365//2822 4393//2839 4395//2841
f 4393//2839 4394//2840 4395//2841
f 4396//2842 4204//2722 4360//2817
f 4397//2843 4360//2817 4362//2819
f 4398//2844 4396//2842 4397//2843
f 4396//2842 4360//2817 4397//2843
f 4399//2845 4362//2819 4366//2823
f 4400//2846 4366//2823 4369//2826
f 4401//2847 4399//2845 4400//2846
f 4399//2845 4366//2823 4400//2846
f 4402//2848 4398//2844 4403//2849
f 4404//2850 4403//2849 4401//2847
f 4405//2851 4402//2848 4404//2850
f 4402//2848 4403//2849 4404//2850
f 4397//2843 4362//2819 4399//2845
f 4403//2849 4399//2845 4401//2847
f 4398//2844 4397//2843 4403//2849
f 4397//2843 4399//2845 4403//2849
f 4406//2852 4369//2826 4380//2833
f 4407//2853 4380//2833 4384//2837
f 4408//2854 4406//2852 4407//2853
f 4406//2852 4380//2833 4407//2853
f 4409//2855 4384//2837 4389//2831
f 4410//149 4389//2831 4392//2838
f 4411//149 4409//2855 4410//149
f 4409//2855 4389//2831 4410//149
f 4412//2856 4408//2854 4413//2857
f 4414//149 4413//2857 4411//149
f 4415//402 4412//2856 4414//149
f 4412//2856 4413//2857 4414//149
f 4407//2853 4384//2837 4409//2855
f 4413//2857 4409//2855 4411//149
f 4408//2854 4407//2853 4413//2857
f 4407//2853 4409//2855 4413//2857
f 4416//2858 4405//2851 4417//2859
f 4418//2860 4417//2859 4419//2861
f 4420//2862 4416//2858 4418//2860
f 4416//2858 4417//2859 4418//2860
f 4421//2863 4419//2861 4422//2864
f 4423//402 4422//2864 4415//402
f 4424//402 4421//2863 4423//402
f 4421//2863 4422//2864 4423//402
f 4425//2865 4420//2862 4426//2866
f 4427//402 4426//2866 4424//402
f 4428//2867 4425//2865 4427//402
f 4425//2865 4426//2866 4427//402
f 4418//2860 4419//2861 4421//2863
f 4426//2866 4421//2863 4424//402
f 4420//2862 4418//2860 4426//2866
f 4418//2860 4421//2863 4426//2866
f 4400//2846 4369//2826 4406//2852
f 4429//2868 4406//2852 4408//2854
f 4401//2847 4400//2846 4429//2868
f 4400//2846 4406//2852 4429//2868
f 4430//2869 4408//2854 4412//2856
f 4422//2864 4412//2856 4415//402
f 4419//2861 4430//2869 4422//2864
f 4430//2869 4412//2856 4422//2864
f 4404//2850 4401//2847 4431//2870
f 4417//2859 4431//2870 4419//2861
f 4405//2851 4404//2850 4417//2859
f 4404//2850 4431//2870 4417//2859
f 4429//2868 4408//2854 4430//2869
f 4431//2870 4430//2869 4419//2861
f 4401//2847 4429//2868 4431//2870
f 4429//2868 4430//2869 4431//2870
f 4432//2871 4204//2722 4396//2842
f 4433//2872 4396//2842 4398//2844
f 4434//2873 4432//2871 4433//2872
f 4432//2871 4396//2842 4433//2872
f 4435//2874 4398//2844 4402//2848
f 4436//2875 4402//2848 4405//2851
f 4437//2876 4435//2874 4436//2875
f 4435//2874 4402//2848 4436//2875
f 4438//2877 4434//2873 4439//2878
f 4440//2879 4439//2878 4437//2876
f 4441//2880 4438//2877 4440//2879
f 4438//2877 4439//2878 4440//2879
f 4433//2872 4398//2844 4435//2874
f 4439//2878 4435//2874 4437//2876
f 4434//2873 4433//2872 4439//2878
f 4433//2872 4435//2874 4439//2878
f 4442//2881 4405//2851 4416//2858
f 4443//2882 4416//2858 4420//2862
f 4444//2883 4442//2881 4443//2882
f 4442//2881 4416//2858 4443//2882
f 4445//2884 4420//2862 4425//2865
f 4446//149 4425//2865 4428//2867
f 4447//149 4445//2884 4446//149
f 4445//2884 4425//2865 4446//149
f 4448//2885 4444//2883 4449//2886
f 4450//150 4449//2886 4447//149
f 4451//149 4448//2885 4450//150
f 4448//2885 4449//2886 4450//150
f 4443//2882 4420//2862 4445//2884
f 4449//2886 4445//2884 4447//149
f 4444//2883 4443//2882 4449//2886
f 4443//2882 4445//2884 4449//2886
f 4452//2887 4441//2880 4453//2888
f 4454//2889 4453//2888 4455//2890
f 4456//2891 4452//2887 4454//2889
f 4452//2887 4453//2888 4454//2889
f 4457//2892 4455//2890 4458//2893
f 4459//149 4458//2893 4451//149
f 4460//149 4457//2892 4459//149
f 4457//2892 4458//2893 4459//149
f 4461//2892 4456//2891 4462//2892
f 4463//149 4462//2892 4460//149
f 4464//2894 4461//2892 4463//149
f 4461//2892 4462//2892 4463//149
f 4454//2889 4455//2890 4457//2892
f 4462//2892 4457//2892 4460//149
f 4456//2891 4454//2889 4462//2892
f 4454//2889 4457//2892 4462//2892
f 4436//2875 4405//2851 4442//2881
f 4465//2895 4442//2881 4444//2883
f 4437//2876 4436//2875 4465//2895
f 4436//2875 4442//2881 4465//2895
f 4466//2896 4444//2883 4448//2885
f 4458//2893 4448//2885 4451//149
f 4455//2890 4466//2896 4458//2893
f 4466//2896 4448//2885 4458//2893
f 4440//2879 4437//2876 4467//2897
f 4453//2888 4467//2897 4455//2890
f 4441//2880 4440//2879 4453//2888
f 4440//2879 4467//2897 4453//2888
f 4465//2895 4444//2883 4466//2896
f 4467//2897 4466//2896 4455//2890
f 4437//2876 4465//2895 4467//2897
f 4465//2895 4466//2896 4467//2897
f 4468//2898 4204//2722 4432//2871
f 4469//2899 4432//2871 4434//2873
f 4470//2900 4468//2898 4469//2899
f 4468//2898 4432//2871 4469//2899
f 4471//2901 4434//2873 4438//2877
f 4472//2902 4438//2877 4441//2880
f 4473//2903 4471//2901 4472//2902
f 4471//2901 4438//2877 4472//2902
f 4474//2904 4470//2900 4475//2905
f 4476//2906 4475//2905 4473//2903
f 4477//2907 4474//2904 4476//2906
f 4474//2904 4475//2905 4476//2906
f 4469//2899 4434//2873 4471//2901
f 4475//2905 4471//2901 4473//2903
f 4470//2900 4469//2899 4475//2905
f 4469//2899 4471//2901 4475//2905
f 4478//2908 4441//2880 4452//2887
f 4479//2909 4452//2887 4456//2891
f 4480//2910 4478//2908 4479//2909
f 4478//2908 4452//2887 4479//2909
f 4481//2911 4456//2891 4461//2892
f 4482//150 4461//2892 4464//2894
f 4483//402 4481//2911 4482//150
f 4481//2911 4461//2892 4482//150
f 4484//2912 4480//2910 4485//2913
f 4486//402 4485//2913 4483//402
f 4487//402 4484//2912 4486//402
f 4484//2912 4485//2913 4486//402
f 4479//2909 4456//2891 4481//2911
f 4485//2913 4481//2911 4483//402
f 4480//2910 4479//2909 4485//2913
f 4479//2909 4481//2911 4485//2913
f 4488//2914 4477//2907 4489//2915
f 4490//2916 4489//2915 4491//2917
f 4492//2918 4488//2914 4490//2916
f 4488//2914 4489//2915 4490//2916
f 4493//2919 4491//2917 4494//2920
f 4495//402 4494//2920 4487//402
f 4496//402 4493//2919 4495//402
f 4493//2919 4494//2920 4495//402
f 4497//2921 4492//2918 4498//2922
f 4499//150 4498//2922 4496//402
f 4500//2923 4497//2921 4499//150
f 4497//2921 4498//2922 4499//150
f 4490//2916 4491//2917 4493//2919
f 4498//2922 4493//2919 4496//402
f 4492//2918 4490//2916 4498//2922
f 4490//2916 4493//2919 4498//2922
f 4472//2902 4441//2880 4478//2908
f 4501//2924 4478//2908 4480//2910
f 4473//2903 4472//2902 4501//2924
f 4472//2902 4478//2908 4501//2924
f 4502//2925 4480//2910 4484//2912
f 4494//2920 4484//2912 4487//402
f 4491//2917 4502//2925 4494//2920
f 4502//2925 4484//2912 4494//2920
f 4476//2906 4473//2903 4503//2926
f 4489//2915 4503//2926 4491//2917
f 4477//2907 4476//2906 4489//2915
f 4476//2906 4503//2926 4489//2915
f 4501//2924 4480//2910 4502//2925
f 4503//2926 4502//2925 4491//2917
f 4473//2903 4501//2924 4503//2926
f 4501//2924 4502//2925 4503//2926
f 4504//2927 4204//2722 4468//2898
f 4505//2928 4468//2898 4470//2900
f 4506//2929 4504//2927 4505//2928
f 4504//2927 4468//2898 4505//2928
f 4507//2930 4470//2900 4474//2904
f 4508//2931 4474//2904 4477//2907
f 4509//2932 4507//2930 4508//2931
f 4507//2930 4474//2904 4508//2931
f 4510//2933 4506//2929 4511//2934
f 4512//2935 4511//2934 4509//2932
f 4513//2936 4510//2933 4512//2935
f 4510//2933 4511//2934 4512//2935
f 4505//2928 4470//2900 4507//2930
f 4511//2934 4507//2930 4509//2932
f 4506//2929 4505//2928 4511//2934
f 4505//2928 4507//2930 4511//2934
f 4514//2937 4477//2907 4488//2914
f 4515//2938 4488//2914 4492//2918
f 4516//2939 4514//2937 4515//2938
f 4514//2937 4488//2914 4515//2938
f 4517//2940 4492//2918 4497//2921
f 4518//402 4497//2921 4500//2923
f 4519//402 4517//2940 4518//402
f 4517//2940 4497//2921 4518//402
f 4520//2941 4516//2939 4521//2942
f 4522//149 4521//2942 4519//402
f 4523//402 4520//2941 4522//149
f 4520//2941 4521//2942 4522//149
f 4515//2938 4492//2918 4517//2940
f 4521//2942 4517//2940 4519//402
f 4516//2939 4515//2938 4521//2942
f 4515//2938 4517//2940 4521//2942
f 4524//2943 4513//2936 4525//2944
f 4526//2945 4525//2944 4527//2946
f 4528//2947 4524//2943 4526//2945
f 4524//2943 4525//2944 4526//2945
f 4529//2948 4527//2946 4530//2949
f 4531//402 4530//2949 4523//402
f 4532//402 4529//2948 4531//402
f 4529//2948 4530//2949 4531//402
f 4533//2950 4528//2947 4534//2950
f 4535//150 4534//2950 4532//402
f 4536//2951 4533//2950 4535//150
f 4533//2950 4534//2950 4535//150
f 4526//2945 4527//2946 4529//2948
f 4534//2950 4529//2948 4532//402
f 4528//2947 4526//2945 4534//2950
f 4526//2945 4529//2948 4534//2950
f 4508//2931 4477//2907 4514//2937
f 4537//2952 4514//2937 4516//2939
f 4509//2932 4508//2931 4537//2952
f 4508//2931 4514//2937 4537//2952
f 4538//2953 4516//2939 4520//2941
f 4530//2949 4520//2941 4523//402
f 4527//2946 4538//2953 4530//2949
f 4538//2953 4520//2941 4530//2949
f 4512//2935 4509//2932 4539//2954
f 4525//2944 4539//2954 4527//2946
f 4513//2936 4512//2935 4525//2944
f 4512//2935 4539//2954 4525//2944
f 4537//2952 4516//2939 4538//2953
f 4539//2954 4538//2953 4527//2946
f 4509//2932 4537//2952 4539//2954
f 4537//2952 4538//2953 4539//2954
f 4540//2955 4204//2722 4504//2927
f 4541//2956 4504//2927 4506//2929
f 4542//2957 4540//2955 4541//2956
f 4540//2955 4504//2927 4541//2956
f 4543//2958 4506//2929 4510//2933
f 4544//2959 4510//2933 4513//2936
f 4545//2960 4543//2958 4544//2959
f 4543//2958 4510//2933 4544//2959
f 4546//2961 4542//2957 4547//2962
f 4548//2963 4547//2962 4545//2960
f 4549//2964 4546//2961 4548//2963
f 4546//2961 4547//2962 4548//2963
f 4541//2956 4506//2929 4543//2958
f 4547//2962 4543//2958 4545//2960
f 4542//2957 4541//2956 4547//2962
f 4541//2956 4543//2958 4547//2962
f 4550//2965 4513//2936 4524//2943
f 4551//2966 4524//2943 4528//2947
f 4552//2967 4550//2965 4551//2966
f 4550//2965 4524//2943 4551//2966
f 4553//2968 4528//2947 4533//2950
f 4554//149 4533//2950 4536//2951
f 4555//149 4553//2968 4554//149
f 4553//2968 4533//2950 4554//149
f 4556//2969 4552//2967 4557//2970
f 4558//149 4557//2970 4555//149
f 4559//149 4556//2969 4558//149
f 4556//2969 4557//2970 4558//149
f 4551//2966 4528//2947 4553//2968
f 4557//2970 4553//2968 4555//149
f 4552//2967 4551//2966 4557//2970
f 4551//2966 4553//2968 4557//2970
f 4560//2971 4549//2964 4561//2972
f 4562//2973 4561//2972 4563//2974
f 4564//2975 4560//2971 4562//2973
f 4560//2971 4561//2972 4562//2973
f 4565//2976 4563//2974 4566//2977
f 4567//149 4566//2977 4559//149
f 4568//149 4565//2976 4567//149
f 4565//2976 4566//2977 4567//149
f 4569//2978 4564//2975 4570//2979
f 4571//149 4570//2979 4568//149
f 4572//2980 4569//2978 4571//149
f 4569//2978 4570//2979 4571//149
f 4562//2973 4563//2974 4565//2976
f 4570//2979 4565//2976 4568//149
f 4564//2975 4562//2973 4570//2979
f 4562//2973 4565//2976 4570//2979
f 4544//2959 4513//2936 4550//2965
f 4573//2981 4550//2965 4552//2967
f 4545//2960 4544//2959 4573//2981
f 4544//2959 4550//2965 4573//2981
f 4574//2982 4552//2967 4556//2969
f 4566//2977 4556//2969 4559//149
f 4563//2974 4574//2982 4566//2977
f 4574//2982 4556//2969 4566//2977
f 4548//2963 4545//2960 4575//2983
f 4561//2972 4575//2983 4563//2974
f 4549//2964 4548//2963 4561//2972
f 4548//2963 4575//2983 4561//2972
f 4573//2981 4552//2967 4574//2982
f 4575//2983 4574//2982 4563//2974
f 4545//2960 4573//2981 4575//2983
f 4573//2981 4574//2982 4575//2983
f 4576//2984 4204//2722 4540//2955
f 4577//2985 4540//2955 4542//2957
f 4578//2986 4576//2984 4577//2985
f 4576//2984 4540//2955 4577//2985
f 4579//2987 4542//2957 4546//2961
f 4580//2988 4546//2961 4549//2964
f 4581//2989 4579//2987 4580//2988
f 4579//2987 4546//2961 4580//2988
f 4582//2990 4578//2986 4583//2991
f 4584//2992 4583//2991 4581//2989
f 4585//2993 4582//2990 4584//2992
f 4582//2990 4583//2991 4584//2992
f 4577//2985 4542//2957 4579//2987
f 4583//2991 4579//2987 4581//2989
f 4578//2986 4577//2985 4583//2991
f 4577//2985 4579//2987 4583//2991
f 4586//2994 4549//2964 4560//2971
f 4587//2995 4560//2971 4564//2975
f 4588//2996 4586//2994 4587//2995
f 4586//2994 4560//2971 4587//2995
f 4589//2997 4564//2975 4569//2978
f 4590//149 4569//2978 4572//2980
f 4591//402 4589//2997 4590//149
f 4589//2997 4569//2978 4590//149
f 4592//2998 4588//2996 4593//2999
f 4594//402 4593//2999 4591//402
f 4595//149 4592//2998 4594//402
f 4592//2998 4593//2999 4594//402
f 4587//2995 4564//2975 4589//2997
f 4593//2999 4589//2997 4591//402
f 4588//2996 4587//2995 4593//2999
f 4587//2995 4589//2997 4593//2999
f 4596//3000 4585//2993 4597//3001
f 4598//3002 4597//3001 4599//3003
f 4600//3004 4596//3000 4598//3002
f 4596//3000 4597//3001 4598//3002
f 4601//3005 4599//3003 4602//3006
f 4603//150 4602//3006 4595//149
f 4604//150 4601//3005 4603//150
f 4601//3005 4602//3006 4603//150
f 4605//3007 4600//3004 4606//3008
f 4607//150 4606//3008 4604//150
f 4608//3009 4605//3007 4607//150
f 4605//3007 4606//3008 4607//150
f 4598//3002 4599//3003 4601//3005
f 4606//3008 4601//3005 4604//150
f 4600//3004 4598//3002 4606//3008
f 4598//3002 4601//3005 4606//3008
f 4580//2988 4549//2964 4586//2994
f 4609//3010 4586//2994 4588//2996
f 4581//2989 4580//2988 4609//3010
f 4580//2988 4586//2994 4609//3010
f 4610//3011 4588//2996 4592//2998
f 4602//3006 4592//2998 4595//149
f 4599//3003 4610//3011 4602//3006
f 4610//3011 4592//2998 4602//3006
f 4584//2992 4581//2989 4611//3012
f 4597//3001 4611//3012 4599//3003
f 4585//2993 4584//2992 4597//3001
f 4584//2992 4611//3012 4597//3001
f 4609//3010 4588//2996 4610//3011
f 4611//3012 4610//3011 4599//3003
f 4581//2989 4609//3010 4611//3012
f 4609//3010 4610//3011 4611//3012
f 4612//3013 4204//2722 4576//2984
f 4613//3014 4576//2984 4578//2986
f 4614//3015 4612//3013 4613//3014
f 4612//3013 4576//2984 4613//3014
f 4615//3016 4578//2986 4582//2990
f 4616//3017 4582//2990 4585//2993
f 4617//3018 4615//3016 4616//3017
f 4615//3016 4582//2990 4616//3017
f 4618//3019 4614//3015 4619//3020
f 4620//3021 4619//3020 4617//3018
f 4621//3022 4618//3019 4620//3021
f 4618//3019 4619//3020 4620//3021
f 4613//3014 4578//2986 4615//3016
f 4619//3020 4615//3016 4617//3018
f 4614//3015 4613//3014 4619//3020
f 4613//3014 4615//3016 4619//3020
f 4622//3023 4585//2993 4596//3000
f 4623//3024 4596//3000 4600//3004
f 4624//3025 4622//3023 4623//3024
f 4622//3023 4596//3000 4623//3024
f 4625//3026 4600//3004 4605//3007
f 4626//402 4605//3007 4608//3009
f 4627//150 4625//3026 4626//402
f 4625//3026 4605//3007 4626//402
f 4628//3027 4624//3025 4629//3028
f 4630//150 4629//3028 4627//150
f 4631//150 4628//3027 4630//150
f 4628//3027 4629//3028 4630//150
f 4623//3024 4600//3004 4625//3026
f 4629//3028 4625//3026 4627//150
f 4624//3025 4623//3024 4629//3028
f 4623//3024 4625//3026 4629//3028
f 4632//3029 4621//3022 4633//3030
f 4634//3031 4633//3030 4635//3032
f 4636//3033 4632//3029 4634//3031
f 4632//3029 4633//3030 4634//3031
f 4637//3034 4635//3032 4638//3035
f 4639//149 4638//3035 4631//150
f 4640//402 4637//3034 4639//149
f 4637//3034 4638//3035 4639//149
f 4641//3036 4636//3033 4642//3037
f 4643//402 4642//3037 4640//402
f 4644//3038 4641//3036 4643//402
f 4641//3036 4642//3037 4643//402
f 4634//3031 4635//3032 4637//3034
f 4642//3037 4637//3034 4640//402
f 4636//3033 4634//3031 4642//3037
f 4634//3031 4637//3034 4642//3037
f 4616//3017 4585//2993 4622//3023
f 4645//3039 4622//3023 4624//3025
f 4617//3018 4616//3017 4645//3039
f 4616//3017 4622//3023 4645//3039
f 4646//3040 4624//3025 4628//3027
f 4638//3035 4628//3027 4631//150
f 4635//3032 4646//3040 4638//3035
f 4646//3040 4628//3027 4638//3035
f 4620//3021 4617//3018 4647//3041
f 4633//3030 4647//3041 4635//3032
f 4621//3022 4620//3021 4633//3030
f 4620//3021 4647//3041 4633//3030
f 4645//3039 4624//3025 4646//3040
f 4647//3041 4646//3040 4635//3032
f 4617//3018 4645//3039 4647//3041
f 4645//3039 4646//3040 4647//3041
f 4648//3042 4102//2640 4172//2697
f 4649//3043 4172//2697 4174//2699
f 4650//3044 4648//3042 4649//3043
f 4648//3042 4172//2697 4649//3043
f 4651//3045 4174//2699 4178//2703
f 4652//3046 4178//2703 4181//2706
f 4653//3047 4651//3045 4652//3046
f 4651//3045 4178//2703 4652//3046
f 4654//3048 4650//3044 4655//3049
f 4656//3050 4655//3049 4653//3047
f 4657//3051 4654//3048 4656//3050
f 4654//3048 4655//3049 4656//3050
f 4649//3043 4174//2699 4651//3045
f 4655//3049 4651//3045 4653//3047
f 4650//3044 4649//3043 4655//3049
f 4649//3043 4651//3045 4655//3049
f 4658//3052 4181//2706 4192//2713
f 4659//3053 4192//2713 4196//2717
f 4660//3054 4658//3052 4659//3053
f 4658//3052 4192//2713 4659//3053
f 4661//3055 4196//2717 4201//2720
f 4612//3013 4201//2720 4204//2722
f 4614//3015 4661//3055 4612//3013
f 4661//3055 4201//2720 4612//3013
f 4662//3056 4660//3054 4663//3057
f 4618//3019 4663//3057 4614//3015
f 4621//3022 4662//3056 4618//3019
f 4662//3056 4663//3057 4618//3019
f 4659//3053 4196//2717 4661//3055
f 4663//3057 4661//3055 4614//3015
f 4660//3054 4659//3053 4663//3057
f 4659//3053 4661//3055 4663//3057
f 4664//3058 4657//3051 4665//3059
f 4666//3060 4665//3059 4667//3061
f 4668//3062 4664//3058 4666//3060
f 4664//3058 4665//3059 4666//3060
f 4669//3063 4667//3061 4670//3064
f 4632//3029 4670//3064 4621//3022
f 4636//3033 4669//3063 4632//3029
f 4669//3063 4670//3064 4632//3029
f 4671//3065 4668//3062 4672//3066
f 4641//3036 4672//3066 4636//3033
f 4644//3038 4671//3065 4641//3036
f 4671//3065 4672//3066 4641//3036
f 4666//3060 4667//3061 4669//3063
f 4672//3066 4669//3063 4636//3033
f 4668//3062 4666//3060 4672//3066
f 4666//3060 4669//3063 4672//3066
f 4652//3046 4181//2706 4658//3052
f 4673//3067 4658//3052 4660//3054
f 4653//3047 4652//3046 4673//3067
f 4652//3046 4658//3052 4673//3067
f 4674//3068 4660//3054 4662//3056
f 4670//3064 4662//3056 4621//3022
f 4667//3061 4674//3068 4670//3064
f 4674//3068 4662//3056 4670//3064
f 4656//3050 4653//3047 4675//3069
f 4665//3059 4675//3069 4667//3061
f 4657//3051 4656//3050 4665//3059
f 4656//3050 4675//3069 4665//3059
f 4673//3067 4660//3054 4674//3068
f 4675//3069 4674//3068 4667//3061
f 4653//3047 4673//3067 4675//3069
f 4673//3067 4674//3068 4675//3069
f 4676//3070 4102//2640 4648//3042
f 4677//3071 4648//3042 4650//3044
f 4678//3072 4676//3070 4677//3071
f 4676//3070 4648//3042 4677//3071
f 4679//3073 4650//3044 4654//3048
f 4680//3051 4654//3048 4657//3051
f 4681//3051 4679//3073 4680//3051
f 4679//3073 4654//3048 4680//3051
f 4682//3074 4678//3072 4683//3075
f 4684//3076 4683//3075 4681//3051
f 4685//3077 4682//3074 4684//3076
f 4682//3074 4683//3075 4684//3076
f 4677//3071 4650//3044 4679//3073
f 4683//3075 4679//3073 4681//3051
f 4678//3072 4677//3071 4683//3075
f 4677//3071 4679//3073 4683//3075
f 4686//3058 4657//3051 4664//3058
f 4687//3062 4664//3058 4668//3062
f 4688//3062 4686//3058 4687//3062
f 4686//3058 4664//3058 4687//3062
f 4689//3065 4668//3062 4671//3065
f 4690//149 4671//3065 4644//3038
f 4691//402 4689//3065 4690//149
f 4689//3065 4671//3065 4690//149
f 4692//3065 4688//3062 4693//3065
f 4694//150 4693//3065 4691//402
f 4695//149 4692//3065 4694//150
f 4692//3065 4693//3065 4694//150
f 4687//3062 4668//3062 4689//3065
f 4693//3065 4689//3065 4691//402
f 4688//3062 4687//3062 4693//3065
f 4687//3062 4689//3065 4693//3065
f 4696//3078 4685//3077 4697//3079
f 4698//3062 4697//3079 4699//3062
f 4700//3080 4696//3078 4698//3062
f 4696//3078 4697//3079 4698//3062
f 4701//3065 4699//3062 4702//3065
f 4703//402 4702//3065 4695//149
f 4704//150 4701//3065 4703//402
f 4701//3065 4702//3065 4703//402
f 4705//3081 4700//3080 4706//3065
f 4707//149 4706//3065 4704//150
f 4708//3082 4705//3081 4707//149
f 4705//3081 4706//3065 4707//149
f 4698//3062 4699//3062 4701//3065
f 4706//3065 4701//3065 4704//150
f 4700//3080 4698//3062 4706//3065
f 4698//3062 4701//3065 4706//3065
f 4680//3051 4657//3051 4686//3058
f 4709//3058 4686//3058 4688//3062
f 4681//3051 4680//3051 4709//3058
f 4680//3051 4686//3058 4709//3058
f 4710//3062 4688//3062 4692//3065
f 4702//3065 4692//3065 4695//149
f 4699//3062 4710//3062 4702//3065
f 4710//3062 4692//3065 4702//3065
f 4684//3076 4681//3051 4711//3058
f 4697//3079 4711//3058 4699//3062
f 4685//3077 4684//3076 4697//3079
f 4684//3076 4711//3058 4697//3079
f 4709//3058 4688//3062 4710//3062
f 4711//3058 4710//3062 4699//3062
f 4681//3051 4709//3058 4711//3058
f 4709//3058 4710//3062 4711//3058
f 4712//3083 4714//3084 4713//402
f 4715//3083 4713//402 4716//402
f 4717//3085 4712//3083 4715//3083
f 4712//3083 4713//402 4715//3083
f 4718//3083 4716//402 4719//149
f 4720//3083 4719//149 4721//402
f 4722//3086 4718//3083 4720//3083
f 4718//3083 4719//149 4720//3083
f 4723//3087 4717//3085 4724//3088
f 4725//3089 4724//3088 4722//3086
f 4726//3090 4723//3087 4725//3089
f 4723//3087 4724//3088 4725//3089
f 4715//3083 4716//402 4718//3083
f 4724//3088 4718//3083 4722//3086
f 4717//3085 4715//3083 4724//3088
f 4715//3083 4718//3083 4724//3088
f 4727//3091 4721//402 4728//402
f 4729//3092 4728//402 4730//402
f 4731//3093 4727//3091 4729//3092
f 4727//3091 4728//402 4729//3092
f 4732//3094 4730//402 4733//402
f 4676//3070 4733//402 4102//2640
f 4678//3072 4732//3094 4676//3070
f 4732//3094 4733//402 4676//3070
f 4734//3095 4731//3093 4735//3096
f 4682//3074 4735//3096 4678//3072
f 4685//3077 4734//3095 4682//3074
f 4734//3095 4735//3096 4682//3074
f 4729//3092 4730//402 4732//3094
f 4735//3096 4732//3094 4678//3072
f 4731//3093 4729//3092 4735//3096
f 4729//3092 4732//3094 4735//3096
f 4736//3097 4726//3090 4737//3098
f 4738//3099 4737//3098 4739//3100
f 4740//3101 4736//3097 4738//3099
f 4736//3097 4737//3098 4738//3099
f 4741//3102 4739//3100 4742//3103
f 4696//3078 4742//3103 4685//3077
f 4700//3080 4741//3102 4696//3078
f 4741//3102 4742//3103 4696//3078
f 4743//3104 4740//3101 4744//3105
f 4705//3081 4744//3105 4700//3080
f 4708//3082 4743//3104 4705//3081
f 4743//3104 4744//3105 4705//3081
f 4738//3099 4739//3100 4741//3102
f 4744//3105 4741//3102 4700//3080
f 4740//3101 4738//3099 4744//3105
f 4738//3099 4741//3102 4744//3105
f 4720//3083 4721//402 4727//3091
f 4745//3106 4727//3091 4731//3093
f 4722//3086 4720//3083 4745//3106
f 4720//3083 4727//3091 4745//3106
f 4746//3107 4731//3093 4734//3095
f 4742//3103 4734//3095 4685//3077
f 4739//3100 4746//3107 4742//3103
f 4746//3107 4734//3095 4742//3103
f 4725//3089 4722//3086 4747//3108
f 4737//3098 4747//3108 4739//3100
f 4726//3090 4725//3089 4737//3098
f 4725//3089 4747//3108 4737//3098
f 4745//3106 4731//3093 4746//3107
f 4747//3108 4746//3107 4739//3100
f 4722//3086 4745//3106 4747//3108
f 4745//3106 4746//3107 4747//3108
f 4748//3109 4714//3084 4712//3083
f 4712//3083 4749//3110 4717//3085
f 4748//3109 4750//3111 4749//3110
f 4748//3109 4712//3083 4749//3110
f 4751//3112 4717//3085 4723//3087
f 4752//3113 4723//3087 4726//3090
f 4753//3114 4751//3112 4752//3113
f 4751//3112 4723//3087 4752//3113
f 4754//3115 4750//3111 4755//3116
f 4756//3117 4755//3116 4753//3114
f 4757//3118 4754//3115 4756//3117
f 4754//3115 4755//3116 4756//3117
f 4717//3085 4749//3110 4751//3112
f 4755//3116 4751//3112 4753//3114
f 4749//3110 4750//3111 4755//3116
f 4751//3112 4749//3110 4755//3116
f 4758//3119 4726//3090 4736//3097
f 4759//3120 4736//3097 4740//3101
f 4760//3121 4758//3119 4759//3120
f 4758//3119 4736//3097 4759//3120
f 4761//3122 4740//3101 4743//3104
f 4762//3123 4743//3104 4708//3082
f 4763//150 4761//3122 4762//3123
f 4761//3122 4743//3104 4762//3123
f 4764//3124 4760//3121 4765//3125
f 4766//402 4765//3125 4763//150
f 4767//149 4764//3124 4766//402
f 4764//3124 4765//3125 4766//402
f 4759//3120 4740//3101 4761//3122
f 4765//3125 4761//3122 4763//150
f 4760//3121 4759//3120 4765//3125
f 4759//3120 4761//3122 4765//3125
f 4768//3126 4757//3118 4769//3127
f 4770//3128 4769//3127 4771//3129
f 4772//3130 4768//3126 4770//3128
f 4768//3126 4769//3127 4770//3128
f 4773//3131 4771//3129 4774//3132
f 4775//150 4774//3132 4767//149
f 4776//402 4773//3131 4775//150
f 4773//3131 4774//3132 4775//150
f 4777//3133 4772//3130 4778//3134
f 4779//3135 4778//3134 4776//402
f 4780//3136 4777//3133 4779//3135
f 4777//3133 4778//3134 4779//3135
f 4770//3128 4771//3129 4773//3131
f 4778//3134 4773//3131 4776//402
f 4772//3130 4770//3128 4778//3134
f 4770//3128 4773//3131 4778//3134
f 4752//3113 4726//3090 4758//3119
f 4781//3137 4758//3119 4760//3121
f 4753//3114 4752//3113 4781//3137
f 4752//3113 4758//3119 4781//3137
f 4782//3138 4760//3121 4764//3124
f 4774//3132 4764//3124 4767//149
f 4771//3129 4782//3138 4774//3132
f 4782//3138 4764//3124 4774//3132
f 4756//3117 4753//3114 4783//3139
f 4769//3127 4783//3139 4771//3129
f 4757//3118 4756//3117 4769//3127
f 4756//3117 4783//3139 4769//3127
f 4781//3137 4760//3121 4782//3138
f 4783//3139 4782//3138 4771//3129
f 4753//3114 4781//3137 4783//3139
f 4781//3137 4782//3138 4783//3139
f 4784//3140 4714//3084 4748//3109
f 4785//3141 4748//3109 4750//3111
f 4786//3142 4784//3140 4785//3141
f 4784//3140 4748//3109 4785//3141
f 4787//3143 4750//3111 4754//3115
f 4788//3118 4754//3115 4757//3118
f 4789//3144 4787//3143 4788//3118
f 4787//3143 4754//3115 4788//3118
f 4790//3115 4786//3142 4791//3145
f 4792//3146 4791//3145 4789//3144
f 4793//3118 4790//3115 4792//3146
f 4790//3115 4791//3145 4792//3146
f 4785//3141 4750//3111 4787//3143
f 4791//3145 4787//3143 4789//3144
f 4786//3142 4785//3141 4791//3145
f 4785//3141 4787//3143 4791//3145
f 4794//3126 4757//3118 4768//3126
f 4795//3130 4768//3126 4772//3130
f 4796//3130 4794//3126 4795//3130
f 4794//3126 4768//3126 4795//3130
f 4797//3133 4772//3130 4777//3133
f 4798//402 4777//3133 4780//3136
f 4799//149 4797//3133 4798//402
f 4797//3133 4777//3133 4798//402
f 4800//3133 4796//3130 4801//3133
f 4802//150 4801//3133 4799//149
f 4803//150 4800//3133 4802//150
f 4800//3133 4801//3133 4802//150
f 4795//3130 4772//3130 4797//3133
f 4801//3133 4797//3133 4799//149
f 4796//3130 4795//3130 4801//3133
f 4795//3130 4797//3133 4801//3133
f 4804//3126 4793//3118 4805//3126
f 4806//3130 4805//3126 4807//3130
f 4808//3130 4804//3126 4806//3130
f 4804//3126 4805//3126 4806//3130
f 4809//3133 4807//3130 4810//3133
f 4811//150 4810//3133 4803//150
f 4812//402 4809//3133 4811//150
f 4809//3133 4810//3133 4811//150
f 4813//3133 4808//3130 4814//3133
f 4815//402 4814//3133 4812//402
f 4816//3147 4813//3133 4815//402
f 4813//3133 4814//3133 4815//402
f 4806//3130 4807//3130 4809//3133
f 4814//3133 4809//3133 4812//402
f 4808//3130 4806//3130 4814//3133
f 4806//3130 4809//3133 4814//3133
f 4788//3118 4757//3118 4794//3126
f 4817//3126 4794//3126 4796//3130
f 4789//3144 4788//3118 4817//3126
f 4788//3118 4794//3126 4817//3126
f 4818//3130 4796//3130 4800//3133
f 4810//3133 4800//3133 4803//150
f 4807//3130 4818//3130 4810//3133
f 4818//3130 4800//3133 4810//3133
f 4792//3146 4789//3144 4819//3148
f 4805//3126 4819//3148 4807//3130
f 4793//3118 4792//3146 4805//3126
f 4792//3146 4819//3148 4805//3126
f 4817//3126 4796//3130 4818//3130
f 4819//3148 4818//3130 4807//3130
f 4789//3144 4817//3126 4819//3148
f 4817//3126 4818//3130 4819//3148
f 4820//3149 4822//3150 4821//150
f 4823//3151 4821//150 4824//150
f 4825//3152 4820//3149 4823//3151
f 4820//3149 4821//150 4823//3151
f 4826//3153 4824//150 4827//150
f 4828//3140 4827//150 4829//149
f 4830//3154 4826//3153 4828//3140
f 4826//3153 4827//150 4828//3140
f 4831//3155 4825//3152 4832//3156
f 4833//3157 4832//3156 4830//3154
f 4834//3158 4831//3155 4833//3157
f 4831//3155 4832//3156 4833//3157
f 4823//3151 4824//150 4826//3153
f 4832//3156 4826//3153 4830//3154
f 4825//3152 4823//3151 4832//3156
f 4823//3151 4826//3153 4832//3156
f 4835//3140 4829//149 4836//150
f 4837//3140 4836//150 4838//149
f 4839//3159 4835//3140 4837//3140
f 4835//3140 4836//150 4837//3140
f 4840//3140 4838//149 4841//402
f 4784//3140 4841//402 4714//3084
f 4786//3142 4840//3140 4784//3140
f 4840//3140 4841//402 4784//3140
f 4842//3160 4839//3159 4843//3161
f 4790//3115 4843//3161 4786//3142
f 4793//3118 4842//3160 4790//3115
f 4842//3160 4843//3161 4790//3115
f 4837//3140 4838//149 4840//3140
f 4843//3161 4840//3140 4786//3142
f 4839//3159 4837//3140 4843//3161
f 4837//3140 4840//3140 4843//3161
f 4844//3162 4834//3158 4845//3163
f 4846//3164 4845//3163 4847//3165
f 4848//3166 4844//3162 4846//3164
f 4844//3162 4845//3163 4846//3164
f 4849//3167 4847//3165 4850//3168
f 4804//3126 4850//3168 4793//3118
f 4808//3130 4849//3167 4804//3126
f 4849//3167 4850//3168 4804//3126
f 4851//3169 4848//3166 4852//3076
f 4813//3133 4852//3076 4808//3130
f 4816//3147 4851//3169 4813//3133
f 4851//3169 4852//3076 4813//3133
f 4846//3164 4847//3165 4849//3167
f 4852//3076 4849//3167 4808//3130
f 4848//3166 4846//3164 4852//3076
f 4846//3164 4849//3167 4852//3076
f 4828//3140 4829//149 4835//3140
f 4853//3170 4835//3140 4839//3159
f 4830//3154 4828//3140 4853//3170
f 4828//3140 4835//3140 4853//3170
f 4854//3171 4839//3159 4842//3160
f 4850//3168 4842//3160 4793//3118
f 4847//3165 4854//3171 4850//3168
f 4854//3171 4842//3160 4850//3168
f 4833//3157 4830//3154 4855//3172
f 4845//3163 4855//3172 4847//3165
f 4834//3158 4833//3157 4845//3163
f 4833//3157 4855//3172 4845//3163
f 4853//3170 4839//3159 4854//3171
f 4855//3172 4854//3171 4847//3165
f 4830//3154 4853//3170 4855//3172
f 4853//3170 4854//3171 4855//3172
f 4856//3173 4858//3174 4857//402
f 4859//3175 4857//402 4860//402
f 4861//3176 4856//3173 4859//3175
f 4856//3173 4857//402 4859//3175
f 4862//3149 4860//402 4863//402
f 4864//3149 4863//402 4865//402
f 4866//3177 4862//3149 4864//3149
f 4862//3149 4863//402 4864//3149
f 4867//3178 4861//3176 4868//3179
f 4869//3180 4868//3179 4866//3177
f 4870//3181 4867//3178 4869//3180
f 4867//3178 4868//3179 4869//3180
f 4859//3175 4860//402 4862//3149
f 4868//3179 4862//3149 4866//3177
f 4861//3176 4859//3175 4868//3179
f 4859//3175 4862//3149 4868//3179
f 4871//3149 4865//402 4872//402
f 4873//3149 4872//402 4874//402
f 4875//3177 4871//3149 4873//3149
f 4871//3149 4872//402 4873//3149
f 4876//3149 4874//402 4877//150
f 4820//3149 4877//150 4822//3150
f 4825//3152 4876//3149 4820//3149
f 4876//3149 4877//150 4820//3149
f 4878//3182 4875//3177 4879//3183
f 4831//3155 4879//3183 4825//3152
f 4834//3158 4878//3182 4831//3155
f 4878//3182 4879//3183 4831//3155
f 4873//3149 4874//402 4876//3149
f 4879//3183 4876//3149 4825//3152
f 4875//3177 4873//3149 4879//3183
f 4873//3149 4876//3149 4879//3183
f 4880//3184 4870//3181 4881//3185
f 4882//3186 4881//3185 4883//3187
f 4884//3188 4880//3184 4882//3186
f 4880//3184 4881//3185 4882//3186
f 4885//3189 4883//3187 4886//3190
f 4844//3162 4886//3190 4834//3158
f 4848//3166 4885//3189 4844//3162
f 4885//3189 4886//3190 4844//3162
f 4887//3191 4884//3188 4888//3192
f 4851//3169 4888//3192 4848//3166
f 4816//3147 4887//3191 4851//3169
f 4887//3191 4888//3192 4851//3169
f 4882//3186 4883//3187 4885//3189
f 4888//3192 4885//3189 4848//3166
f 4884//3188 4882//3186 4888//3192
f 4882//3186 4885//3189 4888//3192
f 4864//3149 4865//402 4871//3149
f 4889//3177 4871//3149 4875//3177
f 4866//3177 4864//3149 4889//3177
f 4864//3149 4871//3149 4889//3177
f 4890//3193 4875//3177 4878//3182
f 4886//3190 4878//3182 4834//3158
f 4883//3187 4890//3193 4886//3190
f 4890//3193 4878//3182 4886//3190
f 4869//3180 4866//3177 4891//3194
f 4881//3185 4891//3194 4883//3187
f 4870//3181 4869//3180 4881//3185
f 4869//3180 4891//3194 4881//3185
f 4889//3177 4875//3177 4890//3193
f 4891//3194 4890//3193 4883//3187
f 4866//3177 4889//3177 4891//3194
f 4889//3177 4890//3193 4891//3194
f 4892//3173 4894//3195 4893//149
f 4895//3173 4893//149 4896//149
f 4897//3176 4892//3173 4895//3173
f 4892//3173 4893//149 4895//3173
f 4898//3173 4896//149 4899//149
f 4900//3173 4899//149 4901//149
f 4902//3176 4898//3173 4900//3173
f 4898//3173 4899//149 4900//3173
f 4903//3196 4897//3176 4904//3176
f 4905//3196 4904//3176 4902//3176
f 4906//3197 4903//3196 4905//3196
f 4903//3196 4904//3176 4905//3196
f 4895//3173 4896//149 4898//3173
f 4904//3176 4898//3173 4902//3176
f 4897//3176 4895//3173 4904//3176
f 4895//3173 4898//3173 4904//3176
f 4907//3173 4901//149 4908//149
f 4909//3173 4908//149 4910//149
f 4911//3176 4907//3173 4909//3173
f 4907//3173 4908//149 4909//3173
f 4912//3173 4910//149 4913//149
f 4856//3173 4913//149 4858//3174
f 4861//3176 4912//3173 4856//3173
f 4912//3173 4913//149 4856//3173
f 4914//3198 4911//3176 4915//3176
f 4867//3178 4915//3176 4861//3176
f 4870//3181 4914//3198 4867//3178
f 4914//3198 4915//3176 4867//3178
f 4909//3173 4910//149 4912//3173
f 4915//3176 4912//3173 4861//3176
f 4911//3176 4909//3173 4915//3176
f 4909//3173 4912//3173 4915//3176
f 4916//3199 4906//3197 4917//3200
f 4918//3201 4917//3200 4919//3202
f 4920//3203 4916//3199 4918//3201
f 4916//3199 4917//3200 4918//3201
f 4921//3204 4919//3202 4922//3205
f 4880//3184 4922//3205 4870//3181
f 4884//3188 4921//3204 4880//3184
f 4921//3204 4922//3205 4880//3184
f 4923//3206 4920//3203 4924//3207
f 4887//3191 4924//3207 4884//3188
f 4816//3147 4923//3206 4887//3191
f 4923//3206 4924//3207 4887//3191
f 4918//3201 4919//3202 4921//3204
f 4924//3207 4921//3204 4884//3188
f 4920//3203 4918//3201 4924//3207
f 4918//3201 4921//3204 4924//3207
f 4900//3173 4901//149 4907//3173
f 4925//3176 4907//3173 4911//3176
f 4902//3176 4900//3173 4925//3176
f 4900//3173 4907//3173 4925//3176
f 4926//3196 4911//3176 4914//3198
f 4922//3205 4914//3198 4870//3181
f 4919//3202 4926//3196 4922//3205
f 4926//3196 4914//3198 4922//3205
f 4905//3196 4902//3176 4927//3196
f 4917//3200 4927//3196 4919//3202
f 4906//3197 4905//3196 4917//3200
f 4905//3196 4927//3196 4917//3200
f 4925//3176 4911//3176 4926//3196
f 4927//3196 4926//3196 4919//3202
f 4902//3176 4925//3176 4927//3196
f 4925//3176 4926//3196 4927//3196
f 4928//3208 4930//3209 4929//149
f 4931//3208 4929//149 4932//149
f 4933//3210 4928//3208 4931//3208
f 4928//3208 4929//149 4931//3208
f 4934//3208 4932//149 4935//149
f 4936//3208 4935//149 4937//149
f 4938//3210 4934//3208 4936//3208
f 4934//3208 4935//149 4936//3208
f 4939//3211 4933//3210 4940//3210
f 4941//3211 4940//3210 4938//3210
f 4942//3212 4939//3211 4941//3211
f 4939//3211 4940//3210 4941//3211
f 4931//3208 4932//149 4934//3208
f 4940//3210 4934//3208 4938//3210
f 4933//3210 4931//3208 4940//3210
f 4931//3208 4934//3208 4940//3210
f 4943//3208 4937//149 4944//149
f 4945//3208 4944//149 4946//149
f 4947//3210 4943//3208 4945//3208
f 4943//3208 4944//149 4945//3208
f 4948//3213 4946//149 4949//149
f 4892//3173 4949//149 4894//3195
f 4897//3176 4948//3213 4892//3173
f 4948//3213 4949//149 4892//3173
f 4950//3214 4947//3210 4951//3215
f 4903//3196 4951//3215 4897//3176
f 4906//3197 4950//3214 4903//3196
f 4950//3214 4951//3215 4903//3196
f 4945//3208 4946//149 4948//3213
f 4951//3215 4948//3213 4897//3176
f 4947//3210 4945//3208 4951//3215
f 4945//3208 4948//3213 4951//3215
f 4952//3216 4942//3212 4953//3217
f 4954//3218 4953//3217 4955//3219
f 4956//3220 4952//3216 4954//3218
f 4952//3216 4953//3217 4954//3218
f 4957//3221 4955//3219 4958//3222
f 4916//3199 4958//3222 4906//3197
f 4920//3203 4957//3221 4916//3199
f 4957//3221 4958//3222 4916//3199
f 4959//3223 4956//3220 4960//3224
f 4923//3206 4960//3224 4920//3203
f 4816//3147 4959//3223 4923//3206
f 4959//3223 4960//3224 4923//3206
f 4954//3218 4955//3219 4957//3221
f 4960//3224 4957//3221 4920//3203
f 4956//3220 4954//3218 4960//3224
f 4954//3218 4957//3221 4960//3224
f 4936//3208 4937//149 4943//3208
f 4961//3210 4943//3208 4947//3210
f 4938//3210 4936//3208 4961//3210
f 4936//3208 4943//3208 4961//3210
f 4962//3225 4947//3210 4950//3214
f 4958//3222 4950//3214 4906//3197
f 4955//3219 4962//3225 4958//3222
f 4962//3225 4950//3214 4958//3222
f 4941//3211 4938//3210 4963//3211
f 4953//3217 4963//3211 4955//3219
f 4942//3212 4941//3211 4953//3217
f 4941//3211 4963//3211 4953//3217
f 4961//3210 4947//3210 4962//3225
f 4963//3211 4962//3225 4955//3219
f 4938//3210 4961//3210 4963//3211
f 4961//3210 4962//3225 4963//3211
f 4964//3226 4966//3227 4965//2
f 4967//3226 4965//2 4968//2
f 4969//3228 4964//3226 4967//3226
f 4964//3226 4965//2 4967//3226
f 4970//3226 4968//2 4971//402
f 4972//3226 4971//402 4973//149
f 4974//3229 4970//3226 4972//3226
f 4970//3226 4971//402 4972//3226
f 4975//3230 4969//3228 4976//3228
f 4977//3231 4976//3228 4974//3229
f 4978//3232 4975//3230 4977//3231
f 4975//3230 4976//3228 4977//3231
f 4967//3226 4968//2 4970//3226
f 4976//3228 4970//3226 4974//3229
f 4969//3228 4967//3226 4976//3228
f 4967//3226 4970//3226 4976//3228
f 4979//3226 4973//149 4980//149
f 4981//3233 4980//149 4982//149
f 4983//3234 4979//3226 4981//3233
f 4979//3226 4980//149 4981//3233
f 4984//3235 4982//149 4985//2
f 4928//3208 4985//2 4930//3209
f 4933//3210 4984//3235 4928//3208
f 4984//3235 4985//2 4928//3208
f 4986//3236 4983//3234 4987//3237
f 4939//3211 4987//3237 4933//3210
f 4942//3212 4986//3236 4939//3211
f 4986//3236 4987//3237 4939//3211
f 4981//3233 4982//149 4984//3235
f 4987//3237 4984//3235 4933//3210
f 4983//3234 4981//3233 4987//3237
f 4981//3233 4984//3235 4987//3237
f 4988//3238 4978//3232 4989//3239
f 4990//3240 4989//3239 4991//3241
f 4992//3242 4988//3238 4990//3240
f 4988//3238 4989//3239 4990//3240
f 4993//3243 4991//3241 4994//3244
f 4952//3216 4994//3244 4942//3212
f 4993//3243 4956//3220 4952//3216
f 4993//3243 4994//3244 4952//3216
f 4995//3245 4992//3242 4996//3246
f 4959//3223 4996//3246 4956//3220
f 4816//3147 4995//3245 4959//3223
f 4995//3245 4996//3246 4959//3223
f 4990//3240 4991//3241 4993//3243
f 4996//3246 4993//3243 4956//3220
f 4992//3242 4990//3240 4996//3246
f 4990//3240 4993//3243 4996//3246
f 4972//3226 4973//149 4979//3226
f 4997//3247 4979//3226 4983//3234
f 4974//3229 4972//3226 4997//3247
f 4972//3226 4979//3226 4997//3247
f 4998//3248 4983//3234 4986//3236
f 4994//3244 4986//3236 4942//3212
f 4991//3241 4998//3248 4994//3244
f 4998//3248 4986//3236 4994//3244
f 4977//3231 4974//3229 4999//3249
f 4989//3239 4999//3249 4991//3241
f 4978//3232 4977//3231 4989//3239
f 4977//3231 4999//3249 4989//3239
f 4997//3247 4983//3234 4998//3248
f 4999//3249 4998//3248 4991//3241
f 4974//3229 4997//3247 4999//3249
f 4997//3247 4998//3248 4999//3249
f 5000//3250 5002//3251 5001//149
f 5003//3250 5001//149 5004//149
f 5005//3252 5000//3250 5003//3250
f 5000//3250 5001//149 5003//3250
f 5006//3250 5004//149 5007//149
f 5008//3250 5007//149 5009//149
f 5010//3253 5006//3250 5008//3250
f 5006//3250 5007//149 5008//3250
f 5011//3254 5005//3252 5012//3255
f 5013//3256 5012//3255 5010//3253
f 5014//3257 5011//3254 5013//3256
f 5011//3254 5012//3255 5013//3256
f 5003//3250 5004//149 5006//3250
f 5012//3255 5006//3250 5010//3253
f 5005//3252 5003//3250 5012//3255
f 5003//3250 5006//3250 5012//3255
f 5015//3258 5009//149 5016//149
f 5017//3259 5016//149 5018//149
f 5019//3260 5015//3258 5017//3259
f 5015//3258 5016//149 5017//3259
f 5020//3261 5018//149 5021//149
f 4964//3226 5021//149 4966//3227
f 4969//3228 5020//3261 4964//3226
f 5020//3261 5021//149 4964//3226
f 5022//3262 5019//3260 5023//3263
f 4975//3230 5023//3263 4969//3228
f 4978//3232 5022//3262 4975//3230
f 5023//3263 5022//3262 4975//3230
f 5017//3259 5018//149 5020//3261
f 5023//3263 5020//3261 4969//3228
f 5019//3260 5017//3259 5023//3263
f 5017//3259 5020//3261 5023//3263
f 5024//3264 5014//3257 5025//3265
f 5026//3266 5025//3265 5027//3267
f 5028//3268 5024//3264 5026//3266
f 5024//3264 5025//3265 5026//3266
f 5029//3269 5027//3267 5030//3270
f 4988//3238 5030//3270 4978//3232
f 4992//3242 5029//3269 4988//3238
f 5029//3269 5030//3270 4988//3238
f 5028//3268 5032//3272 5031//3271
f 5031//3271 4995//3245 4992//3242
f 4816//3147 5032//3272 4995//3245
f 5032//3272 5031//3271 4995//3245
f 5026//3266 5027//3267 5029//3269
f 5031//3271 5029//3269 4992//3242
f 5028//3268 5026//3266 5031//3271
f 5026//3266 5029//3269 5031//3271
f 5008//3250 5009//149 5015//3258
f 5033//3273 5015//3258 5019//3260
f 5010//3253 5008//3250 5033//3273
f 5008//3250 5015//3258 5033//3273
f 5034//3274 5019//3260 5022//3262
f 5030//3270 5022//3262 4978//3232
f 5034//3274 5027//3267 5030//3270
f 5034//3274 5022//3262 5030//3270
f 5013//3256 5010//3253 5035//3275
f 5035//3275 5025//3265 5027//3267
f 5013//3256 5014//3257 5025//3265
f 5013//3256 5035//3275 5025//3265
f 5033//3273 5019//3260 5034//3274
f 5035//3275 5034//3274 5027//3267
f 5010//3253 5033//3273 5035//3275
f 5033//3273 5034//3274 5035//3275
f 5036//3276 5002//3251 5000//3250
f 5037//3277 5000//3250 5005//3252
f 5038//3278 5036//3276 5037//3277
f 5036//3276 5000//3250 5037//3277
f 5039//3279 5005//3252 5011//3254
f 5040//3280 5011//3254 5014//3257
f 5041//3281 5039//3279 5040//3280
f 5039//3279 5011//3254 5040//3280
f 5042//3282 5038//3278 5043//3283
f 5044//3284 5043//3283 5041//3281
f 5045//3285 5042//3282 5044//3284
f 5042//3282 5043//3283 5044//3284
f 5037//3277 5005//3252 5039//3279
f 5043//3283 5039//3279 5041//3281
f 5038//3278 5037//3277 5043//3283
f 5037//3277 5039//3279 5043//3283
f 5046//3286 5014//3257 5024//3264
f 5047//3287 5024//3264 5028//3268
f 5048//3288 5046//3286 5047//3287
f 5046//3286 5024//3264 5047//3287
f 5049//3289 5028//3268 5032//3272
f 5050//3290 5032//3272 4816//3147
f 5051//149 5049//3289 5050//3290
f 5049//3289 5032//3272 5050//3290
f 5052//3291 5048//3288 5053//3292
f 5054//402 5053//3292 5051//149
f 5055//402 5052//3291 5054//402
f 5052//3291 5053//3292 5054//402
f 5047//3287 5028//3268 5049//3289
f 5053//3292 5049//3289 5051//149
f 5048//3288 5047//3287 5053//3292
f 5047//3287 5049//3289 5053//3292
f 5056//3293 5045//3285 5057//3294
f 5058//3295 5057//3294 5059//3296
f 5060//3297 5056//3293 5058//3295
f 5056//3293 5057//3294 5058//3295
f 5061//3298 5059//3296 5062//3299
f 5063//402 5062//3299 5055//402
f 5064//402 5061//3298 5063//402
f 5061//3298 5062//3299 5063//402
f 5065//3300 5060//3297 5066//3301
f 5067//3302 5066//3301 5064//402
f 5068//3303 5065//3300 5067//3302
f 5065//3300 5066//3301 5067//3302
f 5058//3295 5059//3296 5061//3298
f 5066//3301 5061//3298 5064//402
f 5060//3297 5058//3295 5066//3301
f 5058//3295 5061//3298 5066//3301
f 5040//3280 5014//3257 5046//3286
f 5069//3304 5046//3286 5048//3288
f 5041//3281 5040//3280 5069//3304
f 5040//3280 5046//3286 5069//3304
f 5070//3305 5048//3288 5052//3291
f 5062//3299 5052//3291 5055//402
f 5059//3296 5070//3305 5062//3299
f 5070//3305 5052//3291 5062//3299
f 5044//3284 5041//3281 5071//3306
f 5057//3294 5071//3306 5059//3296
f 5045//3285 5044//3284 5057//3294
f 5044//3284 5071//3306 5057//3294
f 5069//3304 5048//3288 5070//3305
f 5071//3306 5070//3305 5059//3296
f 5041//3281 5069//3304 5071//3306
f 5069//3304 5070//3305 5071//3306
f 5072//3307 5002//3251 5036//3276
f 5073//3308 5036//3276 5038//3278
f 5074//3309 5072//3307 5073//3308
f 5072//3307 5036//3276 5073//3308
f 5075//3310 5038//3278 5042//3282
f 5076//3311 5042//3282 5045//3285
f 5077//3312 5075//3310 5076//3311
f 5075//3310 5042//3282 5076//3311
f 5078//3313 5074//3309 5079//3314
f 5080//3315 5079//3314 5077//3312
f 5081//3315 5078//3313 5080//3315
f 5078//3313 5079//3314 5080//3315
f 5073//3308 5038//3278 5075//3310
f 5079//3314 5075//3310 5077//3312
f 5074//3309 5073//3308 5079//3314
f 5073//3308 5075//3310 5079//3314
f 5082//3316 5045//3285 5056//3293
f 5083//3317 5056//3293 5060//3297
f 5084//3317 5082//3316 5083//3317
f 5082//3316 5056//3293 5083//3317
f 5085//3300 5060//3297 5065//3300
f 5086//150 5065//3300 5068//3303
f 5087//150 5085//3300 5086//150
f 5085//3300 5065//3300 5086//150
f 5088//3300 5084//3317 5089//3300
f 5090//149 5089//3300 5087//150
f 5091//150 5088//3300 5090//149
f 5088//3300 5089//3300 5090//149
f 5083//3317 5060//3297 5085//3300
f 5089//3300 5085//3300 5087//150
f 5084//3317 5083//3317 5089//3300
f 5083//3317 5085//3300 5089//3300
f 5092//3318 5081//3315 5093//3318
f 5094//3317 5093//3318 5095//3317
f 5096//3317 5092//3318 5094//3317
f 5092//3318 5093//3318 5094//3317
f 5097//3300 5095//3317 5098//3300
f 5099//149 5098//3300 5091//150
f 5100//402 5097//3300 5099//149
f 5097//3300 5098//3300 5099//149
f 5101//3300 5096//3317 5102//3300
f 5103//149 5102//3300 5100//402
f 5104//3319 5101//3300 5103//149
f 5101//3300 5102//3300 5103//149
f 5094//3317 5095//3317 5097//3300
f 5102//3300 5097//3300 5100//402
f 5096//3317 5094//3317 5102//3300
f 5094//3317 5097//3300 5102//3300
f 5076//3311 5045//3285 5082//3316
f 5105//3318 5082//3316 5084//3317
f 5077//3312 5076//3311 5105//3318
f 5076//3311 5082//3316 5105//3318
f 5106//3317 5084//3317 5088//3300
f 5098//3300 5088//3300 5091//150
f 5095//3317 5106//3317 5098//3300
f 5106//3317 5088//3300 5098//3300
f 5080//3315 5077//3312 5107//3318
f 5093//3318 5107//3318 5095//3317
f 5081//3315 5080//3315 5093//3318
f 5080//3315 5107//3318 5093//3318
f 5105//3318 5084//3317 5106//3317
f 5107//3318 5106//3317 5095//3317
f 5077//3312 5105//3318 5107//3318
f 5105//3318 5106//3317 5107//3318
f 5108//3320 5110//3321 5109//2
f 5111//3320 5109//2 5112//2
f 5113//3322 5108//3320 5111//3320
f 5108//3320 5109//2 5111//3320
f 5114//3320 5112//2 5115//2
f 5116//3320 5115//2 5117//149
f 5118//3323 5114//3320 5116//3320
f 5114//3320 5115//2 5116//3320
f 5119//3324 5113//3322 5120//3322
f 5121//3325 5120//3322 5118//3323
f 5122//3326 5119//3324 5121//3325
f 5119//3324 5120//3322 5121//3325
f 5111//3320 5112//2 5114//3320
f 5120//3322 5114//3320 5118//3323
f 5113//3322 5111//3320 5120//3322
f 5111//3320 5114//3320 5120//3322
f 5123//3320 5117//149 5124//149
f 5125//3327 5124//149 5126//149
f 5127//3328 5123//3320 5125//3327
f 5123//3320 5124//149 5125//3327
f 5128//3329 5126//149 5129//149
f 5072//3307 5129//149 5002//3251
f 5074//3309 5128//3329 5072//3307
f 5128//3329 5129//149 5072//3307
f 5130//3330 5127//3328 5131//3331
f 5078//3313 5131//3331 5074//3309
f 5081//3315 5130//3330 5078//3313
f 5130//3330 5131//3331 5078//3313
f 5125//3327 5126//149 5128//3329
f 5131//3331 5128//3329 5074//3309
f 5127//3328 5125//3327 5131//3331
f 5125//3327 5128//3329 5131//3331
f 5132//3332 5122//3326 5133//3333
f 5134//3334 5133//3333 5135//3335
f 5136//3336 5132//3332 5134//3334
f 5132//3332 5133//3333 5134//3334
f 5137//3337 5135//3335 5138//3338
f 5092//3318 5138//3338 5081//3315
f 5096//3317 5137//3337 5092//3318
f 5137//3337 5138//3338 5092//3318
f 5139//3339 5136//3336 5140//3340
f 5101//3300 5140//3340 5096//3317
f 5104//3319 5139//3339 5101//3300
f 5139//3339 5140//3340 5101//3300
f 5134//3334 5135//3335 5137//3337
f 5140//3340 5137//3337 5096//3317
f 5136//3336 5134//3334 5140//3340
f 5134//3334 5137//3337 5140//3340
f 5116//3320 5117//149 5123//3320
f 5141//3341 5123//3320 5127//3328
f 5118//3323 5116//3320 5141//3341
f 5116//3320 5123//3320 5141//3341
f 5142//3342 5127//3328 5130//3330
f 5138//3338 5130//3330 5081//3315
f 5135//3335 5142//3342 5138//3338
f 5142//3342 5130//3330 5138//3338
f 5121//3325 5118//3323 5143//3343
f 5133//3333 5143//3343 5135//3335
f 5122//3326 5121//3325 5133//3333
f 5121//3325 5143//3343 5133//3333
f 5141//3341 5127//3328 5142//3342
f 5143//3343 5142//3342 5135//3335
f 5118//3323 5141//3341 5143//3343
f 5141//3341 5142//3342 5143//3343
f 5144//3344 5146//3345 5145//149
f 5147//3344 5145//149 5148//149
f 5149//3346 5144//3344 5147//3344
f 5144//3344 5145//149 5147//3344
f 5150//3344 5148//149 5151//149
f 5152//3347 5151//149 5153//149
f 5154//3348 5150//3344 5152//3347
f 5150//3344 5151//149 5152//3347
f 5155//3349 5149//3346 5156//3350
f 5157//3351 5156//3350 5154//3348
f 5158//3352 5155//3349 5157//3351
f 5155//3349 5156//3350 5157//3351
f 5147//3344 5148//149 5150//3344
f 5156//3350 5150//3344 5154//3348
f 5149//3346 5147//3344 5156//3350
f 5147//3344 5150//3344 5156//3350
f 5159//3353 5153//149 5160//149
f 5161//3354 5160//149 5162//149
f 5163//3355 5159//3353 5161//3354
f 5159//3353 5160//149 5161//3354
f 5164//3356 5162//149 5165//149
f 5108//3320 5165//149 5110//3321
f 5113//3322 5164//3356 5108//3320
f 5164//3356 5165//149 5108//3320
f 5166//3357 5163//3355 5167//3358
f 5119//3324 5167//3358 5113//3322
f 5122//3326 5166//3357 5119//3324
f 5166//3357 5167//3358 5119//3324
f 5161//3354 5162//149 5164//3356
f 5167//3358 5164//3356 5113//3322
f 5163//3355 5161//3354 5167//3358
f 5161//3354 5164//3356 5167//3358
f 5168//3359 5158//3352 5169//3360
f 5170//3361 5169//3360 5171//3362
f 5172//3363 5168//3359 5170//3361
f 5168//3359 5169//3360 5170//3361
f 5173//3364 5171//3362 5174//3365
f 5132//3332 5174//3365 5122//3326
f 5136//3336 5173//3364 5132//3332
f 5173//3364 5174//3365 5132//3332
f 5175//3366 5172//3363 5176//3367
f 5139//3339 5176//3367 5136//3336
f 5104//3319 5175//3366 5139//3339
f 5175//3366 5176//3367 5139//3339
f 5170//3361 5171//3362 5173//3364
f 5176//3367 5173//3364 5136//3336
f 5172//3363 5170//3361 5176//3367
f 5170//3361 5173//3364 5176//3367
f 5152//3347 5153//149 5159//3353
f 5177//3368 5159//3353 5163//3355
f 5154//3348 5152//3347 5177//3368
f 5152//3347 5159//3353 5177//3368
f 5178//3369 5163//3355 5166//3357
f 5174//3365 5166//3357 5122//3326
f 5171//3362 5178//3369 5174//3365
f 5178//3369 5166//3357 5174//3365
f 5157//3351 5154//3348 5179//3370
f 5169//3360 5179//3370 5171//3362
f 5158//3352 5157//3351 5169//3360
f 5157//3351 5179//3370 5169//3360
f 5177//3368 5163//3355 5178//3369
f 5179//3370 5178//3369 5171//3362
f 5154//3348 5177//3368 5179//3370
f 5177//3368 5178//3369 5179//3370
f 5180//3371 5182//3372 5181//149
f 5183//3373 5181//149 5184//149
f 5185//3374 5180//3371 5183//3373
f 5180//3371 5181//149 5183//3373
f 5186//3375 5184//149 5187//149
f 5188//3376 5187//149 5189//149
f 5190//3377 5186//3375 5188//3376
f 5186//3375 5187//149 5188//3376
f 5191//3378 5185//3374 5192//3379
f 5193//3380 5192//3379 5190//3377
f 5194//3381 5191//3378 5193//3380
f 5191//3378 5192//3379 5193//3380
f 5183//3373 5184//149 5186//3375
f 5192//3379 5186//3375 5190//3377
f 5185//3374 5183//3373 5192//3379
f 5183//3373 5186//3375 5192//3379
f 5195//3382 5189//149 5196//149
f 5197//3383 5196//149 5198//150
f 5199//3384 5195//3382 5197//3383
f 5195//3382 5196//149 5197//3383
f 5200//3385 5198//150 5201//2
f 5144//3344 5201//2 5146//3345
f 5149//3346 5200//3385 5144//3344
f 5200//3385 5201//2 5144//3344
f 5202//3386 5199//3384 5203//3387
f 5155//3349 5203//3387 5149//3346
f 5158//3352 5202//3386 5155//3349
f 5202//3386 5203//3387 5155//3349
f 5197//3383 5198//150 5200//3385
f 5203//3387 5200//3385 5149//3346
f 5199//3384 5197//3383 5203//3387
f 5197//3383 5200//3385 5203//3387
f 5204//3388 5194//3381 5205//3389
f 5206//3390 5205//3389 5207//3391
f 5208//3392 5204//3388 5206//3390
f 5204//3388 5205//3389 5206//3390
f 5209//3393 5207//3391 5210//3394
f 5168//3359 5210//3394 5158//3352
f 5172//3363 5209//3393 5168//3359
f 5209//3393 5210//3394 5168//3359
f 5211//3395 5208//3392 5212//3396
f 5175//3366 5212//3396 5172//3363
f 5104//3319 5211//3395 5175//3366
f 5211//3395 5212//3396 5175//3366
f 5206//3390 5207//3391 5209//3393
f 5212//3396 5209//3393 5172//3363
f 5208//3392 5206//3390 5212//3396
f 5206//3390 5209//3393 5212//3396
f 5188//3376 5189//149 5195//3382
f 5213//3397 5195//3382 5199//3384
f 5190//3377 5188//3376 5213//3397
f 5188//3376 5195//3382 5213//3397
f 5214//3398 5199//3384 5202//3386
f 5210//3394 5202//3386 5158//3352
f 5207//3391 5214//3398 5210//3394
f 5214//3398 5202//3386 5210//3394
f 5193//3380 5190//3377 5215//3399
f 5205//3389 5215//3399 5207//3391
f 5194//3381 5193//3380 5205//3389
f 5193//3380 5215//3399 5205//3389
f 5213//3397 5199//3384 5214//3398
f 5215//3399 5214//3398 5207//3391
f 5190//3377 5213//3397 5215//3399
f 5213//3397 5214//3398 5215//3399
f 5216//3400 5218//3401 5217//149
f 5219//3402 5217//149 5220//149
f 5221//3403 5216//3400 5219//3402
f 5216//3400 5217//149 5219//3402
f 5222//3404 5220//149 5223//149
f 5224//3405 5223//149 5225//149
f 5226//3406 5222//3404 5224//3405
f 5222//3404 5223//149 5224//3405
f 5227//3407 5221//3403 5228//3408
f 5229//3409 5228//3408 5226//3406
f 5230//3410 5227//3407 5229//3409
f 5227//3407 5228//3408 5229//3409
f 5219//3402 5220//149 5222//3404
f 5228//3408 5222//3404 5226//3406
f 5221//3403 5219//3402 5228//3408
f 5219//3402 5222//3404 5228//3408
f 5231//3411 5225//149 5232//2
f 5233//3412 5232//2 5234//2
f 5235//3413 5231//3411 5233//3412
f 5231//3411 5232//2 5233//3412
f 5236//3414 5234//2 5237//2
f 5180//3371 5237//2 5182//3372
f 5185//3374 5236//3414 5180//3371
f 5236//3414 5237//2 5180//3371
f 5238//3415 5235//3413 5239//3416
f 5191//3378 5239//3416 5185//3374
f 5194//3381 5238//3415 5191//3378
f 5238//3415 5239//3416 5191//3378
f 5233//3412 5234//2 5236//3414
f 5239//3416 5236//3414 5185//3374
f 5235//3413 5233//3412 5239//3416
f 5233//3412 5236//3414 5239//3416
f 5240//3417 5230//3410 5241//3418
f 5242//3419 5241//3418 5243//3420
f 5244//3421 5240//3417 5242//3419
f 5240//3417 5241//3418 5242//3419
f 5245//3422 5243//3420 5246//3423
f 5204//3388 5246//3423 5194//3381
f 5208//3392 5245//3422 5204//3388
f 5245//3422 5246//3423 5204//3388
f 5247//3424 5244//3421 5248//3425
f 5211//3395 5248//3425 5208//3392
f 5104//3319 5247//3424 5211//3395
f 5247//3424 5248//3425 5211//3395
f 5242//3419 5243//3420 5245//3422
f 5248//3425 5245//3422 5208//3392
f 5244//3421 5242//3419 5248//3425
f 5242//3419 5245//3422 5248//3425
f 5224//3405 5225//149 5231//3411
f 5249//3426 5231//3411 5235//3413
f 5226//3406 5224//3405 5249//3426
f 5224//3405 5231//3411 5249//3426
f 5250//3427 5235//3413 5238//3415
f 5246//3423 5238//3415 5194//3381
f 5243//3420 5250//3427 5246//3423
f 5250//3427 5238//3415 5246//3423
f 5229//3409 5226//3406 5251//3428
f 5241//3418 5251//3428 5243//3420
f 5230//3410 5229//3409 5241//3418
f 5229//3409 5251//3428 5241//3418
f 5249//3426 5235//3413 5250//3427
f 5251//3428 5250//3427 5243//3420
f 5226//3406 5249//3426 5251//3428
f 5249//3426 5250//3427 5251//3428
f 5252//3429 5254//3430 5253//149
f 5255//3431 5253//149 5256//149
f 5257//3432 5252//3429 5255//3431
f 5252//3429 5253//149 5255//3431
f 5258//3433 5256//149 5259//149
f 5260//3434 5259//149 5261//149
f 5262//3435 5258//3433 5260//3434
f 5258//3433 5259//149 5260//3434
f 5263//3436 5257//3432 5264//3437
f 5265//3438 5264//3437 5262//3435
f 5266//3439 5263//3436 5265//3438
f 5263//3436 5264//3437 5265//3438
f 5255//3431 5256//149 5258//3433
f 5264//3437 5258//3433 5262//3435
f 5257//3432 5255//3431 5264//3437
f 5255//3431 5258//3433 5264//3437
f 5267//3440 5261//149 5268//2
f 5269//3441 5268//2 5270//2
f 5271//3442 5267//3440 5269//3441
f 5267//3440 5268//2 5269//3441
f 5272//3443 5270//2 5273//150
f 5216//3400 5273//150 5218//3401
f 5221//3403 5272//3443 5216//3400
f 5272//3443 5273//150 5216//3400
f 5274//3444 5271//3442 5275//3445
f 5227//3407 5275//3445 5221//3403
f 5230//3410 5274//3444 5227//3407
f 5274//3444 5275//3445 5227//3407
f 5269//3441 5270//2 5272//3443
f 5275//3445 5272//3443 5221//3403
f 5271//3442 5269//3441 5275//3445
f 5269//3441 5272//3443 5275//3445
f 5276//3446 5266//3439 5277//3447
f 5278//3448 5277//3447 5279//3449
f 5280//3450 5276//3446 5278//3448
f 5276//3446 5277//3447 5278//3448
f 5281//3451 5279//3449 5282//3452
f 5240//3417 5282//3452 5230//3410
f 5244//3421 5281//3451 5240//3417
f 5281//3451 5282//3452 5240//3417
f 5283//3453 5280//3450 5284//3454
f 5247//3424 5284//3454 5244//3421
f 5104//3319 5283//3453 5247//3424
f 5283//3453 5284//3454 5247//3424
f 5278//3448 5279//3449 5281//3451
f 5284//3454 5281//3451 5244//3421
f 5280//3450 5278//3448 5284//3454
f 5278//3448 5281//3451 5284//3454
f 5260//3434 5261//149 5267//3440
f 5285//3455 5267//3440 5271//3442
f 5262//3435 5260//3434 5285//3455
f 5260//3434 5267//3440 5285//3455
f 5286//3456 5271//3442 5274//3444
f 5282//3452 5274//3444 5230//3410
f 5279//3449 5286//3456 5282//3452
f 5286//3456 5274//3444 5282//3452
f 5265//3438 5262//3435 5287//3457
f 5277//3447 5287//3457 5279//3449
f 5266//3439 5265//3438 5277//3447
f 5265//3438 5287//3457 5277//3447
f 5285//3455 5271//3442 5286//3456
f 5287//3457 5286//3456 5279//3449
f 5262//3435 5285//3455 5287//3457
f 5285//3455 5286//3456 5287//3457
f 5288//3458 5254//3430 5252//3429
f 5289//3459 5252//3429 5257//3432
f 5290//3460 5288//3458 5289//3459
f 5288//3458 5252//3429 5289//3459
f 5291//3461 5257//3432 5263//3436
f 5292//3462 5263//3436 5266//3439
f 5293//3463 5291//3461 5292//3462
f 5291//3461 5263//3436 5292//3462
f 5294//3464 5290//3460 5295//3465
f 5296//3466 5295//3465 5293//3463
f 5297//3467 5294//3464 5296//3466
f 5294//3464 5295//3465 5296//3466
f 5289//3459 5257//3432 5291//3461
f 5295//3465 5291//3461 5293//3463
f 5290//3460 5289//3459 5295//3465
f 5289//3459 5291//3461 5295//3465
f 5298//3468 5266//3439 5276//3446
f 5299//3469 5276//3446 5280//3450
f 5300//3470 5298//3468 5299//3469
f 5298//3468 5276//3446 5299//3469
f 5301//3471 5280//3450 5283//3453
f 5302//3472 5283//3453 5104//3319
f 5303//3473 5301//3471 5302//3472
f 5301//3471 5283//3453 5302//3472
f 5304//3474 5300//3470 5305//3475
f 5306//402 5305//3475 5303//3473
f 5307//402 5304//3474 5306//402
f 5304//3474 5305//3475 5306//402
f 5299//3469 5280//3450 5301//3471
f 5305//3475 5301//3471 5303//3473
f 5300//3470 5299//3469 5305//3475
f 5299//3469 5301//3471 5305//3475
f 5308//3476 5297//3467 5309//3477
f 5310//3478 5309//3477 5311//3479
f 5312//3480 5308//3476 5310//3478
f 5308//3476 5309//3477 5310//3478
f 5313//3481 5311//3479 5314//3482
f 5315//402 5314//3482 5307//402
f 5316//3483 5313//3481 5315//402
f 5313//3481 5314//3482 5315//402
f 5317//3484 5312//3480 5318//3485
f 5319//3486 5318//3485 5316//3483
f 5320//3487 5317//3484 5319//3486
f 5317//3484 5318//3485 5319//3486
f 5310//3478 5311//3479 5313//3481
f 5318//3485 5313//3481 5316//3483
f 5312//3480 5310//3478 5318//3485
f 5310//3478 5313//3481 5318//3485
f 5292//3462 5266//3439 5298//3468
f 5321//3488 5298//3468 5300//3470
f 5293//3463 5292//3462 5321//3488
f 5292//3462 5298//3468 5321//3488
f 5322//3489 5300//3470 5304//3474
f 5314//3482 5304//3474 5307//402
f 5311//3479 5322//3489 5314//3482
f 5322//3489 5304//3474 5314//3482
f 5296//3466 5293//3463 5323//3490
f 5309//3477 5323//3490 5311//3479
f 5297//3467 5296//3466 5309//3477
f 5296//3466 5323//3490 5309//3477
f 5321//3488 5300//3470 5322//3489
f 5323//3490 5322//3489 5311//3479
f 5293//3463 5321//3488 5323//3490
f 5321//3488 5322//3489 5323//3490
f 5324//3491 5254//3430 5288//3458
f 5325//3492 5288//3458 5290//3460
f 5326//3493 5324//3491 5325//3492
f 5324//3491 5288//3458 5325//3492
f 5327//3494 5290//3460 5294//3464
f 5328//3495 5294//3464 5297//3467
f 5329//3496 5327//3494 5328//3495
f 5327//3494 5294//3464 5328//3495
f 5330//3497 5326//3493 5331//3498
f 5332//3499 5331//3498 5329//3496
f 5333//3500 5330//3497 5332//3499
f 5330//3497 5331//3498 5332//3499
f 5325//3492 5290//3460 5327//3494
f 5331//3498 5327//3494 5329//3496
f 5326//3493 5325//3492 5331//3498
f 5325//3492 5327//3494 5331//3498
f 5334//3501 5297//3467 5308//3476
f 5335//3502 5308//3476 5312//3480
f 5336//3503 5334//3501 5335//3502
f 5334//3501 5308//3476 5335//3502
f 5337//3504 5312//3480 5317//3484
f 5338//150 5317//3484 5320//3487
f 5339//402 5337//3504 5338//150
f 5337//3504 5317//3484 5338//150
f 5340//3504 5336//3503 5341//3504
f 5342//402 5341//3504 5339//402
f 5343//402 5340//3504 5342//402
f 5340//3504 5341//3504 5342//402
f 5335//3502 5312//3480 5337//3504
f 5341//3504 5337//3504 5339//402
f 5336//3503 5335//3502 5341//3504
f 5335//3502 5337//3504 5341//3504
f 5344//3505 5333//3500 5345//3505
f 5346//3503 5345//3505 5347//3503
f 5348//3503 5344//3505 5346//3503
f 5344//3505 5345//3505 5346//3503
f 5349//3504 5347//3503 5350//3504
f 5351//402 5350//3504 5343//402
f 5352//402 5349//3504 5351//402
f 5349//3504 5350//3504 5351//402
f 5353//3504 5348//3503 5354//3504
f 5355//402 5354//3504 5352//402
f 5356//3506 5353//3504 5355//402
f 5353//3504 5354//3504 5355//402
f 5346//3503 5347//3503 5349//3504
f 5354//3504 5349//3504 5352//402
f 5348//3503 5346//3503 5354//3504
f 5346//3503 5349//3504 5354//3504
f 5328//3495 5297//3467 5334//3501
f 5357//3507 5334//3501 5336//3503
f 5329//3496 5328//3495 5357//3507
f 5328//3495 5334//3501 5357//3507
f 5358//3503 5336//3503 5340//3504
f 5350//3504 5340//3504 5343//402
f 5347//3503 5358//3503 5350//3504
f 5358//3503 5340//3504 5350//3504
f 5332//3499 5329//3496 5359//3505
f 5345//3505 5359//3505 5347//3503
f 5333//3500 5332//3499 5345//3505
f 5332//3499 5359//3505 5345//3505
f 5357//3507 5336//3503 5358//3503
f 5359//3505 5358//3503 5347//3503
f 5329//3496 5357//3507 5359//3505
f 5357//3507 5358//3503 5359//3505
f 5360//3508 3583//2254 5361//150
f 5362//3509 5361//150 5363//149
f 5364//3510 5360//3508 5362//3509
f 5360//3508 5361//150 5362//3509
f 5365//3511 5363//149 5366//402
f 5367//3512 5366//402 5368//402
f 5369//3513 5365//3511 5367//3512
f 5365//3511 5366//402 5367//3512
f 5370//3514 5364//3510 5371//3515
f 5372//3516 5371//3515 5369//3513
f 5373//3517 5370//3514 5372//3516
f 5370//3514 5371//3515 5372//3516
f 5362//3509 5363//149 5365//3511
f 5371//3515 5365//3511 5369//3513
f 5364//3510 5362//3509 5371//3515
f 5362//3509 5365//3511 5371//3515
f 5374//3518 5368//402 5375//402
f 5376//3519 5375//402 5377//402
f 5378//3520 5374//3518 5376//3519
f 5374//3518 5375//402 5376//3519
f 5379//3521 5377//402 5380//150
f 5324//3491 5380//150 5254//3430
f 5326//3493 5379//3521 5324//3491
f 5379//3521 5380//150 5324//3491
f 5381//3522 5378//3520 5382//3523
f 5330//3497 5382//3523 5326//3493
f 5333//3500 5381//3522 5330//3497
f 5381//3522 5382//3523 5330//3497
f 5376//3519 5377//402 5379//3521
f 5382//3523 5379//3521 5326//3493
f 5378//3520 5376//3519 5382//3523
f 5376//3519 5379//3521 5382//3523
f 5383//3524 5373//3517 5384//3525
f 5385//3526 5384//3525 5386//3527
f 5387//3528 5383//3524 5385//3526
f 5383//3524 5384//3525 5385//3526
f 5388//3529 5386//3527 5389//3530
f 5344//3505 5389//3530 5333//3500
f 5348//3503 5388//3529 5344//3505
f 5388//3529 5389//3530 5344//3505
f 5390//3531 5387//3528 5391//3532
f 5353//3504 5391//3532 5348//3503
f 5356//3506 5390//3531 5353//3504
f 5390//3531 5391//3532 5353//3504
f 5385//3526 5386//3527 5388//3529
f 5391//3532 5388//3529 5348//3503
f 5387//3528 5385//3526 5391//3532
f 5385//3526 5388//3529 5391//3532
f 5367//3512 5368//402 5374//3518
f 5392//3533 5374//3518 5378//3520
f 5369//3513 5367//3512 5392//3533
f 5367//3512 5374//3518 5392//3533
f 5393//3534 5378//3520 5381//3522
f 5389//3530 5381//3522 5333//3500
f 5386//3527 5393//3534 5389//3530
f 5393//3534 5381//3522 5389//3530
f 5372//3516 5369//3513 5394//3535
f 5384//3525 5394//3535 5386//3527
f 5373//3517 5372//3516 5384//3525
f 5372//3516 5394//3535 5384//3525
f 5392//3533 5378//3520 5393//3534
f 5394//3535 5393//3534 5386//3527
f 5369//3513 5392//3533 5394//3535
f 5392//3533 5393//3534 5394//3535
f 5395//3536 3583//2254 5360//3508
f 5396//3537 5360//3508 5364//3510
f 5397//3538 5395//3536 5396//3537
f 5395//3536 5360//3508 5396//3537
f 5398//3539 5364//3510 5370//3514
f 5399//3540 5370//3514 5373//3517
f 5400//3540 5398//3539 5399//3540
f 5398//3539 5370//3514 5399//3540
f 5401//3541 5397//3538 5402//3542
f 5403//3543 5402//3542 5400//3540
f 5404//3543 5401//3541 5403//3543
f 5401//3541 5402//3542 5403//3543
f 5396//3537 5364//3510 5398//3539
f 5402//3542 5398//3539 5400//3540
f 5397//3538 5396//3537 5402//3542
f 5396//3537 5398//3539 5402//3542
f 5405//3524 5373//3517 5383//3524
f 5406//3528 5383//3524 5387//3528
f 5407//3528 5405//3524 5406//3528
f 5405//3524 5383//3524 5406//3528
f 5408//3531 5387//3528 5390//3531
f 5409//3506 5390//3531 5356//3506
f 5410//3506 5408//3531 5409//3506
f 5408//3531 5390//3531 5409//3506
f 5411//3531 5407//3528 5412//3531
f 5413//3506 5412//3531 5410//3506
f 5414//3506 5411//3531 5413//3506
f 5411//3531 5412//3531 5413//3506
f 5406//3528 5387//3528 5408//3531
f 5412//3531 5408//3531 5410//3506
f 5407//3528 5406//3528 5412//3531
f 5406//3528 5408//3531 5412//3531
f 5415//3524 5404//3543 5416//3524
f 5417//3528 5416//3524 5418//3528
f 5419//3528 5415//3524 5417//3528
f 5415//3524 5416//3524 5417//3528
f 5420//3531 5418//3528 5421//3531
f 5422//3506 5421//3531 5414//3506
f 5423//3506 5420//3531 5422//3506
f 5420//3531 5421//3531 5422//3506
f 5424//3531 5419//3528 5425//3531
f 5426//3506 5425//3531 5423//3506
f 5427//3506 5424//3531 5426//3506
f 5424//3531 5425//3531 5426//3506
f 5417//3528 5418//3528 5420//3531
f 5425//3531 5420//3531 5423//3506
f 5419//3528 5417//3528 5425//3531
f 5417//3528 5420//3531 5425//3531
f 5399//3540 5373//3517 5405//3524
f 5428//3524 5405//3524 5407//3528
f 5400//3540 5399//3540 5428//3524
f 5399//3540 5405//3524 5428//3524
f 5429//3528 5407//3528 5411//3531
f 5421//3531 5411//3531 5414//3506
f 5418//3528 5429//3528 5421//3531
f 5429//3528 5411//3531 5421//3531
f 5403//3543 5400//3540 5430//3524
f 5416//3524 5430//3524 5418//3528
f 5404//3543 5403//3543 5416//3524
f 5403//3543 5430//3524 5416//3524
f 5428//3524 5407//3528 5429//3528
f 5430//3524 5429//3528 5418//3528
f 5400//3540 5428//3524 5430//3524
f 5428//3524 5429//3528 5430//3524
f 5431//3544 3583//2254 5395//3536
f 5432//3545 5395//3536 5397//3538
f 5433//3546 5431//3544 5432//3545
f 5431//3544 5395//3536 5432//3545
f 5434//3547 5397//3538 5401//3541
f 5435//3548 5401//3541 5404//3543
f 5436//3549 5434//3547 5435//3548
f 5434//3547 5401//3541 5435//3548
f 5437//3550 5433//3546 5438//3551
f 5439//3552 5438//3551 5436//3549
f 5440//3553 5437//3550 5439//3552
f 5437//3550 5438//3551 5439//3552
f 5432//3545 5397//3538 5434//3547
f 5438//3551 5434//3547 5436//3549
f 5433//3546 5432//3545 5438//3551
f 5432//3545 5434//3547 5438//3551
f 5441//3554 5404//3543 5415//3524
f 5442//3555 5415//3524 5419//3528
f 5443//3556 5441//3554 5442//3555
f 5441//3554 5415//3524 5442//3555
f 5444//3557 5419//3528 5424//3531
f 5445//150 5424//3531 5427//3506
f 5446//402 5444//3557 5445//150
f 5444//3557 5424//3531 5445//150
f 5447//3558 5443//3556 5448//3559
f 5449//150 5448//3559 5446//402
f 5450//149 5447//3558 5449//150
f 5447//3558 5448//3559 5449//150
f 5442//3555 5419//3528 5444//3557
f 5448//3559 5444//3557 5446//402
f 5443//3556 5442//3555 5448//3559
f 5442//3555 5444//3557 5448//3559
f 5451//3560 5440//3553 5452//3561
f 5453//3562 5452//3561 5454//3563
f 5455//3562 5451//3560 5453//3562
f 5451//3560 5452//3561 5453//3562
f 5456//3558 5454//3563 5457//3558
f 5458//402 5457//3558 5450//149
f 5459//149 5456//3558 5458//402
f 5456//3558 5457//3558 5458//402
f 5460//3558 5455//3562 5461//3558
f 5462//402 5461//3558 5459//149
f 5463//3564 5460//3558 5462//402
f 5460//3558 5461//3558 5462//402
f 5453//3562 5454//3563 5456//3558
f 5461//3558 5456//3558 5459//149
f 5455//3562 5453//3562 5461//3558
f 5453//3562 5456//3558 5461//3558
f 5435//3548 5404//3543 5441//3554
f 5464//3565 5441//3554 5443//3556
f 5436//3549 5435//3548 5464//3565
f 5435//3548 5441//3554 5464//3565
f 5465//3566 5443//3556 5447//3558
f 5457//3558 5447//3558 5450//149
f 5454//3563 5465//3566 5457//3558
f 5465//3566 5447//3558 5457//3558
f 5439//3552 5436//3549 5466//3567
f 5452//3561 5466//3567 5454//3563
f 5440//3553 5439//3552 5452//3561
f 5439//3552 5466//3567 5452//3561
f 5464//3565 5443//3556 5465//3566
f 5466//3567 5465//3566 5454//3563
f 5436//3549 5464//3565 5466//3567
f 5464//3565 5465//3566 5466//3567
f 5467//3568 3583//2254 5431//3544
f 5468//3569 5431//3544 5433//3546
f 5469//3570 5467//3568 5468//3569
f 5467//3568 5431//3544 5468//3569
f 5470//3571 5433//3546 5437//3550
f 5471//3572 5437//3550 5440//3553
f 5472//3573 5470//3571 5471//3572
f 5470//3571 5437//3550 5471//3572
f 5473//3574 5469//3570 5474//3575
f 5475//3576 5474//3575 5472//3573
f 5476//3577 5473//3574 5475//3576
f 5473//3574 5474//3575 5475//3576
f 5468//3569 5433//3546 5470//3571
f 5474//3575 5470//3571 5472//3573
f 5469//3570 5468//3569 5474//3575
f 5468//3569 5470//3571 5474//3575
f 5477//3578 5440//3553 5451//3560
f 5478//3579 5451//3560 5455//3562
f 5479//3580 5477//3578 5478//3579
f 5477//3578 5451//3560 5478//3579
f 5480//3581 5455//3562 5460//3558
f 5481//150 5460//3558 5463//3564
f 5482//150 5480//3581 5481//150
f 5480//3581 5460//3558 5481//150
f 5483//3582 5479//3580 5484//3583
f 5485//150 5484//3583 5482//150
f 5486//149 5483//3582 5485//150
f 5483//3582 5484//3583 5485//150
f 5478//3579 5455//3562 5480//3581
f 5484//3583 5480//3581 5482//150
f 5479//3580 5478//3579 5484//3583
f 5478//3579 5480//3581 5484//3583
f 5487//3584 5476//3577 5488//3585
f 5489//3586 5488//3585 5490//3587
f 5491//3588 5487//3584 5489//3586
f 5487//3584 5488//3585 5489//3586
f 5492//3589 5490//3587 5493//3589
f 5494//402 5493//3589 5486//149
f 5495//402 5492//3589 5494//402
f 5492//3589 5493//3589 5494//402
f 5496//3589 5491//3588 5497//3589
f 5498//402 5497//3589 5495//402
f 5499//3590 5496//3589 5498//402
f 5496//3589 5497//3589 5498//402
f 5489//3586 5490//3587 5492//3589
f 5497//3589 5492//3589 5495//402
f 5491//3588 5489//3586 5497//3589
f 5489//3586 5492//3589 5497//3589
f 5471//3572 5440//3553 5477//3578
f 5500//3591 5477//3578 5479//3580
f 5472//3573 5471//3572 5500//3591
f 5471//3572 5477//3578 5500//3591
f 5501//3592 5479//3580 5483//3582
f 5493//3589 5483//3582 5486//149
f 5490//3587 5501//3592 5493//3589
f 5501//3592 5483//3582 5493//3589
f 5475//3576 5472//3573 5502//3593
f 5488//3585 5502//3593 5490//3587
f 5476//3577 5475//3576 5488//3585
f 5475//3576 5502//3593 5488//3585
f 5500//3591 5479//3580 5501//3592
f 5502//3593 5501//3592 5490//3587
f 5472//3573 5500//3591 5502//3593
f 5500//3591 5501//3592 5502//3593
f 5503//3594 3583//2254 5467//3568
f 5504//3595 5467//3568 5469//3570
f 5505//3596 5503//3594 5504//3595
f 5503//3594 5467//3568 5504//3595
f 5506//3597 5469//3570 5473//3574
f 5507//3598 5473//3574 5476//3577
f 5508//3599 5506//3597 5507//3598
f 5506//3597 5473//3574 5507//3598
f 5509//3600 5505//3596 5510//3601
f 5511//3602 5510//3601 5508//3599
f 5512//3603 5509//3600 5511//3602
f 5509//3600 5510//3601 5511//3602
f 5504//3595 5469//3570 5506//3597
f 5510//3601 5506//3597 5508//3599
f 5505//3596 5504//3595 5510//3601
f 5504//3595 5506//3597 5510//3601
f 5513//3604 5476//3577 5487//3584
f 5514//3605 5487//3584 5491//3588
f 5515//3606 5513//3604 5514//3605
f 5513//3604 5487//3584 5514//3605
f 5516//3607 5491//3588 5496//3589
f 5517//3608 5496//3589 5499//3590
f 5518//402 5516//3607 5517//3608
f 5516//3607 5496//3589 5517//3608
f 5519//3609 5515//3606 5520//3610
f 5521//402 5520//3610 5518//402
f 5522//402 5519//3609 5521//402
f 5519//3609 5520//3610 5521//402
f 5514//3605 5491//3588 5516//3607
f 5520//3610 5516//3607 5518//402
f 5515//3606 5514//3605 5520//3610
f 5514//3605 5516//3607 5520//3610
f 5523//3611 5512//3603 5524//3612
f 5525//3613 5524//3612 5526//3614
f 5527//3615 5523//3611 5525//3613
f 5523//3611 5524//3612 5525//3613
f 5528//3616 5526//3614 5529//3617
f 5530//402 5529//3617 5522//402
f 5531//402 5528//3616 5530//402
f 5528//3616 5529//3617 5530//402
f 5532//3618 5527//3615 5533//3619
f 5534//3620 5533//3619 5531//402
f 5535//3621 5532//3618 5534//3620
f 5532//3618 5533//3619 5534//3620
f 5525//3613 5526//3614 5528//3616
f 5533//3619 5528//3616 5531//402
f 5527//3615 5525//3613 5533//3619
f 5525//3613 5528//3616 5533//3619
f 5507//3598 5476//3577 5513//3604
f 5536//3622 5513//3604 5515//3606
f 5508//3599 5507//3598 5536//3622
f 5507//3598 5513//3604 5536//3622
f 5537//3623 5515//3606 5519//3609
f 5529//3617 5519//3609 5522//402
f 5526//3614 5537//3623 5529//3617
f 5537//3623 5519//3609 5529//3617
f 5511//3602 5508//3599 5538//3624
f 5524//3612 5538//3624 5526//3614
f 5512//3603 5511//3602 5524//3612
f 5511//3602 5538//3624 5524//3612
f 5536//3622 5515//3606 5537//3623
f 5538//3624 5537//3623 5526//3614
f 5508//3599 5536//3622 5538//3624
f 5536//3622 5537//3623 5538//3624
f 5539//3625 3583//2254 5503//3594
f 5540//3626 5503//3594 5505//3596
f 5541//3627 5539//3625 5540//3626
f 5539//3625 5503//3594 5540//3626
f 5542//3628 5505//3596 5509//3600
f 5543//3629 5509//3600 5512//3603
f 5544//3630 5542//3628 5543//3629
f 5542//3628 5509//3600 5543//3629
f 5545//3631 5541//3627 5546//3632
f 5547//3633 5546//3632 5544//3630
f 5548//3634 5545//3631 5547//3633
f 5545//3631 5546//3632 5547//3633
f 5540//3626 5505//3596 5542//3628
f 5546//3632 5542//3628 5544//3630
f 5541//3627 5540//3626 5546//3632
f 5540//3626 5542//3628 5546//3632
f 5549//3635 5512//3603 5523//3611
f 5550//3636 5523//3611 5527//3615
f 5551//3637 5549//3635 5550//3636
f 5549//3635 5523//3611 5550//3636
f 5552//3638 5527//3615 5532//3618
f 5553//150 5532//3618 5535//3621
f 5554//402 5552//3638 5553//150
f 5552//3638 5532//3618 5553//150
f 5555//3639 5551//3637 5556//3640
f 5557//402 5556//3640 5554//402
f 5558//149 5555//3639 5557//402
f 5555//3639 5556//3640 5557//402
f 5550//3636 5527//3615 5552//3638
f 5556//3640 5552//3638 5554//402
f 5551//3637 5550//3636 5556//3640
f 5550//3636 5552//3638 5556//3640
f 5559//3641 5548//3634 5560//3642
f 5561//3643 5560//3642 5562//3644
f 5563//3645 5559//3641 5561//3643
f 5559//3641 5560//3642 5561//3643
f 5564//3646 5562//3644 5565//3647
f 5566//150 5565//3647 5558//149
f 5567//150 5564//3646 5566//150
f 5564//3646 5565//3647 5566//150
f 5568//3648 5563//3645 5569//3649
f 5570//402 5569//3649 5567//150
f 5571//3650 5568//3648 5570//402
f 5568//3648 5569//3649 5570//402
f 5561//3643 5562//3644 5564//3646
f 5569//3649 5564//3646 5567//150
f 5563//3645 5561//3643 5569//3649
f 5561//3643 5564//3646 5569//3649
f 5543//3629 5512//3603 5549//3635
f 5572//3651 5549//3635 5551//3637
f 5544//3630 5543//3629 5572//3651
f 5543//3629 5549//3635 5572//3651
f 5573//3652 5551//3637 5555//3639
f 5565//3647 5555//3639 5558//149
f 5562//3644 5573//3652 5565//3647
f 5573//3652 5555//3639 5565//3647
f 5547//3633 5544//3630 5574//3653
f 5560//3642 5574//3653 5562//3644
f 5548//3634 5547//3633 5560//3642
f 5547//3633 5574//3653 5560//3642
f 5572//3651 5551//3637 5573//3652
f 5574//3653 5573//3652 5562//3644
f 5544//3630 5572//3651 5574//3653
f 5572//3651 5573//3652 5574//3653
f 5575//3654 3583//2254 5539//3625
f 5576//3655 5539//3625 5541//3627
f 5577//3656 5575//3654 5576//3655
f 5575//3654 5539//3625 5576//3655
f 5578//3657 5541//3627 5545//3631
f 5579//3658 5545//3631 5548//3634
f 5580//3659 5578//3657 5579//3658
f 5578//3657 5545//3631 5579//3658
f 5581//3660 5577//3656 5582//3661
f 5583//3662 5582//3661 5580//3659
f 5584//3663 5581//3660 5583//3662
f 5581//3660 5582//3661 5583//3662
f 5576//3655 5541//3627 5578//3657
f 5582//3661 5578//3657 5580//3659
f 5577//3656 5576//3655 5582//3661
f 5576//3655 5578//3657 5582//3661
f 5585//3664 5548//3634 5559//3641
f 5586//3665 5559//3641 5563//3645
f 5587//3666 5585//3664 5586//3665
f 5585//3664 5559//3641 5586//3665
f 5588//3667 5563//3645 5568//3648
f 5589//402 5568//3648 5571//3650
f 5590//150 5588//3667 5589//402
f 5588//3667 5568//3648 5589//402
f 5591//3668 5587//3666 5592//3669
f 5593//150 5592//3669 5590//150
f 5594//150 5591//3668 5593//150
f 5591//3668 5592//3669 5593//150
f 5586//3665 5563//3645 5588//3667
f 5592//3669 5588//3667 5590//150
f 5587//3666 5586//3665 5592//3669
f 5586//3665 5588//3667 5592//3669
f 5595//3670 5584//3663 5596//3671
f 5597//3672 5596//3671 5598//3673
f 5599//3674 5595//3670 5597//3672
f 5595//3670 5596//3671 5597//3672
f 5600//3675 5598//3673 5601//3676
f 5602//402 5601//3676 5594//150
f 5603//149 5600//3675 5602//402
f 5600//3675 5601//3676 5602//402
f 5604//3677 5599//3674 5605//3678
f 5606//150 5605//3678 5603//149
f 5607//3679 5604//3677 5606//150
f 5604//3677 5605//3678 5606//150
f 5597//3672 5598//3673 5600//3675
f 5605//3678 5600//3675 5603//149
f 5599//3674 5597//3672 5605//3678
f 5597//3672 5600//3675 5605//3678
f 5579//3658 5548//3634 5585//3664
f 5608//3680 5585//3664 5587//3666
f 5580//3659 5579//3658 5608//3680
f 5579//3658 5585//3664 5608//3680
f 5609//3681 5587//3666 5591//3668
f 5601//3676 5591//3668 5594//150
f 5598//3673 5609//3681 5601//3676
f 5609//3681 5591//3668 5601//3676
f 5583//3662 5580//3659 5610//3682
f 5596//3671 5610//3682 5598//3673
f 5584//3663 5583//3662 5596//3671
f 5583//3662 5610//3682 5596//3671
f 5608//3680 5587//3666 5609//3681
f 5610//3682 5609//3681 5598//3673
f 5580//3659 5608//3680 5610//3682
f 5608//3680 5609//3681 5610//3682
f 5611//3683 3583//2254 5575//3654
f 5612//3684 5575//3654 5577//3656
f 5613//3685 5611//3683 5612//3684
f 5611//3683 5575//3654 5612//3684
f 5614//3686 5577//3656 5581//3660
f 5615//3687 5581//3660 5584//3663
f 5616//3688 5614//3686 5615//3687
f 5614//3686 5581//3660 5615//3687
f 5617//3689 5613//3685 5618//3690
f 5619//3691 5618//3690 5616//3688
f 5620//3692 5617//3689 5619//3691
f 5617//3689 5618//3690 5619//3691
f 5612//3684 5577//3656 5614//3686
f 5618//3690 5614//3686 5616//3688
f 5613//3685 5612//3684 5618//3690
f 5612//3684 5614//3686 5618//3690
f 5621//3693 5584//3663 5595//3670
f 5622//3694 5595//3670 5599//3674
f 5623//3695 5621//3693 5622//3694
f 5621//3693 5595//3670 5622//3694
f 5624//3696 5599//3674 5604//3677
f 5625//402 5604//3677 5607//3679
f 5626//402 5624//3696 5625//402
f 5624//3696 5604//3677 5625//402
f 5627//3697 5623//3695 5628//3698
f 5629//402 5628//3698 5626//402
f 5630//149 5627//3697 5629//402
f 5627//3697 5628//3698 5629//402
f 5622//3694 5599//3674 5624//3696
f 5628//3698 5624//3696 5626//402
f 5623//3695 5622//3694 5628//3698
f 5622//3694 5624//3696 5628//3698
f 5631//3699 5620//3692 5632//3700
f 5633//3701 5632//3700 5634//3702
f 5635//3703 5631//3699 5633//3701
f 5631//3699 5632//3700 5633//3701
f 5636//3704 5634//3702 5637//3705
f 5638//149 5637//3705 5630//149
f 5639//149 5636//3704 5638//149
f 5636//3704 5637//3705 5638//149
f 5640//3706 5635//3703 5641//3707
f 5642//150 5641//3707 5639//149
f 5643//3708 5640//3706 5642//150
f 5640//3706 5641//3707 5642//150
f 5633//3701 5634//3702 5636//3704
f 5641//3707 5636//3704 5639//149
f 5635//3703 5633//3701 5641//3707
f 5633//3701 5636//3704 5641//3707
f 5615//3687 5584//3663 5621//3693
f 5644//3709 5621//3693 5623//3695
f 5616//3688 5615//3687 5644//3709
f 5615//3687 5621//3693 5644//3709
f 5645//3710 5623//3695 5627//3697
f 5637//3705 5627//3697 5630//149
f 5634//3702 5645//3710 5637//3705
f 5645//3710 5627//3697 5637//3705
f 5619//3691 5616//3688 5646//3711
f 5632//3700 5646//3711 5634//3702
f 5620//3692 5619//3691 5632//3700
f 5619//3691 5646//3711 5632//3700
f 5644//3709 5623//3695 5645//3710
f 5646//3711 5645//3710 5634//3702
f 5616//3688 5644//3709 5646//3711
f 5644//3709 5645//3710 5646//3711
f 5647//3712 3583//2254 5611//3683
f 5648//3713 5611//3683 5613//3685
f 5649//3714 5647//3712 5648//3713
f 5647//3712 5611//3683 5648//3713
f 5650//3715 5613//3685 5617//3689
f 5651//3716 5617//3689 5620//3692
f 5652//3717 5650//3715 5651//3716
f 5650//3715 5617//3689 5651//3716
f 5653//3718 5649//3714 5654//3719
f 5655//3720 5654//3719 5652//3717
f 5656//3721 5653//3718 5655//3720
f 5653//3718 5654//3719 5655//3720
f 5648//3713 5613//3685 5650//3715
f 5654//3719 5650//3715 5652//3717
f 5649//3714 5648//3713 5654//3719
f 5648//3713 5650//3715 5654//3719
f 5657//3722 5620//3692 5631//3699
f 5658//3723 5631//3699 5635//3703
f 5659//3724 5657//3722 5658//3723
f 5657//3722 5631//3699 5658//3723
f 5660//3725 5635//3703 5640//3706
f 5661//402 5640//3706 5643//3708
f 5662//402 5660//3725 5661//402
f 5660//3725 5640//3706 5661//402
f 5663//3726 5659//3724 5664//3727
f 5665//150 5664//3727 5662//402
f 5666//150 5663//3726 5665//150
f 5663//3726 5664//3727 5665//150
f 5658//3723 5635//3703 5660//3725
f 5664//3727 5660//3725 5662//402
f 5659//3724 5658//3723 5664//3727
f 5658//3723 5660//3725 5664//3727
f 5667//3728 5656//3721 5668//3729
f 5669//3730 5668//3729 5670//3731
f 5671//3732 5667//3728 5669//3730
f 5667//3728 5668//3729 5669//3730
f 5672//3733 5670//3731 5673//3734
f 5674//150 5673//3734 5666//150
f 5675//150 5672//3733 5674//150
f 5672//3733 5673//3734 5674//150
f 5676//3735 5671//3732 5677//3736
f 5678//402 5677//3736 5675//150
f 5679//3737 5676//3735 5678//402
f 5676//3735 5677//3736 5678//402
f 5669//3730 5670//3731 5672//3733
f 5677//3736 5672//3733 5675//150
f 5671//3732 5669//3730 5677//3736
f 5669//3730 5672//3733 5677//3736
f 5651//3716 5620//3692 5657//3722
f 5680//3738 5657//3722 5659//3724
f 5652//3717 5651//3716 5680//3738
f 5651//3716 5657//3722 5680//3738
f 5681//3739 5659//3724 5663//3726
f 5673//3734 5663//3726 5666//150
f 5670//3731 5681//3739 5673//3734
f 5681//3739 5663//3726 5673//3734
f 5655//3720 5652//3717 5682//3740
f 5668//3729 5682//3740 5670//3731
f 5656//3721 5655//3720 5668//3729
f 5655//3720 5682//3740 5668//3729
f 5680//3738 5659//3724 5681//3739
f 5682//3740 5681//3739 5670//3731
f 5652//3717 5680//3738 5682//3740
f 5680//3738 5681//3739 5682//3740
f 5683//3741 3583//2254 5647//3712
f 5684//3742 5647//3712 5649//3714
f 5685//3743 5683//3741 5684//3742
f 5683//3741 5647//3712 5684//3742
f 5686//3744 5649//3714 5653//3718
f 5687//3745 5653//3718 5656//3721
f 5688//3746 5686//3744 5687//3745
f 5686//3744 5653//3718 5687//3745
f 5689//3747 5685//3743 5690//3748
f 5691//3749 5690//3748 5688//3746
f 5692//3750 5689//3747 5691//3749
f 5689//3747 5690//3748 5691//3749
f 5684//3742 5649//3714 5686//3744
f 5690//3748 5686//3744 5688//3746
f 5685//3743 5684//3742 5690//3748
f 5684//3742 5686//3744 5690//3748
f 5693//3751 5656//3721 5667//3728
f 5694//3752 5667//3728 5671//3732
f 5695//3753 5693//3751 5694//3752
f 5693//3751 5667//3728 5694//3752
f 5696//3754 5671//3732 5676//3735
f 5697//150 5676//3735 5679//3737
f 5698//150 5696//3754 5697//150
f 5696//3754 5676//3735 5697//150
f 5699//3755 5695//3753 5700//3756
f 5701//402 5700//3756 5698//150
f 5702//149 5699//3755 5701//402
f 5699//3755 5700//3756 5701//402
f 5694//3752 5671//3732 5696//3754
f 5700//3756 5696//3754 5698//150
f 5695//3753 5694//3752 5700//3756
f 5694//3752 5696//3754 5700//3756
f 5703//3757 5692//3750 5704//3758
f 5705//3759 5704//3758 5706//3760
f 5707//3761 5703//3757 5705//3759
f 5703//3757 5704//3758 5705//3759
f 5708//3762 5706//3760 5709//3763
f 5710//150 5709//3763 5702//149
f 5711//402 5708//3762 5710//150
f 5708//3762 5709//3763 5710//150
f 5712//3764 5707//3761 5713//3765
f 5714//402 5713//3765 5711//402
f 5715//3766 5712//3764 5714//402
f 5712//3764 5713//3765 5714//402
f 5705//3759 5706//3760 5708//3762
f 5713//3765 5708//3762 5711//402
f 5707//3761 5705//3759 5713//3765
f 5705//3759 5708//3762 5713//3765
f 5687//3745 5656//3721 5693//3751
f 5716//3767 5693//3751 5695//3753
f 5688//3746 5687//3745 5716//3767
f 5687//3745 5693//3751 5716//3767
f 5717//3768 5695//3753 5699//3755
f 5709//3763 5699//3755 5702//149
f 5706//3760 5717//3768 5709//3763
f 5717//3768 5699//3755 5709//3763
f 5691//3749 5688//3746 5718//3769
f 5704//3758 5718//3769 5706//3760
f 5692//3750 5691//3749 5704//3758
f 5691//3749 5718//3769 5704//3758
f 5716//3767 5695//3753 5717//3768
f 5718//3769 5717//3768 5706//3760
f 5688//3746 5716//3767 5718//3769
f 5716//3767 5717//3768 5718//3769
f 5719//3770 3583//2254 5683//3741
f 5720//3771 5683//3741 5685//3743
f 5721//3772 5719//3770 5720//3771
f 5719//3770 5683//3741 5720//3771
f 5722//3773 5685//3743 5689//3747
f 5723//3774 5689//3747 5692//3750
f 5724//3775 5722//3773 5723//3774
f 5722//3773 5689//3747 5723//3774
f 5725//3776 5721//3772 5726//3777
f 5727//3778 5726//3777 5724//3775
f 5728//3779 5725//3776 5727//3778
f 5725//3776 5726//3777 5727//3778
f 5720//3771 5685//3743 5722//3773
f 5726//3777 5722//3773 5724//3775
f 5721//3772 5720//3771 5726//3777
f 5720//3771 5722//3773 5726//3777
f 5729//3780 5692//3750 5703//3757
f 5730//3781 5703//3757 5707//3761
f 5731//3782 5729//3780 5730//3781
f 5729//3780 5703//3757 5730//3781
f 5732//3783 5707//3761 5712//3764
f 5733//402 5712//3764 5715//3766
f 5734//402 5732//3783 5733//402
f 5732//3783 5712//3764 5733//402
f 5735//3784 5731//3782 5736//3785
f 5737//150 5736//3785 5734//402
f 5738//149 5735//3784 5737//150
f 5735//3784 5736//3785 5737//150
f 5730//3781 5707//3761 5732//3783
f 5736//3785 5732//3783 5734//402
f 5731//3782 5730//3781 5736//3785
f 5730//3781 5732//3783 5736//3785
f 5739//3786 5728//3779 5740//3787
f 5741//3788 5740//3787 5742//3789
f 5743//3790 5739//3786 5741//3788
f 5739//3786 5740//3787 5741//3788
f 5744//3791 5742//3789 5745//3792
f 5746//402 5745//3792 5738//149
f 5747//150 5744//3791 5746//402
f 5744//3791 5745//3792 5746//402
f 5748//3793 5743//3790 5749//3794
f 5750//150 5749//3794 5747//150
f 5751//3795 5748//3793 5750//150
f 5748//3793 5749//3794 5750//150
f 5741//3788 5742//3789 5744//3791
f 5749//3794 5744//3791 5747//150
f 5743//3790 5741//3788 5749//3794
f 5741//3788 5744//3791 5749//3794
f 5723//3774 5692//3750 5729//3780
f 5752//3796 5729//3780 5731//3782
f 5724//3775 5723//3774 5752//3796
f 5723//3774 5729//3780 5752//3796
f 5753//3797 5731//3782 5735//3784
f 5745//3792 5735//3784 5738//149
f 5742//3789 5753//3797 5745//3792
f 5753//3797 5735//3784 5745//3792
f 5727//3778 5724//3775 5754//3798
f 5740//3787 5754//3798 5742//3789
f 5728//3779 5727//3778 5740//3787
f 5727//3778 5754//3798 5740//3787
f 5752//3796 5731//3782 5753//3797
f 5754//3798 5753//3797 5742//3789
f 5724//3775 5752//3796 5754//3798
f 5752//3796 5753//3797 5754//3798
f 5755//3799 3583//2254 5719//3770
f 5756//3800 5719//3770 5721//3772
f 5757//3801 5755//3799 5756//3800
f 5755//3799 5719//3770 5756//3800
f 5758//3802 5721//3772 5725//3776
f 5759//3803 5725//3776 5728//3779
f 5760//3804 5758//3802 5759//3803
f 5758//3802 5725//3776 5759//3803
f 5761//3805 5757//3801 5762//3806
f 5763//3807 5762//3806 5760//3804
f 5764//3808 5761//3805 5763//3807
f 5761//3805 5762//3806 5763//3807
f 5756//3800 5721//3772 5758//3802
f 5762//3806 5758//3802 5760//3804
f 5757//3801 5756//3800 5762//3806
f 5756//3800 5758//3802 5762//3806
f 5765//3809 5728//3779 5739//3786
f 5766//3810 5739//3786 5743//3790
f 5767//3811 5765//3809 5766//3810
f 5765//3809 5739//3786 5766//3810
f 5768//3812 5743//3790 5748//3793
f 5769//3813 5748//3793 5751//3795
f 5770//402 5768//3812 5769//3813
f 5768//3812 5748//3793 5769//3813
f 5771//3814 5767//3811 5772//3815
f 5773//149 5772//3815 5770//402
f 5774//402 5771//3814 5773//149
f 5771//3814 5772//3815 5773//149
f 5766//3810 5743//3790 5768//3812
f 5772//3815 5768//3812 5770//402
f 5767//3811 5766//3810 5772//3815
f 5766//3810 5768//3812 5772//3815
f 5775//3816 5764//3808 5776//3817
f 5777//3818 5776//3817 5778//3819
f 5779//3820 5775//3816 5777//3818
f 5775//3816 5776//3817 5777//3818
f 5780//3821 5778//3819 5781//3822
f 5782//402 5781//3822 5774//402
f 5783//150 5780//3821 5782//402
f 5780//3821 5781//3822 5782//402
f 5784//3823 5779//3820 5785//3824
f 5786//3825 5785//3824 5783//150
f 5787//3826 5784//3823 5786//3825
f 5784//3823 5785//3824 5786//3825
f 5777//3818 5778//3819 5780//3821
f 5785//3824 5780//3821 5783//150
f 5779//3820 5777//3818 5785//3824
f 5777//3818 5780//3821 5785//3824
f 5759//3803 5728//3779 5765//3809
f 5788//3827 5765//3809 5767//3811
f 5760//3804 5759//3803 5788//3827
f 5759//3803 5765//3809 5788//3827
f 5789//3828 5767//3811 5771//3814
f 5781//3822 5771//3814 5774//402
f 5778//3819 5789//3828 5781//3822
f 5789//3828 5771//3814 5781//3822
f 5763//3807 5760//3804 5790//3829
f 5776//3817 5790//3829 5778//3819
f 5764//3808 5763//3807 5776//3817
f 5763//3807 5790//3829 5776//3817
f 5788//3827 5767//3811 5789//3828
f 5790//3829 5789//3828 5778//3819
f 5760//3804 5788//3827 5790//3829
f 5788//3827 5789//3828 5790//3829
f 5791//3830 3583//2254 5755//3799
f 5792//3831 5755//3799 5757//3801
f 5793//3832 5791//3830 5792//3831
f 5791//3830 5755//3799 5792//3831
f 5794//3833 5757//3801 5761//3805
f 5795//3834 5761//3805 5764//3808
f 5796//3835 5794//3833 5795//3834
f 5794//3833 5761//3805 5795//3834
f 5797//3836 5793//3832 5798//3837
f 5799//3838 5798//3837 5796//3835
f 5800//3839 5797//3836 5799//3838
f 5797//3836 5798//3837 5799//3838
f 5792//3831 5757//3801 5794//3833
f 5798//3837 5794//3833 5796//3835
f 5793//3832 5792//3831 5798//3837
f 5792//3831 5794//3833 5798//3837
f 5801//3840 5764//3808 5775//3816
f 5802//3841 5775//3816 5779//3820
f 5803//3842 5801//3840 5802//3841
f 5801//3840 5775//3816 5802//3841
f 5804//3843 5779//3820 5784//3823
f 5805//150 5784//3823 5787//3826
f 5806//149 5804//3843 5805//150
f 5804//3843 5784//3823 5805//150
f 5807//3844 5803//3842 5808//3845
f 5809//402 5808//3845 5806//149
f 5810//149 5807//3844 5809//402
f 5807//3844 5808//3845 5809//402
f 5802//3841 5779//3820 5804//3843
f 5808//3845 5804//3843 5806//149
f 5803//3842 5802//3841 5808//3845
f 5802//3841 5804//3843 5808//3845
f 5811//3846 5800//3839 5812//3847
f 5813//3848 5812//3847 5814//3849
f 5815//3850 5811//3846 5813//3848
f 5811//3846 5812//3847 5813//3848
f 5816//3851 5814//3849 5817//3852
f 5818//150 5817//3852 5810//149
f 5819//149 5816//3851 5818//150
f 5816//3851 5817//3852 5818//150
f 5820//3853 5815//3850 5821//3854
f 5822//402 5821//3854 5819//149
f 5823//3855 5820//3853 5822//402
f 5820//3853 5821//3854 5822//402
f 5813//3848 5814//3849 5816//3851
f 5821//3854 5816//3851 5819//149
f 5815//3850 5813//3848 5821//3854
f 5813//3848 5816//3851 5821//3854
f 5795//3834 5764//3808 5801//3840
f 5824//3856 5801//3840 5803//3842
f 5796//3835 5795//3834 5824//3856
f 5795//3834 5801//3840 5824//3856
f 5825//3857 5803//3842 5807//3844
f 5817//3852 5807//3844 5810//149
f 5814//3849 5825//3857 5817//3852
f 5825//3857 5807//3844 5817//3852
f 5799//3838 5796//3835 5826//3858
f 5812//3847 5826//3858 5814//3849
f 5800//3839 5799//3838 5812//3847
f 5799//3838 5826//3858 5812//3847
f 5824//3856 5803//3842 5825//3857
f 5826//3858 5825//3857 5814//3849
f 5796//3835 5824//3856 5826//3858
f 5824//3856 5825//3857 5826//3858
f 5827//3859 3583//2254 5791//3830
f 5828//3860 5791//3830 5793//3832
f 5829//3861 5827//3859 5828//3860
f 5827//3859 5791//3830 5828//3860
f 5830//3862 5793//3832 5797//3836
f 5831//3863 5797//3836 5800//3839
f 5832//3864 5830//3862 5831//3863
f 5830//3862 5797//3836 5831//3863
f 5833//3865 5829//3861 5834//3866
f 5835//3867 5834//3866 5832//3864
f 5836//3868 5833//3865 5835//3867
f 5833//3865 5834//3866 5835//3867
f 5828//3860 5793//3832 5830//3862
f 5834//3866 5830//3862 5832//3864
f 5829//3861 5828//3860 5834//3866
f 5828//3860 5830//3862 5834//3866
f 5837//3869 5800//3839 5811//3846
f 5838//3870 5811//3846 5815//3850
f 5839//3871 5837//3869 5838//3870
f 5837//3869 5811//3846 5838//3870
f 5840//3853 5815//3850 5820//3853
f 5841//402 5820//3853 5823//3855
f 5842//150 5840//3853 5841//402
f 5840//3853 5820//3853 5841//402
f 5843//3853 5839//3871 5844//3853
f 5845//150 5844//3853 5842//150
f 5846//149 5843//3853 5845//150
f 5843//3853 5844//3853 5845//150
f 5838//3870 5815//3850 5840//3853
f 5844//3853 5840//3853 5842//150
f 5839//3871 5838//3870 5844//3853
f 5838//3870 5840//3853 5844//3853
f 5847//3872 5836//3868 5848//3873
f 5849//3874 5848//3873 5850//3875
f 5851//3876 5847//3872 5849//3874
f 5847//3872 5848//3873 5849//3874
f 5852//3877 5850//3875 5853//3853
f 5854//402 5853//3853 5846//149
f 5855//402 5852//3877 5854//402
f 5852//3877 5853//3853 5854//402
f 5856//3878 5851//3876 5857//3879
f 5858//150 5857//3879 5855//402
f 5859//3880 5856//3878 5858//150
f 5856//3878 5857//3879 5858//150
f 5849//3874 5850//3875 5852//3877
f 5857//3879 5852//3877 5855//402
f 5851//3876 5849//3874 5857//3879
f 5849//3874 5852//3877 5857//3879
f 5831//3863 5800//3839 5837//3869
f 5860//3881 5837//3869 5839//3871
f 5832//3864 5831//3863 5860//3881
f 5831//3863 5837//3869 5860//3881
f 5861//3882 5839//3871 5843//3853
f 5853//3853 5843//3853 5846//149
f 5850//3875 5861//3882 5853//3853
f 5861//3882 5843//3853 5853//3853
f 5835//3867 5832//3864 5862//3883
f 5848//3873 5862//3883 5850//3875
f 5836//3868 5835//3867 5848//3873
f 5835//3867 5862//3883 5848//3873
f 5860//3881 5839//3871 5861//3882
f 5862//3883 5861//3882 5850//3875
f 5832//3864 5860//3881 5862//3883
f 5860//3881 5861//3882 5862//3883
f 5863//3884 3583//2254 5827//3859
f 5864//3885 5827//3859 5829//3861
f 5865//3886 5863//3884 5864//3885
f 5863//3884 5827//3859 5864//3885
f 5866//3887 5829//3861 5833//3865
f 5867//3888 5833//3865 5836//3868
f 5868//3889 5866//3887 5867//3888
f 5866//3887 5833//3865 5867//3888
f 5869//3890 5865//3886 5870//3891
f 5871//3892 5870//3891 5868//3889
f 5872//3893 5869//3890 5871//3892
f 5869//3890 5870//3891 5871//3892
f 5864//3885 5829//3861 5866//3887
f 5870//3891 5866//3887 5868//3889
f 5865//3886 5864//3885 5870//3891
f 5864//3885 5866//3887 5870//3891
f 5873//3894 5836//3868 5847//3872
f 5874//3895 5847//3872 5851//3876
f 5875//3896 5873//3894 5874//3895
f 5873//3894 5847//3872 5874//3895
f 5876//3897 5851//3876 5856//3878
f 5877//3898 5856//3878 5859//3880
f 5878//150 5876//3897 5877//3898
f 5876//3897 5856//3878 5877//3898
f 5879//3899 5875//3896 5880//3900
f 5881//150 5880//3900 5878//150
f 5882//149 5879//3899 5881//150
f 5879//3899 5880//3900 5881//150
f 5874//3895 5851//3876 5876//3897
f 5880//3900 5876//3897 5878//150
f 5875//3896 5874//3895 5880//3900
f 5874//3895 5876//3897 5880//3900
f 5883//3901 5872//3893 5884//3902
f 5885//3903 5884//3902 5886//3904
f 5887//3905 5883//3901 5885//3903
f 5883//3901 5884//3902 5885//3903
f 5888//3906 5886//3904 5889//3907
f 5890//402 5889//3907 5882//149
f 5891//402 5888//3906 5890//402
f 5888//3906 5889//3907 5890//402
f 5892//3908 5887//3905 5893//3909
f 5894//3910 5893//3909 5891//402
f 5895//3911 5892//3908 5894//3910
f 5892//3908 5893//3909 5894//3910
f 5885//3903 5886//3904 5888//3906
f 5893//3909 5888//3906 5891//402
f 5887//3905 5885//3903 5893//3909
f 5885//3903 5888//3906 5893//3909
f 5867//3888 5836//3868 5873//3894
f 5896//3912 5873//3894 5875//3896
f 5868//3889 5867//3888 5896//3912
f 5867//3888 5873//3894 5896//3912
f 5897//3913 5875//3896 5879//3899
f 5889//3907 5879//3899 5882//149
f 5886//3904 5897//3913 5889//3907
f 5897//3913 5879//3899 5889//3907
f 5871//3892 5868//3889 5898//3914
f 5884//3902 5898//3914 5886//3904
f 5872//3893 5871//3892 5884//3902
f 5871//3892 5898//3914 5884//3902
f 5896//3912 5875//3896 5897//3913
f 5898//3914 5897//3913 5886//3904
f 5868//3889 5896//3912 5898//3914
f 5896//3912 5897//3913 5898//3914
f 5899//3915 3583//2254 5863//3884
f 5900//3916 5863//3884 5865//3886
f 5901//3917 5899//3915 5900//3916
f 5899//3915 5863//3884 5900//3916
f 5902//3918 5865//3886 5869//3890
f 5903//3919 5869//3890 5872//3893
f 5904//3920 5902//3918 5903//3919
f 5902//3918 5869//3890 5903//3919
f 5905//3921 5901//3917 5906//3922
f 5907//3923 5906//3922 5904//3920
f 5908//3924 5905//3921 5907//3923
f 5905//3921 5906//3922 5907//3923
f 5900//3916 5865//3886 5902//3918
f 5906//3922 5902//3918 5904//3920
f 5901//3917 5900//3916 5906//3922
f 5900//3916 5902//3918 5906//3922
f 5909//3925 5872//3893 5883//3901
f 5910//3905 5883//3901 5887//3905
f 5911//3905 5909//3925 5910//3905
f 5909//3925 5883//3901 5910//3905
f 5912//3908 5887//3905 5892//3908
f 5913//402 5892//3908 5895//3911
f 5914//150 5912//3908 5913//402
f 5912//3908 5892//3908 5913//402
f 5915//3908 5911//3905 5916//3908
f 5917//150 5916//3908 5914//150
f 5918//402 5915//3908 5917//150
f 5915//3908 5916//3908 5917//150
f 5910//3905 5887//3905 5912//3908
f 5916//3908 5912//3908 5914//150
f 5911//3905 5910//3905 5916//3908
f 5910//3905 5912//3908 5916//3908
f 5919//3926 5908//3924 5920//3927
f 5921//3928 5920//3927 5922//3929
f 5923//3930 5919//3926 5921//3928
f 5919//3926 5920//3927 5921//3928
f 5924//3908 5922//3929 5925//3908
f 5926//402 5925//3908 5918//402
f 5927//402 5924//3908 5926//402
f 5924//3908 5925//3908 5926//402
f 5928//3931 5923//3930 5929//3932
f 5930//150 5929//3932 5927//402
f 5931//3933 5928//3931 5930//150
f 5928//3931 5929//3932 5930//150
f 5921//3928 5922//3929 5924//3908
f 5929//3932 5924//3908 5927//402
f 5923//3930 5921//3928 5929//3932
f 5921//3928 5924//3908 5929//3932
f 5903//3919 5872//3893 5909//3925
f 5932//3934 5909//3925 5911//3905
f 5904//3920 5903//3919 5932//3934
f 5903//3919 5909//3925 5932//3934
f 5933//3935 5911//3905 5915//3908
f 5925//3908 5915//3908 5918//402
f 5922//3929 5933//3935 5925//3908
f 5933//3935 5915//3908 5925//3908
f 5907//3923 5904//3920 5934//3936
f 5920//3927 5934//3936 5922//3929
f 5908//3924 5907//3923 5920//3927
f 5907//3923 5934//3936 5920//3927
f 5932//3934 5911//3905 5933//3935
f 5934//3936 5933//3935 5922//3929
f 5904//3920 5932//3934 5934//3936
f 5932//3934 5933//3935 5934//3936
f 5935//3937 3583//2254 5899//3915
f 5936//3938 5899//3915 5901//3917
f 5937//3939 5935//3937 5936//3938
f 5935//3937 5899//3915 5936//3938
f 5938//3940 5901//3917 5905//3921
f 5939//3941 5905//3921 5908//3924
f 5940//3942 5938//3940 5939//3941
f 5938//3940 5905//3921 5939//3941
f 5941//3943 5937//3939 5942//3944
f 5943//3945 5942//3944 5940//3942
f 5944//3946 5941//3943 5943//3945
f 5941//3943 5942//3944 5943//3945
f 5936//3938 5901//3917 5938//3940
f 5942//3944 5938//3940 5940//3942
f 5937//3939 5936//3938 5942//3944
f 5936//3938 5938//3940 5942//3944
f 5945//3947 5908//3924 5919//3926
f 5946//3948 5919//3926 5923//3930
f 5947//3949 5945//3947 5946//3948
f 5945//3947 5919//3926 5946//3948
f 5948//3950 5923//3930 5928//3931
f 5949//3951 5928//3931 5931//3933
f 5950//150 5948//3950 5949//3951
f 5948//3950 5928//3931 5949//3951
f 5951//3952 5947//3949 5952//3953
f 5953//150 5952//3953 5950//150
f 5954//149 5951//3952 5953//150
f 5951//3952 5952//3953 5953//150
f 5946//3948 5923//3930 5948//3950
f 5952//3953 5948//3950 5950//150
f 5947//3949 5946//3948 5952//3953
f 5946//3948 5948//3950 5952//3953
f 5955//3954 5944//3946 5956//3955
f 5957//3956 5956//3955 5958//3957
f 5959//3958 5955//3954 5957//3956
f 5955//3954 5956//3955 5957//3956
f 5960//3959 5958//3957 5961//3960
f 5962//402 5961//3960 5954//149
f 5963//402 5960//3959 5962//402
f 5960//3959 5961//3960 5962//402
f 5964//3961 5959//3958 5965//3962
f 5966//3963 5965//3962 5963//402
f 5967//3964 5964//3961 5966//3963
f 5964//3961 5965//3962 5966//3963
f 5957//3956 5958//3957 5960//3959
f 5965//3962 5960//3959 5963//402
f 5959//3958 5957//3956 5965//3962
f 5957//3956 5960//3959 5965//3962
f 5939//3941 5908//3924 5945//3947
f 5968//3965 5945//3947 5947//3949
f 5940//3942 5939//3941 5968//3965
f 5939//3941 5945//3947 5968//3965
f 5969//3966 5947//3949 5951//3952
f 5961//3960 5951//3952 5954//149
f 5958//3957 5969//3966 5961//3960
f 5969//3966 5951//3952 5961//3960
f 5943//3945 5940//3942 5970//3967
f 5956//3955 5970//3967 5958//3957
f 5944//3946 5943//3945 5956//3955
f 5943//3945 5970//3967 5956//3955
f 5968//3965 5947//3949 5969//3966
f 5970//3967 5969//3966 5958//3957
f 5940//3942 5968//3965 5970//3967
f 5968//3965 5969//3966 5970//3967
f 5971//3968 3583//2254 5935//3937
f 5972//3969 5935//3937 5937//3939
f 5973//3970 5971//3968 5972//3969
f 5971//3968 5935//3937 5972//3969
f 5974//3971 5937//3939 5941//3943
f 5975//3946 5941//3943 5944//3946
f 5976//3972 5974//3971 5975//3946
f 5974//3971 5941//3943 5975//3946
f 5977//3973 5973//3970 5978//3974
f 5979//3975 5978//3974 5976//3972
f 5980//3976 5977//3973 5979//3975
f 5977//3973 5978//3974 5979//3975
f 5972//3969 5937//3939 5974//3971
f 5978//3974 5974//3971 5976//3972
f 5973//3970 5972//3969 5978//3974
f 5972//3969 5974//3971 5978//3974
f 5981//3954 5944//3946 5955//3954
f 5982//3958 5955//3954 5959//3958
f 5983//3958 5981//3954 5982//3958
f 5981//3954 5955//3954 5982//3958
f 5984//3961 5959//3958 5964//3961
f 5985//150 5964//3961 5967//3964
f 5986//402 5984//3961 5985//150
f 5984//3961 5964//3961 5985//150
f 5987//3961 5983//3958 5988//3961
f 5989//402 5988//3961 5986//402
f 5990//149 5987//3961 5989//402
f 5987//3961 5988//3961 5989//402
f 5982//3958 5959//3958 5984//3961
f 5988//3961 5984//3961 5986//402
f 5983//3958 5982//3958 5988//3961
f 5982//3958 5984//3961 5988//3961
f 5991//3977 5980//3976 5992//3978
f 5993//3979 5992//3978 5994//3958
f 5995//3980 5991//3977 5993//3979
f 5991//3977 5992//3978 5993//3979
f 5996//3961 5994//3958 5997//3961
f 5998//150 5997//3961 5990//149
f 5999//150 5996//3961 5998//150
f 5996//3961 5997//3961 5998//150
f 6000//3981 5995//3980 6001//3961
f 6002//402 6001//3961 5999//150
f 6003//3982 6000//3981 6002//402
f 6000//3981 6001//3961 6002//402
f 5993//3979 5994//3958 5996//3961
f 6001//3961 5996//3961 5999//150
f 5995//3980 5993//3979 6001//3961
f 5993//3979 5996//3961 6001//3961
f 5975//3946 5944//3946 5981//3954
f 6004//3954 5981//3954 5983//3958
f 5976//3972 5975//3946 6004//3954
f 5975//3946 5981//3954 6004//3954
f 6005//3958 5983//3958 5987//3961
f 5997//3961 5987//3961 5990//149
f 5994//3958 6005//3958 5997//3961
f 6005//3958 5987//3961 5997//3961
f 5979//3975 5976//3972 6006//3983
f 5992//3978 6006//3983 5994//3958
f 5980//3976 5979//3975 5992//3978
f 5979//3975 6006//3983 5992//3978
f 6004//3954 5983//3958 6005//3958
f 6006//3983 6005//3958 5994//3958
f 5976//3972 6004//3954 6006//3983
f 6004//3954 6005//3958 6006//3983
f 6007//3984 3583//2254 5971//3968
f 6008//3985 5971//3968 5973//3970
f 6009//3986 6007//3984 6008//3985
f 6007//3984 5971//3968 6008//3985
f 6010//3987 5973//3970 5977//3973
f 6011//3988 5977//3973 5980//3976
f 6012//3989 6010//3987 6011//3988
f 6010//3987 5977//3973 6011//3988
f 6013//3990 6009//3986 6014//3991
f 6015//3992 6014//3991 6012//3989
f 6016//3993 6013//3990 6015//3992
f 6013//3990 6014//3991 6015//3992
f 6008//3985 5973//3970 6010//3987
f 6014//3991 6010//3987 6012//3989
f 6009//3986 6008//3985 6014//3991
f 6008//3985 6010//3987 6014//3991
f 6017//3994 5980//3976 5991//3977
f 6018//3995 5991//3977 5995//3980
f 6019//3996 6017//3994 6018//3995
f 6017//3994 5991//3977 6018//3995
f 6020//3997 5995//3980 6000//3981
f 6021//3998 6000//3981 6003//3982
f 6022//3999 6020//3997 6021//3998
f 6020//3997 6000//3981 6021//3998
f 6023//4000 6019//3996 6024//4001
f 6025//150 6024//4001 6022//3999
f 6026//150 6023//4000 6025//150
f 6023//4000 6024//4001 6025//150
f 6018//3995 5995//3980 6020//3997
f 6024//4001 6020//3997 6022//3999
f 6019//3996 6018//3995 6024//4001
f 6018//3995 6020//3997 6024//4001
f 6027//4002 6016//3993 6028//4003
f 6029//4004 6028//4003 6030//4005
f 6031//4006 6027//4002 6029//4004
f 6027//4002 6028//4003 6029//4004
f 6032//4007 6030//4005 6033//4008
f 6034//149 6033//4008 6026//150
f 6035//4009 6032//4007 6034//149
f 6032//4007 6033//4008 6034//149
f 6036//4010 6031//4006 6037//4011
f 6038//4012 6037//4011 6035//4009
f 6039//4013 6036//4010 6038//4012
f 6036//4010 6037//4011 6038//4012
f 6029//4004 6030//4005 6032//4007
f 6037//4011 6032//4007 6035//4009
f 6031//4006 6029//4004 6037//4011
f 6029//4004 6032//4007 6037//4011
f 6011//3988 5980//3976 6017//3994
f 6040//4014 6017//3994 6019//3996
f 6012//3989 6011//3988 6040//4014
f 6011//3988 6017//3994 6040//4014
f 6041//4015 6019//3996 6023//4000
f 6033//4008 6023//4000 6026//150
f 6030//4005 6041//4015 6033//4008
f 6041//4015 6023//4000 6033//4008
f 6015//3992 6012//3989 6042//4016
f 6028//4003 6042//4016 6030//4005
f 6016//3993 6015//3992 6028//4003
f 6015//3992 6042//4016 6028//4003
f 6040//4014 6019//3996 6041//4015
f 6042//4016 6041//4015 6030//4005
f 6012//3989 6040//4014 6042//4016
f 6040//4014 6041//4015 6042//4016
f 6043//4017 3583//2254 6007//3984
f 6044//4018 6007//3984 6009//3986
f 6045//4019 6043//4017 6044//4018
f 6043//4017 6007//3984 6044//4018
f 6046//4020 6009//3986 6013//3990
f 6047//4021 6013//3990 6016//3993
f 6048//4022 6046//4020 6047//4021
f 6046//4020 6013//3990 6047//4021
f 6049//4023 6045//4019 6050//4024
f 6051//4025 6050//4024 6048//4022
f 6052//4026 6049//4023 6051//4025
f 6049//4023 6050//4024 6051//4025
f 6044//4018 6009//3986 6046//4020
f 6050//4024 6046//4020 6048//4022
f 6045//4019 6044//4018 6050//4024
f 6044//4018 6046//4020 6050//4024
f 6053//4002 6016//3993 6027//4002
f 6054//4006 6027//4002 6031//4006
f 6055//4006 6053//4002 6054//4006
f 6053//4002 6027//4002 6054//4006
f 6056//4010 6031//4006 6036//4010
f 6057//149 6036//4010 6039//4013
f 6058//149 6056//4010 6057//149
f 6056//4010 6036//4010 6057//149
f 6059//4010 6055//4006 6060//4010
f 6061//149 6060//4010 6058//149
f 6062//149 6059//4010 6061//149
f 6059//4010 6060//4010 6061//149
f 6054//4006 6031//4006 6056//4010
f 6060//4010 6056//4010 6058//149
f 6055//4006 6054//4006 6060//4010
f 6054//4006 6056//4010 6060//4010
f 6063//4002 6052//4026 6064//4002
f 6065//4006 6064//4002 6066//4006
f 6067//4006 6063//4002 6065//4006
f 6063//4002 6064//4002 6065//4006
f 6068//4010 6066//4006 6069//4010
f 6070//149 6069//4010 6062//149
f 6071//149 6068//4010 6070//149
f 6068//4010 6069//4010 6070//149
f 6072//4010 6067//4006 6073//4010
f 6074//149 6073//4010 6071//149
f 6075//4027 6072//4010 6074//149
f 6072//4010 6073//4010 6074//149
f 6065//4006 6066//4006 6068//4010
f 6073//4010 6068//4010 6071//149
f 6067//4006 6065//4006 6073//4010
f 6065//4006 6068//4010 6073//4010
f 6047//4021 6016//3993 6053//4002
f 6076//4002 6053//4002 6055//4006
f 6048//4022 6047//4021 6076//4002
f 6047//4021 6053//4002 6076//4002
f 6077//4006 6055//4006 6059//4010
f 6069//4010 6059//4010 6062//149
f 6066//4006 6077//4006 6069//4010
f 6077//4006 6059//4010 6069//4010
f 6051//4025 6048//4022 6078//4002
f 6064//4002 6078//4002 6066//4006
f 6052//4026 6051//4025 6064//4002
f 6051//4025 6078//4002 6064//4002
f 6076//4002 6055//4006 6077//4006
f 6078//4002 6077//4006 6066//4006
f 6048//4022 6076//4002 6078//4002
f 6076//4002 6077//4006 6078//4002
f 6079//4028 3583//2254 6043//4017
f 6080//4029 6043//4017 6045//4019
f 6081//4030 6079//4028 6080//4029
f 6079//4028 6043//4017 6080//4029
f 6082//4031 6045//4019 6049//4023
f 6083//4032 6049//4023 6052//4026
f 6084//4033 6082//4031 6083//4032
f 6082//4031 6049//4023 6083//4032
f 6085//4034 6081//4030 6086//4035
f 6087//4036 6086//4035 6084//4033
f 6088//4037 6085//4034 6087//4036
f 6085//4034 6086//4035 6087//4036
f 6080//4029 6045//4019 6082//4031
f 6086//4035 6082//4031 6084//4033
f 6081//4030 6080//4029 6086//4035
f 6080//4029 6082//4031 6086//4035
f 6089//4002 6052//4026 6063//4002
f 6090//4038 6063//4002 6067//4006
f 6091//4038 6089//4002 6090//4038
f 6089//4002 6063//4002 6090//4038
f 6092//4010 6067//4006 6072//4010
f 6093//4039 6072//4010 6075//4027
f 6094//4040 6092//4010 6093//4039
f 6092//4010 6072//4010 6093//4039
f 6095//4041 6091//4038 6096//4041
f 6097//4042 6096//4041 6094//4040
f 6098//4043 6095//4041 6097//4042
f 6095//4041 6096//4041 6097//4042
f 6090//4038 6067//4006 6092//4010
f 6096//4041 6092//4010 6094//4040
f 6091//4038 6090//4038 6096//4041
f 6090//4038 6092//4010 6096//4041
f 6099//4003 6088//4037 6100//4003
f 6101//4044 6100//4003 6102//4044
f 6103//4045 6099//4003 6101//4044
f 6099//4003 6100//4003 6101//4044
f 6104//4046 6102//4044 6105//4047
f 6106//4043 6105//4047 6098//4043
f 6107//4048 6104//4046 6106//4043
f 6104//4046 6105//4047 6106//4043
f 6108//4049 6103//4045 6109//4049
f 6110//4050 6109//4049 6107//4048
f 6111//4051 6108//4049 6110//4050
f 6108//4049 6109//4049 6110//4050
f 6101//4044 6102//4044 6104//4046
f 6109//4049 6104//4046 6107//4048
f 6103//4045 6101//4044 6109//4049
f 6101//4044 6104//4046 6109//4049
f 6083//4032 6052//4026 6089//4002
f 6112//4002 6089//4002 6091//4038
f 6084//4033 6083//4032 6112//4002
f 6083//4032 6089//4002 6112//4002
f 6113//4038 6091//4038 6095//4041
f 6105//4047 6095//4041 6098//4043
f 6102//4044 6113//4038 6105//4047
f 6113//4038 6095//4041 6105//4047
f 6087//4036 6084//4033 6114//4003
f 6100//4003 6114//4003 6102//4044
f 6088//4037 6087//4036 6100//4003
f 6087//4036 6114//4003 6100//4003
f 6112//4002 6091//4038 6113//4038
f 6114//4003 6113//4038 6102//4044
f 6084//4033 6112//4002 6114//4003
f 6112//4002 6113//4038 6114//4003
f 6115//4052 3583//2254 6079//4028
f 6116//4053 6079//4028 6081//4030
f 6117//4054 6115//4052 6116//4053
f 6115//4052 6079//4028 6116//4053
f 6118//4055 6081//4030 6085//4034
f 6119//4056 6085//4034 6088//4037
f 6120//4057 6118//4055 6119//4056
f 6118//4055 6085//4034 6119//4056
f 6121//4058 6117//4054 6122//4059
f 6123//4057 6122//4059 6120//4057
f 6124//4057 6121//4058 6123//4057
f 6121//4058 6122//4059 6123//4057
f 6116//4053 6081//4030 6118//4055
f 6122//4059 6118//4055 6120//4057
f 6117//4054 6116//4053 6122//4059
f 6116//4053 6118//4055 6122//4059
f 6125//4060 6088//4037 6099//4003
f 6126//4061 6099//4003 6103//4045
f 6127//4061 6125//4060 6126//4061
f 6125//4060 6099//4003 6126//4061
f 6128//4062 6103//4045 6108//4049
f 6129//149 6108//4049 6111//4051
f 6130//149 6128//4062 6129//149
f 6128//4062 6108//4049 6129//149
f 6131//4062 6127//4061 6132//4062
f 6133//149 6132//4062 6130//149
f 6134//149 6131//4062 6133//149
f 6131//4062 6132//4062 6133//149
f 6126//4061 6103//4045 6128//4062
f 6132//4062 6128//4062 6130//149
f 6127//4061 6126//4061 6132//4062
f 6126//4061 6128//4062 6132//4062
f 6135//4063 6124//4057 6136//4063
f 6137//4061 6136//4063 6138//4061
f 6139//4061 6135//4063 6137//4061
f 6135//4063 6136//4063 6137//4061
f 6140//4062 6138//4061 6141//4062
f 6142//2 6141//4062 6134//149
f 6143//2 6140//4062 6142//2
f 6140//4062 6141//4062 6142//2
f 6144//4062 6139//4061 6145//4062
f 6146//2 6145//4062 6143//2
f 6147//4064 6144//4062 6146//2
f 6144//4062 6145//4062 6146//2
f 6137//4061 6138//4061 6140//4062
f 6145//4062 6140//4062 6143//2
f 6139//4061 6137//4061 6145//4062
f 6137//4061 6140//4062 6145//4062
f 6119//4056 6088//4037 6125//4060
f 6148//4063 6125//4060 6127//4061
f 6120//4057 6119//4056 6148//4063
f 6119//4056 6125//4060 6148//4063
f 6149//4061 6127//4061 6131//4062
f 6141//4062 6131//4062 6134//149
f 6138//4061 6149//4061 6141//4062
f 6149//4061 6131//4062 6141//4062
f 6123//4057 6120//4057 6150//4063
f 6136//4063 6150//4063 6138//4061
f 6124//4057 6123//4057 6136//4063
f 6123//4057 6150//4063 6136//4063
f 6148//4063 6127//4061 6149//4061
f 6150//4063 6149//4061 6138//4061
f 6120//4057 6148//4063 6150//4063
f 6148//4063 6149//4061 6150//4063
f 6151//4065 3583//2254 6115//4052
f 6152//4066 6115//4052 6117//4054
f 6153//4067 6151//4065 6152//4066
f 6151//4065 6115//4052 6152//4066
f 6154//4068 6117//4054 6121//4058
f 6155//4069 6121//4058 6124//4057
f 6156//4070 6154//4068 6155//4069
f 6154//4068 6121//4058 6155//4069
f 6157//4071 6153//4067 6158//4072
f 6159//4073 6158//4072 6156//4070
f 6160//4074 6157//4071 6159//4073
f 6157//4071 6158//4072 6159//4073
f 6152//4066 6117//4054 6154//4068
f 6158//4072 6154//4068 6156//4070
f 6153//4067 6152//4066 6158//4072
f 6152//4066 6154//4068 6158//4072
f 6161//4075 6124//4057 6135//4063
f 6162//4076 6135//4063 6139//4061
f 6163//4077 6161//4075 6162//4076
f 6161//4075 6135//4063 6162//4076
f 6164//4078 6139//4061 6144//4062
f 6165//149 6144//4062 6147//4064
f 6166//149 6164//4078 6165//149
f 6164//4078 6144//4062 6165//149
f 6167//4079 6163//4077 6168//4079
f 6169//150 6168//4079 6166//149
f 6170//149 6167//4079 6169//150
f 6167//4079 6168//4079 6169//150
f 6162//4076 6139//4061 6164//4078
f 6168//4079 6164//4078 6166//149
f 6163//4077 6162//4076 6168//4079
f 6162//4076 6164//4078 6168//4079
f 6171//4080 6160//4074 6172//4081
f 6173//4082 6172//4081 6174//4082
f 6175//4082 6171//4080 6173//4082
f 6171//4080 6172//4081 6173//4082
f 6176//4079 6174//4082 6177//4079
f 6178//149 6177//4079 6170//149
f 6179//2 6176//4079 6178//149
f 6176//4079 6177//4079 6178//149
f 6180//4079 6175//4082 6181//4079
f 6182//149 6181//4079 6179//2
f 6183//4083 6180//4079 6182//149
f 6180//4079 6181//4079 6182//149
f 6173//4082 6174//4082 6176//4079
f 6181//4079 6176//4079 6179//2
f 6175//4082 6173//4082 6181//4079
f 6173//4082 6176//4079 6181//4079
f 6155//4069 6124//4057 6161//4075
f 6184//4084 6161//4075 6163//4077
f 6156//4070 6155//4069 6184//4084
f 6155//4069 6161//4075 6184//4084
f 6185//4085 6163//4077 6167//4079
f 6177//4079 6167//4079 6170//149
f 6174//4082 6185//4085 6177//4079
f 6185//4085 6167//4079 6177//4079
f 6159//4073 6156//4070 6186//4086
f 6172//4081 6186//4086 6174//4082
f 6160//4074 6159//4073 6172//4081
f 6159//4073 6186//4086 6172//4081
f 6184//4084 6163//4077 6185//4085
f 6186//4086 6185//4085 6174//4082
f 6156//4070 6184//4084 6186//4086
f 6184//4084 6185//4085 6186//4086
f 6187//4087 3583//2254 6151//4065
f 6188//4088 6151//4065 6153//4067
f 6189//4089 6187//4087 6188//4088
f 6187//4087 6151//4065 6188//4088
f 6190//4090 6153//4067 6157//4071
f 6191//4091 6157//4071 6160//4074
f 6192//4092 6190//4090 6191//4091
f 6190//4090 6157//4071 6191//4091
f 6193//4093 6189//4089 6194//4094
f 6195//4095 6194//4094 6192//4092
f 6196//4096 6193//4093 6195//4095
f 6193//4093 6194//4094 6195//4095
f 6188//4088 6153//4067 6190//4090
f 6194//4094 6190//4090 6192//4092
f 6189//4089 6188//4088 6194//4094
f 6188//4088 6190//4090 6194//4094
f 6197//4097 6160//4074 6171//4080
f 6198//4098 6171//4080 6175//4082
f 6199//4099 6197//4097 6198//4098
f 6197//4097 6171//4080 6198//4098
f 6200//4100 6175//4082 6180//4079
f 6201//402 6180//4079 6183//4083
f 6202//402 6200//4100 6201//402
f 6200//4100 6180//4079 6201//402
f 6203//4101 6199//4099 6204//4102
f 6205//402 6204//4102 6202//402
f 6206//149 6203//4101 6205//402
f 6203//4101 6204//4102 6205//402
f 6198//4098 6175//4082 6200//4100
f 6204//4102 6200//4100 6202//402
f 6199//4099 6198//4098 6204//4102
f 6198//4098 6200//4100 6204//4102
f 6207//4103 6196//4096 6208//4104
f 6209//4105 6208//4104 6210//4106
f 6211//4107 6207//4103 6209//4105
f 6207//4103 6208//4104 6209//4105
f 6212//4101 6210//4106 6213//4101
f 6214//150 6213//4101 6206//149
f 6215//150 6212//4101 6214//150
f 6212//4101 6213//4101 6214//150
f 6216//4101 6211//4107 6217//4101
f 6218//150 6217//4101 6215//150
f 6219//4108 6216//4101 6218//150
f 6216//4101 6217//4101 6218//150
f 6209//4105 6210//4106 6212//4101
f 6217//4101 6212//4101 6215//150
f 6211//4107 6209//4105 6217//4101
f 6209//4105 6212//4101 6217//4101
f 6191//4091 6160//4074 6197//4097
f 6220//4109 6197//4097 6199//4099
f 6192//4092 6191//4091 6220//4109
f 6191//4091 6197//4097 6220//4109
f 6221//4110 6199//4099 6203//4101
f 6213//4101 6203//4101 6206//149
f 6210//4106 6221//4110 6213//4101
f 6221//4110 6203//4101 6213//4101
f 6195//4095 6192//4092 6222//4111
f 6208//4104 6222//4111 6210//4106
f 6196//4096 6195//4095 6208//4104
f 6195//4095 6222//4111 6208//4104
f 6220//4109 6199//4099 6221//4110
f 6222//4111 6221//4110 6210//4106
f 6192//4092 6220//4109 6222//4111
f 6220//4109 6221//4110 6222//4111
f 6223//4112 3583//2254 6187//4087
f 6224//4113 6187//4087 6189//4089
f 6225//4114 6223//4112 6224//4113
f 6223//4112 6187//4087 6224//4113
f 6226//4115 6189//4089 6193//4093
f 6227//4116 6193//4093 6196//4096
f 6228//4117 6226//4115 6227//4116
f 6226//4115 6193//4093 6227//4116
f 6229//4118 6225//4114 6230//4119
f 6231//4120 6230//4119 6228//4117
f 6232//4121 6229//4118 6231//4120
f 6229//4118 6230//4119 6231//4120
f 6224//4113 6189//4089 6226//4115
f 6230//4119 6226//4115 6228//4117
f 6225//4114 6224//4113 6230//4119
f 6224//4113 6226//4115 6230//4119
f 6233//4122 6196//4096 6207//4103
f 6234//4123 6207//4103 6211//4107
f 6235//4124 6233//4122 6234//4123
f 6233//4122 6207//4103 6234//4123
f 6236//4125 6211//4107 6216//4101
f 6237//149 6216//4101 6219//4108
f 6238//149 6236//4125 6237//149
f 6236//4125 6216//4101 6237//149
f 6239//4126 6235//4124 6240//4127
f 6241//149 6240//4127 6238//149
f 6242//149 6239//4126 6241//149
f 6239//4126 6240//4127 6241//149
f 6234//4123 6211//4107 6236//4125
f 6240//4127 6236//4125 6238//149
f 6235//4124 6234//4123 6240//4127
f 6234//4123 6236//4125 6240//4127
f 6243//4128 6232//4121 6244//4129
f 6245//4130 6244//4129 6246//4131
f 6247//4132 6243//4128 6245//4130
f 6243//4128 6244//4129 6245//4130
f 6248//4133 6246//4131 6249//4133
f 6250//149 6249//4133 6242//149
f 6251//149 6248//4133 6250//149
f 6248//4133 6249//4133 6250//149
f 6252//4133 6247//4132 6253//4133
f 6254//149 6253//4133 6251//149
f 6255//4134 6252//4133 6254//149
f 6252//4133 6253//4133 6254//149
f 6245//4130 6246//4131 6248//4133
f 6253//4133 6248//4133 6251//149
f 6247//4132 6245//4130 6253//4133
f 6245//4130 6248//4133 6253//4133
f 6227//4116 6196//4096 6233//4122
f 6256//4135 6233//4122 6235//4124
f 6228//4117 6227//4116 6256//4135
f 6227//4116 6233//4122 6256//4135
f 6257//4136 6235//4124 6239//4126
f 6249//4133 6239//4126 6242//149
f 6246//4131 6257//4136 6249//4133
f 6257//4136 6239//4126 6249//4133
f 6231//4120 6228//4117 6258//4137
f 6244//4129 6258//4137 6246//4131
f 6232//4121 6231//4120 6244//4129
f 6231//4120 6258//4137 6244//4129
f 6256//4135 6235//4124 6257//4136
f 6258//4137 6257//4136 6246//4131
f 6228//4117 6256//4135 6258//4137
f 6256//4135 6257//4136 6258//4137
f 6259//4138 3583//2254 6223//4112
f 6260//4139 6223//4112 6225//4114
f 6261//4140 6259//4138 6260//4139
f 6259//4138 6223//4112 6260//4139
f 6262//4141 6225//4114 6229//4118
f 6263//4142 6229//4118 6232//4121
f 6264//4143 6262//4141 6263//4142
f 6262//4141 6229//4118 6263//4142
f 6265//4144 6261//4140 6266//4145
f 6267//4146 6266//4145 6264//4143
f 6268//4147 6265//4144 6267//4146
f 6265//4144 6266//4145 6267//4146
f 6260//4139 6225//4114 6262//4141
f 6266//4145 6262//4141 6264//4143
f 6261//4140 6260//4139 6266//4145
f 6260//4139 6262//4141 6266//4145
f 6269//4148 6232//4121 6243//4128
f 6270//4149 6243//4128 6247//4132
f 6271//4150 6269//4148 6270//4149
f 6269//4148 6243//4128 6270//4149
f 6272//4151 6247//4132 6252//4133
f 6273//149 6252//4133 6255//4134
f 6274//402 6272//4151 6273//149
f 6272//4151 6252//4133 6273//149
f 6275//4152 6271//4150 6276//4153
f 6277//402 6276//4153 6274//402
f 6278//402 6275//4152 6277//402
f 6275//4152 6276//4153 6277//402
f 6270//4149 6247//4132 6272//4151
f 6276//4153 6272//4151 6274//402
f 6271//4150 6270//4149 6276//4153
f 6270//4149 6272//4151 6276//4153
f 6279//4154 6268//4147 6280//4155
f 6281//4156 6280//4155 6282//4157
f 6283//4158 6279//4154 6281//4156
f 6279//4154 6280//4155 6281//4156
f 6284//4159 6282//4157 6285//4160
f 6286//402 6285//4160 6278//402
f 6287//402 6284//4159 6286//402
f 6284//4159 6285//4160 6286//402
f 6288//4159 6283//4158 6289//4159
f 6290//402 6289//4159 6287//402
f 6291//4161 6288//4159 6290//402
f 6288//4159 6289//4159 6290//402
f 6281//4156 6282//4157 6284//4159
f 6289//4159 6284//4159 6287//402
f 6283//4158 6281//4156 6289//4159
f 6281//4156 6284//4159 6289//4159
f 6263//4142 6232//4121 6269//4148
f 6292//4162 6269//4148 6271//4150
f 6264//4143 6263//4142 6292//4162
f 6263//4142 6269//4148 6292//4162
f 6293//4163 6271//4150 6275//4152
f 6285//4160 6275//4152 6278//402
f 6282//4157 6293//4163 6285//4160
f 6293//4163 6275//4152 6285//4160
f 6267//4146 6264//4143 6294//4164
f 6280//4155 6294//4164 6282//4157
f 6268//4147 6267//4146 6280//4155
f 6267//4146 6294//4164 6280//4155
f 6292//4162 6271//4150 6293//4163
f 6294//4164 6293//4163 6282//4157
f 6264//4143 6292//4162 6294//4164
f 6292//4162 6293//4163 6294//4164
f 6295//4165 3583//2254 6259//4138
f 6296//4166 6259//4138 6261//4140
f 6297//4167 6295//4165 6296//4166
f 6295//4165 6259//4138 6296//4166
f 6298//4168 6261//4140 6265//4144
f 6299//4169 6265//4144 6268//4147
f 6300//4170 6298//4168 6299//4169
f 6298//4168 6265//4144 6299//4169
f 6301//4171 6297//4167 6302//4172
f 6303//4173 6302//4172 6300//4170
f 6304//4174 6301//4171 6303//4173
f 6301//4171 6302//4172 6303//4173
f 6296//4166 6261//4140 6298//4168
f 6302//4172 6298//4168 6300//4170
f 6297//4167 6296//4166 6302//4172
f 6296//4166 6298//4168 6302//4172
f 6305//4175 6268//4147 6279//4154
f 6306//4176 6279//4154 6283//4158
f 6307//4177 6305//4175 6306//4176
f 6305//4175 6279//4154 6306//4176
f 6308//4178 6283//4158 6288//4159
f 6309//150 6288//4159 6291//4161
f 6310//150 6308//4178 6309//150
f 6308//4178 6288//4159 6309//150
f 6311//4179 6307//4177 6312//4180
f 6313//149 6312//4180 6310//150
f 6314//149 6311//4179 6313//149
f 6311//4179 6312//4180 6313//149
f 6306//4176 6283//4158 6308//4178
f 6312//4180 6308//4178 6310//150
f 6307//4177 6306//4176 6312//4180
f 6306//4176 6308//4178 6312//4180
f 6315//4181 6304//4174 6316//4182
f 6317//4183 6316//4182 6318//4184
f 6319//4185 6315//4181 6317//4183
f 6315//4181 6316//4182 6317//4183
f 6320//4186 6318//4184 6321//4187
f 6322//150 6321//4187 6314//149
f 6323//402 6320//4186 6322//150
f 6320//4186 6321//4187 6322//150
f 6324//4186 6319//4185 6325//4186
f 6326//149 6325//4186 6323//402
f 6327//4188 6324//4186 6326//149
f 6324//4186 6325//4186 6326//149
f 6317//4183 6318//4184 6320//4186
f 6325//4186 6320//4186 6323//402
f 6319//4185 6317//4183 6325//4186
f 6317//4183 6320//4186 6325//4186
f 6299//4169 6268//4147 6305//4175
f 6328//4189 6305//4175 6307//4177
f 6300//4170 6299//4169 6328//4189
f 6299//4169 6305//4175 6328//4189
f 6329//4190 6307//4177 6311//4179
f 6321//4187 6311//4179 6314//149
f 6318//4184 6329//4190 6321//4187
f 6329//4190 6311//4179 6321//4187
f 6303//4173 6300//4170 6330//4191
f 6316//4182 6330//4191 6318//4184
f 6304//4174 6303//4173 6316//4182
f 6303//4173 6330//4191 6316//4182
f 6328//4189 6307//4177 6329//4190
f 6330//4191 6329//4190 6318//4184
f 6300//4170 6328//4189 6330//4191
f 6328//4189 6329//4190 6330//4191
f 6331//4192 3583//2254 6295//4165
f 6332//4193 6295//4165 6297//4167
f 6333//4194 6331//4192 6332//4193
f 6331//4192 6295//4165 6332//4193
f 6334//4195 6297//4167 6301//4171
f 6335//4196 6301//4171 6304//4174
f 6336//4197 6334//4195 6335//4196
f 6334//4195 6301//4171 6335//4196
f 6337//4198 6333//4194 6338//4199
f 6339//4200 6338//4199 6336//4197
f 6340//4201 6337//4198 6339//4200
f 6337//4198 6338//4199 6339//4200
f 6332//4193 6297//4167 6334//4195
f 6338//4199 6334//4195 6336//4197
f 6333//4194 6332//4193 6338//4199
f 6332//4193 6334//4195 6338//4199
f 6341//4202 6304//4174 6315//4181
f 6342//4203 6315//4181 6319//4185
f 6343//4204 6341//4202 6342//4203
f 6341//4202 6315//4181 6342//4203
f 6344//4205 6319//4185 6324//4186
f 6345//149 6324//4186 6327//4188
f 6346//150 6344//4205 6345//149
f 6344//4205 6324//4186 6345//149
f 6347//4206 6343//4204 6348//4207
f 6349//150 6348//4207 6346//150
f 6350//150 6347//4206 6349//150
f 6347//4206 6348//4207 6349//150
f 6342//4203 6319//4185 6344//4205
f 6348//4207 6344//4205 6346//150
f 6343//4204 6342//4203 6348//4207
f 6342//4203 6344//4205 6348//4207
f 6351//4208 6340//4201 6352//4209
f 6353//4210 6352//4209 6354//4211
f 6355//4212 6351//4208 6353//4210
f 6351//4208 6352//4209 6353//4210
f 6356//4213 6354//4211 6357//4214
f 6358//150 6357//4214 6350//150
f 6359//150 6356//4213 6358//150
f 6356//4213 6357//4214 6358//150
f 6360//4213 6355//4212 6361//4213
f 6362//150 6361//4213 6359//150
f 6363//4215 6360//4213 6362//150
f 6360//4213 6361//4213 6362//150
f 6353//4210 6354//4211 6356//4213
f 6361//4213 6356//4213 6359//150
f 6355//4212 6353//4210 6361//4213
f 6353//4210 6356//4213 6361//4213
f 6335//4196 6304//4174 6341//4202
f 6364//4216 6341//4202 6343//4204
f 6336//4197 6335//4196 6364//4216
f 6335//4196 6341//4202 6364//4216
f 6365//4217 6343//4204 6347//4206
f 6357//4214 6347//4206 6350//150
f 6354//4211 6365//4217 6357//4214
f 6365//4217 6347//4206 6357//4214
f 6339//4200 6336//4197 6366//4218
f 6352//4209 6366//4218 6354//4211
f 6340//4201 6339//4200 6352//4209
f 6339//4200 6366//4218 6352//4209
f 6364//4216 6343//4204 6365//4217
f 6366//4218 6365//4217 6354//4211
f 6336//4197 6364//4216 6366//4218
f 6364//4216 6365//4217 6366//4218
f 6367//4219 3583//2254 6331//4192
f 6368//4220 6331//4192 6333//4194
f 6369//4221 6367//4219 6368//4220
f 6367//4219 6331//4192 6368//4220
f 6370//4222 6333//4194 6337//4198
f 6371//4223 6337//4198 6340//4201
f 6372//4224 6370//4222 6371//4223
f 6370//4222 6337//4198 6371//4223
f 6373//4225 6369//4221 6374//4226
f 6375//4227 6374//4226 6372//4224
f 6376//4228 6373//4225 6375//4227
f 6373//4225 6374//4226 6375//4227
f 6368//4220 6333//4194 6370//4222
f 6374//4226 6370//4222 6372//4224
f 6369//4221 6368//4220 6374//4226
f 6368//4220 6370//4222 6374//4226
f 6377//4229 6340//4201 6351//4208
f 6378//4230 6351//4208 6355//4212
f 6379//4231 6377//4229 6378//4230
f 6377//4229 6351//4208 6378//4230
f 6380//4232 6355//4212 6360//4213
f 6381//402 6360//4213 6363//4215
f 6382//402 6380//4232 6381//402
f 6380//4232 6360//4213 6381//402
f 6383//4233 6379//4231 6384//4234
f 6385//149 6384//4234 6382//402
f 6386//150 6383//4233 6385//149
f 6383//4233 6384//4234 6385//149
f 6378//4230 6355//4212 6380//4232
f 6384//4234 6380//4232 6382//402
f 6379//4231 6378//4230 6384//4234
f 6378//4230 6380//4232 6384//4234
f 6387//4235 6376//4228 6388//4236
f 6389//4237 6388//4236 6390//4238
f 6391//4239 6387//4235 6389//4237
f 6387//4235 6388//4236 6389//4237
f 6392//4240 6390//4238 6393//4241
f 6394//150 6393//4241 6386//150
f 6395//150 6392//4240 6394//150
f 6392//4240 6393//4241 6394//150
f 6396//4242 6391//4239 6397//4243
f 6398//402 6397//4243 6395//150
f 6399//4244 6396//4242 6398//402
f 6396//4242 6397//4243 6398//402
f 6389//4237 6390//4238 6392//4240
f 6397//4243 6392//4240 6395//150
f 6391//4239 6389//4237 6397//4243
f 6389//4237 6392//4240 6397//4243
f 6371//4223 6340//4201 6377//4229
f 6400//4245 6377//4229 6379//4231
f 6372//4224 6371//4223 6400//4245
f 6371//4223 6377//4229 6400//4245
f 6401//4246 6379//4231 6383//4233
f 6393//4241 6383//4233 6386//150
f 6390//4238 6401//4246 6393//4241
f 6401//4246 6383//4233 6393//4241
f 6375//4227 6372//4224 6402//4247
f 6388//4236 6402//4247 6390//4238
f 6376//4228 6375//4227 6388//4236
f 6375//4227 6402//4247 6388//4236
f 6400//4245 6379//4231 6401//4246
f 6402//4247 6401//4246 6390//4238
f 6372//4224 6400//4245 6402//4247
f 6400//4245 6401//4246 6402//4247
f 6403//4248 3583//2254 6367//4219
f 6404//4249 6367//4219 6369//4221
f 6405//4250 6403//4248 6404//4249
f 6403//4248 6367//4219 6404//4249
f 6406//4251 6369//4221 6373//4225
f 6407//4252 6373//4225 6376//4228
f 6408//4253 6406//4251 6407//4252
f 6406//4251 6373//4225 6407//4252
f 6409//4254 6405//4250 6410//4255
f 6411//4256 6410//4255 6408//4253
f 6412//4257 6409//4254 6411//4256
f 6409//4254 6410//4255 6411//4256
f 6404//4249 6369//4221 6406//4251
f 6410//4255 6406//4251 6408//4253
f 6405//4250 6404//4249 6410//4255
f 6404//4249 6406//4251 6410//4255
f 6413//4258 6376//4228 6387//4235
f 6414//4259 6387//4235 6391//4239
f 6415//4260 6413//4258 6414//4259
f 6413//4258 6387//4235 6414//4259
f 6416//4261 6391//4239 6396//4242
f 6417//149 6396//4242 6399//4244
f 6418//402 6416//4261 6417//149
f 6416//4261 6396//4242 6417//149
f 6419//4262 6415//4260 6420//4263
f 6421//402 6420//4263 6418//402
f 6422//402 6419//4262 6421//402
f 6419//4262 6420//4263 6421//402
f 6414//4259 6391//4239 6416//4261
f 6420//4263 6416//4261 6418//402
f 6415//4260 6414//4259 6420//4263
f 6414//4259 6416//4261 6420//4263
f 6423//4264 6412//4257 6424//4265
f 6425//4266 6424//4265 6426//4267
f 6427//4268 6423//4264 6425//4266
f 6423//4264 6424//4265 6425//4266
f 6428//4269 6426//4267 6429//4270
f 6430//402 6429//4270 6422//402
f 6431//402 6428//4269 6430//402
f 6428//4269 6429//4270 6430//402
f 6432//4271 6427//4268 6433//4272
f 6434//150 6433//4272 6431//402
f 6435//4273 6432//4271 6434//150
f 6432//4271 6433//4272 6434//150
f 6425//4266 6426//4267 6428//4269
f 6433//4272 6428//4269 6431//402
f 6427//4268 6425//4266 6433//4272
f 6425//4266 6428//4269 6433//4272
f 6407//4252 6376//4228 6413//4258
f 6436//4274 6413//4258 6415//4260
f 6408//4253 6407//4252 6436//4274
f 6407//4252 6413//4258 6436//4274
f 6437//4275 6415//4260 6419//4262
f 6429//4270 6419//4262 6422//402
f 6426//4267 6437//4275 6429//4270
f 6437//4275 6419//4262 6429//4270
f 6411//4256 6408//4253 6438//4276
f 6424//4265 6438//4276 6426//4267
f 6412//4257 6411//4256 6424//4265
f 6411//4256 6438//4276 6424//4265
f 6436//4274 6415//4260 6437//4275
f 6438//4276 6437//4275 6426//4267
f 6408//4253 6436//4274 6438//4276
f 6436//4274 6437//4275 6438//4276
f 6439//4277 3583//2254 6403//4248
f 6440//4278 6403//4248 6405//4250
f 6441//4279 6439//4277 6440//4278
f 6439//4277 6403//4248 6440//4278
f 6442//4280 6405//4250 6409//4254
f 6443//4281 6409//4254 6412//4257
f 6444//4282 6442//4280 6443//4281
f 6442//4280 6409//4254 6443//4281
f 6445//4283 6441//4279 6446//4284
f 6447//4285 6446//4284 6444//4282
f 6448//4286 6445//4283 6447//4285
f 6445//4283 6446//4284 6447//4285
f 6440//4278 6405//4250 6442//4280
f 6446//4284 6442//4280 6444//4282
f 6441//4279 6440//4278 6446//4284
f 6440//4278 6442//4280 6446//4284
f 6449//4245 6412//4257 6423//4264
f 6450//4287 6423//4264 6427//4268
f 6451//4288 6449//4245 6450//4287
f 6449//4245 6423//4264 6450//4287
f 6452//4289 6427//4268 6432//4271
f 6453//150 6432//4271 6435//4273
f 6454//149 6452//4289 6453//150
f 6452//4289 6432//4271 6453//150
f 6455//4290 6451//4288 6456//4291
f 6457//149 6456//4291 6454//149
f 6458//149 6455//4290 6457//149
f 6455//4290 6456//4291 6457//149
f 6450//4287 6427//4268 6452//4289
f 6456//4291 6452//4289 6454//149
f 6451//4288 6450//4287 6456//4291
f 6450//4287 6452//4289 6456//4291
f 6459//4292 6448//4286 6460//4293
f 6461//4294 6460//4293 6462//4295
f 6463//4296 6459//4292 6461//4294
f 6459//4292 6460//4293 6461//4294
f 6464//4297 6462//4295 6465//4298
f 6466//149 6465//4298 6458//149
f 6467//149 6464//4297 6466//149
f 6464//4297 6465//4298 6466//149
f 6468//4299 6463//4296 6469//4300
f 6470//149 6469//4300 6467//149
f 6471//4301 6468//4299 6470//149
f 6468//4299 6469//4300 6470//149
f 6461//4294 6462//4295 6464//4297
f 6469//4300 6464//4297 6467//149
f 6463//4296 6461//4294 6469//4300
f 6461//4294 6464//4297 6469//4300
f 6443//4281 6412//4257 6449//4245
f 6472//4302 6449//4245 6451//4288
f 6444//4282 6443//4281 6472//4302
f 6443//4281 6449//4245 6472//4302
f 6473//4303 6451//4288 6455//4290
f 6465//4298 6455//4290 6458//149
f 6462//4295 6473//4303 6465//4298
f 6473//4303 6455//4290 6465//4298
f 6447//4285 6444//4282 6474//4304
f 6460//4293 6474//4304 6462//4295
f 6448//4286 6447//4285 6460//4293
f 6447//4285 6474//4304 6460//4293
f 6472//4302 6451//4288 6473//4303
f 6474//4304 6473//4303 6462//4295
f 6444//4282 6472//4302 6474//4304
f 6472//4302 6473//4303 6474//4304
f 6475//4305 3583//2254 6439//4277
f 6476//4306 6439//4277 6441//4279
f 6477//4307 6475//4305 6476//4306
f 6475//4305 6439//4277 6476//4306
f 6478//4308 6441//4279 6445//4283
f 6479//4309 6445//4283 6448//4286
f 6480//4310 6478//4308 6479//4309
f 6478//4308 6445//4283 6479//4309
f 6481//4311 6477//4307 6482//4312
f 6483//4313 6482//4312 6480//4310
f 6484//4314 6481//4311 6483//4313
f 6481//4311 6482//4312 6483//4313
f 6476//4306 6441//4279 6478//4308
f 6482//4312 6478//4308 6480//4310
f 6477//4307 6476//4306 6482//4312
f 6476//4306 6478//4308 6482//4312
f 6485//4315 6448//4286 6459//4292
f 6486//4316 6459//4292 6463//4296
f 6487//4317 6485//4315 6486//4316
f 6485//4315 6459//4292 6486//4316
f 6488//4318 6463//4296 6468//4299
f 6489//149 6468//4299 6471//4301
f 6490//149 6488//4318 6489//149
f 6488//4318 6468//4299 6489//149
f 6491//4319 6487//4317 6492//4320
f 6493//150 6492//4320 6490//149
f 6494//149 6491//4319 6493//150
f 6491//4319 6492//4320 6493//150
f 6486//4316 6463//4296 6488//4318
f 6492//4320 6488//4318 6490//149
f 6487//4317 6486//4316 6492//4320
f 6486//4316 6488//4318 6492//4320
f 6495//4321 6484//4314 6496//4322
f 6497//4323 6496//4322 6498//4324
f 6499//4325 6495//4321 6497//4323
f 6495//4321 6496//4322 6497//4323
f 6500//4326 6498//4324 6501//4327
f 6502//149 6501//4327 6494//149
f 6503//2 6500//4326 6502//149
f 6500//4326 6501//4327 6502//149
f 6504//4328 6499//4325 6505//4329
f 6506//2 6505//4329 6503//2
f 6507//4330 6504//4328 6506//2
f 6504//4328 6505//4329 6506//2
f 6497//4323 6498//4324 6500//4326
f 6505//4329 6500//4326 6503//2
f 6499//4325 6497//4323 6505//4329
f 6497//4323 6500//4326 6505//4329
f 6479//4309 6448//4286 6485//4315
f 6508//4331 6485//4315 6487//4317
f 6480//4310 6479//4309 6508//4331
f 6479//4309 6485//4315 6508//4331
f 6509//4332 6487//4317 6491//4319
f 6501//4327 6491//4319 6494//149
f 6498//4324 6509//4332 6501//4327
f 6509//4332 6491//4319 6501//4327
f 6483//4313 6480//4310 6510//4333
f 6496//4322 6510//4333 6498//4324
f 6484//4314 6483//4313 6496//4322
f 6483//4313 6510//4333 6496//4322
f 6508//4331 6487//4317 6509//4332
f 6510//4333 6509//4332 6498//4324
f 6480//4310 6508//4331 6510//4333
f 6508//4331 6509//4332 6510//4333
f 6511//4334 2644//1555 3551//2229
f 3551//2229 6512//4335 3553//2231
f 6511//4334 6513//4336 6512//4335
f 6511//4334 3551//2229 6512//4335
f 6514//4337 3553//2231 3557//2235
f 3557//2235 6515//4338 3560//2238
f 6516//4339 6514//4337 6515//4338
f 6514//4337 3557//2235 6515//4338
f 6513//4336 6518//4341 6517//4340
f 6519//4342 6517//4340 6516//4339
f 6518//4341 6520//4343 6519//4342
f 6518//4341 6517//4340 6519//4342
f 3553//2231 6512//4335 6514//4337
f 6514//4337 6517//4340 6516//4339
f 6513//4336 6512//4335 6517//4340
f 6512//4335 6514//4337 6517//4340
f 6521//4344 3560//2238 3571//2245
f 6522//4345 3571//2245 3575//2249
f 6523//4346 6521//4344 6522//4345
f 6521//4344 3571//2245 6522//4345
f 6524//4347 3575//2249 3580//2252
f 6475//4305 3580//2252 3583//2254
f 6477//4307 6524//4347 6475//4305
f 3580//2252 6524//4347 6475//4305
f 6525//4348 6523//4346 6526//4349
f 6481//4311 6526//4349 6477//4307
f 6484//4314 6525//4348 6481//4311
f 6525//4348 6526//4349 6481//4311
f 6522//4345 3575//2249 6524//4347
f 6526//4349 6524//4347 6477//4307
f 6523//4346 6522//4345 6526//4349
f 6522//4345 6524//4347 6526//4349
f 6520//4343 6528//4351 6527//4350
f 6529//4352 6527//4350 6530//4353
f 6531//4354 6528//4351 6529//4352
f 6527//4350 6528//4351 6529//4352
f 6530//4353 6533//4356 6532//4355
f 6495//4321 6532//4355 6484//4314
f 6533//4356 6499//4325 6495//4321
f 6533//4356 6532//4355 6495//4321
f 6534//4357 6531//4354 6535//4358
f 6535//4358 6504//4328 6499//4325
f 6507//4330 6534//4357 6504//4328
f 6535//4358 6534//4357 6504//4328
f 6529//4352 6530//4353 6533//4356
f 6535//4358 6533//4356 6499//4325
f 6529//4352 6531//4354 6535//4358
f 6529//4352 6533//4356 6535//4358
f 6515//4338 3560//2238 6521//4344
f 6536//4359 6521//4344 6523//4346
f 6516//4339 6515//4338 6536//4359
f 6515//4338 6521//4344 6536//4359
f 6537//4360 6523//4346 6525//4348
f 6532//4355 6525//4348 6484//4314
f 6530//4353 6537//4360 6532//4355
f 6537//4360 6525//4348 6532//4355
f 6516//4339 6519//4342 6538//4361
f 6538//4361 6527//4350 6530//4353
f 6519//4342 6520//4343 6527//4350
f 6519//4342 6538//4361 6527//4350
f 6536//4359 6523//4346 6537//4360
f 6537//4360 6538//4361 6530//4353
f 6536//4359 6516//4339 6538//4361
f 6536//4359 6537//4360 6538//4361
f 6539//4362 2644//1555 6511//4334
f 6540//4363 6511//4334 6513//4336
f 6541//4364 6539//4362 6540//4363
f 6539//4362 6511//4334 6540//4363
f 6542//4365 6513//4336 6518//4341
f 6543//4366 6518//4341 6520//4343
f 6544//4367 6542//4365 6543//4366
f 6542//4365 6518//4341 6543//4366
f 6545//4368 6541//4364 6546//4369
f 6547//4370 6546//4369 6544//4367
f 6548//4371 6545//4368 6547//4370
f 6545//4368 6546//4369 6547//4370
f 6540//4363 6513//4336 6542//4365
f 6546//4369 6542//4365 6544//4367
f 6541//4364 6540//4363 6546//4369
f 6540//4363 6542//4365 6546//4369
f 6549//4372 6520//4343 6528//4351
f 6550//4373 6528//4351 6531//4354
f 6551//4374 6549//4372 6550//4373
f 6549//4372 6528//4351 6550//4373
f 6552//4375 6531//4354 6534//4357
f 6553//149 6534//4357 6507//4330
f 6554//149 6552//4375 6553//149
f 6552//4375 6534//4357 6553//149
f 6555//4376 6551//4374 6556//4377
f 6557//2 6556//4377 6554//149
f 6558//149 6555//4376 6557//2
f 6555//4376 6556//4377 6557//2
f 6550//4373 6531//4354 6552//4375
f 6556//4377 6552//4375 6554//149
f 6551//4374 6550//4373 6556//4377
f 6550//4373 6552//4375 6556//4377
f 6548//4371 6560//4379 6559//4378
f 6561//4380 6559//4378 6562//4381
f 6563//4382 6560//4379 6561//4380
f 6560//4379 6559//4378 6561//4380
f 6564//4383 6562//4381 6565//4384
f 6566//149 6565//4384 6558//149
f 6567//149 6564//4383 6566//149
f 6564//4383 6565//4384 6566//149
f 6568//4385 6563//4382 6569//4386
f 6570//2 6569//4386 6567//149
f 6571//4387 6568//4385 6570//2
f 6568//4385 6569//4386 6570//2
f 6561//4380 6562//4381 6564//4383
f 6569//4386 6564//4383 6567//149
f 6563//4382 6561//4380 6569//4386
f 6561//4380 6564//4383 6569//4386
f 6543//4366 6520//4343 6549//4372
f 6572//4388 6549//4372 6551//4374
f 6544//4367 6543//4366 6572//4388
f 6543//4366 6549//4372 6572//4388
f 6573//4389 6551//4374 6555//4376
f 6565//4384 6555//4376 6558//149
f 6562//4381 6573//4389 6565//4384
f 6573//4389 6555//4376 6565//4384
f 6547//4370 6544//4367 6574//4390
f 6559//4378 6574//4390 6562//4381
f 6548//4371 6547//4370 6559//4378
f 6547//4370 6574//4390 6559//4378
f 6572//4388 6551//4374 6573//4389
f 6574//4390 6573//4389 6562//4381
f 6544//4367 6572//4388 6574//4390
f 6572//4388 6573//4389 6574//4390
f 6575//4391 2644//1555 6539//4362
f 6576//4392 6539//4362 6541//4364
f 6577//4393 6575//4391 6576//4392
f 6575//4391 6539//4362 6576//4392
f 6578//4394 6541//4364 6545//4368
f 6579//4395 6545//4368 6548//4371
f 6580//4396 6578//4394 6579//4395
f 6578//4394 6545//4368 6579//4395
f 6581//4397 6577//4393 6582//4398
f 6583//4399 6582//4398 6580//4396
f 6584//4400 6581//4397 6583//4399
f 6581//4397 6582//4398 6583//4399
f 6576//4392 6541//4364 6578//4394
f 6582//4398 6578//4394 6580//4396
f 6577//4393 6576//4392 6582//4398
f 6576//4392 6578//4394 6582//4398
f 6585//4401 6548//4371 6560//4379
f 6586//4402 6560//4379 6563//4382
f 6587//4403 6585//4401 6586//4402
f 6585//4401 6560//4379 6586//4402
f 6588//4404 6563//4382 6568//4385
f 6589//2 6568//4385 6571//4387
f 6590//149 6588//4404 6589//2
f 6588//4404 6568//4385 6589//2
f 6591//4405 6587//4403 6592//4406
f 6593//149 6592//4406 6590//149
f 6594//149 6591//4405 6593//149
f 6591//4405 6592//4406 6593//149
f 6586//4402 6563//4382 6588//4404
f 6592//4406 6588//4404 6590//149
f 6587//4403 6586//4402 6592//4406
f 6586//4402 6588//4404 6592//4406
f 6595//4407 6584//4400 6596//4408
f 6597//4409 6596//4408 6598//4410
f 6599//4411 6595//4407 6597//4409
f 6595//4407 6596//4408 6597//4409
f 6600//4412 6598//4410 6601//4413
f 6602//149 6601//4413 6594//149
f 6603//149 6600//4412 6602//149
f 6600//4412 6601//4413 6602//149
f 6604//4414 6599//4411 6605//4415
f 6606//149 6605//4415 6603//149
f 6607//4416 6604//4414 6606//149
f 6604//4414 6605//4415 6606//149
f 6597//4409 6598//4410 6600//4412
f 6605//4415 6600//4412 6603//149
f 6599//4411 6597//4409 6605//4415
f 6597//4409 6600//4412 6605//4415
f 6579//4395 6548//4371 6585//4401
f 6608//4417 6585//4401 6587//4403
f 6580//4396 6579//4395 6608//4417
f 6579//4395 6585//4401 6608//4417
f 6609//4418 6587//4403 6591//4405
f 6601//4413 6591//4405 6594//149
f 6598//4410 6609//4418 6601//4413
f 6609//4418 6591//4405 6601//4413
f 6583//4399 6580//4396 6610//4419
f 6596//4408 6610//4419 6598//4410
f 6584//4400 6583//4399 6596//4408
f 6583//4399 6610//4419 6596//4408
f 6608//4417 6587//4403 6609//4418
f 6610//4419 6609//4418 6598//4410
f 6580//4396 6608//4417 6610//4419
f 6608//4417 6609//4418 6610//4419
f 6611//4420 2644//1555 6575//4391
f 6612//4421 6575//4391 6577//4393
f 6613//4422 6611//4420 6612//4421
f 6611//4420 6575//4391 6612//4421
f 6614//4423 6577//4393 6581//4397
f 6615//4424 6581//4397 6584//4400
f 6616//4425 6614//4423 6615//4424
f 6614//4423 6581//4397 6615//4424
f 6617//4426 6613//4422 6618//4427
f 6619//4428 6618//4427 6616//4425
f 6620//4429 6617//4426 6619//4428
f 6617//4426 6618//4427 6619//4428
f 6612//4421 6577//4393 6614//4423
f 6618//4427 6614//4423 6616//4425
f 6613//4422 6612//4421 6618//4427
f 6612//4421 6614//4423 6618//4427
f 6621//4430 6584//4400 6595//4407
f 6622//4431 6595//4407 6599//4411
f 6623//4432 6621//4430 6622//4431
f 6621//4430 6595//4407 6622//4431
f 6624//4433 6599//4411 6604//4414
f 6625//149 6604//4414 6607//4416
f 6626//149 6624//4433 6625//149
f 6624//4433 6604//4414 6625//149
f 6627//4434 6623//4432 6628//4435
f 6629//149 6628//4435 6626//149
f 6630//149 6627//4434 6629//149
f 6627//4434 6628//4435 6629//149
f 6622//4431 6599//4411 6624//4433
f 6628//4435 6624//4433 6626//149
f 6623//4432 6622//4431 6628//4435
f 6622//4431 6624//4433 6628//4435
f 6631//4436 6620//4429 6632//4437
f 6633//4438 6632//4437 6634//4439
f 6635//4440 6631//4436 6633//4438
f 6631//4436 6632//4437 6633//4438
f 6636//4441 6634//4439 6637//4442
f 6638//2 6637//4442 6630//149
f 6639//149 6636//4441 6638//2
f 6636//4441 6637//4442 6638//2
f 6640//4443 6635//4440 6641//4444
f 6642//149 6641//4444 6639//149
f 6643//4445 6640//4443 6642//149
f 6640//4443 6641//4444 6642//149
f 6633//4438 6634//4439 6636//4441
f 6641//4444 6636//4441 6639//149
f 6635//4440 6633//4438 6641//4444
f 6633//4438 6636//4441 6641//4444
f 6615//4424 6584//4400 6621//4430
f 6644//4446 6621//4430 6623//4432
f 6616//4425 6615//4424 6644//4446
f 6615//4424 6621//4430 6644//4446
f 6645//4447 6623//4432 6627//4434
f 6637//4442 6627//4434 6630//149
f 6634//4439 6645//4447 6637//4442
f 6645//4447 6627//4434 6637//4442
f 6619//4428 6616//4425 6646//4448
f 6632//4437 6646//4448 6634//4439
f 6620//4429 6619//4428 6632//4437
f 6619//4428 6646//4448 6632//4437
f 6644//4446 6623//4432 6645//4447
f 6646//4448 6645//4447 6634//4439
f 6616//4425 6644//4446 6646//4448
f 6644//4446 6645//4447 6646//4448
f 6647//4449 2644//1555 6611//4420
f 6648//4450 6611//4420 6613//4422
f 6649//4451 6647//4449 6648//4450
f 6647//4449 6611//4420 6648//4450
f 6650//4452 6613//4422 6617//4426
f 6651//4453 6617//4426 6620//4429
f 6652//4454 6650//4452 6651//4453
f 6650//4452 6617//4426 6651//4453
f 6653//4455 6649//4451 6654//4456
f 6655//4457 6654//4456 6652//4454
f 6656//4458 6653//4455 6655//4457
f 6653//4455 6654//4456 6655//4457
f 6648//4450 6613//4422 6650//4452
f 6654//4456 6650//4452 6652//4454
f 6649//4451 6648//4450 6654//4456
f 6648//4450 6650//4452 6654//4456
f 6657//4459 6620//4429 6631//4436
f 6658//4460 6631//4436 6635//4440
f 6659//4461 6657//4459 6658//4460
f 6657//4459 6631//4436 6658//4460
f 6660//4462 6635//4440 6640//4443
f 6661//149 6640//4443 6643//4445
f 6662//149 6660//4462 6661//149
f 6660//4462 6640//4443 6661//149
f 6663//4463 6659//4461 6664//4464
f 6665//149 6664//4464 6662//149
f 6666//149 6663//4463 6665//149
f 6663//4463 6664//4464 6665//149
f 6658//4460 6635//4440 6660//4462
f 6664//4464 6660//4462 6662//149
f 6659//4461 6658//4460 6664//4464
f 6658//4460 6660//4462 6664//4464
f 6667//4465 6656//4458 6668//4466
f 6669//4467 6668//4466 6670//4468
f 6671//4469 6667//4465 6669//4467
f 6667//4465 6668//4466 6669//4467
f 6672//4470 6670//4468 6673//4471
f 6674//149 6673//4471 6666//149
f 6675//149 6672//4470 6674//149
f 6672//4470 6673//4471 6674//149
f 6676//4472 6671//4469 6677//4473
f 6678//2 6677//4473 6675//149
f 6679//4474 6676//4472 6678//2
f 6676//4472 6677//4473 6678//2
f 6669//4467 6670//4468 6672//4470
f 6677//4473 6672//4470 6675//149
f 6671//4469 6669//4467 6677//4473
f 6669//4467 6672//4470 6677//4473
f 6651//4453 6620//4429 6657//4459
f 6680//4475 6657//4459 6659//4461
f 6652//4454 6651//4453 6680//4475
f 6651//4453 6657//4459 6680//4475
f 6681//4476 6659//4461 6663//4463
f 6673//4471 6663//4463 6666//149
f 6670//4468 6681//4476 6673//4471
f 6681//4476 6663//4463 6673//4471
f 6655//4457 6652//4454 6682//4477
f 6668//4466 6682//4477 6670//4468
f 6656//4458 6655//4457 6668//4466
f 6655//4457 6682//4477 6668//4466
f 6680//4475 6659//4461 6681//4476
f 6682//4477 6681//4476 6670//4468
f 6652//4454 6680//4475 6682//4477
f 6680//4475 6681//4476 6682//4477
f 6683//4478 2644//1555 6647//4449
f 6684//4479 6647//4449 6649//4451
f 6685//4480 6683//4478 6684//4479
f 6683//4478 6647//4449 6684//4479
f 6686//4481 6649//4451 6653//4455
f 6687//4482 6653//4455 6656//4458
f 6688//4483 6686//4481 6687//4482
f 6686//4481 6653//4455 6687//4482
f 6689//4484 6685//4480 6690//4485
f 6691//4486 6690//4485 6688//4483
f 6692//4487 6689//4484 6691//4486
f 6689//4484 6690//4485 6691//4486
f 6684//4479 6649//4451 6686//4481
f 6690//4485 6686//4481 6688//4483
f 6685//4480 6684//4479 6690//4485
f 6684//4479 6686//4481 6690//4485
f 6693//4488 6656//4458 6667//4465
f 6694//4489 6667//4465 6671//4469
f 6695//4490 6693//4488 6694//4489
f 6693//4488 6667//4465 6694//4489
f 6696//4472 6671//4469 6676//4472
f 6697//149 6676//4472 6679//4474
f 6698//149 6696//4472 6697//149
f 6696//4472 6676//4472 6697//149
f 6699//4491 6695//4490 6700//4472
f 6701//2 6700//4472 6698//149
f 6702//2 6699//4491 6701//2
f 6699//4491 6700//4472 6701//2
f 6694//4489 6671//4469 6696//4472
f 6700//4472 6696//4472 6698//149
f 6695//4490 6694//4489 6700//4472
f 6694//4489 6696//4472 6700//4472
f 6703//4492 6692//4487 6704//4493
f 6705//4494 6704//4493 6706//4495
f 6707//4496 6703//4492 6705//4494
f 6703//4492 6704//4493 6705//4494
f 6708//4497 6706//4495 6709//4498
f 6710//2 6709//4498 6702//2
f 6711//2 6708//4497 6710//2
f 6708//4497 6709//4498 6710//2
f 6712//4499 6707//4496 6713//4500
f 6714//149 6713//4500 6711//2
f 6715//4501 6712//4499 6714//149
f 6712//4499 6713//4500 6714//149
f 6705//4494 6706//4495 6708//4497
f 6713//4500 6708//4497 6711//2
f 6707//4496 6705//4494 6713//4500
f 6705//4494 6708//4497 6713//4500
f 6687//4482 6656//4458 6693//4488
f 6716//4502 6693//4488 6695//4490
f 6688//4483 6687//4482 6716//4502
f 6687//4482 6693//4488 6716//4502
f 6717//4503 6695//4490 6699//4491
f 6709//4498 6699//4491 6702//2
f 6706//4495 6717//4503 6709//4498
f 6717//4503 6699//4491 6709//4498
f 6691//4486 6688//4483 6718//4504
f 6704//4493 6718//4504 6706//4495
f 6692//4487 6691//4486 6704//4493
f 6691//4486 6718//4504 6704//4493
f 6716//4502 6695//4490 6717//4503
f 6718//4504 6717//4503 6706//4495
f 6688//4483 6716//4502 6718//4504
f 6716//4502 6717//4503 6718//4504
f 6719//4505 2644//1555 6683//4478
f 6720//4506 6683//4478 6685//4480
f 6721//4507 6719//4505 6720//4506
f 6719//4505 6683//4478 6720//4506
f 6722//4508 6685//4480 6689//4484
f 6723//4509 6689//4484 6692//4487
f 6724//4510 6722//4508 6723//4509
f 6722//4508 6689//4484 6723//4509
f 6725//4511 6721//4507 6726//4512
f 6727//4513 6726//4512 6724//4510
f 6728//4514 6725//4511 6727//4513
f 6725//4511 6726//4512 6727//4513
f 6720//4506 6685//4480 6722//4508
f 6726//4512 6722//4508 6724//4510
f 6721//4507 6720//4506 6726//4512
f 6720//4506 6722//4508 6726//4512
f 6729//4515 6692//4487 6703//4492
f 6730//4516 6703//4492 6707//4496
f 6731//4517 6729//4515 6730//4516
f 6729//4515 6703//4492 6730//4516
f 6732//4499 6707//4496 6712//4499
f 6733//149 6712//4499 6715//4501
f 6734//149 6732//4499 6733//149
f 6732//4499 6712//4499 6733//149
f 6735//4518 6731//4517 6736//4499
f 6737//149 6736//4499 6734//149
f 6738//149 6735//4518 6737//149
f 6735//4518 6736//4499 6737//149
f 6730//4516 6707//4496 6732//4499
f 6736//4499 6732//4499 6734//149
f 6731//4517 6730//4516 6736//4499
f 6730//4516 6732//4499 6736//4499
f 6739//4519 6728//4514 6740//4520
f 6741//4521 6740//4520 6742//4522
f 6743//4523 6739//4519 6741//4521
f 6739//4519 6740//4520 6741//4521
f 6744//4524 6742//4522 6745//4525
f 6746//2 6745//4525 6738//149
f 6747//2 6744//4524 6746//2
f 6744//4524 6745//4525 6746//2
f 6748//4526 6743//4523 6749//4527
f 6750//2 6749//4527 6747//2
f 6751//4528 6748//4526 6750//2
f 6748//4526 6749//4527 6750//2
f 6741//4521 6742//4522 6744//4524
f 6749//4527 6744//4524 6747//2
f 6743//4523 6741//4521 6749//4527
f 6741//4521 6744//4524 6749//4527
f 6723//4509 6692//4487 6729//4515
f 6752//4529 6729//4515 6731//4517
f 6724//4510 6723//4509 6752//4529
f 6723//4509 6729//4515 6752//4529
f 6753//4530 6731//4517 6735//4518
f 6745//4525 6735//4518 6738//149
f 6742//4522 6753//4530 6745//4525
f 6753//4530 6735//4518 6745//4525
f 6727//4513 6724//4510 6754//4531
f 6740//4520 6754//4531 6742//4522
f 6728//4514 6727//4513 6740//4520
f 6727//4513 6754//4531 6740//4520
f 6752//4529 6731//4517 6753//4530
f 6754//4531 6753//4530 6742//4522
f 6724//4510 6752//4529 6754//4531
f 6752//4529 6753//4530 6754//4531
f 6748//4526 6751//4528 6755//149
f 6756//4523 6755//149 6757//149
f 6743//4523 6748//4526 6756//4523
f 6748//4526 6755//149 6756//4523
f 6758//4519 6757//149 6759//149
f 6760//4514 6759//149 6761//149
f 6762//4514 6758//4519 6760//4514
f 6758//4519 6759//149 6760//4514
f 6739//4519 6743//4523 6763//4519
f 6764//4514 6763//4519 6762//4514
f 6728//4514 6739//4519 6764//4514
f 6739//4519 6763//4519 6764//4514
f 6756//4523 6757//149 6758//4519
f 6763//4519 6758//4519 6762//4514
f 6743//4523 6756//4523 6763//4519
f 6756//4523 6758//4519 6763//4519
f 6765//4511 6761//149 6766//149
f 6767//4507 6766//149 6768//149
f 6769//4507 6765//4511 6767//4507
f 6765//4511 6766//149 6767//4507
f 6770//4505 6768//149 6771//149
f 6772//149 6771//149 6773//4532
f 6774//149 6770//4505 6772//149
f 6770//4505 6771//149 6772//149
f 6775//4505 6769//4507 6776//4505
f 6777//149 6776//4505 6774//149
f 6778//149 6775//4505 6777//149
f 6775//4505 6776//4505 6777//149
f 6767//4507 6768//149 6770//4505
f 6776//4505 6770//4505 6774//149
f 6769//4507 6767//4507 6776//4505
f 6767//4507 6770//4505 6776//4505
f 6725//4511 6728//4514 6779//4511
f 6780//4507 6779//4511 6781//4507
f 6721//4507 6725//4511 6780//4507
f 6725//4511 6779//4511 6780//4507
f 6782//4505 6781//4507 6783//4505
f 6784//149 6783//4505 6778//149
f 6785//149 6782//4505 6784//149
f 6782//4505 6783//4505 6784//149
f 6719//4505 6721//4507 6786//4505
f 6787//149 6786//4505 6785//149
f 2644//1555 6719//4505 6787//149
f 6719//4505 6786//4505 6787//149
f 6780//4507 6781//4507 6782//4505
f 6786//4505 6782//4505 6785//149
f 6721//4507 6780//4507 6786//4505
f 6780//4507 6782//4505 6786//4505
f 6760//4514 6761//149 6765//4511
f 6788//4511 6765//4511 6769//4507
f 6762//4514 6760//4514 6788//4511
f 6760//4514 6765//4511 6788//4511
f 6789//4507 6769//4507 6775//4505
f 6783//4505 6775//4505 6778//149
f 6781//4507 6789//4507 6783//4505
f 6789//4507 6775//4505 6783//4505
f 6764//4514 6762//4514 6790//4511
f 6779//4511 6790//4511 6781//4507
f 6728//4514 6764//4514 6779//4511
f 6764//4514 6790//4511 6779//4511
f 6788//4511 6769//4507 6789//4507
f 6790//4511 6789//4507 6781//4507
f 6762//4514 6788//4511 6790//4511
f 6788//4511 6789//4507 6790//4511
f 2409//73 2527//73 2408//73
f 2408//72 2641//72 2524//72
f 2524//71 2640//71 2523//71
f 2523//1070 2639//1070 2522//1070
f 2522//1069 2638//1069 2521//1069
f 2521//1068 2637//1068 2520//1068
f 2520//1067 2636//1067 2519//1067
f 2519//1066 2635//1066 2518//1066
f 2518//1065 2634//1065 2517//1065
f 2517//1064 2633//1064 2516//1064
f 2516//1063 2632//1063 2515//1063
f 2515//1062 2631//1062 2514//1062
f 2514//1061 2630//1061 2513//1061
f 2513//70 2629//70 2512//70
f 2512//69 2628//69 2511//69
f 2511//68 2627//68 2510//68
f 2510//67 2626//67 2509//67
f 2509//66 2625//66 2508//66
f 2508//65 2624//65 2507//65
f 2507//64 2623//64 2506//64
f 2506//1060 2622//1060 2505//1060
f 2505//63 2621//63 2504//63
f 2504//1059 2620//1059 2503//1059
f 2503//62 2619//62 2502//62
f 2502//1058 2618//1058 2501//1058
f 2501//61 2617//61 2500//61
f 2500//1057 2616//1057 2499//1057
f 2499//60 2615//60 2498//60
f 2498//1056 2614//1056 2497//1056
f 2497//59 2613//59 2496//59
f 2496//53 2612//53 2495//53
f 2495//52 2611//52 2494//52
f 2494//51 2610//51 2493//51
f 2493//50 2609//50 2492//50
f 2492//49 2608//49 2491//49
f 2491//48 2607//48 2490//48
f 2490//47 2606//47 2489//47
f 2489//46 2605//46 2488//46
f 2488//45 2604//45 2487//45
f 2487//1055 2603//1055 2486//1055
f 2486//44 2602//44 2485//44
f 2485//1054 2596//1054 2479//1054
f 2479//43 2595//43 2478//43
f 2478//1053 2588//1053 2471//1053
f 2471//42 2587//42 2470//42
f 2470//1052 2585//1052 2468//1052
f 2468//41 2584//41 2467//41
f 2467//1051 2583//1051 2466//1051
f 2466//40 2582//40 2465//40
f 2465//1050 2581//1050 2464//1050
f 2464//39 2580//39 2463//39
f 2463//1049 2579//1049 2462//1049
f 2462//38 2578//38 2461//38
f 2461//1048 2577//1048 2460//1048
f 2460//37 2576//37 2459//37
f 2459//1047 2575//1047 2458//1047
f 2458//36 2574//36 2457//36
f 2457//1046 2572//1046 2456//1046
f 2456//35 2573//35 2455//35
f 2455//34 2571//34 2454//34
f 2454//32 2570//32 2453//32
f 2453//31 2568//31 2451//31
f 2451//30 2567//30 2450//30
f 2450//29 2566//29 2449//29
f 2449//28 2565//28 2448//28
f 2448//27 2564//27 2447//27
f 2447//26 2562//26 2445//26
f 2445//25 2560//25 2443//25
f 2443//24 2558//24 2441//24
f 2441//23 2556//23 2439//23
f 2439//22 2553//22 2438//22
f 2438//21 2554//21 2437//21
f 2437//20 2555//20 2436//20
f 2436//1045 2557//1045 2440//1045
f 2440//19 2559//19 2442//19
f 2442//1044 2561//1044 2444//1044
f 2444//18 2563//18 2446//18
f 2446//1043 2569//1043 2452//1043
f 2452//1042 2586//1042 2469//1042
f 2469//1041 2589//1041 2472//1041
f 2472//1040 2590//1040 2473//1040
f 2473//1039 2591//1039 2474//1039
f 2474//1038 2592//1038 2475//1038
f 2475//1037 2593//1037 2476//1037
f 2476//1036 2594//1036 2477//1036
f 2477//1035 2597//1035 2480//1035
f 2480//1034 2598//1034 2481//1034
f 2481//1033 2599//1033 2482//1033
f 2482//1032 2600//1032 2483//1032
f 2483//1031 2601//1031 2484//1031
f 2484//1030 2552//1030 2435//1030
f 2435//1029 2551//1029 2434//1029
f 2434//17 2550//17 2433//17
f 2433//16 2549//16 2432//16
f 2432//15 2548//15 2431//15
f 2431//14 2547//14 2430//14
f 2430//13 2546//13 2429//13
f 2429//12 2545//12 2428//12
f 2428//11 2544//11 2427//11
f 2427//1028 2543//1028 2426//1028
f 2426//10 2542//10 2425//10
f 2425//1027 2541//1027 2424//1027
f 2424//9 2540//9 2423//9
f 2423//1026 2539//1026 2422//1026
f 2422//8 2538//8 2421//8
f 2421//1025 2537//1025 2420//1025
f 2420//7 2536//7 2419//7
f 2419//1024 2535//1024 2418//1024
f 2418//1023 2534//1023 2417//1023
f 2417//6 2533//6 2416//6
f 2416//1022 2532//1022 2415//1022
f 2415//1021 2531//1021 2414//1021
f 2414//5 2530//5 2413//5
f 2413//1020 2529//1020 2412//1020
f 2412//1019 2528//1019 2411//1019
f 2411//4 2525//4 2410//4
f 2410//3 2526//3 2409//3
