# Houdini Apprentice / Slot-chan non-commercial demo
v -3.42 6.72 -3.55
v -3.42 0.84 -3.55
v -3.38651 0.67162 -3.55
v -3.29113 0.52887 -3.55
v -3.14838 0.43349 -3.55
v -2.98 0.4 -3.55
v 2.94 0.4 -3.55
v 3.10838 0.43349 -3.55
v 3.25113 0.52887 -3.55
v 3.34651 0.67162 -3.55
v 3.38 0.84 -3.55
v 3.38 6.72 -3.55
v 3.34651 6.88838 -3.55
v 3.25113 7.03113 -3.55
v 3.10838 7.12651 -3.55
v 2.94 7.16 -3.55
v -2.98 7.16 -3.55
v -3.14838 7.12651 -3.55
v -3.29113 7.03113 -3.55
v -3.38651 6.88838 -3.55
v -3.32057 0.69893 -0.24
v -3.35 0.84689 -0.24
v -3.35 6.71311 -0.24
v -3.24066 0.57934 -0.24
v -3.12107 0.49943 -0.24
v -2.97311 0.47 -0.24
v 2.93311 0.47 -0.24
v 3.08107 0.49943 -0.24
v 3.20066 0.57934 -0.24
v 3.28057 0.69893 -0.24
v 3.31 0.84689 -0.24
v 3.31 6.71311 -0.24
v 3.28057 6.86107 -0.24
v 3.20066 6.98066 -0.24
v 3.08107 7.06057 -0.24
v 2.93311 7.09 -0.24
v -2.97311 7.09 -0.24
v -3.12107 7.06057 -0.24
v -3.24066 6.98066 -0.24
v -3.32057 6.86107 -0.24
v -3.42 0.84 -0.31
v -3.38651 0.67162 -0.31
v -3.29113 0.52887 -0.31
v -3.14838 0.43349 -0.31
v -2.98 0.4 -0.31
v 2.94 0.4 -0.31
v 3.10838 0.43349 -0.31
v 3.25113 0.52887 -0.31
v 3.34651 0.67162 -0.31
v 3.38 0.84 -0.31
v 3.38 6.72 -0.31
v 3.34651 6.88838 -0.31
v 3.25113 7.03113 -0.31
v 3.10838 7.12651 -0.31
v 2.94 7.16 -0.31
v -2.98 7.16 -0.31
v -3.14838 7.12651 -0.31
v -3.29113 7.03113 -0.31
v -3.38651 6.88838 -0.31
v -3.42 6.72 -0.31
v -3.26 6.67 -3.61
v -3.26 0.94 -3.61
v -3.23716 0.82519 -3.61
v -3.17213 0.72787 -3.61
v -3.07481 0.66284 -3.61
v -2.96 0.64 -3.61
v 2.92 0.64 -3.61
v 3.03481 0.66284 -3.61
v 3.13213 0.72787 -3.61
v 3.19716 0.82519 -3.61
v 3.22 0.94 -3.61
v 3.22 6.67 -3.61
v 3.19716 6.7848 -3.61
v 3.13213 6.88213 -3.61
v 3.03481 6.94716 -3.61
v 2.92 6.97 -3.61
v -2.96 6.97 -3.61
v -3.07481 6.94716 -3.61
v -3.17213 6.88213 -3.61
v -3.23716 6.7848 -3.61
v -3.21361 0.83495 -3.54
v -3.235 0.94246 -3.54
v -3.235 6.66754 -3.54
v -3.15411 0.74589 -3.54
v -3.06505 0.68639 -3.54
v -2.95754 0.665 -3.54
v 2.91754 0.665 -3.54
v 3.02505 0.68639 -3.54
v 3.11411 0.74589 -3.54
v 3.17361 0.83495 -3.54
v 3.195 0.94246 -3.54
v 3.195 6.66754 -3.54
v 3.17361 6.77505 -3.54
v 3.11411 6.86411 -3.54
v 3.02505 6.92361 -3.54
v 2.91754 6.945 -3.54
v -2.95754 6.945 -3.54
v -3.06505 6.92361 -3.54
v -3.15411 6.86411 -3.54
v -3.21361 6.77505 -3.54
v -3.26 0.94 -3.565
v -3.23716 0.82519 -3.565
v -3.17213 0.72787 -3.565
v -3.07481 0.66284 -3.565
v -2.96 0.64 -3.565
v 2.92 0.64 -3.565
v 3.03481 0.66284 -3.565
v 3.13213 0.72787 -3.565
v 3.19716 0.82519 -3.565
v 3.22 0.94 -3.565
v 3.22 6.67 -3.565
v 3.19716 6.7848 -3.565
v 3.13213 6.88213 -3.565
v 3.03481 6.94716 -3.565
v 2.92 6.97 -3.565
v -2.96 6.97 -3.565
v -3.07481 6.94716 -3.565
v -3.17213 6.88213 -3.565
v -3.23716 6.7848 -3.565
v -3.26 6.67 -3.565
v -1.42 6.04 -3.635
v -1.42 6.02 -3.635
v -1.41414 6.00586 -3.635
v -1.4 6.0 -3.635
v 1.36 6.0 -3.635
v 1.37414 6.00586 -3.635
v 1.38 6.02 -3.635
v 1.38 6.04 -3.635
v 1.37414 6.05414 -3.635
v 1.36 6.06 -3.635
v -1.4 6.06 -3.635
v -1.41414 6.05414 -3.635
v -1.41032 6.00968 -3.608
v -1.415 6.02099 -3.608
v -1.415 6.03901 -3.608
v -1.39901 6.005 -3.608
v 1.35901 6.005 -3.608
v 1.37032 6.00968 -3.608
v 1.375 6.02099 -3.608
v 1.375 6.03901 -3.608
v 1.37032 6.05032 -3.608
v 1.35901 6.055 -3.608
v -1.39901 6.055 -3.608
v -1.41032 6.05032 -3.608
v -1.42 6.02 -3.613
v -1.41414 6.00586 -3.613
v -1.4 6.0 -3.613
v 1.36 6.0 -3.613
v 1.37414 6.00586 -3.613
v 1.38 6.02 -3.613
v 1.38 6.04 -3.613
v 1.37414 6.05414 -3.613
v 1.36 6.06 -3.613
v -1.4 6.06 -3.613
v -1.41414 6.05414 -3.613
v -1.42 6.04 -3.613
v -1.42 5.86 -3.635
v -1.42 5.84 -3.635
v -1.41414 5.82586 -3.635
v -1.4 5.82 -3.635
v 1.36 5.82 -3.635
v 1.37414 5.82586 -3.635
v 1.38 5.84 -3.635
v 1.38 5.86 -3.635
v 1.37414 5.87414 -3.635
v 1.36 5.88 -3.635
v -1.4 5.88 -3.635
v -1.41414 5.87414 -3.635
v -1.41032 5.82968 -3.608
v -1.415 5.84099 -3.608
v -1.415 5.85901 -3.608
v -1.39901 5.825 -3.608
v 1.35901 5.825 -3.608
v 1.37032 5.82968 -3.608
v 1.375 5.84099 -3.608
v 1.375 5.85901 -3.608
v 1.37032 5.87032 -3.608
v 1.35901 5.875 -3.608
v -1.39901 5.875 -3.608
v -1.41032 5.87032 -3.608
v -1.42 5.84 -3.613
v -1.41414 5.82586 -3.613
v -1.4 5.82 -3.613
v 1.36 5.82 -3.613
v 1.37414 5.82586 -3.613
v 1.38 5.84 -3.613
v 1.38 5.86 -3.613
v 1.37414 5.87414 -3.613
v 1.36 5.88 -3.613
v -1.4 5.88 -3.613
v -1.41414 5.87414 -3.613
v -1.42 5.86 -3.613
v -1.42 5.68 -3.635
v -1.42 5.66 -3.635
v -1.41414 5.64586 -3.635
v -1.4 5.64 -3.635
v 1.36 5.64 -3.635
v 1.37414 5.64586 -3.635
v 1.38 5.66 -3.635
v 1.38 5.68 -3.635
v 1.37414 5.69414 -3.635
v 1.36 5.7 -3.635
v -1.4 5.7 -3.635
v -1.41414 5.69414 -3.635
v -1.41032 5.64968 -3.608
v -1.415 5.66099 -3.608
v -1.415 5.67901 -3.608
v -1.39901 5.645 -3.608
v 1.35901 5.645 -3.608
v 1.37032 5.64968 -3.608
v 1.375 5.66099 -3.608
v 1.375 5.67901 -3.608
v 1.37032 5.69032 -3.608
v 1.35901 5.695 -3.608
v -1.39901 5.695 -3.608
v -1.41032 5.69032 -3.608
v -1.42 5.66 -3.613
v -1.41414 5.64586 -3.613
v -1.4 5.64 -3.613
v 1.36 5.64 -3.613
v 1.37414 5.64586 -3.613
v 1.38 5.66 -3.613
v 1.38 5.68 -3.613
v 1.37414 5.69414 -3.613
v 1.36 5.7 -3.613
v -1.4 5.7 -3.613
v -1.41414 5.69414 -3.613
v -1.42 5.68 -3.613
v -1.42 5.5 -3.635
v -1.42 5.48 -3.635
v -1.41414 5.46586 -3.635
v -1.4 5.46 -3.635
v 1.36 5.46 -3.635
v 1.37414 5.46586 -3.635
v 1.38 5.48 -3.635
v 1.38 5.5 -3.635
v 1.37414 5.51414 -3.635
v 1.36 5.52 -3.635
v -1.4 5.52 -3.635
v -1.41414 5.51414 -3.635
v -1.41032 5.46968 -3.608
v -1.415 5.48099 -3.608
v -1.415 5.49901 -3.608
v -1.39901 5.465 -3.608
v 1.35901 5.465 -3.608
v 1.37032 5.46968 -3.608
v 1.375 5.48099 -3.608
v 1.375 5.49901 -3.608
v 1.37032 5.51032 -3.608
v 1.35901 5.515 -3.608
v -1.39901 5.515 -3.608
v -1.41032 5.51032 -3.608
v -1.42 5.48 -3.613
v -1.41414 5.46586 -3.613
v -1.4 5.46 -3.613
v 1.36 5.46 -3.613
v 1.37414 5.46586 -3.613
v 1.38 5.48 -3.613
v 1.38 5.5 -3.613
v 1.37414 5.51414 -3.613
v 1.36 5.52 -3.613
v -1.4 5.52 -3.613
v -1.41414 5.51414 -3.613
v -1.42 5.5 -3.613
v -1.42 5.32 -3.635
v -1.42 5.3 -3.635
v -1.41414 5.28586 -3.635
v -1.4 5.28 -3.635
v 1.36 5.28 -3.635
v 1.37414 5.28586 -3.635
v 1.38 5.3 -3.635
v 1.38 5.32 -3.635
v 1.37414 5.33414 -3.635
v 1.36 5.34 -3.635
v -1.4 5.34 -3.635
v -1.41414 5.33414 -3.635
v -1.41032 5.28968 -3.608
v -1.415 5.30099 -3.608
v -1.415 5.31901 -3.608
v -1.39901 5.285 -3.608
v 1.35901 5.285 -3.608
v 1.37032 5.28968 -3.608
v 1.375 5.30099 -3.608
v 1.375 5.31901 -3.608
v 1.37032 5.33032 -3.608
v 1.35901 5.335 -3.608
v -1.39901 5.335 -3.608
v -1.41032 5.33032 -3.608
v -1.42 5.3 -3.613
v -1.41414 5.28586 -3.613
v -1.4 5.28 -3.613
v 1.36 5.28 -3.613
v 1.37414 5.28586 -3.613
v 1.38 5.3 -3.613
v 1.38 5.32 -3.613
v 1.37414 5.33414 -3.613
v 1.36 5.34 -3.613
v -1.4 5.34 -3.613
v -1.41414 5.33414 -3.613
v -1.42 5.32 -3.613
v -1.42 5.14 -3.635
v -1.42 5.12 -3.635
v -1.41414 5.10586 -3.635
v -1.4 5.1 -3.635
v 1.36 5.1 -3.635
v 1.37414 5.10586 -3.635
v 1.38 5.12 -3.635
v 1.38 5.14 -3.635
v 1.37414 5.15414 -3.635
v 1.36 5.16 -3.635
v -1.4 5.16 -3.635
v -1.41414 5.15414 -3.635
v -1.41032 5.10968 -3.608
v -1.415 5.12099 -3.608
v -1.415 5.13901 -3.608
v -1.39901 5.105 -3.608
v 1.35901 5.105 -3.608
v 1.37032 5.10968 -3.608
v 1.375 5.12099 -3.608
v 1.375 5.13901 -3.608
v 1.37032 5.15032 -3.608
v 1.35901 5.155 -3.608
v -1.39901 5.155 -3.608
v -1.41032 5.15032 -3.608
v -1.42 5.12 -3.613
v -1.41414 5.10586 -3.613
v -1.4 5.1 -3.613
v 1.36 5.1 -3.613
v 1.37414 5.10586 -3.613
v 1.38 5.12 -3.613
v 1.38 5.14 -3.613
v 1.37414 5.15414 -3.613
v 1.36 5.16 -3.613
v -1.4 5.16 -3.613
v -1.41414 5.15414 -3.613
v -1.42 5.14 -3.613
v -1.42 4.96 -3.635
v -1.42 4.94 -3.635
v -1.41414 4.92586 -3.635
v -1.4 4.92 -3.635
v 1.36 4.92 -3.635
v 1.37414 4.92586 -3.635
v 1.38 4.94 -3.635
v 1.38 4.96 -3.635
v 1.37414 4.97414 -3.635
v 1.36 4.98 -3.635
v -1.4 4.98 -3.635
v -1.41414 4.97414 -3.635
v -1.41032 4.92968 -3.608
v -1.415 4.94099 -3.608
v -1.415 4.95901 -3.608
v -1.39901 4.925 -3.608
v 1.35901 4.925 -3.608
v 1.37032 4.92968 -3.608
v 1.375 4.94099 -3.608
v 1.375 4.95901 -3.608
v 1.37032 4.97032 -3.608
v 1.35901 4.975 -3.608
v -1.39901 4.975 -3.608
v -1.41032 4.97032 -3.608
v -1.42 4.94 -3.613
v -1.41414 4.92586 -3.613
v -1.4 4.92 -3.613
v 1.36 4.92 -3.613
v 1.37414 4.92586 -3.613
v 1.38 4.94 -3.613
v 1.38 4.96 -3.613
v 1.37414 4.97414 -3.613
v 1.36 4.98 -3.613
v -1.4 4.98 -3.613
v -1.41414 4.97414 -3.613
v -1.42 4.96 -3.613
v -1.42 4.78 -3.635
v -1.42 4.76 -3.635
v -1.41414 4.74586 -3.635
v -1.4 4.74 -3.635
v 1.36 4.74 -3.635
v 1.37414 4.74586 -3.635
v 1.38 4.76 -3.635
v 1.38 4.78 -3.635
v 1.37414 4.79414 -3.635
v 1.36 4.8 -3.635
v -1.4 4.8 -3.635
v -1.41414 4.79414 -3.635
v -1.41032 4.74968 -3.608
v -1.415 4.76099 -3.608
v -1.415 4.77901 -3.608
v -1.39901 4.745 -3.608
v 1.35901 4.745 -3.608
v 1.37032 4.74968 -3.608
v 1.375 4.76099 -3.608
v 1.375 4.77901 -3.608
v 1.37032 4.79032 -3.608
v 1.35901 4.795 -3.608
v -1.39901 4.795 -3.608
v -1.41032 4.79032 -3.608
v -1.42 4.76 -3.613
v -1.41414 4.74586 -3.613
v -1.4 4.74 -3.613
v 1.36 4.74 -3.613
v 1.37414 4.74586 -3.613
v 1.38 4.76 -3.613
v 1.38 4.78 -3.613
v 1.37414 4.79414 -3.613
v 1.36 4.8 -3.613
v -1.4 4.8 -3.613
v -1.41414 4.79414 -3.613
v -1.42 4.78 -3.613
v -1.42 4.6 -3.635
v -1.42 4.58 -3.635
v -1.41414 4.56586 -3.635
v -1.4 4.56 -3.635
v 1.36 4.56 -3.635
v 1.37414 4.56586 -3.635
v 1.38 4.58 -3.635
v 1.38 4.6 -3.635
v 1.37414 4.61414 -3.635
v 1.36 4.62 -3.635
v -1.4 4.62 -3.635
v -1.41414 4.61414 -3.635
v -1.41032 4.56968 -3.608
v -1.415 4.58099 -3.608
v -1.415 4.59901 -3.608
v -1.39901 4.565 -3.608
v 1.35901 4.565 -3.608
v 1.37032 4.56968 -3.608
v 1.375 4.58099 -3.608
v 1.375 4.59901 -3.608
v 1.37032 4.61032 -3.608
v 1.35901 4.615 -3.608
v -1.39901 4.615 -3.608
v -1.41032 4.61032 -3.608
v -1.42 4.58 -3.613
v -1.41414 4.56586 -3.613
v -1.4 4.56 -3.613
v 1.36 4.56 -3.613
v 1.37414 4.56586 -3.613
v 1.38 4.58 -3.613
v 1.38 4.6 -3.613
v 1.37414 4.61414 -3.613
v 1.36 4.62 -3.613
v -1.4 4.62 -3.613
v -1.41414 4.61414 -3.613
v -1.42 4.6 -3.613
v -2.776 1.04157 -3.636
v -2.78058 1.04157 -3.63071
v -2.8 1.048 -3.636
v -2.75843 1.024 -3.636
v -2.76637 1.024 -3.62684
v -2.752 1.0 -3.636
v -2.76117 1.0 -3.62542
v -2.75843 0.976 -3.636
v -2.76637 0.976 -3.62684
v -2.776 0.95843 -3.636
v -2.78058 0.95843 -3.63071
v -2.8 0.952 -3.636
v -2.79258 1.04157 -3.62744
v -2.78715 1.024 -3.62117
v -2.78517 1.0 -3.61888
v -2.78715 0.976 -3.62117
v -2.79258 0.95843 -3.62744
v -2.80742 1.04157 -3.62744
v -2.81285 1.024 -3.62117
v -2.81483 1.0 -3.61888
v -2.81285 0.976 -3.62117
v -2.80742 0.95843 -3.62744
v -2.81942 1.04157 -3.63071
v -2.83363 1.024 -3.62684
v -2.83883 1.0 -3.62542
v -2.83363 0.976 -3.62684
v -2.81942 0.95843 -3.63071
v -2.824 1.04157 -3.636
v -2.84157 1.024 -3.636
v -2.848 1.0 -3.636
v -2.84157 0.976 -3.636
v -2.824 0.95843 -3.636
v -2.81942 1.04157 -3.64129
v -2.83363 1.024 -3.64516
v -2.83883 1.0 -3.64658
v -2.83363 0.976 -3.64516
v -2.81942 0.95843 -3.64129
v -2.80742 1.04157 -3.64456
v -2.81285 1.024 -3.65083
v -2.81483 1.0 -3.65312
v -2.81285 0.976 -3.65083
v -2.80742 0.95843 -3.64456
v -2.79258 1.04157 -3.64456
v -2.78715 1.024 -3.65083
v -2.78517 1.0 -3.65312
v -2.78715 0.976 -3.65083
v -2.79258 0.95843 -3.64456
v -2.78058 1.04157 -3.64129
v -2.76637 1.024 -3.64516
v -2.76117 1.0 -3.64658
v -2.76637 0.976 -3.64516
v -2.78058 0.95843 -3.64129
v -2.776 6.54157 -3.636
v -2.78058 6.54157 -3.63071
v -2.8 6.548 -3.636
v -2.75843 6.524 -3.636
v -2.76637 6.524 -3.62684
v -2.752 6.5 -3.636
v -2.76117 6.5 -3.62542
v -2.75843 6.476 -3.636
v -2.76637 6.476 -3.62684
v -2.776 6.45843 -3.636
v -2.78058 6.45843 -3.63071
v -2.8 6.452 -3.636
v -2.79258 6.54157 -3.62744
v -2.78715 6.524 -3.62117
v -2.78517 6.5 -3.61888
v -2.78715 6.476 -3.62117
v -2.79258 6.45843 -3.62744
v -2.80742 6.54157 -3.62744
v -2.81285 6.524 -3.62117
v -2.81483 6.5 -3.61888
v -2.81285 6.476 -3.62117
v -2.80742 6.45843 -3.62744
v -2.81942 6.54157 -3.63071
v -2.83363 6.524 -3.62684
v -2.83883 6.5 -3.62542
v -2.83363 6.476 -3.62684
v -2.81942 6.45843 -3.63071
v -2.824 6.54157 -3.636
v -2.84157 6.524 -3.636
v -2.848 6.5 -3.636
v -2.84157 6.476 -3.636
v -2.824 6.45843 -3.636
v -2.81942 6.54157 -3.64129
v -2.83363 6.524 -3.64516
v -2.83883 6.5 -3.64658
v -2.83363 6.476 -3.64516
v -2.81942 6.45843 -3.64129
v -2.80742 6.54157 -3.64456
v -2.81285 6.524 -3.65083
v -2.81483 6.5 -3.65312
v -2.81285 6.476 -3.65083
v -2.80742 6.45843 -3.64456
v -2.79258 6.54157 -3.64456
v -2.78715 6.524 -3.65083
v -2.78517 6.5 -3.65312
v -2.78715 6.476 -3.65083
v -2.79258 6.45843 -3.64456
v -2.78058 6.54157 -3.64129
v -2.76637 6.524 -3.64516
v -2.76117 6.5 -3.64658
v -2.76637 6.476 -3.64516
v -2.78058 6.45843 -3.64129
v 2.774 1.04157 -3.636
v 2.76942 1.04157 -3.63071
v 2.75 1.048 -3.636
v 2.79157 1.024 -3.636
v 2.78363 1.024 -3.62684
v 2.798 1.0 -3.636
v 2.78883 1.0 -3.62542
v 2.79157 0.976 -3.636
v 2.78363 0.976 -3.62684
v 2.774 0.95843 -3.636
v 2.76942 0.95843 -3.63071
v 2.75 0.952 -3.636
v 2.75742 1.04157 -3.62744
v 2.76285 1.024 -3.62117
v 2.76483 1.0 -3.61888
v 2.76285 0.976 -3.62117
v 2.75742 0.95843 -3.62744
v 2.74258 1.04157 -3.62744
v 2.73715 1.024 -3.62117
v 2.73517 1.0 -3.61888
v 2.73715 0.976 -3.62117
v 2.74258 0.95843 -3.62744
v 2.73058 1.04157 -3.63071
v 2.71637 1.024 -3.62684
v 2.71117 1.0 -3.62542
v 2.71637 0.976 -3.62684
v 2.73058 0.95843 -3.63071
v 2.726 1.04157 -3.636
v 2.70843 1.024 -3.636
v 2.702 1.0 -3.636
v 2.70843 0.976 -3.636
v 2.726 0.95843 -3.636
v 2.73058 1.04157 -3.64129
v 2.71637 1.024 -3.64516
v 2.71117 1.0 -3.64658
v 2.71637 0.976 -3.64516
v 2.73058 0.95843 -3.64129
v 2.74258 1.04157 -3.64456
v 2.73715 1.024 -3.65083
v 2.73517 1.0 -3.65312
v 2.73715 0.976 -3.65083
v 2.74258 0.95843 -3.64456
v 2.75742 1.04157 -3.64456
v 2.76285 1.024 -3.65083
v 2.76483 1.0 -3.65312
v 2.76285 0.976 -3.65083
v 2.75742 0.95843 -3.64456
v 2.76942 1.04157 -3.64129
v 2.78363 1.024 -3.64516
v 2.78883 1.0 -3.64658
v 2.78363 0.976 -3.64516
v 2.76942 0.95843 -3.64129
v 2.774 6.54157 -3.636
v 2.76942 6.54157 -3.63071
v 2.75 6.548 -3.636
v 2.79157 6.524 -3.636
v 2.78363 6.524 -3.62684
v 2.798 6.5 -3.636
v 2.78883 6.5 -3.62542
v 2.79157 6.476 -3.636
v 2.78363 6.476 -3.62684
v 2.774 6.45843 -3.636
v 2.76942 6.45843 -3.63071
v 2.75 6.452 -3.636
v 2.75742 6.54157 -3.62744
v 2.76285 6.524 -3.62117
v 2.76483 6.5 -3.61888
v 2.76285 6.476 -3.62117
v 2.75742 6.45843 -3.62744
v 2.74258 6.54157 -3.62744
v 2.73715 6.524 -3.62117
v 2.73517 6.5 -3.61888
v 2.73715 6.476 -3.62117
v 2.74258 6.45843 -3.62744
v 2.73058 6.54157 -3.63071
v 2.71637 6.524 -3.62684
v 2.71117 6.5 -3.62542
v 2.71637 6.476 -3.62684
v 2.73058 6.45843 -3.63071
v 2.726 6.54157 -3.636
v 2.70843 6.524 -3.636
v 2.702 6.5 -3.636
v 2.70843 6.476 -3.636
v 2.726 6.45843 -3.636
v 2.73058 6.54157 -3.64129
v 2.71637 6.524 -3.64516
v 2.71117 6.5 -3.64658
v 2.71637 6.476 -3.64516
v 2.73058 6.45843 -3.64129
v 2.74258 6.54157 -3.64456
v 2.73715 6.524 -3.65083
v 2.73517 6.5 -3.65312
v 2.73715 6.476 -3.65083
v 2.74258 6.45843 -3.64456
v 2.75742 6.54157 -3.64456
v 2.76285 6.524 -3.65083
v 2.76483 6.5 -3.65312
v 2.76285 6.476 -3.65083
v 2.75742 6.45843 -3.64456
v 2.76942 6.54157 -3.64129
v 2.78363 6.524 -3.64516
v 2.78883 6.5 -3.64658
v 2.78363 6.476 -3.64516
v 2.76942 6.45843 -3.64129
v -3.41 0.85 -3.32
v -3.41125 2.49556 -3.32
v -3.41528 2.49556 -3.32972
v -3.41439 0.85 -3.33061
v -3.425 2.49556 -3.33375
v -3.425 0.85 -3.335
v -3.43472 2.49556 -3.32972
v -3.43561 0.85 -3.33061
v -3.43875 2.49556 -3.32
v -3.44 0.85 -3.32
v -3.43472 2.49556 -3.31028
v -3.43561 0.85 -3.30939
v -3.425 2.49556 -3.30625
v -3.425 0.85 -3.305
v -3.41528 2.49556 -3.31028
v -3.41439 0.85 -3.30939
v -3.4125 4.64778 -3.32
v -3.41616 4.64778 -3.32884
v -3.425 4.64778 -3.3325
v -3.43384 4.64778 -3.32884
v -3.4375 4.64778 -3.32
v -3.43384 4.64778 -3.31116
v -3.425 4.64778 -3.3075
v -3.41616 4.64778 -3.31116
v -3.41375 6.58 -3.32
v -3.41705 6.58 -3.32796
v -3.425 6.58 -3.33125
v -3.43296 6.58 -3.32796
v -3.43625 6.58 -3.32
v -3.43296 6.58 -3.31205
v -3.425 6.58 -3.30875
v -3.41705 6.58 -3.31205
v -3.41 0.85 -0.5
v -3.41125 2.49556 -0.5
v -3.41528 2.49556 -0.50972
v -3.41439 0.85 -0.51061
v -3.425 2.49556 -0.51375
v -3.425 0.85 -0.515
v -3.43472 2.49556 -0.50972
v -3.43561 0.85 -0.51061
v -3.43875 2.49556 -0.5
v -3.44 0.85 -0.5
v -3.43472 2.49556 -0.49028
v -3.43561 0.85 -0.48939
v -3.425 2.49556 -0.48625
v -3.425 0.85 -0.485
v -3.41528 2.49556 -0.49028
v -3.41439 0.85 -0.48939
v -3.4125 4.64778 -0.5
v -3.41616 4.64778 -0.50884
v -3.425 4.64778 -0.5125
v -3.43384 4.64778 -0.50884
v -3.4375 4.64778 -0.5
v -3.43384 4.64778 -0.49116
v -3.425 4.64778 -0.4875
v -3.41616 4.64778 -0.49116
v -3.41375 6.58 -0.5
v -3.41705 6.58 -0.50795
v -3.425 6.58 -0.51125
v -3.43296 6.58 -0.50795
v -3.43625 6.58 -0.5
v -3.43296 6.58 -0.49205
v -3.425 6.58 -0.48875
v -3.41705 6.58 -0.49205
v 3.4 0.85 -3.32
v 3.39875 2.49556 -3.32
v 3.39472 2.49556 -3.32972
v 3.39561 0.85 -3.33061
v 3.385 2.49556 -3.33375
v 3.385 0.85 -3.335
v 3.37528 2.49556 -3.32972
v 3.37439 0.85 -3.33061
v 3.37125 2.49556 -3.32
v 3.37 0.85 -3.32
v 3.37528 2.49556 -3.31028
v 3.37439 0.85 -3.30939
v 3.385 2.49556 -3.30625
v 3.385 0.85 -3.305
v 3.39472 2.49556 -3.31028
v 3.39561 0.85 -3.30939
v 3.3975 4.64778 -3.32
v 3.39384 4.64778 -3.32884
v 3.385 4.64778 -3.3325
v 3.37616 4.64778 -3.32884
v 3.3725 4.64778 -3.32
v 3.37616 4.64778 -3.31116
v 3.385 4.64778 -3.3075
v 3.39384 4.64778 -3.31116
v 3.39625 6.58 -3.32
v 3.39296 6.58 -3.32796
v 3.385 6.58 -3.33125
v 3.37705 6.58 -3.32796
v 3.37375 6.58 -3.32
v 3.37705 6.58 -3.31205
v 3.385 6.58 -3.30875
v 3.39296 6.58 -3.31205
v 3.4 0.85 -0.5
v 3.39875 2.49556 -0.5
v 3.39472 2.49556 -0.50972
v 3.39561 0.85 -0.51061
v 3.385 2.49556 -0.51375
v 3.385 0.85 -0.515
v 3.37528 2.49556 -0.50972
v 3.37439 0.85 -0.51061
v 3.37125 2.49556 -0.5
v 3.37 0.85 -0.5
v 3.37528 2.49556 -0.49028
v 3.37439 0.85 -0.48939
v 3.385 2.49556 -0.48625
v 3.385 0.85 -0.485
v 3.39472 2.49556 -0.49028
v 3.39561 0.85 -0.48939
v 3.3975 4.64778 -0.5
v 3.39384 4.64778 -0.50884
v 3.385 4.64778 -0.5125
v 3.37616 4.64778 -0.50884
v 3.3725 4.64778 -0.5
v 3.37616 4.64778 -0.49116
v 3.385 4.64778 -0.4875
v 3.39384 4.64778 -0.49116
v 3.39625 6.58 -0.5
v 3.39296 6.58 -0.50795
v 3.385 6.58 -0.51125
v 3.37705 6.58 -0.50795
v 3.37375 6.58 -0.5
v 3.37705 6.58 -0.49205
v 3.385 6.58 -0.48875
v 3.39296 6.58 -0.49205
v -3.47 2.53 0.215
v -3.44336 2.39606 0.215
v -3.44336 2.39606 -0.21
v -3.47 2.53 -0.21
v -3.36749 2.28251 0.215
v -3.36749 2.28251 -0.21
v -3.25394 2.20664 0.215
v -3.25394 2.20664 -0.21
v -3.12 2.18 0.215
v -3.12 2.18 -0.21
v 3.1 2.18 0.215
v 3.1 2.18 -0.21
v 3.23394 2.20664 0.215
v 3.23394 2.20664 -0.21
v 3.34749 2.28251 0.215
v 3.34749 2.28251 -0.21
v 3.42336 2.39606 0.215
v 3.42336 2.39606 -0.21
v 3.45 2.53 0.215
v 3.45 2.53 -0.21
v 3.45 6.8 0.215
v 3.45 6.8 -0.21
v 3.42336 6.93394 0.215
v 3.42336 6.93394 -0.21
v 3.34749 7.04749 0.215
v 3.34749 7.04749 -0.21
v 3.23394 7.12336 0.215
v 3.23394 7.12336 -0.21
v 3.1 7.15 0.215
v 3.1 7.15 -0.21
v -3.12 7.15 0.215
v -3.12 7.15 -0.21
v -3.25394 7.12336 0.215
v -3.25394 7.12336 -0.21
v -3.36749 7.04749 0.215
v -3.36749 7.04749 -0.21
v -3.44336 6.93394 0.215
v -3.44336 6.93394 -0.21
v -3.47 6.8 0.215
v -3.47 6.8 -0.21
v -3.445 2.53246 0.24
v -3.41981 2.40582 0.24
v -3.34946 2.30054 0.24
v -3.24418 2.23019 0.24
v -3.11754 2.205 0.24
v 3.09754 2.205 0.24
v 3.22418 2.23019 0.24
v 3.32946 2.30054 0.24
v 3.39981 2.40582 0.24
v 3.425 2.53246 0.24
v 3.425 6.79754 0.24
v 3.39981 6.92418 0.24
v 3.32946 7.02946 0.24
v 3.22418 7.09981 0.24
v 3.09754 7.125 0.24
v -3.11754 7.125 0.24
v -3.24418 7.09981 0.24
v -3.34946 7.02946 0.24
v -3.41981 6.92418 0.24
v -3.445 6.79754 0.24
v -2.82 3.14 -0.21
v -2.81315 3.10556 -0.21
v -2.81315 3.10556 0.215
v -2.82 3.14 0.215
v -2.79364 3.07636 -0.21
v -2.79364 3.07636 0.215
v -2.76444 3.05685 -0.21
v -2.76444 3.05685 0.215
v -2.73 3.05 -0.21
v -2.73 3.05 0.215
v 2.7 3.05 -0.21
v 2.7 3.05 0.215
v 2.73444 3.05685 -0.21
v 2.73444 3.05685 0.215
v 2.76364 3.07636 -0.21
v 2.76364 3.07636 0.215
v 2.78315 3.10556 -0.21
v 2.78315 3.10556 0.215
v 2.79 3.14 -0.21
v 2.79 3.14 0.215
v 2.79 6.22 -0.21
v 2.79 6.22 0.215
v 2.78315 6.25444 -0.21
v 2.78315 6.25444 0.215
v 2.76364 6.28364 -0.21
v 2.76364 6.28364 0.215
v 2.73444 6.30315 -0.21
v 2.73444 6.30315 0.215
v 2.7 6.31 -0.21
v 2.7 6.31 0.215
v -2.73 6.31 -0.21
v -2.73 6.31 0.215
v -2.76444 6.30315 -0.21
v -2.76444 6.30315 0.215
v -2.79364 6.28364 -0.21
v -2.79364 6.28364 0.215
v -2.81315 6.25444 -0.21
v -2.81315 6.25444 0.215
v -2.82 6.22 -0.21
v -2.82 6.22 0.215
v -2.8367 3.0958 0.24
v -2.845 3.13754 0.24
v -2.81166 3.05834 0.24
v -2.7742 3.0333 0.24
v -2.73246 3.025 0.24
v 2.70246 3.025 0.24
v 2.7442 3.0333 0.24
v 2.78166 3.05834 0.24
v 2.8067 3.0958 0.24
v 2.815 3.13754 0.24
v 2.815 6.22246 0.24
v 2.8067 6.2642 0.24
v 2.78166 6.30166 0.24
v 2.7442 6.3267 0.24
v 2.70246 6.335 0.24
v -2.73246 6.335 0.24
v -2.7742 6.3267 0.24
v -2.81166 6.30166 0.24
v -2.8367 6.2642 0.24
v -2.845 6.22246 0.24
v -3.47 2.53 0.365
v -3.44336 2.39606 0.365
v -3.44336 2.39606 0.2
v -3.47 2.53 0.2
v -3.36749 2.28251 0.365
v -3.36749 2.28251 0.2
v -3.25394 2.20664 0.365
v -3.25394 2.20664 0.2
v -3.12 2.18 0.365
v -3.12 2.18 0.2
v 3.1 2.18 0.365
v 3.1 2.18 0.2
v 3.23394 2.20664 0.365
v 3.23394 2.20664 0.2
v 3.34749 2.28251 0.365
v 3.34749 2.28251 0.2
v 3.42336 2.39606 0.365
v 3.42336 2.39606 0.2
v 3.45 2.53 0.365
v 3.45 2.53 0.2
v 3.45 6.8 0.365
v 3.45 6.8 0.2
v 3.42336 6.93394 0.365
v 3.42336 6.93394 0.2
v 3.34749 7.04749 0.365
v 3.34749 7.04749 0.2
v 3.23394 7.12336 0.365
v 3.23394 7.12336 0.2
v 3.1 7.15 0.365
v 3.1 7.15 0.2
v -3.12 7.15 0.365
v -3.12 7.15 0.2
v -3.25394 7.12336 0.365
v -3.25394 7.12336 0.2
v -3.36749 7.04749 0.365
v -3.36749 7.04749 0.2
v -3.44336 6.93394 0.365
v -3.44336 6.93394 0.2
v -3.47 6.8 0.365
v -3.47 6.8 0.2
v -3.435 2.53345 0.4
v -3.41039 2.40972 0.4
v -3.34225 2.30775 0.4
v -3.24028 2.23961 0.4
v -3.11655 2.215 0.4
v 3.09655 2.215 0.4
v 3.22028 2.23961 0.4
v 3.32225 2.30775 0.4
v 3.39039 2.40972 0.4
v 3.415 2.53345 0.4
v 3.415 6.79655 0.4
v 3.39039 6.92028 0.4
v 3.32225 7.02225 0.4
v 3.22028 7.09039 0.4
v 3.09655 7.115 0.4
v -3.11655 7.115 0.4
v -3.24028 7.09039 0.4
v -3.34225 7.02225 0.4
v -3.41039 6.92028 0.4
v -3.435 6.79655 0.4
v -3.33 2.58 0.2
v -3.31021 2.4805 0.2
v -3.31021 2.4805 0.365
v -3.33 2.58 0.365
v -3.25385 2.39615 0.2
v -3.25385 2.39615 0.365
v -3.1695 2.33979 0.2
v -3.1695 2.33979 0.365
v -3.07 2.32 0.2
v -3.07 2.32 0.365
v 3.05 2.32 0.2
v 3.05 2.32 0.365
v 3.1495 2.33979 0.2
v 3.1495 2.33979 0.365
v 3.23385 2.39615 0.2
v 3.23385 2.39615 0.365
v 3.29021 2.4805 0.2
v 3.29021 2.4805 0.365
v 3.31 2.58 0.2
v 3.31 2.58 0.365
v 3.31 6.75 0.2
v 3.31 6.75 0.365
v 3.29021 6.8495 0.2
v 3.29021 6.8495 0.365
v 3.23385 6.93385 0.2
v 3.23385 6.93385 0.365
v 3.1495 6.99021 0.2
v 3.1495 6.99021 0.365
v 3.05 7.01 0.2
v 3.05 7.01 0.365
v -3.07 7.01 0.2
v -3.07 7.01 0.365
v -3.1695 6.99021 0.2
v -3.1695 6.99021 0.365
v -3.25385 6.93385 0.2
v -3.25385 6.93385 0.365
v -3.31021 6.8495 0.2
v -3.31021 6.8495 0.365
v -3.33 6.75 0.2
v -3.33 6.75 0.365
v -3.34318 2.46685 0.4
v -3.365 2.57655 0.4
v -3.27908 2.37092 0.4
v -3.18315 2.30682 0.4
v -3.07345 2.285 0.4
v 3.05345 2.285 0.4
v 3.16315 2.30682 0.4
v 3.25908 2.37092 0.4
v 3.32318 2.46685 0.4
v 3.345 2.57655 0.4
v 3.345 6.75345 0.4
v 3.32318 6.86315 0.4
v 3.25908 6.95908 0.4
v 3.16315 7.02318 0.4
v 3.05345 7.045 0.4
v -3.07345 7.045 0.4
v -3.18315 7.02318 0.4
v -3.27908 6.95908 0.4
v -3.34318 6.86315 0.4
v -3.365 6.75345 0.4
v -3.29 2.59 0.348
v -3.27249 2.50198 0.348
v -3.27249 2.50198 0.26
v -3.29 2.59 0.26
v -3.22263 2.42737 0.348
v -3.22263 2.42737 0.26
v -3.14802 2.37751 0.348
v -3.14802 2.37751 0.26
v -3.06 2.36 0.348
v -3.06 2.36 0.26
v 3.04 2.36 0.348
v 3.04 2.36 0.26
v 3.12802 2.37751 0.348
v 3.12802 2.37751 0.26
v 3.20263 2.42737 0.348
v 3.20263 2.42737 0.26
v 3.25249 2.50198 0.348
v 3.25249 2.50198 0.26
v 3.27 2.59 0.348
v 3.27 2.59 0.26
v 3.27 6.74 0.348
v 3.27 6.74 0.26
v 3.25249 6.82802 0.348
v 3.25249 6.82802 0.26
v 3.20263 6.90263 0.348
v 3.20263 6.90263 0.26
v 3.12802 6.95249 0.348
v 3.12802 6.95249 0.26
v 3.04 6.97 0.348
v 3.04 6.97 0.26
v -3.06 6.97 0.348
v -3.06 6.97 0.26
v -3.14802 6.95249 0.348
v -3.14802 6.95249 0.26
v -3.22263 6.90263 0.348
v -3.22263 6.90263 0.26
v -3.27249 6.82802 0.348
v -3.27249 6.82802 0.26
v -3.29 6.74 0.348
v -3.29 6.74 0.26
v -3.278 2.59118 0.36
v -3.26119 2.50666 0.36
v -3.21398 2.43602 0.36
v -3.14334 2.38881 0.36
v -3.05882 2.372 0.36
v 3.03882 2.372 0.36
v 3.12334 2.38881 0.36
v 3.19398 2.43602 0.36
v 3.24119 2.50666 0.36
v 3.258 2.59118 0.36
v 3.258 6.73882 0.36
v 3.24119 6.82334 0.36
v 3.19398 6.89398 0.36
v 3.12334 6.94119 0.36
v 3.03882 6.958 0.36
v -3.05882 6.958 0.36
v -3.14334 6.94119 0.36
v -3.21398 6.89398 0.36
v -3.26119 6.82334 0.36
v -3.278 6.73882 0.36
v -3.23 2.62 0.26
v -3.21478 2.54346 0.26
v -3.21478 2.54346 0.348
v -3.23 2.62 0.348
v -3.17142 2.47858 0.26
v -3.17142 2.47858 0.348
v -3.10654 2.43522 0.26
v -3.10654 2.43522 0.348
v -3.03 2.42 0.26
v -3.03 2.42 0.348
v 3.01 2.42 0.26
v 3.01 2.42 0.348
v 3.08654 2.43522 0.26
v 3.08654 2.43522 0.348
v 3.15142 2.47858 0.26
v 3.15142 2.47858 0.348
v 3.19478 2.54346 0.26
v 3.19478 2.54346 0.348
v 3.21 2.62 0.26
v 3.21 2.62 0.348
v 3.21 6.71 0.26
v 3.21 6.71 0.348
v 3.19478 6.78654 0.26
v 3.19478 6.78654 0.348
v 3.15142 6.85142 0.26
v 3.15142 6.85142 0.348
v 3.08654 6.89478 0.26
v 3.08654 6.89478 0.348
v 3.01 6.91 0.26
v 3.01 6.91 0.348
v -3.03 6.91 0.26
v -3.03 6.91 0.348
v -3.10654 6.89478 0.26
v -3.10654 6.89478 0.348
v -3.17142 6.85142 0.26
v -3.17142 6.85142 0.348
v -3.21478 6.78654 0.26
v -3.21478 6.78654 0.348
v -3.23 6.71 0.26
v -3.23 6.71 0.348
v -3.22608 2.53878 0.36
v -3.242 2.61882 0.36
v -3.18007 2.46993 0.36
v -3.11122 2.42392 0.36
v -3.03118 2.408 0.36
v 3.01118 2.408 0.36
v 3.09122 2.42392 0.36
v 3.16007 2.46993 0.36
v 3.20608 2.53878 0.36
v 3.222 2.61882 0.36
v 3.222 6.71118 0.36
v 3.20608 6.79122 0.36
v 3.16007 6.86007 0.36
v 3.09122 6.90608 0.36
v 3.01118 6.922 0.36
v -3.03118 6.922 0.36
v -3.11122 6.90608 0.36
v -3.18007 6.86007 0.36
v -3.22608 6.79122 0.36
v -3.242 6.71118 0.36
v -2.97 3.08 0.442
v -2.95782 3.01877 0.442
v -2.95782 3.01877 0.2
v -2.97 3.08 0.2
v -2.92314 2.96686 0.442
v -2.92314 2.96686 0.2
v -2.87123 2.93218 0.442
v -2.87123 2.93218 0.2
v -2.81 2.92 0.442
v -2.81 2.92 0.2
v 2.78 2.92 0.442
v 2.78 2.92 0.2
v 2.84123 2.93218 0.442
v 2.84123 2.93218 0.2
v 2.89314 2.96686 0.442
v 2.89314 2.96686 0.2
v 2.92782 3.01877 0.442
v 2.92782 3.01877 0.2
v 2.94 3.08 0.442
v 2.94 3.08 0.2
v 2.94 6.28 0.442
v 2.94 6.28 0.2
v 2.92782 6.34123 0.442
v 2.92782 6.34123 0.2
v 2.89314 6.39314 0.442
v 2.89314 6.39314 0.2
v 2.84123 6.42782 0.442
v 2.84123 6.42782 0.2
v 2.78 6.44 0.442
v 2.78 6.44 0.2
v -2.81 6.44 0.442
v -2.81 6.44 0.2
v -2.87123 6.42782 0.442
v -2.87123 6.42782 0.2
v -2.92314 6.39314 0.442
v -2.92314 6.39314 0.2
v -2.95782 6.34123 0.442
v -2.95782 6.34123 0.2
v -2.97 6.28 0.442
v -2.97 6.28 0.2
v -2.942 3.08276 0.47
v -2.93145 3.0297 0.47
v -2.90295 2.98705 0.47
v -2.8603 2.95855 0.47
v -2.80724 2.948 0.47
v 2.77724 2.948 0.47
v 2.8303 2.95855 0.47
v 2.87295 2.98705 0.47
v 2.90145 3.0297 0.47
v 2.912 3.08276 0.47
v 2.912 6.27724 0.47
v 2.90145 6.3303 0.47
v 2.87295 6.37295 0.47
v 2.8303 6.40145 0.47
v 2.77724 6.412 0.47
v -2.80724 6.412 0.47
v -2.8603 6.40145 0.47
v -2.90295 6.37295 0.47
v -2.93145 6.3303 0.47
v -2.942 6.27724 0.47
v -2.82 3.14 0.2
v -2.81315 3.10556 0.2
v -2.81315 3.10556 0.442
v -2.82 3.14 0.442
v -2.79364 3.07636 0.2
v -2.79364 3.07636 0.442
v -2.76444 3.05685 0.2
v -2.76444 3.05685 0.442
v -2.73 3.05 0.2
v -2.73 3.05 0.442
v 2.7 3.05 0.2
v 2.7 3.05 0.442
v 2.73444 3.05685 0.2
v 2.73444 3.05685 0.442
v 2.76364 3.07636 0.2
v 2.76364 3.07636 0.442
v 2.78315 3.10556 0.2
v 2.78315 3.10556 0.442
v 2.79 3.14 0.2
v 2.79 3.14 0.442
v 2.79 6.22 0.2
v 2.79 6.22 0.442
v 2.78315 6.25444 0.2
v 2.78315 6.25444 0.442
v 2.76364 6.28364 0.2
v 2.76364 6.28364 0.442
v 2.73444 6.30315 0.2
v 2.73444 6.30315 0.442
v 2.7 6.31 0.2
v 2.7 6.31 0.442
v -2.73 6.31 0.2
v -2.73 6.31 0.442
v -2.76444 6.30315 0.2
v -2.76444 6.30315 0.442
v -2.79364 6.28364 0.2
v -2.79364 6.28364 0.442
v -2.81315 6.25444 0.2
v -2.81315 6.25444 0.442
v -2.82 6.22 0.2
v -2.82 6.22 0.442
v -2.83952 3.09463 0.47
v -2.848 3.13724 0.47
v -2.81383 3.05617 0.47
v -2.77537 3.03048 0.47
v -2.73276 3.022 0.47
v 2.70276 3.022 0.47
v 2.74537 3.03048 0.47
v 2.78383 3.05617 0.47
v 2.80952 3.09463 0.47
v 2.818 3.13724 0.47
v 2.818 6.22276 0.47
v 2.80952 6.26537 0.47
v 2.78383 6.30383 0.47
v 2.74537 6.32952 0.47
v 2.70276 6.338 0.47
v -2.73276 6.338 0.47
v -2.77537 6.32952 0.47
v -2.81383 6.30383 0.47
v -2.83952 6.26537 0.47
v -2.848 6.22276 0.47
v -2.89 3.12 0.48
v -2.88087 3.07408 0.48
v -2.88087 3.07408 0.42
v -2.89 3.12 0.42
v -2.85485 3.03515 0.48
v -2.85485 3.03515 0.42
v -2.81592 3.00913 0.48
v -2.81592 3.00913 0.42
v -2.77 3.0 0.48
v -2.77 3.0 0.42
v 2.74 3.0 0.48
v 2.74 3.0 0.42
v 2.78592 3.00913 0.48
v 2.78592 3.00913 0.42
v 2.82485 3.03515 0.48
v 2.82485 3.03515 0.42
v 2.85087 3.07408 0.48
v 2.85087 3.07408 0.42
v 2.86 3.12 0.48
v 2.86 3.12 0.42
v 2.86 6.24 0.48
v 2.86 6.24 0.42
v 2.85087 6.28592 0.48
v 2.85087 6.28592 0.42
v 2.82485 6.32485 0.48
v 2.82485 6.32485 0.42
v 2.78592 6.35087 0.48
v 2.78592 6.35087 0.42
v 2.74 6.36 0.48
v 2.74 6.36 0.42
v -2.77 6.36 0.48
v -2.77 6.36 0.42
v -2.81592 6.35087 0.48
v -2.81592 6.35087 0.42
v -2.85485 6.32485 0.48
v -2.85485 6.32485 0.42
v -2.88087 6.28592 0.48
v -2.88087 6.28592 0.42
v -2.89 6.24 0.48
v -2.89 6.24 0.42
v -2.88 3.12099 0.49
v -2.87145 3.07798 0.49
v -2.84764 3.04236 0.49
v -2.81202 3.01855 0.49
v -2.76902 3.01 0.49
v 2.73902 3.01 0.49
v 2.78202 3.01855 0.49
v 2.81764 3.04236 0.49
v 2.84145 3.07798 0.49
v 2.85 3.12099 0.49
v 2.85 6.23902 0.49
v 2.84145 6.28202 0.49
v 2.81764 6.31764 0.49
v 2.78202 6.34145 0.49
v 2.73902 6.35 0.49
v -2.76902 6.35 0.49
v -2.81202 6.34145 0.49
v -2.84764 6.31764 0.49
v -2.87145 6.28202 0.49
v -2.88 6.23902 0.49
v -2.82 3.14 0.42
v -2.81315 3.10556 0.42
v -2.81315 3.10556 0.48
v -2.82 3.14 0.48
v -2.79364 3.07636 0.42
v -2.79364 3.07636 0.48
v -2.76444 3.05685 0.42
v -2.76444 3.05685 0.48
v -2.73 3.05 0.42
v -2.73 3.05 0.48
v 2.7 3.05 0.42
v 2.7 3.05 0.48
v 2.73444 3.05685 0.42
v 2.73444 3.05685 0.48
v 2.76364 3.07636 0.42
v 2.76364 3.07636 0.48
v 2.78315 3.10556 0.42
v 2.78315 3.10556 0.48
v 2.79 3.14 0.42
v 2.79 3.14 0.48
v 2.79 6.22 0.42
v 2.79 6.22 0.48
v 2.78315 6.25444 0.42
v 2.78315 6.25444 0.48
v 2.76364 6.28364 0.42
v 2.76364 6.28364 0.48
v 2.73444 6.30315 0.42
v 2.73444 6.30315 0.48
v 2.7 6.31 0.42
v 2.7 6.31 0.48
v -2.73 6.31 0.42
v -2.73 6.31 0.48
v -2.76444 6.30315 0.42
v -2.76444 6.30315 0.48
v -2.79364 6.28364 0.42
v -2.79364 6.28364 0.48
v -2.81315 6.25444 0.42
v -2.81315 6.25444 0.48
v -2.82 6.22 0.42
v -2.82 6.22 0.48
v -2.82257 3.10166 0.49
v -2.83 3.13902 0.49
v -2.80085 3.06915 0.49
v -2.76834 3.04743 0.49
v -2.73098 3.04 0.49
v 2.70098 3.04 0.49
v 2.73834 3.04743 0.49
v 2.77085 3.06915 0.49
v 2.79257 3.10166 0.49
v 2.8 3.13902 0.49
v 2.8 6.22098 0.49
v 2.79257 6.25834 0.49
v 2.77085 6.29085 0.49
v 2.73834 6.31257 0.49
v 2.70098 6.32 0.49
v -2.73098 6.32 0.49
v -2.76834 6.31257 0.49
v -2.80085 6.29085 0.49
v -2.82257 6.25834 0.49
v -2.83 6.22098 0.49
v -2.76 6.85 0.26
v -2.76 6.58 0.26
v -2.75239 6.54173 0.26
v -2.73071 6.50929 0.26
v -2.69827 6.48761 0.26
v -2.66 6.48 0.26
v 2.64 6.48 0.26
v 2.67827 6.48761 0.26
v 2.71071 6.50929 0.26
v 2.73239 6.54173 0.26
v 2.74 6.58 0.26
v 2.74 6.85 0.26
v 2.73239 6.88827 0.26
v 2.71071 6.92071 0.26
v 2.67827 6.94239 0.26
v 2.64 6.95 0.26
v -2.66 6.95 0.26
v -2.69827 6.94239 0.26
v -2.73071 6.92071 0.26
v -2.75239 6.88827 0.26
v -2.73355 6.54954 0.3
v -2.74 6.58197 0.3
v -2.74 6.84803 0.3
v -2.71629 6.52371 0.3
v -2.69046 6.50645 0.3
v -2.65803 6.5 0.3
v 2.63803 6.5 0.3
v 2.67046 6.50645 0.3
v 2.69629 6.52371 0.3
v 2.71355 6.54954 0.3
v 2.72 6.58197 0.3
v 2.72 6.84803 0.3
v 2.71355 6.88046 0.3
v 2.69629 6.90629 0.3
v 2.67046 6.92355 0.3
v 2.63803 6.93 0.3
v -2.65803 6.93 0.3
v -2.69046 6.92355 0.3
v -2.71629 6.90629 0.3
v -2.73355 6.88046 0.3
v -2.76 6.58 0.28
v -2.75239 6.54173 0.28
v -2.73071 6.50929 0.28
v -2.69827 6.48761 0.28
v -2.66 6.48 0.28
v 2.64 6.48 0.28
v 2.67827 6.48761 0.28
v 2.71071 6.50929 0.28
v 2.73239 6.54173 0.28
v 2.74 6.58 0.28
v 2.74 6.85 0.28
v 2.73239 6.88827 0.28
v 2.71071 6.92071 0.28
v 2.67827 6.94239 0.28
v 2.64 6.95 0.28
v -2.66 6.95 0.28
v -2.69827 6.94239 0.28
v -2.73071 6.92071 0.28
v -2.75239 6.88827 0.28
v -2.76 6.85 0.28
v -2.8 6.56 0.406
v -2.79087 6.51408 0.406
v -2.79087 6.51408 0.3
v -2.8 6.56 0.3
v -2.76485 6.47515 0.406
v -2.76485 6.47515 0.3
v -2.72592 6.44913 0.406
v -2.72592 6.44913 0.3
v -2.68 6.44 0.406
v -2.68 6.44 0.3
v 2.66 6.44 0.406
v 2.66 6.44 0.3
v 2.70592 6.44913 0.406
v 2.70592 6.44913 0.3
v 2.74485 6.47515 0.406
v 2.74485 6.47515 0.3
v 2.77087 6.51408 0.406
v 2.77087 6.51408 0.3
v 2.78 6.56 0.406
v 2.78 6.56 0.3
v 2.78 6.87 0.406
v 2.78 6.87 0.3
v 2.77087 6.91592 0.406
v 2.77087 6.91592 0.3
v 2.74485 6.95485 0.406
v 2.74485 6.95485 0.3
v 2.70592 6.98087 0.406
v 2.70592 6.98087 0.3
v 2.66 6.99 0.406
v 2.66 6.99 0.3
v -2.68 6.99 0.406
v -2.68 6.99 0.3
v -2.72592 6.98087 0.406
v -2.72592 6.98087 0.3
v -2.76485 6.95485 0.406
v -2.76485 6.95485 0.3
v -2.79087 6.91592 0.406
v -2.79087 6.91592 0.3
v -2.8 6.87 0.406
v -2.8 6.87 0.3
v -2.786 6.56138 0.42
v -2.77768 6.51954 0.42
v -2.75476 6.48524 0.42
v -2.72046 6.46232 0.42
v -2.67862 6.454 0.42
v 2.65862 6.454 0.42
v 2.70046 6.46232 0.42
v 2.73476 6.48524 0.42
v 2.75768 6.51954 0.42
v 2.766 6.56138 0.42
v 2.766 6.86862 0.42
v 2.75768 6.91046 0.42
v 2.73476 6.94476 0.42
v 2.70046 6.96768 0.42
v 2.65862 6.976 0.42
v -2.67862 6.976 0.42
v -2.72046 6.96768 0.42
v -2.75476 6.94476 0.42
v -2.77768 6.91046 0.42
v -2.786 6.86862 0.42
v -2.74 6.59 0.3
v -2.73315 6.55556 0.3
v -2.73315 6.55556 0.406
v -2.74 6.59 0.406
v -2.71364 6.52636 0.3
v -2.71364 6.52636 0.406
v -2.68444 6.50685 0.3
v -2.68444 6.50685 0.406
v -2.65 6.5 0.3
v -2.65 6.5 0.406
v 2.63 6.5 0.3
v 2.63 6.5 0.406
v 2.66444 6.50685 0.3
v 2.66444 6.50685 0.406
v 2.69364 6.52636 0.3
v 2.69364 6.52636 0.406
v 2.71315 6.55556 0.3
v 2.71315 6.55556 0.406
v 2.72 6.59 0.3
v 2.72 6.59 0.406
v 2.72 6.84 0.3
v 2.72 6.84 0.406
v 2.71315 6.87444 0.3
v 2.71315 6.87444 0.406
v 2.69364 6.90364 0.3
v 2.69364 6.90364 0.406
v 2.66444 6.92315 0.3
v 2.66444 6.92315 0.406
v 2.63 6.93 0.3
v 2.63 6.93 0.406
v -2.65 6.93 0.3
v -2.65 6.93 0.406
v -2.68444 6.92315 0.3
v -2.68444 6.92315 0.406
v -2.71364 6.90364 0.3
v -2.71364 6.90364 0.406
v -2.73315 6.87444 0.3
v -2.73315 6.87444 0.406
v -2.74 6.84 0.3
v -2.74 6.84 0.406
v -2.74634 6.5501 0.42
v -2.754 6.58862 0.42
v -2.72373 6.51627 0.42
v -2.6899 6.49366 0.42
v -2.65138 6.486 0.42
v 2.63138 6.486 0.42
v 2.6699 6.49366 0.42
v 2.70373 6.51627 0.42
v 2.72634 6.5501 0.42
v 2.734 6.58862 0.42
v 2.734 6.84138 0.42
v 2.72634 6.8799 0.42
v 2.70373 6.91373 0.42
v 2.6699 6.93634 0.42
v 2.63138 6.944 0.42
v -2.65138 6.944 0.42
v -2.6899 6.93634 0.42
v -2.72373 6.91373 0.42
v -2.74634 6.8799 0.42
v -2.754 6.84138 0.42
v -3.37 6.11 0.23
v -3.37 3.01 0.23
v -3.36239 2.97173 0.23
v -3.34071 2.93929 0.23
v -3.30827 2.91761 0.23
v -3.27 2.91 0.23
v -3.25 2.91 0.23
v -3.21173 2.91761 0.23
v -3.17929 2.93929 0.23
v -3.15761 2.97173 0.23
v -3.15 3.01 0.23
v -3.15 6.11 0.23
v -3.15761 6.14827 0.23
v -3.17929 6.18071 0.23
v -3.21173 6.20239 0.23
v -3.25 6.21 0.23
v -3.27 6.21 0.23
v -3.30827 6.20239 0.23
v -3.34071 6.18071 0.23
v -3.36239 6.14827 0.23
v -3.29645 2.99904 0.57
v -3.3 3.01689 0.57
v -3.3 6.10311 0.57
v -3.29024 2.98976 0.57
v -3.28096 2.98355 0.57
v -3.26311 2.98 0.57
v -3.25689 2.98 0.57
v -3.23904 2.98355 0.57
v -3.22976 2.98976 0.57
v -3.22355 2.99904 0.57
v -3.22 3.01689 0.57
v -3.22 6.10311 0.57
v -3.22355 6.12096 0.57
v -3.22976 6.13024 0.57
v -3.23904 6.13645 0.57
v -3.25689 6.14 0.57
v -3.26311 6.14 0.57
v -3.28096 6.13645 0.57
v -3.29024 6.13024 0.57
v -3.29645 6.12096 0.57
v -3.37 3.01 0.5
v -3.36239 2.97173 0.5
v -3.34071 2.93929 0.5
v -3.30827 2.91761 0.5
v -3.27 2.91 0.5
v -3.25 2.91 0.5
v -3.21173 2.91761 0.5
v -3.17929 2.93929 0.5
v -3.15761 2.97173 0.5
v -3.15 3.01 0.5
v -3.15 6.11 0.5
v -3.15761 6.14827 0.5
v -3.17929 6.18071 0.5
v -3.21173 6.20239 0.5
v -3.25 6.21 0.5
v -3.27 6.21 0.5
v -3.30827 6.20239 0.5
v -3.34071 6.18071 0.5
v -3.36239 6.14827 0.5
v -3.37 6.11 0.5
v -3.29 5.98 0.51
v -3.29 3.14 0.51
v -3.28848 3.13235 0.51
v -3.28414 3.12586 0.51
v -3.27765 3.12152 0.51
v -3.27 3.12 0.51
v -3.25 3.12 0.51
v -3.24235 3.12152 0.51
v -3.23586 3.12586 0.51
v -3.23152 3.13235 0.51
v -3.23 3.14 0.51
v -3.23 5.98 0.51
v -3.23152 5.98765 0.51
v -3.23586 5.99414 0.51
v -3.24235 5.99848 0.51
v -3.25 6.0 0.51
v -3.27 6.0 0.51
v -3.27765 5.99848 0.51
v -3.28414 5.99414 0.51
v -3.28848 5.98765 0.51
v -3.27717 3.13703 0.58
v -3.278 3.14118 0.58
v -3.278 5.97882 0.58
v -3.27549 3.13451 0.58
v -3.27297 3.13283 0.58
v -3.26882 3.132 0.58
v -3.25118 3.132 0.58
v -3.24703 3.13283 0.58
v -3.24451 3.13451 0.58
v -3.24283 3.13703 0.58
v -3.242 3.14118 0.58
v -3.242 5.97882 0.58
v -3.24283 5.98297 0.58
v -3.24451 5.98549 0.58
v -3.24703 5.98717 0.58
v -3.25118 5.988 0.58
v -3.26882 5.988 0.58
v -3.27297 5.98717 0.58
v -3.27549 5.98549 0.58
v -3.27717 5.98297 0.58
v -3.29 3.14 0.568
v -3.28848 3.13235 0.568
v -3.28414 3.12586 0.568
v -3.27765 3.12152 0.568
v -3.27 3.12 0.568
v -3.25 3.12 0.568
v -3.24235 3.12152 0.568
v -3.23586 3.12586 0.568
v -3.23152 3.13235 0.568
v -3.23 3.14 0.568
v -3.23 5.98 0.568
v -3.23152 5.98765 0.568
v -3.23586 5.99414 0.568
v -3.24235 5.99848 0.568
v -3.25 6.0 0.568
v -3.27 6.0 0.568
v -3.27765 5.99848 0.568
v -3.28414 5.99414 0.568
v -3.28848 5.98765 0.568
v -3.29 5.98 0.568
v -3.44 6.26 0.22
v -3.44 6.22 0.22
v -3.43619 6.20087 0.22
v -3.42536 6.18464 0.22
v -3.40913 6.17381 0.22
v -3.39 6.17 0.22
v -3.13 6.17 0.22
v -3.11087 6.17381 0.22
v -3.09464 6.18464 0.22
v -3.08381 6.20087 0.22
v -3.08 6.22 0.22
v -3.08 6.26 0.22
v -3.08381 6.27913 0.22
v -3.09464 6.29536 0.22
v -3.11087 6.30619 0.22
v -3.13 6.31 0.22
v -3.39 6.31 0.22
v -3.40913 6.30619 0.22
v -3.42536 6.29536 0.22
v -3.43619 6.27913 0.22
v -3.40793 6.21257 0.62
v -3.41 6.22295 0.62
v -3.41 6.25705 0.62
v -3.40373 6.20627 0.62
v -3.39743 6.20207 0.62
v -3.38705 6.2 0.62
v -3.13295 6.2 0.62
v -3.12257 6.20207 0.62
v -3.11627 6.20627 0.62
v -3.11207 6.21257 0.62
v -3.11 6.22295 0.62
v -3.11 6.25705 0.62
v -3.11207 6.26743 0.62
v -3.11627 6.27373 0.62
v -3.12257 6.27793 0.62
v -3.13295 6.28 0.62
v -3.38705 6.28 0.62
v -3.39743 6.27793 0.62
v -3.40373 6.27373 0.62
v -3.40793 6.26743 0.62
v -3.44 6.22 0.59
v -3.43619 6.20087 0.59
v -3.42536 6.18464 0.59
v -3.40913 6.17381 0.59
v -3.39 6.17 0.59
v -3.13 6.17 0.59
v -3.11087 6.17381 0.59
v -3.09464 6.18464 0.59
v -3.08381 6.20087 0.59
v -3.08 6.22 0.59
v -3.08 6.26 0.59
v -3.08381 6.27913 0.59
v -3.09464 6.29536 0.59
v -3.11087 6.30619 0.59
v -3.13 6.31 0.59
v -3.39 6.31 0.59
v -3.40913 6.30619 0.59
v -3.42536 6.29536 0.59
v -3.43619 6.27913 0.59
v -3.44 6.26 0.59
v -3.44 2.85 0.22
v -3.44 2.81 0.22
v -3.43619 2.79087 0.22
v -3.42536 2.77464 0.22
v -3.40913 2.76381 0.22
v -3.39 2.76 0.22
v -3.13 2.76 0.22
v -3.11087 2.76381 0.22
v -3.09464 2.77464 0.22
v -3.08381 2.79087 0.22
v -3.08 2.81 0.22
v -3.08 2.85 0.22
v -3.08381 2.86913 0.22
v -3.09464 2.88536 0.22
v -3.11087 2.89619 0.22
v -3.13 2.9 0.22
v -3.39 2.9 0.22
v -3.40913 2.89619 0.22
v -3.42536 2.88536 0.22
v -3.43619 2.86913 0.22
v -3.40793 2.80257 0.62
v -3.41 2.81295 0.62
v -3.41 2.84705 0.62
v -3.40373 2.79627 0.62
v -3.39743 2.79207 0.62
v -3.38705 2.79 0.62
v -3.13295 2.79 0.62
v -3.12257 2.79207 0.62
v -3.11627 2.79627 0.62
v -3.11207 2.80257 0.62
v -3.11 2.81295 0.62
v -3.11 2.84705 0.62
v -3.11207 2.85743 0.62
v -3.11627 2.86373 0.62
v -3.12257 2.86793 0.62
v -3.13295 2.87 0.62
v -3.38705 2.87 0.62
v -3.39743 2.86793 0.62
v -3.40373 2.86373 0.62
v -3.40793 2.85743 0.62
v -3.44 2.81 0.59
v -3.43619 2.79087 0.59
v -3.42536 2.77464 0.59
v -3.40913 2.76381 0.59
v -3.39 2.76 0.59
v -3.13 2.76 0.59
v -3.11087 2.76381 0.59
v -3.09464 2.77464 0.59
v -3.08381 2.79087 0.59
v -3.08 2.81 0.59
v -3.08 2.85 0.59
v -3.08381 2.86913 0.59
v -3.09464 2.88536 0.59
v -3.11087 2.89619 0.59
v -3.13 2.9 0.59
v -3.39 2.9 0.59
v -3.40913 2.89619 0.59
v -3.42536 2.88536 0.59
v -3.43619 2.86913 0.59
v -3.44 2.85 0.59
v 2.98 6.11 0.23
v 2.98 3.01 0.23
v 2.98761 2.97173 0.23
v 3.00929 2.93929 0.23
v 3.04173 2.91761 0.23
v 3.08 2.91 0.23
v 3.1 2.91 0.23
v 3.13827 2.91761 0.23
v 3.17071 2.93929 0.23
v 3.19239 2.97173 0.23
v 3.2 3.01 0.23
v 3.2 6.11 0.23
v 3.19239 6.14827 0.23
v 3.17071 6.18071 0.23
v 3.13827 6.20239 0.23
v 3.1 6.21 0.23
v 3.08 6.21 0.23
v 3.04173 6.20239 0.23
v 3.00929 6.18071 0.23
v 2.98761 6.14827 0.23
v 3.05355 2.99904 0.57
v 3.05 3.01689 0.57
v 3.05 6.10311 0.57
v 3.05976 2.98976 0.57
v 3.06904 2.98355 0.57
v 3.08689 2.98 0.57
v 3.09311 2.98 0.57
v 3.11096 2.98355 0.57
v 3.12024 2.98976 0.57
v 3.12645 2.99904 0.57
v 3.13 3.01689 0.57
v 3.13 6.10311 0.57
v 3.12645 6.12096 0.57
v 3.12024 6.13024 0.57
v 3.11096 6.13645 0.57
v 3.09311 6.14 0.57
v 3.08689 6.14 0.57
v 3.06904 6.13645 0.57
v 3.05976 6.13024 0.57
v 3.05355 6.12096 0.57
v 2.98 3.01 0.5
v 2.98761 2.97173 0.5
v 3.00929 2.93929 0.5
v 3.04173 2.91761 0.5
v 3.08 2.91 0.5
v 3.1 2.91 0.5
v 3.13827 2.91761 0.5
v 3.17071 2.93929 0.5
v 3.19239 2.97173 0.5
v 3.2 3.01 0.5
v 3.2 6.11 0.5
v 3.19239 6.14827 0.5
v 3.17071 6.18071 0.5
v 3.13827 6.20239 0.5
v 3.1 6.21 0.5
v 3.08 6.21 0.5
v 3.04173 6.20239 0.5
v 3.00929 6.18071 0.5
v 2.98761 6.14827 0.5
v 2.98 6.11 0.5
v 3.06 5.98 0.51
v 3.06 3.14 0.51
v 3.06152 3.13235 0.51
v 3.06586 3.12586 0.51
v 3.07235 3.12152 0.51
v 3.08 3.12 0.51
v 3.1 3.12 0.51
v 3.10765 3.12152 0.51
v 3.11414 3.12586 0.51
v 3.11848 3.13235 0.51
v 3.12 3.14 0.51
v 3.12 5.98 0.51
v 3.11848 5.98765 0.51
v 3.11414 5.99414 0.51
v 3.10765 5.99848 0.51
v 3.1 6.0 0.51
v 3.08 6.0 0.51
v 3.07235 5.99848 0.51
v 3.06586 5.99414 0.51
v 3.06152 5.98765 0.51
v 3.07283 3.13703 0.58
v 3.072 3.14118 0.58
v 3.072 5.97882 0.58
v 3.07451 3.13451 0.58
v 3.07703 3.13283 0.58
v 3.08118 3.132 0.58
v 3.09882 3.132 0.58
v 3.10297 3.13283 0.58
v 3.10549 3.13451 0.58
v 3.10717 3.13703 0.58
v 3.108 3.14118 0.58
v 3.108 5.97882 0.58
v 3.10717 5.98297 0.58
v 3.10549 5.98549 0.58
v 3.10297 5.98717 0.58
v 3.09882 5.988 0.58
v 3.08118 5.988 0.58
v 3.07703 5.98717 0.58
v 3.07451 5.98549 0.58
v 3.07283 5.98297 0.58
v 3.06 3.14 0.568
v 3.06152 3.13235 0.568
v 3.06586 3.12586 0.568
v 3.07235 3.12152 0.568
v 3.08 3.12 0.568
v 3.1 3.12 0.568
v 3.10765 3.12152 0.568
v 3.11414 3.12586 0.568
v 3.11848 3.13235 0.568
v 3.12 3.14 0.568
v 3.12 5.98 0.568
v 3.11848 5.98765 0.568
v 3.11414 5.99414 0.568
v 3.10765 5.99848 0.568
v 3.1 6.0 0.568
v 3.08 6.0 0.568
v 3.07235 5.99848 0.568
v 3.06586 5.99414 0.568
v 3.06152 5.98765 0.568
v 3.06 5.98 0.568
v 2.91 6.26 0.22
v 2.91 6.22 0.22
v 2.91381 6.20087 0.22
v 2.92464 6.18464 0.22
v 2.94087 6.17381 0.22
v 2.96 6.17 0.22
v 3.22 6.17 0.22
v 3.23913 6.17381 0.22
v 3.25536 6.18464 0.22
v 3.26619 6.20087 0.22
v 3.27 6.22 0.22
v 3.27 6.26 0.22
v 3.26619 6.27913 0.22
v 3.25536 6.29536 0.22
v 3.23913 6.30619 0.22
v 3.22 6.31 0.22
v 2.96 6.31 0.22
v 2.94087 6.30619 0.22
v 2.92464 6.29536 0.22
v 2.91381 6.27913 0.22
v 2.94207 6.21257 0.62
v 2.94 6.22295 0.62
v 2.94 6.25705 0.62
v 2.94627 6.20627 0.62
v 2.95257 6.20207 0.62
v 2.96295 6.2 0.62
v 3.21705 6.2 0.62
v 3.22743 6.20207 0.62
v 3.23373 6.20627 0.62
v 3.23793 6.21257 0.62
v 3.24 6.22295 0.62
v 3.24 6.25705 0.62
v 3.23793 6.26743 0.62
v 3.23373 6.27373 0.62
v 3.22743 6.27793 0.62
v 3.21705 6.28 0.62
v 2.96295 6.28 0.62
v 2.95257 6.27793 0.62
v 2.94627 6.27373 0.62
v 2.94207 6.26743 0.62
v 2.91 6.22 0.59
v 2.91381 6.20087 0.59
v 2.92464 6.18464 0.59
v 2.94087 6.17381 0.59
v 2.96 6.17 0.59
v 3.22 6.17 0.59
v 3.23913 6.17381 0.59
v 3.25536 6.18464 0.59
v 3.26619 6.20087 0.59
v 3.27 6.22 0.59
v 3.27 6.26 0.59
v 3.26619 6.27913 0.59
v 3.25536 6.29536 0.59
v 3.23913 6.30619 0.59
v 3.22 6.31 0.59
v 2.96 6.31 0.59
v 2.94087 6.30619 0.59
v 2.92464 6.29536 0.59
v 2.91381 6.27913 0.59
v 2.91 6.26 0.59
v 2.91 2.85 0.22
v 2.91 2.81 0.22
v 2.91381 2.79087 0.22
v 2.92464 2.77464 0.22
v 2.94087 2.76381 0.22
v 2.96 2.76 0.22
v 3.22 2.76 0.22
v 3.23913 2.76381 0.22
v 3.25536 2.77464 0.22
v 3.26619 2.79087 0.22
v 3.27 2.81 0.22
v 3.27 2.85 0.22
v 3.26619 2.86913 0.22
v 3.25536 2.88536 0.22
v 3.23913 2.89619 0.22
v 3.22 2.9 0.22
v 2.96 2.9 0.22
v 2.94087 2.89619 0.22
v 2.92464 2.88536 0.22
v 2.91381 2.86913 0.22
v 2.94207 2.80257 0.62
v 2.94 2.81295 0.62
v 2.94 2.84705 0.62
v 2.94627 2.79627 0.62
v 2.95257 2.79207 0.62
v 2.96295 2.79 0.62
v 3.21705 2.79 0.62
v 3.22743 2.79207 0.62
v 3.23373 2.79627 0.62
v 3.23793 2.80257 0.62
v 3.24 2.81295 0.62
v 3.24 2.84705 0.62
v 3.23793 2.85743 0.62
v 3.23373 2.86373 0.62
v 3.22743 2.86793 0.62
v 3.21705 2.87 0.62
v 2.96295 2.87 0.62
v 2.95257 2.86793 0.62
v 2.94627 2.86373 0.62
v 2.94207 2.85743 0.62
v 2.91 2.81 0.59
v 2.91381 2.79087 0.59
v 2.92464 2.77464 0.59
v 2.94087 2.76381 0.59
v 2.96 2.76 0.59
v 3.22 2.76 0.59
v 3.23913 2.76381 0.59
v 3.25536 2.77464 0.59
v 3.26619 2.79087 0.59
v 3.27 2.81 0.59
v 3.27 2.85 0.59
v 3.26619 2.86913 0.59
v 3.25536 2.88536 0.59
v 3.23913 2.89619 0.59
v 3.22 2.9 0.59
v 2.96 2.9 0.59
v 2.94087 2.89619 0.59
v 2.92464 2.88536 0.59
v 2.91381 2.86913 0.59
v 2.91 2.85 0.59
v -3.56 2.6 -0.12
v -3.56 2.48 -0.12
v -3.55315 2.44556 -0.12
v -3.53364 2.41636 -0.12
v -3.50444 2.39685 -0.12
v -3.47 2.39 -0.12
v 3.46 2.39 -0.12
v 3.49444 2.39685 -0.12
v 3.52364 2.41636 -0.12
v 3.54315 2.44556 -0.12
v 3.55 2.48 -0.12
v 3.55 2.6 -0.12
v 3.54315 2.63444 -0.12
v 3.52364 2.66364 -0.12
v 3.49444 2.68315 -0.12
v 3.46 2.69 -0.12
v -3.47 2.69 -0.12
v -3.50444 2.68315 -0.12
v -3.53364 2.66364 -0.12
v -3.55315 2.63444 -0.12
v -3.48721 2.47287 0.53
v -3.49 2.48689 0.53
v -3.49 2.59311 0.53
v -3.48317 2.46683 0.53
v -3.47713 2.46279 0.53
v -3.46311 2.46 0.53
v 3.45311 2.46 0.53
v 3.46713 2.46279 0.53
v 3.47317 2.46683 0.53
v 3.47721 2.47287 0.53
v 3.48 2.48689 0.53
v 3.48 2.59311 0.53
v 3.47721 2.60713 0.53
v 3.47317 2.61317 0.53
v 3.46713 2.61721 0.53
v 3.45311 2.62 0.53
v -3.46311 2.62 0.53
v -3.47713 2.61721 0.53
v -3.48317 2.61317 0.53
v -3.48721 2.60713 0.53
v -3.56 2.48 0.46
v -3.55315 2.44556 0.46
v -3.53364 2.41636 0.46
v -3.50444 2.39685 0.46
v -3.47 2.39 0.46
v 3.46 2.39 0.46
v 3.49444 2.39685 0.46
v 3.52364 2.41636 0.46
v 3.54315 2.44556 0.46
v 3.55 2.48 0.46
v 3.55 2.6 0.46
v 3.54315 2.63444 0.46
v 3.52364 2.66364 0.46
v 3.49444 2.68315 0.46
v 3.46 2.69 0.46
v -3.47 2.69 0.46
v -3.50444 2.68315 0.46
v -3.53364 2.66364 0.46
v -3.55315 2.63444 0.46
v -3.56 2.6 0.46
v -3.71 2.29 -3.56
v -4.29 1.64 -3.56
v -4.4 0.41 -3.56
v -4.04 0.14 -3.56
v 3.62 0.14 -3.56
v 4.04 0.38 -3.56
v 4.07 1.75 -3.56
v 3.54 2.29 -3.56
v -4.29544 0.45658 0.64
v -4.19335 1.59812 0.64
v -3.66521 2.19 0.64
v -4.00667 0.24 0.64
v 3.59344 0.24 0.64
v 3.94126 0.43875 0.64
v 3.9691 1.71004 0.64
v 3.49803 2.19 0.64
v -4.29 1.64 0.54
v -4.4 0.41 0.54
v -4.04 0.14 0.54
v 3.62 0.14 0.54
v 4.04 0.38 0.54
v 4.07 1.75 0.54
v 3.54 2.29 0.54
v -3.71 2.29 0.54
v -3.68536 2.235 0.63
v -4.23684 1.61697 0.63
v -4.34249 0.43562 0.63
v -4.02167 0.195 0.63
v 3.60539 0.195 0.63
v 3.98569 0.41231 0.63
v 4.01451 1.72802 0.63
v 3.51692 2.235 0.63
v -4.31635 0.44726 0.72
v -4.21268 1.6065 0.72
v -3.67417 2.21 0.72
v -4.01333 0.22 0.72
v 3.59875 0.22 0.72
v 3.96101 0.427 0.72
v 3.98928 1.71803 0.72
v 3.50642 2.21 0.72
v -4.23684 1.61697 0.695
v -4.34249 0.43562 0.695
v -4.02167 0.195 0.695
v 3.60539 0.195 0.695
v 3.98569 0.41231 0.695
v 4.01451 1.72802 0.695
v 3.51692 2.235 0.695
v -3.68536 2.235 0.695
v -3.65177 2.16 0.7
v -4.16435 1.58556 0.7
v -4.26407 0.47055 0.7
v -3.99667 0.27 0.7
v 3.58548 0.27 0.7
v 3.91164 0.45638 0.7
v 3.93883 1.69805 0.7
v 3.48544 2.16 0.7
v -4.24106 0.4808 0.76
v -4.14309 1.57634 0.76
v -3.64192 2.138 0.76
v -3.98933 0.292 0.76
v 3.57963 0.292 0.76
v 3.88992 0.46931 0.76
v 3.91663 1.68926 0.76
v 3.47621 2.138 0.76
v -4.16435 1.58556 0.738
v -4.26407 0.47055 0.738
v -3.99667 0.27 0.738
v 3.58548 0.27 0.738
v 3.91164 0.45638 0.738
v 3.93883 1.69805 0.738
v 3.48544 2.16 0.738
v -3.65177 2.16 0.738
v -4.18 1.51 0.73
v -4.18 0.93 0.73
v -4.1701 0.88025 0.73
v -4.14192 0.83808 0.73
v -4.09975 0.8099 0.73
v -4.05 0.8 0.73
v -2.18 0.8 0.73
v -2.13025 0.8099 0.73
v -2.08808 0.83808 0.73
v -2.0599 0.88025 0.73
v -2.05 0.93 0.73
v -2.05 1.51 0.73
v -2.0599 1.55975 0.73
v -2.08808 1.60192 0.73
v -2.13025 1.6301 0.73
v -2.18 1.64 0.73
v -4.05 1.64 0.73
v -4.09975 1.6301 0.73
v -4.14192 1.60192 0.73
v -4.1701 1.55975 0.73
v -4.13714 0.89391 0.8
v -4.145 0.93345 0.8
v -4.145 1.50655 0.8
v -4.11669 0.86331 0.8
v -4.08609 0.84286 0.8
v -4.04655 0.835 0.8
v -2.18345 0.835 0.8
v -2.14391 0.84286 0.8
v -2.11331 0.86331 0.8
v -2.09286 0.89391 0.8
v -2.085 0.93345 0.8
v -2.085 1.50655 0.8
v -2.09286 1.54609 0.8
v -2.11331 1.57669 0.8
v -2.14391 1.59714 0.8
v -2.18345 1.605 0.8
v -4.04655 1.605 0.8
v -4.08609 1.59714 0.8
v -4.11669 1.57669 0.8
v -4.13714 1.54609 0.8
v -4.18 0.93 0.765
v -4.1701 0.88025 0.765
v -4.14192 0.83808 0.765
v -4.09975 0.8099 0.765
v -4.05 0.8 0.765
v -2.18 0.8 0.765
v -2.13025 0.8099 0.765
v -2.08808 0.83808 0.765
v -2.0599 0.88025 0.765
v -2.05 0.93 0.765
v -2.05 1.51 0.765
v -2.0599 1.55975 0.765
v -2.08808 1.60192 0.765
v -2.13025 1.6301 0.765
v -2.18 1.64 0.765
v -4.05 1.64 0.765
v -4.09975 1.6301 0.765
v -4.14192 1.60192 0.765
v -4.1701 1.55975 0.765
v -4.18 1.51 0.765
v -4.11 1.48 0.8
v -4.11 0.96 0.8
v -4.10315 0.92556 0.8
v -4.08364 0.89636 0.8
v -4.05444 0.87685 0.8
v -4.02 0.87 0.8
v -2.21 0.87 0.8
v -2.17556 0.87685 0.8
v -2.14636 0.89636 0.8
v -2.12685 0.92556 0.8
v -2.12 0.96 0.8
v -2.12 1.48 0.8
v -2.12685 1.51444 0.8
v -2.14636 1.54364 0.8
v -2.17556 1.56315 0.8
v -2.21 1.57 0.8
v -4.02 1.57 0.8
v -4.05444 1.56315 0.8
v -4.08364 1.54364 0.8
v -4.10315 1.51444 0.8
v -4.08619 0.93258 0.82
v -4.092 0.96177 0.82
v -4.092 1.47823 0.82
v -4.07066 0.90934 0.82
v -4.04742 0.89381 0.82
v -4.01823 0.888 0.82
v -2.21177 0.888 0.82
v -2.18258 0.89381 0.82
v -2.15934 0.90934 0.82
v -2.14381 0.93258 0.82
v -2.138 0.96177 0.82
v -2.138 1.47823 0.82
v -2.14381 1.50742 0.82
v -2.15934 1.53066 0.82
v -2.18258 1.54619 0.82
v -2.21177 1.552 0.82
v -4.01823 1.552 0.82
v -4.04742 1.54619 0.82
v -4.07066 1.53066 0.82
v -4.08619 1.50742 0.82
v -4.11 0.96 0.802
v -4.10315 0.92556 0.802
v -4.08364 0.89636 0.802
v -4.05444 0.87685 0.802
v -4.02 0.87 0.802
v -2.21 0.87 0.802
v -2.17556 0.87685 0.802
v -2.14636 0.89636 0.802
v -2.12685 0.92556 0.802
v -2.12 0.96 0.802
v -2.12 1.48 0.802
v -2.12685 1.51444 0.802
v -2.14636 1.54364 0.802
v -2.17556 1.56315 0.802
v -2.21 1.57 0.802
v -4.02 1.57 0.802
v -4.05444 1.56315 0.802
v -4.08364 1.54364 0.802
v -4.10315 1.51444 0.802
v -4.11 1.48 0.802
v 1.15 1.54 0.73
v 1.15 0.89 0.73
v 1.1599 0.84025 0.73
v 1.18808 0.79808 0.73
v 1.23025 0.7699 0.73
v 1.28 0.76 0.73
v 3.66 0.76 0.73
v 3.70975 0.7699 0.73
v 3.75192 0.79808 0.73
v 3.7801 0.84025 0.73
v 3.79 0.89 0.73
v 3.79 1.54 0.73
v 3.7801 1.58975 0.73
v 3.75192 1.63192 0.73
v 3.70975 1.6601 0.73
v 3.66 1.67 0.73
v 1.28 1.67 0.73
v 1.23025 1.6601 0.73
v 1.18808 1.63192 0.73
v 1.1599 1.58975 0.73
v 1.19286 0.85391 0.8
v 1.185 0.89345 0.8
v 1.185 1.53655 0.8
v 1.21331 0.82331 0.8
v 1.24391 0.80286 0.8
v 1.28345 0.795 0.8
v 3.65655 0.795 0.8
v 3.69609 0.80286 0.8
v 3.72669 0.82331 0.8
v 3.74714 0.85391 0.8
v 3.755 0.89345 0.8
v 3.755 1.53655 0.8
v 3.74714 1.57609 0.8
v 3.72669 1.60669 0.8
v 3.69609 1.62714 0.8
v 3.65655 1.635 0.8
v 1.28345 1.635 0.8
v 1.24391 1.62714 0.8
v 1.21331 1.60669 0.8
v 1.19286 1.57609 0.8
v 1.15 0.89 0.765
v 1.1599 0.84025 0.765
v 1.18808 0.79808 0.765
v 1.23025 0.7699 0.765
v 1.28 0.76 0.765
v 3.66 0.76 0.765
v 3.70975 0.7699 0.765
v 3.75192 0.79808 0.765
v 3.7801 0.84025 0.765
v 3.79 0.89 0.765
v 3.79 1.54 0.765
v 3.7801 1.58975 0.765
v 3.75192 1.63192 0.765
v 3.70975 1.6601 0.765
v 3.66 1.67 0.765
v 1.28 1.67 0.765
v 1.23025 1.6601 0.765
v 1.18808 1.63192 0.765
v 1.1599 1.58975 0.765
v 1.15 1.54 0.765
v 1.22 1.51 0.8
v 1.22 0.92 0.8
v 1.22685 0.88556 0.8
v 1.24636 0.85636 0.8
v 1.27556 0.83685 0.8
v 1.31 0.83 0.8
v 3.63 0.83 0.8
v 3.66444 0.83685 0.8
v 3.69364 0.85636 0.8
v 3.71315 0.88556 0.8
v 3.72 0.92 0.8
v 3.72 1.51 0.8
v 3.71315 1.54444 0.8
v 3.69364 1.57364 0.8
v 3.66444 1.59315 0.8
v 3.63 1.6 0.8
v 1.31 1.6 0.8
v 1.27556 1.59315 0.8
v 1.24636 1.57364 0.8
v 1.22685 1.54444 0.8
v 1.24381 0.89258 0.82
v 1.238 0.92177 0.82
v 1.238 1.50823 0.82
v 1.25934 0.86934 0.82
v 1.28258 0.85381 0.82
v 1.31177 0.848 0.82
v 3.62823 0.848 0.82
v 3.65742 0.85381 0.82
v 3.68066 0.86934 0.82
v 3.69619 0.89258 0.82
v 3.702 0.92177 0.82
v 3.702 1.50823 0.82
v 3.69619 1.53742 0.82
v 3.68066 1.56066 0.82
v 3.65742 1.57619 0.82
v 3.62823 1.582 0.82
v 1.31177 1.582 0.82
v 1.28258 1.57619 0.82
v 1.25934 1.56066 0.82
v 1.24381 1.53742 0.82
v 1.22 0.92 0.802
v 1.22685 0.88556 0.802
v 1.24636 0.85636 0.802
v 1.27556 0.83685 0.802
v 1.31 0.83 0.802
v 3.63 0.83 0.802
v 3.66444 0.83685 0.802
v 3.69364 0.85636 0.802
v 3.71315 0.88556 0.802
v 3.72 0.92 0.802
v 3.72 1.51 0.802
v 3.71315 1.54444 0.802
v 3.69364 1.57364 0.802
v 3.66444 1.59315 0.802
v 3.63 1.6 0.802
v 1.31 1.6 0.802
v 1.27556 1.59315 0.802
v 1.24636 1.57364 0.802
v 1.22685 1.54444 0.802
v 1.22 1.51 0.802
v 1.06708 1.2208 0.71
v 1.08 1.32 0.71
v 1.06708 1.4192 0.71
v 1.02855 1.5167 0.71
v 0.96506 1.61084 0.71
v 0.8777 1.7 0.71
v 0.76796 1.78266 0.71
v 0.63773 1.8574 0.71
v 0.48923 1.92295 0.71
v 0.325 1.97818 0.71
v 0.14785 2.02215 0.71
v -0.03918 2.0541 0.71
v -0.23291 2.0735 0.71
v -0.43 2.08 0.71
v -0.62709 2.0735 0.71
v -0.82082 2.0541 0.71
v -1.00785 2.02215 0.71
v -1.185 1.97818 0.71
v -1.34923 1.92295 0.71
v -1.49773 1.8574 0.71
v -1.62796 1.78266 0.71
v -1.7377 1.7 0.71
v -1.82506 1.61084 0.71
v -1.88855 1.5167 0.71
v -1.92708 1.4192 0.71
v -1.94 1.32 0.71
v -1.92708 1.2208 0.71
v -1.88855 1.1233 0.71
v -1.82506 1.02916 0.71
v -1.7377 0.94 0.71
v -1.62796 0.85734 0.71
v -1.49773 0.7826 0.71
v -1.34923 0.71705 0.71
v -1.185 0.66182 0.71
v -1.00785 0.61785 0.71
v -0.82082 0.5859 0.71
v -0.62709 0.5665 0.71
v -0.43 0.56 0.71
v -0.23291 0.5665 0.71
v -0.03918 0.5859 0.71
v 0.14785 0.61785 0.71
v 0.325 0.66182 0.71
v 0.48923 0.71705 0.71
v 0.63773 0.7826 0.71
v 0.76796 0.85734 0.71
v 0.8777 0.94 0.71
v 0.96506 1.02916 0.71
v 1.02855 1.1233 0.71
v 1.02025 1.4071 0.88
v 1.03159 1.32 0.88
v 1.02025 1.2329 0.88
v 0.98583 1.4942 0.88
v 0.92771 1.58037 0.88
v 0.84594 1.66383 0.88
v 0.74147 1.74252 0.88
v 0.61603 1.81451 0.88
v 0.47185 1.87815 0.88
v 0.31155 1.93206 0.88
v 0.13802 1.97513 0.88
v -0.04562 2.00651 0.88
v -0.23609 2.02558 0.88
v -0.43 2.03197 0.88
v -0.62391 2.02558 0.88
v -0.81438 2.00651 0.88
v -0.99802 1.97513 0.88
v -1.17155 1.93206 0.88
v -1.33185 1.87815 0.88
v -1.47603 1.81451 0.88
v -1.60147 1.74252 0.88
v -1.70594 1.66383 0.88
v -1.78771 1.58037 0.88
v -1.84583 1.4942 0.88
v -1.88025 1.4071 0.88
v -1.89159 1.32 0.88
v -1.88025 1.2329 0.88
v -1.84583 1.1458 0.88
v -1.78771 1.05963 0.88
v -1.70594 0.97617 0.88
v -1.60147 0.89748 0.88
v -1.47603 0.82549 0.88
v -1.33185 0.76185 0.88
v -1.17155 0.70794 0.88
v -0.99802 0.66487 0.88
v -0.81438 0.63349 0.88
v -0.62391 0.61442 0.88
v -0.43 0.60803 0.88
v -0.23609 0.61442 0.88
v -0.04562 0.63349 0.88
v 0.13802 0.66487 0.88
v 0.31155 0.70794 0.88
v 0.47185 0.76185 0.88
v 0.61603 0.82549 0.88
v 0.74147 0.89748 0.88
v 0.84594 0.97617 0.88
v 0.92771 1.05963 0.88
v 0.98583 1.1458 0.88
v 1.08 1.32 0.832
v 1.06708 1.4192 0.832
v 1.02855 1.5167 0.832
v 0.96506 1.61084 0.832
v 0.8777 1.7 0.832
v 0.76796 1.78266 0.832
v 0.63773 1.8574 0.832
v 0.48923 1.92295 0.832
v 0.325 1.97818 0.832
v 0.14785 2.02215 0.832
v -0.03918 2.0541 0.832
v -0.23291 2.0735 0.832
v -0.43 2.08 0.832
v -0.62709 2.0735 0.832
v -0.82082 2.0541 0.832
v -1.00785 2.02215 0.832
v -1.185 1.97818 0.832
v -1.34923 1.92295 0.832
v -1.49773 1.8574 0.832
v -1.62796 1.78266 0.832
v -1.7377 1.7 0.832
v -1.82506 1.61084 0.832
v -1.88855 1.5167 0.832
v -1.92708 1.4192 0.832
v -1.94 1.32 0.832
v -1.92708 1.2208 0.832
v -1.88855 1.1233 0.832
v -1.82506 1.02916 0.832
v -1.7377 0.94 0.832
v -1.62796 0.85734 0.832
v -1.49773 0.7826 0.832
v -1.34923 0.71705 0.832
v -1.185 0.66182 0.832
v -1.00785 0.61785 0.832
v -0.82082 0.5859 0.832
v -0.62709 0.5665 0.832
v -0.43 0.56 0.832
v -0.23291 0.5665 0.832
v -0.03918 0.5859 0.832
v 0.14785 0.61785 0.832
v 0.325 0.66182 0.832
v 0.48923 0.71705 0.832
v 0.63773 0.7826 0.832
v 0.76796 0.85734 0.832
v 0.8777 0.94 0.832
v 0.96506 1.02916 0.832
v 1.02855 1.1233 0.832
v 1.06708 1.2208 0.832
v 0.99768 1.22994 0.85
v 1.01 1.32 0.85
v 0.99768 1.41006 0.85
v 0.96093 1.49859 0.85
v 0.90039 1.58405 0.85
v 0.81708 1.665 0.85
v 0.71243 1.74005 0.85
v 0.58823 1.8079 0.85
v 0.44662 1.86741 0.85
v 0.29 1.91756 0.85
v 0.12106 1.95748 0.85
v -0.0573 1.98649 0.85
v -0.24204 2.0041 0.85
v -0.43 2.01 0.85
v -0.61796 2.0041 0.85
v -0.8027 1.98649 0.85
v -0.98106 1.95748 0.85
v -1.15 1.91756 0.85
v -1.30662 1.86741 0.85
v -1.44823 1.8079 0.85
v -1.57243 1.74005 0.85
v -1.67708 1.665 0.85
v -1.76039 1.58405 0.85
v -1.82093 1.49859 0.85
v -1.85768 1.41006 0.85
v -1.87 1.32 0.85
v -1.85768 1.22994 0.85
v -1.82093 1.14141 0.85
v -1.76039 1.05595 0.85
v -1.67708 0.975 0.85
v -1.57243 0.89995 0.85
v -1.44823 0.8321 0.85
v -1.30662 0.77259 0.85
v -1.15 0.72244 0.85
v -0.98106 0.68252 0.85
v -0.8027 0.65351 0.85
v -0.61796 0.6359 0.85
v -0.43 0.63 0.85
v -0.24204 0.6359 0.85
v -0.0573 0.65351 0.85
v 0.12106 0.68252 0.85
v 0.29 0.72244 0.85
v 0.44662 0.77259 0.85
v 0.58823 0.8321 0.85
v 0.71243 0.89995 0.85
v 0.81708 0.975 0.85
v 0.90039 1.05595 0.85
v 0.96093 1.14141 0.85
v 0.95875 1.39951 1.02
v 0.96963 1.32 1.02
v 0.95875 1.24049 1.02
v 0.92571 1.47912 1.02
v 0.86987 1.55793 1.02
v 0.79134 1.63423 1.02
v 0.6911 1.70612 1.02
v 0.57085 1.77182 1.02
v 0.43274 1.82986 1.02
v 0.27929 1.87899 1.02
v 0.11324 1.91822 1.02
v -0.06241 1.94679 1.02
v -0.24457 1.96416 1.02
v -0.43 1.96998 1.02
v -0.61543 1.96416 1.02
v -0.79759 1.94679 1.02
v -0.97324 1.91822 1.02
v -1.13929 1.87899 1.02
v -1.29274 1.82986 1.02
v -1.43085 1.77182 1.02
v -1.5511 1.70612 1.02
v -1.65134 1.63423 1.02
v -1.72987 1.55793 1.02
v -1.78571 1.47912 1.02
v -1.81875 1.39951 1.02
v -1.82963 1.32 1.02
v -1.81875 1.24049 1.02
v -1.78571 1.16088 1.02
v -1.72987 1.08207 1.02
v -1.65134 1.00577 1.02
v -1.5511 0.93388 1.02
v -1.43085 0.86818 1.02
v -1.29274 0.81014 1.02
v -1.13929 0.76101 1.02
v -0.97324 0.72178 1.02
v -0.79759 0.6932 1.02
v -0.61543 0.67584 1.02
v -0.43 0.67002 1.02
v -0.24457 0.67584 1.02
v -0.06241 0.6932 1.02
v 0.11324 0.72178 1.02
v 0.27929 0.76101 1.02
v 0.43274 0.81014 1.02
v 0.57085 0.86818 1.02
v 0.6911 0.93388 1.02
v 0.79134 1.00577 1.02
v 0.86987 1.08207 1.02
v 0.92571 1.16088 1.02
v 1.01 1.32 0.98
v 0.99768 1.41006 0.98
v 0.96093 1.49859 0.98
v 0.90039 1.58405 0.98
v 0.81708 1.665 0.98
v 0.71243 1.74005 0.98
v 0.58823 1.8079 0.98
v 0.44662 1.86741 0.98
v 0.29 1.91756 0.98
v 0.12106 1.95748 0.98
v -0.0573 1.98649 0.98
v -0.24204 2.0041 0.98
v -0.43 2.01 0.98
v -0.61796 2.0041 0.98
v -0.8027 1.98649 0.98
v -0.98106 1.95748 0.98
v -1.15 1.91756 0.98
v -1.30662 1.86741 0.98
v -1.44823 1.8079 0.98
v -1.57243 1.74005 0.98
v -1.67708 1.665 0.98
v -1.76039 1.58405 0.98
v -1.82093 1.49859 0.98
v -1.85768 1.41006 0.98
v -1.87 1.32 0.98
v -1.85768 1.22994 0.98
v -1.82093 1.14141 0.98
v -1.76039 1.05595 0.98
v -1.67708 0.975 0.98
v -1.57243 0.89995 0.98
v -1.44823 0.8321 0.98
v -1.30662 0.77259 0.98
v -1.15 0.72244 0.98
v -0.98106 0.68252 0.98
v -0.8027 0.65351 0.98
v -0.61796 0.6359 0.98
v -0.43 0.63 0.98
v -0.24204 0.6359 0.98
v -0.0573 0.65351 0.98
v 0.12106 0.68252 0.98
v 0.29 0.72244 0.98
v 0.44662 0.77259 0.98
v 0.58823 0.8321 0.98
v 0.71243 0.89995 0.98
v 0.81708 0.975 0.98
v 0.90039 1.05595 0.98
v 0.96093 1.14141 0.98
v 0.99768 1.22994 0.98
v 0.86879 1.24429 0.98
v 0.88 1.32 0.98
v 0.86879 1.39571 0.98
v 0.83536 1.47012 0.98
v 0.78028 1.54196 0.98
v 0.70449 1.61 0.98
v 0.60929 1.67308 0.98
v 0.49631 1.73012 0.98
v 0.36748 1.78014 0.98
v 0.225 1.82229 0.98
v 0.07132 1.85585 0.98
v -0.09095 1.88024 0.98
v -0.25901 1.89504 0.98
v -0.43 1.9 0.98
v -0.60099 1.89504 0.98
v -0.76905 1.88024 0.98
v -0.93132 1.85585 0.98
v -1.085 1.82229 0.98
v -1.22748 1.78014 0.98
v -1.35631 1.73012 0.98
v -1.46929 1.67308 0.98
v -1.56449 1.61 0.98
v -1.64028 1.54196 0.98
v -1.69536 1.47012 0.98
v -1.72879 1.39571 0.98
v -1.74 1.32 0.98
v -1.72879 1.24429 0.98
v -1.69536 1.16988 0.98
v -1.64028 1.09804 0.98
v -1.56449 1.03 0.98
v -1.46929 0.96692 0.98
v -1.35631 0.90988 0.98
v -1.22748 0.85986 0.98
v -1.085 0.81771 0.98
v -0.93132 0.78415 0.98
v -0.76905 0.75976 0.98
v -0.60099 0.74496 0.98
v -0.43 0.74 0.98
v -0.25901 0.74496 0.98
v -0.09095 0.75976 0.98
v 0.07132 0.78415 0.98
v 0.225 0.81771 0.98
v 0.36748 0.85986 0.98
v 0.49631 0.90988 0.98
v 0.60929 0.96692 0.98
v 0.70449 1.03 0.98
v 0.78028 1.09804 0.98
v 0.83536 1.16988 0.98
v 0.85135 1.3906 1.08
v 0.8618 1.32 1.08
v 0.85135 1.2494 1.08
v 0.8198 1.46083 1.08
v 0.76701 1.52968 1.08
v 0.69345 1.59572 1.08
v 0.60023 1.65749 1.08
v 0.48898 1.71366 1.08
v 0.36166 1.7631 1.08
v 0.22052 1.80485 1.08
v 0.06805 1.83814 1.08
v -0.09308 1.86235 1.08
v -0.26006 1.87706 1.08
v -0.43 1.88199 1.08
v -0.59994 1.87706 1.08
v -0.76692 1.86235 1.08
v -0.92805 1.83814 1.08
v -1.08052 1.80485 1.08
v -1.22166 1.7631 1.08
v -1.34898 1.71366 1.08
v -1.46023 1.65749 1.08
v -1.55345 1.59572 1.08
v -1.62701 1.52968 1.08
v -1.6798 1.46083 1.08
v -1.71135 1.3906 1.08
v -1.7218 1.32 1.08
v -1.71135 1.2494 1.08
v -1.6798 1.17917 1.08
v -1.62701 1.11032 1.08
v -1.55345 1.04428 1.08
v -1.46023 0.98251 1.08
v -1.34898 0.92634 1.08
v -1.22166 0.8769 1.08
v -1.08052 0.83515 1.08
v -0.92805 0.80186 1.08
v -0.76692 0.77765 1.08
v -0.59994 0.76294 1.08
v -0.43 0.75801 1.08
v -0.26006 0.76294 1.08
v -0.09308 0.77765 1.08
v 0.06805 0.80186 1.08
v 0.22052 0.83515 1.08
v 0.36166 0.8769 1.08
v 0.48898 0.92634 1.08
v 0.60023 0.98251 1.08
v 0.69345 1.04428 1.08
v 0.76701 1.11032 1.08
v 0.8198 1.17917 1.08
v 0.88 1.32 1.062
v 0.86879 1.39571 1.062
v 0.83536 1.47012 1.062
v 0.78028 1.54196 1.062
v 0.70449 1.61 1.062
v 0.60929 1.67308 1.062
v 0.49631 1.73012 1.062
v 0.36748 1.78014 1.062
v 0.225 1.82229 1.062
v 0.07132 1.85585 1.062
v -0.09095 1.88024 1.062
v -0.25901 1.89504 1.062
v -0.43 1.9 1.062
v -0.60099 1.89504 1.062
v -0.76905 1.88024 1.062
v -0.93132 1.85585 1.062
v -1.085 1.82229 1.062
v -1.22748 1.78014 1.062
v -1.35631 1.73012 1.062
v -1.46929 1.67308 1.062
v -1.56449 1.61 1.062
v -1.64028 1.54196 1.062
v -1.69536 1.47012 1.062
v -1.72879 1.39571 1.062
v -1.74 1.32 1.062
v -1.72879 1.24429 1.062
v -1.69536 1.16988 1.062
v -1.64028 1.09804 1.062
v -1.56449 1.03 1.062
v -1.46929 0.96692 1.062
v -1.35631 0.90988 1.062
v -1.22748 0.85986 1.062
v -1.085 0.81771 1.062
v -0.93132 0.78415 1.062
v -0.76905 0.75976 1.062
v -0.60099 0.74496 1.062
v -0.43 0.74 1.062
v -0.25901 0.74496 1.062
v -0.09095 0.75976 1.062
v 0.07132 0.78415 1.062
v 0.225 0.81771 1.062
v 0.36748 0.85986 1.062
v 0.49631 0.90988 1.062
v 0.60929 0.96692 1.062
v 0.70449 1.03 1.062
v 0.78028 1.09804 1.062
v 0.83536 1.16988 1.062
v 0.86879 1.24429 1.062
v 0.77956 1.25343 1.06
v 0.79 1.32 1.06
v 0.77956 1.38657 1.06
v 0.74843 1.452 1.06
v 0.69713 1.51517 1.06
v 0.62655 1.575 1.06
v 0.53789 1.63047 1.06
v 0.43267 1.68062 1.06
v 0.31269 1.72461 1.06
v 0.18 1.76167 1.06
v 0.03687 1.79118 1.06
v -0.11424 1.81262 1.06
v -0.27076 1.82564 1.06
v -0.43 1.83 1.06
v -0.58924 1.82564 1.06
v -0.74576 1.81262 1.06
v -0.89687 1.79118 1.06
v -1.04 1.76167 1.06
v -1.17269 1.72461 1.06
v -1.29267 1.68062 1.06
v -1.39789 1.63047 1.06
v -1.48655 1.575 1.06
v -1.55713 1.51517 1.06
v -1.60843 1.452 1.06
v -1.63956 1.38657 1.06
v -1.65 1.32 1.06
v -1.63956 1.25343 1.06
v -1.60843 1.188 1.06
v -1.55713 1.12483 1.06
v -1.48655 1.065 1.06
v -1.39789 1.00953 1.06
v -1.29267 0.95938 1.06
v -1.17269 0.91539 1.06
v -1.04 0.87833 1.06
v -0.89687 0.84882 1.06
v -0.74576 0.82738 1.06
v -0.58924 0.81436 1.06
v -0.43 0.81 1.06
v -0.27076 0.81436 1.06
v -0.11424 0.82738 1.06
v 0.03687 0.84882 1.06
v 0.18 0.87833 1.06
v 0.31269 0.91539 1.06
v 0.43267 0.95938 1.06
v 0.53789 1.00953 1.06
v 0.62655 1.065 1.06
v 0.69713 1.12483 1.06
v 0.74843 1.188 1.06
v 0.70716 1.36418 1.19
v 0.71408 1.32 1.19
v 0.70716 1.27582 1.19
v 0.68456 1.41168 1.19
v 0.64331 1.46247 1.19
v 0.58218 1.51429 1.19
v 0.50175 1.56461 1.19
v 0.40356 1.61141 1.19
v 0.28966 1.65317 1.19
v 0.16232 1.68874 1.19
v 0.02402 1.71725 1.19
v -0.12262 1.73806 1.19
v -0.2749 1.75072 1.19
v -0.43 1.75497 1.19
v -0.5851 1.75072 1.19
v -0.73738 1.73806 1.19
v -0.88402 1.71725 1.19
v -1.02232 1.68874 1.19
v -1.14966 1.65317 1.19
v -1.26356 1.61141 1.19
v -1.36175 1.56461 1.19
v -1.44218 1.51429 1.19
v -1.50331 1.46247 1.19
v -1.54456 1.41168 1.19
v -1.56716 1.36418 1.19
v -1.57408 1.32 1.19
v -1.56716 1.27582 1.19
v -1.54456 1.22832 1.19
v -1.50331 1.17753 1.19
v -1.44218 1.12571 1.19
v -1.36175 1.07539 1.19
v -1.26356 1.02859 1.19
v -1.14966 0.98683 1.19
v -1.02232 0.95126 1.19
v -0.88402 0.92275 1.19
v -0.73738 0.90194 1.19
v -0.5851 0.88928 1.19
v -0.43 0.88503 1.19
v -0.2749 0.88928 1.19
v -0.12262 0.90194 1.19
v 0.02402 0.92275 1.19
v 0.16232 0.95126 1.19
v 0.28966 0.98683 1.19
v 0.40356 1.02859 1.19
v 0.50175 1.07539 1.19
v 0.58218 1.12571 1.19
v 0.64331 1.17753 1.19
v 0.68456 1.22832 1.19
v 0.79 1.32 1.115
v 0.77956 1.38657 1.115
v 0.74843 1.452 1.115
v 0.69713 1.51517 1.115
v 0.62655 1.575 1.115
v 0.53789 1.63047 1.115
v 0.43267 1.68062 1.115
v 0.31269 1.72461 1.115
v 0.18 1.76167 1.115
v 0.03687 1.79118 1.115
v -0.11424 1.81262 1.115
v -0.27076 1.82564 1.115
v -0.43 1.83 1.115
v -0.58924 1.82564 1.115
v -0.74576 1.81262 1.115
v -0.89687 1.79118 1.115
v -1.04 1.76167 1.115
v -1.17269 1.72461 1.115
v -1.29267 1.68062 1.115
v -1.39789 1.63047 1.115
v -1.48655 1.575 1.115
v -1.55713 1.51517 1.115
v -1.60843 1.452 1.115
v -1.63956 1.38657 1.115
v -1.65 1.32 1.115
v -1.63956 1.25343 1.115
v -1.60843 1.188 1.115
v -1.55713 1.12483 1.115
v -1.48655 1.065 1.115
v -1.39789 1.00953 1.115
v -1.29267 0.95938 1.115
v -1.17269 0.91539 1.115
v -1.04 0.87833 1.115
v -0.89687 0.84882 1.115
v -0.74576 0.82738 1.115
v -0.58924 0.81436 1.115
v -0.43 0.81 1.115
v -0.27076 0.81436 1.115
v -0.11424 0.82738 1.115
v 0.03687 0.84882 1.115
v 0.18 0.87833 1.115
v 0.31269 0.91539 1.115
v 0.43267 0.95938 1.115
v 0.53789 1.00953 1.115
v 0.62655 1.065 1.115
v 0.69713 1.12483 1.115
v 0.74843 1.188 1.115
v 0.77956 1.25343 1.115
v -4.15 0.11 -3.58
v -4.15 0.0 -3.58
v -4.14239 -0.03827 -3.58
v -4.12071 -0.07071 -3.58
v -4.08827 -0.09239 -3.58
v -4.05 -0.1 -3.58
v 3.81 -0.1 -3.58
v 3.84827 -0.09239 -3.58
v 3.88071 -0.07071 -3.58
v 3.90239 -0.03827 -3.58
v 3.91 0.0 -3.58
v 3.91 0.11 -3.58
v 3.90239 0.14827 -3.58
v 3.88071 0.18071 -3.58
v 3.84827 0.20239 -3.58
v 3.81 0.21 -3.58
v -4.05 0.21 -3.58
v -4.08827 0.20239 -3.58
v -4.12071 0.18071 -3.58
v -4.14239 0.14827 -3.58
v -4.08587 -0.01486 0.77
v -4.09 0.00591 0.77
v -4.09 0.10409 0.77
v -4.07745 -0.02745 0.77
v -4.06486 -0.03587 0.77
v -4.04409 -0.04 0.77
v 3.80409 -0.04 0.77
v 3.82486 -0.03587 0.77
v 3.83745 -0.02745 0.77
v 3.84587 -0.01486 0.77
v 3.85 0.00591 0.77
v 3.85 0.10409 0.77
v 3.84587 0.12486 0.77
v 3.83745 0.13745 0.77
v 3.82486 0.14587 0.77
v 3.80409 0.15 0.77
v -4.04409 0.15 0.77
v -4.06486 0.14587 0.77
v -4.07745 0.13745 0.77
v -4.08587 0.12486 0.77
v -4.15 0.0 0.71
v -4.14239 -0.03827 0.71
v -4.12071 -0.07071 0.71
v -4.08827 -0.09239 0.71
v -4.05 -0.1 0.71
v 3.81 -0.1 0.71
v 3.84827 -0.09239 0.71
v 3.88071 -0.07071 0.71
v 3.90239 -0.03827 0.71
v 3.91 0.0 0.71
v 3.91 0.11 0.71
v 3.90239 0.14827 0.71
v 3.88071 0.18071 0.71
v 3.84827 0.20239 0.71
v 3.81 0.21 0.71
v -4.05 0.21 0.71
v -4.08827 0.20239 0.71
v -4.12071 0.18071 0.71
v -4.14239 0.14827 0.71
v -4.15 0.11 0.71
v -4.04 0.06 0.75
v -4.04 0.04 0.75
v -4.03696 0.02469 0.75
v -4.02828 0.01172 0.75
v -4.01531 0.00304 0.75
v -4.0 0.0 0.75
v 3.76 0.0 0.75
v 3.77531 0.00304 0.75
v 3.78828 0.01172 0.75
v 3.79696 0.02469 0.75
v 3.8 0.04 0.75
v 3.8 0.06 0.75
v 3.79696 0.07531 0.75
v 3.78828 0.08828 0.75
v 3.77531 0.09696 0.75
v 3.76 0.1 0.75
v -4.0 0.1 0.75
v -4.01531 0.09696 0.75
v -4.02828 0.08828 0.75
v -4.03696 0.07531 0.75
v -4.02188 0.03094 0.82
v -4.024 0.04158 0.82
v -4.024 0.05842 0.82
v -4.01675 0.02325 0.82
v -4.00906 0.01812 0.82
v -3.99842 0.016 0.82
v 3.75842 0.016 0.82
v 3.76906 0.01812 0.82
v 3.77675 0.02325 0.82
v 3.78188 0.03094 0.82
v 3.784 0.04158 0.82
v 3.784 0.05842 0.82
v 3.78188 0.06906 0.82
v 3.77675 0.07675 0.82
v 3.76906 0.08188 0.82
v 3.75842 0.084 0.82
v -3.99842 0.084 0.82
v -4.00906 0.08188 0.82
v -4.01675 0.07675 0.82
v -4.02188 0.06906 0.82
v -4.04 0.04 0.804
v -4.03696 0.02469 0.804
v -4.02828 0.01172 0.804
v -4.01531 0.00304 0.804
v -4.0 0.0 0.804
v 3.76 0.0 0.804
v 3.77531 0.00304 0.804
v 3.78828 0.01172 0.804
v 3.79696 0.02469 0.804
v 3.8 0.04 0.804
v 3.8 0.06 0.804
v 3.79696 0.07531 0.804
v 3.78828 0.08828 0.804
v 3.77531 0.09696 0.804
v 3.76 0.1 0.804
v -4.0 0.1 0.804
v -4.01531 0.09696 0.804
v -4.02828 0.08828 0.804
v -4.03696 0.07531 0.804
v -4.04 0.06 0.804
v -3.79 -0.09 -3.42
v -3.79 -0.16 -3.42
v -3.78619 -0.17913 -3.42
v -3.77536 -0.19536 -3.42
v -3.75913 -0.20619 -3.42
v -3.74 -0.21 -3.42
v -2.87 -0.21 -3.42
v -2.85087 -0.20619 -3.42
v -2.83464 -0.19536 -3.42
v -2.82381 -0.17913 -3.42
v -2.82 -0.16 -3.42
v -2.82 -0.09 -3.42
v -2.82381 -0.07087 -3.42
v -2.83464 -0.05464 -3.42
v -2.85087 -0.04381 -3.42
v -2.87 -0.04 -3.42
v -3.74 -0.04 -3.42
v -3.75913 -0.04381 -3.42
v -3.77536 -0.05464 -3.42
v -3.78619 -0.07087 -3.42
v -3.75322 -0.16548 0.48
v -3.755 -0.15655 0.48
v -3.755 -0.09345 0.48
v -3.75012 -0.17012 0.48
v -3.74548 -0.17322 0.48
v -3.73655 -0.175 0.48
v -2.87345 -0.175 0.48
v -2.86452 -0.17322 0.48
v -2.85988 -0.17012 0.48
v -2.85678 -0.16548 0.48
v -2.855 -0.15655 0.48
v -2.855 -0.09345 0.48
v -2.85678 -0.08452 0.48
v -2.85988 -0.07988 0.48
v -2.86452 -0.07678 0.48
v -2.87345 -0.075 0.48
v -3.73655 -0.075 0.48
v -3.74548 -0.07678 0.48
v -3.75012 -0.07988 0.48
v -3.75322 -0.08452 0.48
v -3.79 -0.16 0.445
v -3.78619 -0.17913 0.445
v -3.77536 -0.19536 0.445
v -3.75913 -0.20619 0.445
v -3.74 -0.21 0.445
v -2.87 -0.21 0.445
v -2.85087 -0.20619 0.445
v -2.83464 -0.19536 0.445
v -2.82381 -0.17913 0.445
v -2.82 -0.16 0.445
v -2.82 -0.09 0.445
v -2.82381 -0.07087 0.445
v -2.83464 -0.05464 0.445
v -2.85087 -0.04381 0.445
v -2.87 -0.04 0.445
v -3.74 -0.04 0.445
v -3.75913 -0.04381 0.445
v -3.77536 -0.05464 0.445
v -3.78619 -0.07087 0.445
v -3.79 -0.09 0.445
v 2.64 -0.09 -3.42
v 2.64 -0.16 -3.42
v 2.64381 -0.17913 -3.42
v 2.65464 -0.19536 -3.42
v 2.67087 -0.20619 -3.42
v 2.69 -0.21 -3.42
v 3.56 -0.21 -3.42
v 3.57913 -0.20619 -3.42
v 3.59536 -0.19536 -3.42
v 3.60619 -0.17913 -3.42
v 3.61 -0.16 -3.42
v 3.61 -0.09 -3.42
v 3.60619 -0.07087 -3.42
v 3.59536 -0.05464 -3.42
v 3.57913 -0.04381 -3.42
v 3.56 -0.04 -3.42
v 2.69 -0.04 -3.42
v 2.67087 -0.04381 -3.42
v 2.65464 -0.05464 -3.42
v 2.64381 -0.07087 -3.42
v 2.67678 -0.16548 0.48
v 2.675 -0.15655 0.48
v 2.675 -0.09345 0.48
v 2.67988 -0.17012 0.48
v 2.68452 -0.17322 0.48
v 2.69345 -0.175 0.48
v 3.55655 -0.175 0.48
v 3.56548 -0.17322 0.48
v 3.57012 -0.17012 0.48
v 3.57322 -0.16548 0.48
v 3.575 -0.15655 0.48
v 3.575 -0.09345 0.48
v 3.57322 -0.08452 0.48
v 3.57012 -0.07988 0.48
v 3.56548 -0.07678 0.48
v 3.55655 -0.075 0.48
v 2.69345 -0.075 0.48
v 2.68452 -0.07678 0.48
v 2.67988 -0.07988 0.48
v 2.67678 -0.08452 0.48
v 2.64 -0.16 0.445
v 2.64381 -0.17913 0.445
v 2.65464 -0.19536 0.445
v 2.67087 -0.20619 0.445
v 2.69 -0.21 0.445
v 3.56 -0.21 0.445
v 3.57913 -0.20619 0.445
v 3.59536 -0.19536 0.445
v 3.60619 -0.17913 0.445
v 3.61 -0.16 0.445
v 3.61 -0.09 0.445
v 3.60619 -0.07087 0.445
v 3.59536 -0.05464 0.445
v 3.57913 -0.04381 0.445
v 3.56 -0.04 0.445
v 2.69 -0.04 0.445
v 2.67087 -0.04381 0.445
v 2.65464 -0.05464 0.445
v 2.64381 -0.07087 0.445
v 2.64 -0.09 0.445
v -3.186 1.76 0.76
v -3.166 1.76 0.76
v -3.06 2.0 0.76
v -3.09 2.0 0.76
v -3.08797 1.997 0.78
v -3.0646 1.997 0.78
v -3.16795 1.763 0.78
v -3.18157 1.763 0.78
v -3.186 1.76 0.777
v -3.166 1.76 0.777
v -3.06 2.0 0.777
v -3.09 2.0 0.777
v -3.058 1.76 0.76
v -3.038 1.76 0.76
v -2.98 2.0 0.76
v -3.01 2.0 0.76
v -3.00754 1.997 0.78
v -2.98381 1.997 0.78
v -3.04036 1.763 0.78
v -3.05434 1.763 0.78
v -3.058 1.76 0.777
v -3.038 1.76 0.777
v -2.98 2.0 0.777
v -3.01 2.0 0.777
v -2.93 1.76 0.76
v -2.91 1.76 0.76
v -2.9 2.0 0.76
v -2.93 2.0 0.76
v -2.927 1.997 0.78
v -2.90313 1.997 0.78
v -2.91288 1.763 0.78
v -2.927 1.763 0.78
v -2.93 1.76 0.777
v -2.91 1.76 0.777
v -2.9 2.0 0.777
v -2.93 2.0 0.777
v -2.802 1.76 0.76
v -2.782 1.76 0.76
v -2.82 2.0 0.76
v -2.85 2.0 0.76
v -2.84634 1.997 0.78
v -2.82256 1.997 0.78
v -2.78551 1.763 0.78
v -2.79954 1.763 0.78
v -2.802 1.76 0.777
v -2.782 1.76 0.777
v -2.82 2.0 0.777
v -2.85 2.0 0.777
v -2.674 1.76 0.76
v -2.654 1.76 0.76
v -2.74 2.0 0.76
v -2.77 2.0 0.76
v -2.76557 1.997 0.78
v -2.74211 1.997 0.78
v -2.65826 1.763 0.78
v -2.67197 1.763 0.78
v -2.674 1.76 0.777
v -2.654 1.76 0.777
v -2.74 2.0 0.777
v -2.77 2.0 0.777
v 2.514 1.76 0.76
v 2.534 1.76 0.76
v 2.64 2.0 0.76
v 2.61 2.0 0.76
v 2.61203 1.997 0.78
v 2.6354 1.997 0.78
v 2.53205 1.763 0.78
v 2.51843 1.763 0.78
v 2.514 1.76 0.777
v 2.534 1.76 0.777
v 2.64 2.0 0.777
v 2.61 2.0 0.777
v 2.642 1.76 0.76
v 2.662 1.76 0.76
v 2.72 2.0 0.76
v 2.69 2.0 0.76
v 2.69246 1.997 0.78
v 2.71619 1.997 0.78
v 2.65964 1.763 0.78
v 2.64566 1.763 0.78
v 2.642 1.76 0.777
v 2.662 1.76 0.777
v 2.72 2.0 0.777
v 2.69 2.0 0.777
v 2.77 1.76 0.76
v 2.79 1.76 0.76
v 2.8 2.0 0.76
v 2.77 2.0 0.76
v 2.773 1.997 0.78
v 2.79687 1.997 0.78
v 2.78712 1.763 0.78
v 2.773 1.763 0.78
v 2.77 1.76 0.777
v 2.79 1.76 0.777
v 2.8 2.0 0.777
v 2.77 2.0 0.777
v 2.898 1.76 0.76
v 2.918 1.76 0.76
v 2.88 2.0 0.76
v 2.85 2.0 0.76
v 2.85366 1.997 0.78
v 2.87744 1.997 0.78
v 2.91449 1.763 0.78
v 2.90046 1.763 0.78
v 2.898 1.76 0.777
v 2.918 1.76 0.777
v 2.88 2.0 0.777
v 2.85 2.0 0.777
v 3.026 1.76 0.76
v 3.046 1.76 0.76
v 2.96 2.0 0.76
v 2.93 2.0 0.76
v 2.93443 1.997 0.78
v 2.95789 1.997 0.78
v 3.04174 1.763 0.78
v 3.02803 1.763 0.78
v 3.026 1.76 0.777
v 3.046 1.76 0.777
v 2.96 2.0 0.777
v 2.93 2.0 0.777
v -3.107 6.86984 0.46
v -3.11139 6.86984 0.46588
v -3.13 6.876 0.46
v -3.09016 6.853 0.46
v -3.09777 6.853 0.47018
v -3.084 6.83 0.46
v -3.09279 6.83 0.47176
v -3.09016 6.807 0.46
v -3.09777 6.807 0.47018
v -3.107 6.79016 0.46
v -3.11139 6.79016 0.46588
v -3.13 6.784 0.46
v -3.12289 6.86984 0.46951
v -3.11769 6.853 0.47647
v -3.11579 6.83 0.47902
v -3.11769 6.807 0.47647
v -3.12289 6.79016 0.46951
v -3.13711 6.86984 0.46951
v -3.14231 6.853 0.47647
v -3.14421 6.83 0.47902
v -3.14231 6.807 0.47647
v -3.13711 6.79016 0.46951
v -3.14861 6.86984 0.46588
v -3.16223 6.853 0.47018
v -3.16721 6.83 0.47176
v -3.16223 6.807 0.47018
v -3.14861 6.79016 0.46588
v -3.153 6.86984 0.46
v -3.16984 6.853 0.46
v -3.176 6.83 0.46
v -3.16984 6.807 0.46
v -3.153 6.79016 0.46
v -3.14861 6.86984 0.45412
v -3.16223 6.853 0.44982
v -3.16721 6.83 0.44824
v -3.16223 6.807 0.44982
v -3.14861 6.79016 0.45412
v -3.13711 6.86984 0.45049
v -3.14231 6.853 0.44353
v -3.14421 6.83 0.44098
v -3.14231 6.807 0.44353
v -3.13711 6.79016 0.45049
v -3.12289 6.86984 0.45049
v -3.11769 6.853 0.44353
v -3.11579 6.83 0.44098
v -3.11769 6.807 0.44353
v -3.12289 6.79016 0.45049
v -3.11139 6.86984 0.45412
v -3.09777 6.853 0.44982
v -3.09279 6.83 0.44824
v -3.09777 6.807 0.44982
v -3.11139 6.79016 0.45412
v 3.133 6.86984 0.46
v 3.12861 6.86984 0.46588
v 3.11 6.876 0.46
v 3.14984 6.853 0.46
v 3.14223 6.853 0.47018
v 3.156 6.83 0.46
v 3.14721 6.83 0.47176
v 3.14984 6.807 0.46
v 3.14223 6.807 0.47018
v 3.133 6.79016 0.46
v 3.12861 6.79016 0.46588
v 3.11 6.784 0.46
v 3.11711 6.86984 0.46951
v 3.12231 6.853 0.47647
v 3.12421 6.83 0.47902
v 3.12231 6.807 0.47647
v 3.11711 6.79016 0.46951
v 3.10289 6.86984 0.46951
v 3.09769 6.853 0.47647
v 3.09579 6.83 0.47902
v 3.09769 6.807 0.47647
v 3.10289 6.79016 0.46951
v 3.09139 6.86984 0.46588
v 3.07777 6.853 0.47018
v 3.07279 6.83 0.47176
v 3.07777 6.807 0.47018
v 3.09139 6.79016 0.46588
v 3.087 6.86984 0.46
v 3.07016 6.853 0.46
v 3.064 6.83 0.46
v 3.07016 6.807 0.46
v 3.087 6.79016 0.46
v 3.09139 6.86984 0.45412
v 3.07777 6.853 0.44982
v 3.07279 6.83 0.44824
v 3.07777 6.807 0.44982
v 3.09139 6.79016 0.45412
v 3.10289 6.86984 0.45049
v 3.09769 6.853 0.44353
v 3.09579 6.83 0.44098
v 3.09769 6.807 0.44353
v 3.10289 6.79016 0.45049
v 3.11711 6.86984 0.45049
v 3.12231 6.853 0.44353
v 3.12421 6.83 0.44098
v 3.12231 6.807 0.44353
v 3.11711 6.79016 0.45049
v 3.12861 6.86984 0.45412
v 3.14223 6.853 0.44982
v 3.14721 6.83 0.44824
v 3.14223 6.807 0.44982
v 3.12861 6.79016 0.45412
v -3.107 2.56984 0.46
v -3.11139 2.56984 0.46588
v -3.13 2.576 0.46
v -3.09016 2.553 0.46
v -3.09777 2.553 0.47018
v -3.084 2.53 0.46
v -3.09279 2.53 0.47176
v -3.09016 2.507 0.46
v -3.09777 2.507 0.47018
v -3.107 2.49016 0.46
v -3.11139 2.49016 0.46588
v -3.13 2.484 0.46
v -3.12289 2.56984 0.46951
v -3.11769 2.553 0.47647
v -3.11579 2.53 0.47902
v -3.11769 2.507 0.47647
v -3.12289 2.49016 0.46951
v -3.13711 2.56984 0.46951
v -3.14231 2.553 0.47647
v -3.14421 2.53 0.47902
v -3.14231 2.507 0.47647
v -3.13711 2.49016 0.46951
v -3.14861 2.56984 0.46588
v -3.16223 2.553 0.47018
v -3.16721 2.53 0.47176
v -3.16223 2.507 0.47018
v -3.14861 2.49016 0.46588
v -3.153 2.56984 0.46
v -3.16984 2.553 0.46
v -3.176 2.53 0.46
v -3.16984 2.507 0.46
v -3.153 2.49016 0.46
v -3.14861 2.56984 0.45412
v -3.16223 2.553 0.44982
v -3.16721 2.53 0.44824
v -3.16223 2.507 0.44982
v -3.14861 2.49016 0.45412
v -3.13711 2.56984 0.45049
v -3.14231 2.553 0.44353
v -3.14421 2.53 0.44098
v -3.14231 2.507 0.44353
v -3.13711 2.49016 0.45049
v -3.12289 2.56984 0.45049
v -3.11769 2.553 0.44353
v -3.11579 2.53 0.44098
v -3.11769 2.507 0.44353
v -3.12289 2.49016 0.45049
v -3.11139 2.56984 0.45412
v -3.09777 2.553 0.44982
v -3.09279 2.53 0.44824
v -3.09777 2.507 0.44982
v -3.11139 2.49016 0.45412
v 3.133 2.56984 0.46
v 3.12861 2.56984 0.46588
v 3.11 2.576 0.46
v 3.14984 2.553 0.46
v 3.14223 2.553 0.47018
v 3.156 2.53 0.46
v 3.14721 2.53 0.47176
v 3.14984 2.507 0.46
v 3.14223 2.507 0.47018
v 3.133 2.49016 0.46
v 3.12861 2.49016 0.46588
v 3.11 2.484 0.46
v 3.11711 2.56984 0.46951
v 3.12231 2.553 0.47647
v 3.12421 2.53 0.47902
v 3.12231 2.507 0.47647
v 3.11711 2.49016 0.46951
v 3.10289 2.56984 0.46951
v 3.09769 2.553 0.47647
v 3.09579 2.53 0.47902
v 3.09769 2.507 0.47647
v 3.10289 2.49016 0.46951
v 3.09139 2.56984 0.46588
v 3.07777 2.553 0.47018
v 3.07279 2.53 0.47176
v 3.07777 2.507 0.47018
v 3.09139 2.49016 0.46588
v 3.087 2.56984 0.46
v 3.07016 2.553 0.46
v 3.064 2.53 0.46
v 3.07016 2.507 0.46
v 3.087 2.49016 0.46
v 3.09139 2.56984 0.45412
v 3.07777 2.553 0.44982
v 3.07279 2.53 0.44824
v 3.07777 2.507 0.44982
v 3.09139 2.49016 0.45412
v 3.10289 2.56984 0.45049
v 3.09769 2.553 0.44353
v 3.09579 2.53 0.44098
v 3.09769 2.507 0.44353
v 3.10289 2.49016 0.45049
v 3.11711 2.56984 0.45049
v 3.12231 2.553 0.44353
v 3.12421 2.53 0.44098
v 3.12231 2.507 0.44353
v 3.11711 2.49016 0.45049
v 3.12861 2.56984 0.45412
v 3.14223 2.553 0.44982
v 3.14721 2.53 0.44824
v 3.14223 2.507 0.44982
v 3.12861 2.49016 0.45412
v -3.987 1.50984 0.85
v -3.99139 1.50984 0.85588
v -4.01 1.516 0.85
v -3.97016 1.493 0.85
v -3.97777 1.493 0.86018
v -3.964 1.47 0.85
v -3.97279 1.47 0.86176
v -3.97016 1.447 0.85
v -3.97777 1.447 0.86018
v -3.987 1.43016 0.85
v -3.99139 1.43016 0.85588
v -4.01 1.424 0.85
v -4.00289 1.50984 0.85951
v -3.99769 1.493 0.86647
v -3.99579 1.47 0.86902
v -3.99769 1.447 0.86647
v -4.00289 1.43016 0.85951
v -4.01711 1.50984 0.85951
v -4.02231 1.493 0.86647
v -4.02421 1.47 0.86902
v -4.02231 1.447 0.86647
v -4.01711 1.43016 0.85951
v -4.02861 1.50984 0.85588
v -4.04223 1.493 0.86018
v -4.04721 1.47 0.86176
v -4.04223 1.447 0.86018
v -4.02861 1.43016 0.85588
v -4.033 1.50984 0.85
v -4.04984 1.493 0.85
v -4.056 1.47 0.85
v -4.04984 1.447 0.85
v -4.033 1.43016 0.85
v -4.02861 1.50984 0.84412
v -4.04223 1.493 0.83982
v -4.04721 1.47 0.83824
v -4.04223 1.447 0.83982
v -4.02861 1.43016 0.84412
v -4.01711 1.50984 0.84049
v -4.02231 1.493 0.83353
v -4.02421 1.47 0.83098
v -4.02231 1.447 0.83353
v -4.01711 1.43016 0.84049
v -4.00289 1.50984 0.84049
v -3.99769 1.493 0.83353
v -3.99579 1.47 0.83098
v -3.99769 1.447 0.83353
v -4.00289 1.43016 0.84049
v -3.99139 1.50984 0.84412
v -3.97777 1.493 0.83982
v -3.97279 1.47 0.83824
v -3.97777 1.447 0.83982
v -3.99139 1.43016 0.84412
v -2.207 1.50984 0.85
v -2.21139 1.50984 0.85588
v -2.23 1.516 0.85
v -2.19016 1.493 0.85
v -2.19777 1.493 0.86018
v -2.184 1.47 0.85
v -2.19279 1.47 0.86176
v -2.19016 1.447 0.85
v -2.19777 1.447 0.86018
v -2.207 1.43016 0.85
v -2.21139 1.43016 0.85588
v -2.23 1.424 0.85
v -2.22289 1.50984 0.85951
v -2.21769 1.493 0.86647
v -2.21579 1.47 0.86902
v -2.21769 1.447 0.86647
v -2.22289 1.43016 0.85951
v -2.23711 1.50984 0.85951
v -2.24231 1.493 0.86647
v -2.24421 1.47 0.86902
v -2.24231 1.447 0.86647
v -2.23711 1.43016 0.85951
v -2.24861 1.50984 0.85588
v -2.26223 1.493 0.86018
v -2.26721 1.47 0.86176
v -2.26223 1.447 0.86018
v -2.24861 1.43016 0.85588
v -2.253 1.50984 0.85
v -2.26984 1.493 0.85
v -2.276 1.47 0.85
v -2.26984 1.447 0.85
v -2.253 1.43016 0.85
v -2.24861 1.50984 0.84412
v -2.26223 1.493 0.83982
v -2.26721 1.47 0.83824
v -2.26223 1.447 0.83982
v -2.24861 1.43016 0.84412
v -2.23711 1.50984 0.84049
v -2.24231 1.493 0.83353
v -2.24421 1.47 0.83098
v -2.24231 1.447 0.83353
v -2.23711 1.43016 0.84049
v -2.22289 1.50984 0.84049
v -2.21769 1.493 0.83353
v -2.21579 1.47 0.83098
v -2.21769 1.447 0.83353
v -2.22289 1.43016 0.84049
v -2.21139 1.50984 0.84412
v -2.19777 1.493 0.83982
v -2.19279 1.47 0.83824
v -2.19777 1.447 0.83982
v -2.21139 1.43016 0.84412
v -3.987 0.99984 0.85
v -3.99139 0.99984 0.85588
v -4.01 1.006 0.85
v -3.97016 0.983 0.85
v -3.97777 0.983 0.86018
v -3.964 0.96 0.85
v -3.97279 0.96 0.86176
v -3.97016 0.937 0.85
v -3.97777 0.937 0.86018
v -3.987 0.92016 0.85
v -3.99139 0.92016 0.85588
v -4.01 0.914 0.85
v -4.00289 0.99984 0.85951
v -3.99769 0.983 0.86647
v -3.99579 0.96 0.86902
v -3.99769 0.937 0.86647
v -4.00289 0.92016 0.85951
v -4.01711 0.99984 0.85951
v -4.02231 0.983 0.86647
v -4.02421 0.96 0.86902
v -4.02231 0.937 0.86647
v -4.01711 0.92016 0.85951
v -4.02861 0.99984 0.85588
v -4.04223 0.983 0.86018
v -4.04721 0.96 0.86176
v -4.04223 0.937 0.86018
v -4.02861 0.92016 0.85588
v -4.033 0.99984 0.85
v -4.04984 0.983 0.85
v -4.056 0.96 0.85
v -4.04984 0.937 0.85
v -4.033 0.92016 0.85
v -4.02861 0.99984 0.84412
v -4.04223 0.983 0.83982
v -4.04721 0.96 0.83824
v -4.04223 0.937 0.83982
v -4.02861 0.92016 0.84412
v -4.01711 0.99984 0.84049
v -4.02231 0.983 0.83353
v -4.02421 0.96 0.83098
v -4.02231 0.937 0.83353
v -4.01711 0.92016 0.84049
v -4.00289 0.99984 0.84049
v -3.99769 0.983 0.83353
v -3.99579 0.96 0.83098
v -3.99769 0.937 0.83353
v -4.00289 0.92016 0.84049
v -3.99139 0.99984 0.84412
v -3.97777 0.983 0.83982
v -3.97279 0.96 0.83824
v -3.97777 0.937 0.83982
v -3.99139 0.92016 0.84412
v -2.207 0.99984 0.85
v -2.21139 0.99984 0.85588
v -2.23 1.006 0.85
v -2.19016 0.983 0.85
v -2.19777 0.983 0.86018
v -2.184 0.96 0.85
v -2.19279 0.96 0.86176
v -2.19016 0.937 0.85
v -2.19777 0.937 0.86018
v -2.207 0.92016 0.85
v -2.21139 0.92016 0.85588
v -2.23 0.914 0.85
v -2.22289 0.99984 0.85951
v -2.21769 0.983 0.86647
v -2.21579 0.96 0.86902
v -2.21769 0.937 0.86647
v -2.22289 0.92016 0.85951
v -2.23711 0.99984 0.85951
v -2.24231 0.983 0.86647
v -2.24421 0.96 0.86902
v -2.24231 0.937 0.86647
v -2.23711 0.92016 0.85951
v -2.24861 0.99984 0.85588
v -2.26223 0.983 0.86018
v -2.26721 0.96 0.86176
v -2.26223 0.937 0.86018
v -2.24861 0.92016 0.85588
v -2.253 0.99984 0.85
v -2.26984 0.983 0.85
v -2.276 0.96 0.85
v -2.26984 0.937 0.85
v -2.253 0.92016 0.85
v -2.24861 0.99984 0.84412
v -2.26223 0.983 0.83982
v -2.26721 0.96 0.83824
v -2.26223 0.937 0.83982
v -2.24861 0.92016 0.84412
v -2.23711 0.99984 0.84049
v -2.24231 0.983 0.83353
v -2.24421 0.96 0.83098
v -2.24231 0.937 0.83353
v -2.23711 0.92016 0.84049
v -2.22289 0.99984 0.84049
v -2.21769 0.983 0.83353
v -2.21579 0.96 0.83098
v -2.21769 0.937 0.83353
v -2.22289 0.92016 0.84049
v -2.21139 0.99984 0.84412
v -2.19777 0.983 0.83982
v -2.19279 0.96 0.83824
v -2.19777 0.937 0.83982
v -2.21139 0.92016 0.84412
v 1.333 1.53984 0.85
v 1.32861 1.53984 0.85588
v 1.31 1.546 0.85
v 1.34984 1.523 0.85
v 1.34223 1.523 0.86018
v 1.356 1.5 0.85
v 1.34721 1.5 0.86176
v 1.34984 1.477 0.85
v 1.34223 1.477 0.86018
v 1.333 1.46016 0.85
v 1.32861 1.46016 0.85588
v 1.31 1.454 0.85
v 1.31711 1.53984 0.85951
v 1.32231 1.523 0.86647
v 1.32421 1.5 0.86902
v 1.32231 1.477 0.86647
v 1.31711 1.46016 0.85951
v 1.30289 1.53984 0.85951
v 1.29769 1.523 0.86647
v 1.29579 1.5 0.86902
v 1.29769 1.477 0.86647
v 1.30289 1.46016 0.85951
v 1.29139 1.53984 0.85588
v 1.27777 1.523 0.86018
v 1.27279 1.5 0.86176
v 1.27777 1.477 0.86018
v 1.29139 1.46016 0.85588
v 1.287 1.53984 0.85
v 1.27016 1.523 0.85
v 1.264 1.5 0.85
v 1.27016 1.477 0.85
v 1.287 1.46016 0.85
v 1.29139 1.53984 0.84412
v 1.27777 1.523 0.83982
v 1.27279 1.5 0.83824
v 1.27777 1.477 0.83982
v 1.29139 1.46016 0.84412
v 1.30289 1.53984 0.84049
v 1.29769 1.523 0.83353
v 1.29579 1.5 0.83098
v 1.29769 1.477 0.83353
v 1.30289 1.46016 0.84049
v 1.31711 1.53984 0.84049
v 1.32231 1.523 0.83353
v 1.32421 1.5 0.83098
v 1.32231 1.477 0.83353
v 1.31711 1.46016 0.84049
v 1.32861 1.53984 0.84412
v 1.34223 1.523 0.83982
v 1.34721 1.5 0.83824
v 1.34223 1.477 0.83982
v 1.32861 1.46016 0.84412
v 3.643 1.53984 0.85
v 3.63861 1.53984 0.85588
v 3.62 1.546 0.85
v 3.65984 1.523 0.85
v 3.65223 1.523 0.86018
v 3.666 1.5 0.85
v 3.65721 1.5 0.86176
v 3.65984 1.477 0.85
v 3.65223 1.477 0.86018
v 3.643 1.46016 0.85
v 3.63861 1.46016 0.85588
v 3.62 1.454 0.85
v 3.62711 1.53984 0.85951
v 3.63231 1.523 0.86647
v 3.63421 1.5 0.86902
v 3.63231 1.477 0.86647
v 3.62711 1.46016 0.85951
v 3.61289 1.53984 0.85951
v 3.60769 1.523 0.86647
v 3.60579 1.5 0.86902
v 3.60769 1.477 0.86647
v 3.61289 1.46016 0.85951
v 3.60139 1.53984 0.85588
v 3.58777 1.523 0.86018
v 3.58279 1.5 0.86176
v 3.58777 1.477 0.86018
v 3.60139 1.46016 0.85588
v 3.597 1.53984 0.85
v 3.58016 1.523 0.85
v 3.574 1.5 0.85
v 3.58016 1.477 0.85
v 3.597 1.46016 0.85
v 3.60139 1.53984 0.84412
v 3.58777 1.523 0.83982
v 3.58279 1.5 0.83824
v 3.58777 1.477 0.83982
v 3.60139 1.46016 0.84412
v 3.61289 1.53984 0.84049
v 3.60769 1.523 0.83353
v 3.60579 1.5 0.83098
v 3.60769 1.477 0.83353
v 3.61289 1.46016 0.84049
v 3.62711 1.53984 0.84049
v 3.63231 1.523 0.83353
v 3.63421 1.5 0.83098
v 3.63231 1.477 0.83353
v 3.62711 1.46016 0.84049
v 3.63861 1.53984 0.84412
v 3.65223 1.523 0.83982
v 3.65721 1.5 0.83824
v 3.65223 1.477 0.83982
v 3.63861 1.46016 0.84412
v 1.333 0.95984 0.85
v 1.32861 0.95984 0.85588
v 1.31 0.966 0.85
v 1.34984 0.943 0.85
v 1.34223 0.943 0.86018
v 1.356 0.92 0.85
v 1.34721 0.92 0.86176
v 1.34984 0.897 0.85
v 1.34223 0.897 0.86018
v 1.333 0.88016 0.85
v 1.32861 0.88016 0.85588
v 1.31 0.874 0.85
v 1.31711 0.95984 0.85951
v 1.32231 0.943 0.86647
v 1.32421 0.92 0.86902
v 1.32231 0.897 0.86647
v 1.31711 0.88016 0.85951
v 1.30289 0.95984 0.85951
v 1.29769 0.943 0.86647
v 1.29579 0.92 0.86902
v 1.29769 0.897 0.86647
v 1.30289 0.88016 0.85951
v 1.29139 0.95984 0.85588
v 1.27777 0.943 0.86018
v 1.27279 0.92 0.86176
v 1.27777 0.897 0.86018
v 1.29139 0.88016 0.85588
v 1.287 0.95984 0.85
v 1.27016 0.943 0.85
v 1.264 0.92 0.85
v 1.27016 0.897 0.85
v 1.287 0.88016 0.85
v 1.29139 0.95984 0.84412
v 1.27777 0.943 0.83982
v 1.27279 0.92 0.83824
v 1.27777 0.897 0.83982
v 1.29139 0.88016 0.84412
v 1.30289 0.95984 0.84049
v 1.29769 0.943 0.83353
v 1.29579 0.92 0.83098
v 1.29769 0.897 0.83353
v 1.30289 0.88016 0.84049
v 1.31711 0.95984 0.84049
v 1.32231 0.943 0.83353
v 1.32421 0.92 0.83098
v 1.32231 0.897 0.83353
v 1.31711 0.88016 0.84049
v 1.32861 0.95984 0.84412
v 1.34223 0.943 0.83982
v 1.34721 0.92 0.83824
v 1.34223 0.897 0.83982
v 1.32861 0.88016 0.84412
v 3.643 0.95984 0.85
v 3.63861 0.95984 0.85588
v 3.62 0.966 0.85
v 3.65984 0.943 0.85
v 3.65223 0.943 0.86018
v 3.666 0.92 0.85
v 3.65721 0.92 0.86176
v 3.65984 0.897 0.85
v 3.65223 0.897 0.86018
v 3.643 0.88016 0.85
v 3.63861 0.88016 0.85588
v 3.62 0.874 0.85
v 3.62711 0.95984 0.85951
v 3.63231 0.943 0.86647
v 3.63421 0.92 0.86902
v 3.63231 0.897 0.86647
v 3.62711 0.88016 0.85951
v 3.61289 0.95984 0.85951
v 3.60769 0.943 0.86647
v 3.60579 0.92 0.86902
v 3.60769 0.897 0.86647
v 3.61289 0.88016 0.85951
v 3.60139 0.95984 0.85588
v 3.58777 0.943 0.86018
v 3.58279 0.92 0.86176
v 3.58777 0.897 0.86018
v 3.60139 0.88016 0.85588
v 3.597 0.95984 0.85
v 3.58016 0.943 0.85
v 3.574 0.92 0.85
v 3.58016 0.897 0.85
v 3.597 0.88016 0.85
v 3.60139 0.95984 0.84412
v 3.58777 0.943 0.83982
v 3.58279 0.92 0.83824
v 3.58777 0.897 0.83982
v 3.60139 0.88016 0.84412
v 3.61289 0.95984 0.84049
v 3.60769 0.943 0.83353
v 3.60579 0.92 0.83098
v 3.60769 0.897 0.83353
v 3.61289 0.88016 0.84049
v 3.62711 0.95984 0.84049
v 3.63231 0.943 0.83353
v 3.63421 0.92 0.83098
v 3.63231 0.897 0.83353
v 3.62711 0.88016 0.84049
v 3.63861 0.95984 0.84412
v 3.65223 0.943 0.83982
v 3.65721 0.92 0.83824
v 3.65223 0.897 0.83982
v 3.63861 0.88016 0.84412
v 3.53107 3.54874 -0.24
v 3.52566 3.54874 -0.2128
v 3.46 3.56 -0.24
v 3.59519 3.51607 -0.24
v 3.5849 3.51607 -0.18826
v 3.64607 3.46519 -0.24
v 3.63191 3.46519 -0.16879
v 3.67874 3.40107 -0.24
v 3.66209 3.40107 -0.15629
v 3.69 3.33 -0.24
v 3.67249 3.33 -0.15198
v 3.67874 3.25893 -0.24
v 3.66209 3.25893 -0.15629
v 3.64607 3.19481 -0.24
v 3.63191 3.19481 -0.16879
v 3.59519 3.14393 -0.24
v 3.5849 3.14393 -0.18826
v 3.53107 3.11126 -0.24
v 3.52566 3.11126 -0.2128
v 3.46 3.1 -0.24
v 3.51026 3.54874 -0.18974
v 3.55559 3.51607 -0.14441
v 3.59157 3.46519 -0.10843
v 3.61467 3.40107 -0.08533
v 3.62263 3.33 -0.07737
v 3.61467 3.25893 -0.08533
v 3.59157 3.19481 -0.10843
v 3.55559 3.14393 -0.14441
v 3.51026 3.11126 -0.18974
v 3.4872 3.54874 -0.17434
v 3.51174 3.51607 -0.1151
v 3.53121 3.46519 -0.06809
v 3.54371 3.40107 -0.03791
v 3.54802 3.33 -0.02751
v 3.54371 3.25893 -0.03791
v 3.53121 3.19481 -0.06809
v 3.51174 3.14393 -0.1151
v 3.4872 3.11126 -0.17434
v 3.46 3.54874 -0.16893
v 3.46 3.51607 -0.10481
v 3.46 3.46519 -0.05393
v 3.46 3.40107 -0.02126
v 3.46 3.33 -0.01
v 3.46 3.25893 -0.02126
v 3.46 3.19481 -0.05393
v 3.46 3.14393 -0.10481
v 3.46 3.11126 -0.16893
v 3.4328 3.54874 -0.17434
v 3.40826 3.51607 -0.1151
v 3.38879 3.46519 -0.06809
v 3.37629 3.40107 -0.03791
v 3.37198 3.33 -0.02751
v 3.37629 3.25893 -0.03791
v 3.38879 3.19481 -0.06809
v 3.40826 3.14393 -0.1151
v 3.4328 3.11126 -0.17434
v 3.40974 3.54874 -0.18974
v 3.36441 3.51607 -0.14441
v 3.32843 3.46519 -0.10843
v 3.30533 3.40107 -0.08533
v 3.29737 3.33 -0.07737
v 3.30533 3.25893 -0.08533
v 3.32843 3.19481 -0.10843
v 3.36441 3.14393 -0.14441
v 3.40974 3.11126 -0.18974
v 3.39434 3.54874 -0.2128
v 3.3351 3.51607 -0.18826
v 3.28809 3.46519 -0.16879
v 3.25791 3.40107 -0.15629
v 3.24751 3.33 -0.15198
v 3.25791 3.25893 -0.15629
v 3.28809 3.19481 -0.16879
v 3.3351 3.14393 -0.18826
v 3.39434 3.11126 -0.2128
v 3.38893 3.54874 -0.24
v 3.32481 3.51607 -0.24
v 3.27393 3.46519 -0.24
v 3.24126 3.40107 -0.24
v 3.23 3.33 -0.24
v 3.24126 3.25893 -0.24
v 3.27393 3.19481 -0.24
v 3.32481 3.14393 -0.24
v 3.38893 3.11126 -0.24
v 3.39434 3.54874 -0.2672
v 3.3351 3.51607 -0.29174
v 3.28809 3.46519 -0.31121
v 3.25791 3.40107 -0.32371
v 3.24751 3.33 -0.32802
v 3.25791 3.25893 -0.32371
v 3.28809 3.19481 -0.31121
v 3.3351 3.14393 -0.29174
v 3.39434 3.11126 -0.2672
v 3.40974 3.54874 -0.29026
v 3.36441 3.51607 -0.33559
v 3.32843 3.46519 -0.37157
v 3.30533 3.40107 -0.39467
v 3.29737 3.33 -0.40263
v 3.30533 3.25893 -0.39467
v 3.32843 3.19481 -0.37157
v 3.36441 3.14393 -0.33559
v 3.40974 3.11126 -0.29026
v 3.4328 3.54874 -0.30566
v 3.40826 3.51607 -0.3649
v 3.38879 3.46519 -0.41191
v 3.37629 3.40107 -0.44209
v 3.37198 3.33 -0.45249
v 3.37629 3.25893 -0.44209
v 3.38879 3.19481 -0.41191
v 3.40826 3.14393 -0.3649
v 3.4328 3.11126 -0.30566
v 3.46 3.54874 -0.31107
v 3.46 3.51607 -0.37519
v 3.46 3.46519 -0.42607
v 3.46 3.40107 -0.45874
v 3.46 3.33 -0.47
v 3.46 3.25893 -0.45874
v 3.46 3.19481 -0.42607
v 3.46 3.14393 -0.37519
v 3.46 3.11126 -0.31107
v 3.4872 3.54874 -0.30566
v 3.51174 3.51607 -0.3649
v 3.53121 3.46519 -0.41191
v 3.54371 3.40107 -0.44209
v 3.54802 3.33 -0.45249
v 3.54371 3.25893 -0.44209
v 3.53121 3.19481 -0.41191
v 3.51174 3.14393 -0.3649
v 3.4872 3.11126 -0.30566
v 3.51026 3.54874 -0.29026
v 3.55559 3.51607 -0.33559
v 3.59157 3.46519 -0.37157
v 3.61467 3.40107 -0.39467
v 3.62263 3.33 -0.40263
v 3.61467 3.25893 -0.39467
v 3.59157 3.19481 -0.37157
v 3.55559 3.14393 -0.33559
v 3.51026 3.11126 -0.29026
v 3.52566 3.54874 -0.2672
v 3.5849 3.51607 -0.29174
v 3.63191 3.46519 -0.31121
v 3.66209 3.40107 -0.32371
v 3.67249 3.33 -0.32802
v 3.66209 3.25893 -0.32371
v 3.63191 3.19481 -0.31121
v 3.5849 3.14393 -0.29174
v 3.52566 3.11126 -0.2672
v 3.48586 3.26526 -0.24
v 3.60535 3.29562 -0.22081
v 3.60581 3.31607 -0.26502
v 3.49213 3.28495 -0.28526
v 3.59141 3.35885 -0.28333
v 3.4913 3.33102 -0.304
v 3.57059 3.3989 -0.26502
v 3.48384 3.3765 -0.28526
v 3.55554 3.41276 -0.22081
v 3.47414 3.39473 -0.24
v 3.55508 3.39231 -0.1766
v 3.46787 3.37505 -0.19474
v 3.56948 3.34953 -0.15829
v 3.4687 3.32898 -0.176
v 3.5903 3.30948 -0.1766
v 3.47616 3.2835 -0.19474
v 3.70057 3.35835 -0.20315
v 3.69416 3.37721 -0.24646
v 3.66691 3.41197 -0.26441
v 3.63477 3.44227 -0.24646
v 3.61656 3.45035 -0.20315
v 3.62297 3.43149 -0.15983
v 3.65022 3.39673 -0.14189
v 3.68236 3.36644 -0.15983
v 3.76928 3.44551 -0.18688
v 3.75753 3.46062 -0.22941
v 3.72206 3.48525 -0.24702
v 3.68364 3.50498 -0.22941
v 3.66479 3.50824 -0.18688
v 3.67653 3.49313 -0.14434
v 3.712 3.4685 -0.12673
v 3.75042 3.44877 -0.14434
v 3.81492 3.54893 -0.17185
v 3.80025 3.55999 -0.21359
v 3.76114 3.57583 -0.23088
v 3.72049 3.58717 -0.21359
v 3.70212 3.58737 -0.17185
v 3.71679 3.57631 -0.13011
v 3.7559 3.56047 -0.11282
v 3.79655 3.54913 -0.13011
v 3.84295 3.66394 -0.15794
v 3.82706 3.67175 -0.19884
v 3.78693 3.6812 -0.21578
v 3.74609 3.68677 -0.19884
v 3.72845 3.68518 -0.15794
v 3.74434 3.67737 -0.11704
v 3.78447 3.66792 -0.1001
v 3.82531 3.66235 -0.11704
v 3.85791 3.78759 -0.145
v 3.84167 3.79308 -0.18501
v 3.80175 3.79823 -0.20158
v 3.76154 3.80003 -0.18501
v 3.74459 3.79741 -0.145
v 3.76083 3.79192 -0.10499
v 3.80075 3.78677 -0.08842
v 3.84096 3.78497 -0.10499
v 3.86335 3.91706 -0.13289
v 3.84717 3.92101 -0.17199
v 3.80796 3.9234 -0.18818
v 3.76868 3.92284 -0.17199
v 3.75234 3.91965 -0.13289
v 3.76851 3.91571 -0.0938
v 3.80772 3.91331 -0.0776
v 3.84701 3.91387 -0.0938
v 3.86231 4.04932 -0.12148
v 3.8464 4.05232 -0.15965
v 3.80808 4.05309 -0.17545
v 3.7698 4.05118 -0.15965
v 3.75399 4.04772 -0.12148
v 3.7699 4.04472 -0.08332
v 3.80822 4.04395 -0.06751
v 3.84649 4.04585 -0.08332
v 3.85763 4.18109 -0.11062
v 3.84207 4.18363 -0.14785
v 3.8047 4.18367 -0.16326
v 3.76742 4.1812 -0.14785
v 3.75206 4.17766 -0.11062
v 3.76762 4.17513 -0.0734
v 3.80498 4.17508 -0.05799
v 3.84227 4.17755 -0.0734
v 3.85204 4.30888 -0.10019
v 3.83688 4.3114 -0.13645
v 3.80047 4.31152 -0.15147
v 3.76414 4.30918 -0.13645
v 3.74917 4.30575 -0.10019
v 3.76432 4.30323 -0.06392
v 3.80073 4.30311 -0.0489
v 3.83706 4.30545 -0.06392
v 3.8482 4.42905 -0.09002
v 3.8335 4.43199 -0.12532
v 3.79807 4.43302 -0.13994
v 3.76265 4.43154 -0.12532
v 3.74799 4.42841 -0.09002
v 3.76269 4.42546 -0.05472
v 3.79812 4.42443 -0.0401
v 3.83354 4.42591 -0.05472
v 3.8487 4.5377 -0.08
v 3.83459 4.54163 -0.11432
v 3.80022 4.54461 -0.12853
v 3.76572 4.54488 -0.11432
v 3.7513 4.5423 -0.08
v 3.76541 4.53837 -0.04568
v 3.79978 4.53539 -0.03147
v 3.83428 4.53512 -0.04568
v 3.85694 4.8308 -0.08
v 3.85415 4.8308 -0.0624
v 3.8 4.84 -0.08
v 3.91 4.80383 -0.08
v 3.90462 4.80383 -0.04601
v 3.95556 4.76092 -0.08
v 3.94795 4.76092 -0.03193
v 3.99053 4.705 -0.08
v 3.9812 4.705 -0.02112
v 4.0125 4.63988 -0.08
v 4.0021 4.63988 -0.01433
v 4.02 4.57 -0.08
v 4.00923 4.57 -0.01202
v 4.0125 4.50012 -0.08
v 4.0021 4.50012 -0.01433
v 3.99053 4.435 -0.08
v 3.9812 4.435 -0.02112
v 3.95556 4.37908 -0.08
v 3.94795 4.37908 -0.03193
v 3.91 4.33617 -0.08
v 3.90462 4.33617 -0.04601
v 3.85694 4.3092 -0.08
v 3.85415 4.3092 -0.0624
v 3.8 4.3 -0.08
v 3.84607 4.8308 -0.04653
v 3.88899 4.80383 -0.01534
v 3.92585 4.76092 0.01144
v 3.95414 4.705 0.03199
v 3.97192 4.63988 0.04491
v 3.97798 4.57 0.04931
v 3.97192 4.50012 0.04491
v 3.95414 4.435 0.03199
v 3.92585 4.37908 0.01144
v 3.88899 4.33617 -0.01534
v 3.84607 4.3092 -0.04653
v 3.83347 4.8308 -0.03393
v 3.86466 4.80383 0.00899
v 3.89144 4.76092 0.04585
v 3.91199 4.705 0.07414
v 3.92491 4.63988 0.09192
v 3.92931 4.57 0.09798
v 3.92491 4.50012 0.09192
v 3.91199 4.435 0.07414
v 3.89144 4.37908 0.04585
v 3.86466 4.33617 0.00899
v 3.83347 4.3092 -0.03393
v 3.8176 4.8308 -0.02585
v 3.83399 4.80383 0.02462
v 3.84807 4.76092 0.06795
v 3.85888 4.705 0.1012
v 3.86567 4.63988 0.1221
v 3.86798 4.57 0.12923
v 3.86567 4.50012 0.1221
v 3.85888 4.435 0.1012
v 3.84807 4.37908 0.06795
v 3.83399 4.33617 0.02462
v 3.8176 4.3092 -0.02585
v 3.8 4.8308 -0.02306
v 3.8 4.80383 0.03
v 3.8 4.76092 0.07556
v 3.8 4.705 0.11053
v 3.8 4.63988 0.1325
v 3.8 4.57 0.14
v 3.8 4.50012 0.1325
v 3.8 4.435 0.11053
v 3.8 4.37908 0.07556
v 3.8 4.33617 0.03
v 3.8 4.3092 -0.02306
v 3.7824 4.8308 -0.02585
v 3.76601 4.80383 0.02462
v 3.75193 4.76092 0.06795
v 3.74112 4.705 0.1012
v 3.73433 4.63988 0.1221
v 3.73202 4.57 0.12923
v 3.73433 4.50012 0.1221
v 3.74112 4.435 0.1012
v 3.75193 4.37908 0.06795
v 3.76601 4.33617 0.02462
v 3.7824 4.3092 -0.02585
v 3.76653 4.8308 -0.03393
v 3.73534 4.80383 0.00899
v 3.70856 4.76092 0.04585
v 3.68801 4.705 0.07414
v 3.67509 4.63988 0.09192
v 3.67069 4.57 0.09798
v 3.67509 4.50012 0.09192
v 3.68801 4.435 0.07414
v 3.70856 4.37908 0.04585
v 3.73534 4.33617 0.00899
v 3.76653 4.3092 -0.03393
v 3.75393 4.8308 -0.04653
v 3.71101 4.80383 -0.01534
v 3.67415 4.76092 0.01144
v 3.64586 4.705 0.03199
v 3.62808 4.63988 0.04491
v 3.62202 4.57 0.04931
v 3.62808 4.50012 0.04491
v 3.64586 4.435 0.03199
v 3.67415 4.37908 0.01144
v 3.71101 4.33617 -0.01534
v 3.75393 4.3092 -0.04653
v 3.74585 4.8308 -0.0624
v 3.69538 4.80383 -0.04601
v 3.65205 4.76092 -0.03193
v 3.6188 4.705 -0.02112
v 3.5979 4.63988 -0.01433
v 3.59077 4.57 -0.01202
v 3.5979 4.50012 -0.01433
v 3.6188 4.435 -0.02112
v 3.65205 4.37908 -0.03193
v 3.69538 4.33617 -0.04601
v 3.74585 4.3092 -0.0624
v 3.74306 4.8308 -0.08
v 3.69 4.80383 -0.08
v 3.64444 4.76092 -0.08
v 3.60947 4.705 -0.08
v 3.5875 4.63988 -0.08
v 3.58 4.57 -0.08
v 3.5875 4.50012 -0.08
v 3.60947 4.435 -0.08
v 3.64444 4.37908 -0.08
v 3.69 4.33617 -0.08
v 3.74306 4.3092 -0.08
v 3.74585 4.8308 -0.0976
v 3.69538 4.80383 -0.11399
v 3.65205 4.76092 -0.12807
v 3.6188 4.705 -0.13888
v 3.5979 4.63988 -0.14567
v 3.59077 4.57 -0.14798
v 3.5979 4.50012 -0.14567
v 3.6188 4.435 -0.13888
v 3.65205 4.37908 -0.12807
v 3.69538 4.33617 -0.11399
v 3.74585 4.3092 -0.0976
v 3.75393 4.8308 -0.11347
v 3.71101 4.80383 -0.14466
v 3.67415 4.76092 -0.17144
v 3.64586 4.705 -0.19199
v 3.62808 4.63988 -0.20491
v 3.62202 4.57 -0.20931
v 3.62808 4.50012 -0.20491
v 3.64586 4.435 -0.19199
v 3.67415 4.37908 -0.17144
v 3.71101 4.33617 -0.14466
v 3.75393 4.3092 -0.11347
v 3.76653 4.8308 -0.12607
v 3.73534 4.80383 -0.16899
v 3.70856 4.76092 -0.20585
v 3.68801 4.705 -0.23414
v 3.67509 4.63988 -0.25192
v 3.67069 4.57 -0.25798
v 3.67509 4.50012 -0.25192
v 3.68801 4.435 -0.23414
v 3.70856 4.37908 -0.20585
v 3.73534 4.33617 -0.16899
v 3.76653 4.3092 -0.12607
v 3.7824 4.8308 -0.13415
v 3.76601 4.80383 -0.18462
v 3.75193 4.76092 -0.22795
v 3.74112 4.705 -0.2612
v 3.73433 4.63988 -0.2821
v 3.73202 4.57 -0.28923
v 3.73433 4.50012 -0.2821
v 3.74112 4.435 -0.2612
v 3.75193 4.37908 -0.22795
v 3.76601 4.33617 -0.18462
v 3.7824 4.3092 -0.13415
v 3.8 4.8308 -0.13694
v 3.8 4.80383 -0.19
v 3.8 4.76092 -0.23556
v 3.8 4.705 -0.27053
v 3.8 4.63988 -0.2925
v 3.8 4.57 -0.3
v 3.8 4.50012 -0.2925
v 3.8 4.435 -0.27053
v 3.8 4.37908 -0.23556
v 3.8 4.33617 -0.19
v 3.8 4.3092 -0.13694
v 3.8176 4.8308 -0.13415
v 3.83399 4.80383 -0.18462
v 3.84807 4.76092 -0.22795
v 3.85888 4.705 -0.2612
v 3.86567 4.63988 -0.2821
v 3.86798 4.57 -0.28923
v 3.86567 4.50012 -0.2821
v 3.85888 4.435 -0.2612
v 3.84807 4.37908 -0.22795
v 3.83399 4.33617 -0.18462
v 3.8176 4.3092 -0.13415
v 3.83347 4.8308 -0.12607
v 3.86466 4.80383 -0.16899
v 3.89144 4.76092 -0.20585
v 3.91199 4.705 -0.23414
v 3.92491 4.63988 -0.25192
v 3.92931 4.57 -0.25798
v 3.92491 4.50012 -0.25192
v 3.91199 4.435 -0.23414
v 3.89144 4.37908 -0.20585
v 3.86466 4.33617 -0.16899
v 3.83347 4.3092 -0.12607
v 3.84607 4.8308 -0.11347
v 3.88899 4.80383 -0.14466
v 3.92585 4.76092 -0.17144
v 3.95414 4.705 -0.19199
v 3.97192 4.63988 -0.20491
v 3.97798 4.57 -0.20931
v 3.97192 4.50012 -0.20491
v 3.95414 4.435 -0.19199
v 3.92585 4.37908 -0.17144
v 3.88899 4.33617 -0.14466
v 3.84607 4.3092 -0.11347
v 3.85415 4.8308 -0.0976
v 3.90462 4.80383 -0.11399
v 3.94795 4.76092 -0.12807
v 3.9812 4.705 -0.13888
v 4.0021 4.63988 -0.14567
v 4.00923 4.57 -0.14798
v 4.0021 4.50012 -0.14567
v 3.9812 4.435 -0.13888
v 3.94795 4.37908 -0.12807
v 3.90462 4.33617 -0.11399
v 3.85415 4.3092 -0.0976
v -2.72 4.90603 0.23486
v -0.94 4.90603 0.23486
v -0.94 4.675 0.25
v -2.72 4.675 0.25
v -2.72 5.13311 0.18969
v -0.94 5.13311 0.18969
v -2.72 5.35235 0.11527
v -0.94 5.35235 0.11527
v -2.72 5.56 0.01286
v -0.94 5.56 0.01286
v -2.72 5.75251 -0.11576
v -0.94 5.75251 -0.11576
v -2.72 5.92658 -0.26842
v -0.94 5.92658 -0.26842
v -2.72 6.07924 -0.44249
v -0.94 6.07924 -0.44249
v -2.72 6.20786 -0.635
v -0.94 6.20786 -0.635
v -2.72 6.31027 -0.84265
v -0.94 6.31027 -0.84265
v -2.72 6.38469 -1.06189
v -0.94 6.38469 -1.06189
v -2.72 6.42986 -1.28897
v -0.94 6.42986 -1.28897
v -2.72 6.445 -1.52
v -0.94 6.445 -1.52
v -2.72 6.42986 -1.75103
v -0.94 6.42986 -1.75103
v -2.72 6.38469 -1.97811
v -0.94 6.38469 -1.97811
v -2.72 6.31027 -2.19735
v -0.94 6.31027 -2.19735
v -2.72 6.20786 -2.405
v -0.94 6.20786 -2.405
v -2.72 6.07924 -2.59751
v -0.94 6.07924 -2.59751
v -2.72 5.92658 -2.77158
v -0.94 5.92658 -2.77158
v -2.72 5.75251 -2.92424
v -0.94 5.75251 -2.92424
v -2.72 5.56 -3.05287
v -0.94 5.56 -3.05287
v -2.72 5.35235 -3.15527
v -0.94 5.35235 -3.15527
v -2.72 5.13311 -3.22969
v -0.94 5.13311 -3.22969
v -2.72 4.90603 -3.27486
v -0.94 4.90603 -3.27486
v -2.72 4.675 -3.29
v -0.94 4.675 -3.29
v -2.72 4.44397 -3.27486
v -0.94 4.44397 -3.27486
v -2.72 4.21689 -3.22969
v -0.94 4.21689 -3.22969
v -2.72 3.99765 -3.15527
v -0.94 3.99765 -3.15527
v -2.72 3.79 -3.05287
v -0.94 3.79 -3.05287
v -2.72 3.59749 -2.92424
v -0.94 3.59749 -2.92424
v -2.72 3.42342 -2.77158
v -0.94 3.42342 -2.77158
v -2.72 3.27076 -2.59751
v -0.94 3.27076 -2.59751
v -2.72 3.14214 -2.405
v -0.94 3.14214 -2.405
v -2.72 3.03973 -2.19735
v -0.94 3.03973 -2.19735
v -2.72 2.96531 -1.97811
v -0.94 2.96531 -1.97811
v -2.72 2.92014 -1.75103
v -0.94 2.92014 -1.75103
v -2.72 2.905 -1.52
v -0.94 2.905 -1.52
v -2.72 2.92014 -1.28897
v -0.94 2.92014 -1.28897
v -2.72 2.96531 -1.06189
v -0.94 2.96531 -1.06189
v -2.72 3.03973 -0.84265
v -0.94 3.03973 -0.84265
v -2.72 3.14214 -0.635
v -0.94 3.14214 -0.635
v -2.72 3.27076 -0.44249
v -0.94 3.27076 -0.44249
v -2.72 3.42342 -0.26842
v -0.94 3.42342 -0.26842
v -2.72 3.59749 -0.11576
v -0.94 3.59749 -0.11576
v -2.72 3.79 0.01286
v -0.94 3.79 0.01286
v -2.72 3.99765 0.11527
v -0.94 3.99765 0.11527
v -2.72 4.21689 0.18969
v -0.94 4.21689 0.18969
v -2.72 4.44397 0.23486
v -0.94 4.44397 0.23486
v -0.83 4.90603 0.23486
v 0.95 4.90603 0.23486
v 0.95 4.675 0.25
v -0.83 4.675 0.25
v -0.83 5.13311 0.18969
v 0.95 5.13311 0.18969
v -0.83 5.35235 0.11527
v 0.95 5.35235 0.11527
v -0.83 5.56 0.01286
v 0.95 5.56 0.01286
v -0.83 5.75251 -0.11576
v 0.95 5.75251 -0.11576
v -0.83 5.92658 -0.26842
v 0.95 5.92658 -0.26842
v -0.83 6.07924 -0.44249
v 0.95 6.07924 -0.44249
v -0.83 6.20786 -0.635
v 0.95 6.20786 -0.635
v -0.83 6.31027 -0.84265
v 0.95 6.31027 -0.84265
v -0.83 6.38469 -1.06189
v 0.95 6.38469 -1.06189
v -0.83 6.42986 -1.28897
v 0.95 6.42986 -1.28897
v -0.83 6.445 -1.52
v 0.95 6.445 -1.52
v -0.83 6.42986 -1.75103
v 0.95 6.42986 -1.75103
v -0.83 6.38469 -1.97811
v 0.95 6.38469 -1.97811
v -0.83 6.31027 -2.19735
v 0.95 6.31027 -2.19735
v -0.83 6.20786 -2.405
v 0.95 6.20786 -2.405
v -0.83 6.07924 -2.59751
v 0.95 6.07924 -2.59751
v -0.83 5.92658 -2.77158
v 0.95 5.92658 -2.77158
v -0.83 5.75251 -2.92424
v 0.95 5.75251 -2.92424
v -0.83 5.56 -3.05287
v 0.95 5.56 -3.05287
v -0.83 5.35235 -3.15527
v 0.95 5.35235 -3.15527
v -0.83 5.13311 -3.22969
v 0.95 5.13311 -3.22969
v -0.83 4.90603 -3.27486
v 0.95 4.90603 -3.27486
v -0.83 4.675 -3.29
v 0.95 4.675 -3.29
v -0.83 4.44397 -3.27486
v 0.95 4.44397 -3.27486
v -0.83 4.21689 -3.22969
v 0.95 4.21689 -3.22969
v -0.83 3.99765 -3.15527
v 0.95 3.99765 -3.15527
v -0.83 3.79 -3.05287
v 0.95 3.79 -3.05287
v -0.83 3.59749 -2.92424
v 0.95 3.59749 -2.92424
v -0.83 3.42342 -2.77158
v 0.95 3.42342 -2.77158
v -0.83 3.27076 -2.59751
v 0.95 3.27076 -2.59751
v -0.83 3.14214 -2.405
v 0.95 3.14214 -2.405
v -0.83 3.03973 -2.19735
v 0.95 3.03973 -2.19735
v -0.83 2.96531 -1.97811
v 0.95 2.96531 -1.97811
v -0.83 2.92014 -1.75103
v 0.95 2.92014 -1.75103
v -0.83 2.905 -1.52
v 0.95 2.905 -1.52
v -0.83 2.92014 -1.28897
v 0.95 2.92014 -1.28897
v -0.83 2.96531 -1.06189
v 0.95 2.96531 -1.06189
v -0.83 3.03973 -0.84265
v 0.95 3.03973 -0.84265
v -0.83 3.14214 -0.635
v 0.95 3.14214 -0.635
v -0.83 3.27076 -0.44249
v 0.95 3.27076 -0.44249
v -0.83 3.42342 -0.26842
v 0.95 3.42342 -0.26842
v -0.83 3.59749 -0.11576
v 0.95 3.59749 -0.11576
v -0.83 3.79 0.01286
v 0.95 3.79 0.01286
v -0.83 3.99765 0.11527
v 0.95 3.99765 0.11527
v -0.83 4.21689 0.18969
v 0.95 4.21689 0.18969
v -0.83 4.44397 0.23486
v 0.95 4.44397 0.23486
v 1.09 4.90603 0.23486
v 2.65 4.90603 0.23486
v 2.65 4.675 0.25
v 1.09 4.675 0.25
v 1.09 5.13311 0.18969
v 2.65 5.13311 0.18969
v 1.09 5.35235 0.11527
v 2.65 5.35235 0.11527
v 1.09 5.56 0.01286
v 2.65 5.56 0.01286
v 1.09 5.75251 -0.11576
v 2.65 5.75251 -0.11576
v 1.09 5.92658 -0.26842
v 2.65 5.92658 -0.26842
v 1.09 6.07924 -0.44249
v 2.65 6.07924 -0.44249
v 1.09 6.20786 -0.635
v 2.65 6.20786 -0.635
v 1.09 6.31027 -0.84265
v 2.65 6.31027 -0.84265
v 1.09 6.38469 -1.06189
v 2.65 6.38469 -1.06189
v 1.09 6.42986 -1.28897
v 2.65 6.42986 -1.28897
v 1.09 6.445 -1.52
v 2.65 6.445 -1.52
v 1.09 6.42986 -1.75103
v 2.65 6.42986 -1.75103
v 1.09 6.38469 -1.97811
v 2.65 6.38469 -1.97811
v 1.09 6.31027 -2.19735
v 2.65 6.31027 -2.19735
v 1.09 6.20786 -2.405
v 2.65 6.20786 -2.405
v 1.09 6.07924 -2.59751
v 2.65 6.07924 -2.59751
v 1.09 5.92658 -2.77158
v 2.65 5.92658 -2.77158
v 1.09 5.75251 -2.92424
v 2.65 5.75251 -2.92424
v 1.09 5.56 -3.05287
v 2.65 5.56 -3.05287
v 1.09 5.35235 -3.15527
v 2.65 5.35235 -3.15527
v 1.09 5.13311 -3.22969
v 2.65 5.13311 -3.22969
v 1.09 4.90603 -3.27486
v 2.65 4.90603 -3.27486
v 1.09 4.675 -3.29
v 2.65 4.675 -3.29
v 1.09 4.44397 -3.27486
v 2.65 4.44397 -3.27486
v 1.09 4.21689 -3.22969
v 2.65 4.21689 -3.22969
v 1.09 3.99765 -3.15527
v 2.65 3.99765 -3.15527
v 1.09 3.79 -3.05287
v 2.65 3.79 -3.05287
v 1.09 3.59749 -2.92424
v 2.65 3.59749 -2.92424
v 1.09 3.42342 -2.77158
v 2.65 3.42342 -2.77158
v 1.09 3.27076 -2.59751
v 2.65 3.27076 -2.59751
v 1.09 3.14214 -2.405
v 2.65 3.14214 -2.405
v 1.09 3.03973 -2.19735
v 2.65 3.03973 -2.19735
v 1.09 2.96531 -1.97811
v 2.65 2.96531 -1.97811
v 1.09 2.92014 -1.75103
v 2.65 2.92014 -1.75103
v 1.09 2.905 -1.52
v 2.65 2.905 -1.52
v 1.09 2.92014 -1.28897
v 2.65 2.92014 -1.28897
v 1.09 2.96531 -1.06189
v 2.65 2.96531 -1.06189
v 1.09 3.03973 -0.84265
v 2.65 3.03973 -0.84265
v 1.09 3.14214 -0.635
v 2.65 3.14214 -0.635
v 1.09 3.27076 -0.44249
v 2.65 3.27076 -0.44249
v 1.09 3.42342 -0.26842
v 2.65 3.42342 -0.26842
v 1.09 3.59749 -0.11576
v 2.65 3.59749 -0.11576
v 1.09 3.79 0.01286
v 2.65 3.79 0.01286
v 1.09 3.99765 0.11527
v 2.65 3.99765 0.11527
v 1.09 4.21689 0.18969
v 2.65 4.21689 0.18969
v 1.09 4.44397 0.23486
v 2.65 4.44397 0.23486
vn 0.0 0.0 -1.0
vn 0.0 0.0 1.0
vn -0.98079 -0.19509 0.0
vn -0.83147 -0.55557 0.0
vn -0.55557 -0.83147 0.0
vn -0.19509 -0.98079 0.0
vn 0.0 -1.0 0.0
vn 0.19509 -0.98079 0.0
vn 0.55557 -0.83147 0.0
vn 0.83147 -0.55557 0.0
vn 0.98079 -0.19509 0.0
vn 1.0 0.0 0.0
vn 0.98079 0.19509 0.0
vn 0.83147 0.55557 0.0
vn 0.55557 0.83147 0.0
vn 0.19509 0.98079 0.0
vn 0.0 1.0 0.0
vn -0.19509 0.98079 0.0
vn -0.55557 0.83147 0.0
vn -0.83147 0.55557 0.0
vn -0.98079 0.19509 0.0
vn -1.0 0.0 0.0
vn -0.69352 -0.13795 0.70711
vn -0.58794 -0.39285 0.70711
vn -0.39285 -0.58794 0.70711
vn -0.13795 -0.69352 0.70711
vn 0.0 -0.70711 0.70711
vn 0.13795 -0.69352 0.70711
vn 0.39285 -0.58794 0.70711
vn 0.58794 -0.39285 0.70711
vn 0.69352 -0.13795 0.70711
vn 0.70711 -0.0 0.70711
vn 0.69352 0.13795 0.70711
vn 0.58794 0.39285 0.70711
vn 0.39285 0.58794 0.70711
vn 0.13795 0.69352 0.70711
vn 0.0 0.70711 0.70711
vn -0.13795 0.69352 0.70711
vn -0.39285 0.58794 0.70711
vn -0.58794 0.39285 0.70711
vn -0.69352 0.13795 0.70711
vn -0.70711 0.0 0.70711
vn -0.92388 -0.38268 0.0
vn -0.38268 -0.92388 0.0
vn 0.38268 -0.92388 0.0
vn 0.92388 -0.38268 0.0
vn 0.92388 0.38268 0.0
vn 0.38268 0.92388 0.0
vn -0.38268 0.92388 0.0
vn -0.92388 0.38268 0.0
vn -0.65328 -0.2706 0.70711
vn -0.2706 -0.65328 0.70711
vn 0.2706 -0.65328 0.70711
vn 0.65328 -0.2706 0.70711
vn 0.65328 0.2706 0.70711
vn 0.2706 0.65328 0.70711
vn -0.2706 0.65328 0.70711
vn -0.65328 0.2706 0.70711
vn 0.5 0.86603 0.0
vn 0.32726 0.70064 0.63404
vn 0.86603 0.5 0.0
vn 0.4359 0.31108 0.84453
vn 0.45865 0.0 0.88862
vn 0.86603 -0.5 0.0
vn 0.4359 -0.31108 0.84453
vn 0.5 -0.86603 0.0
vn 0.32726 -0.70064 0.63404
vn 0.10011 0.56114 0.82165
vn 0.11798 0.22042 0.96824
vn 0.12095 0.0 0.99266
vn 0.11798 -0.22042 0.96824
vn 0.10011 -0.56114 0.82165
vn -0.10011 0.56114 0.82165
vn -0.11798 0.22042 0.96824
vn -0.12095 0.0 0.99266
vn -0.11798 -0.22042 0.96824
vn -0.10011 -0.56114 0.82165
vn -0.0 -1.0 0.0
vn -0.32726 0.70064 0.63404
vn -0.0 1.0 0.0
vn -0.4359 0.31108 0.84453
vn -0.45865 0.0 0.88862
vn -0.4359 -0.31108 0.84453
vn -0.32726 -0.70064 0.63404
vn -0.5 0.86603 0.0
vn -0.86603 0.5 0.0
vn -0.86603 -0.5 0.0
vn -0.5 -0.86603 0.0
vn -0.32726 0.70064 -0.63404
vn -0.4359 0.31108 -0.84453
vn -0.45865 0.0 -0.88862
vn -0.4359 -0.31108 -0.84453
vn -0.32726 -0.70064 -0.63404
vn -0.0 -1.0 -0.0
vn -0.10011 0.56114 -0.82165
vn -0.0 1.0 -0.0
vn -0.11798 0.22042 -0.96824
vn -0.12095 0.0 -0.99266
vn -0.11798 -0.22042 -0.96824
vn -0.10011 -0.56114 -0.82165
vn 0.10011 0.56114 -0.82165
vn 0.11798 0.22042 -0.96824
vn 0.12095 0.0 -0.99266
vn 0.11798 -0.22042 -0.96824
vn 0.10011 -0.56114 -0.82165
vn 0.0 -1.0 -0.0
vn 0.32726 0.70064 -0.63404
vn 0.0 1.0 -0.0
vn 0.4359 0.31108 -0.84453
vn 0.45865 0.0 -0.88862
vn 0.4359 -0.31108 -0.84453
vn 0.32726 -0.70064 -0.63404
vn 0.5 0.86603 -0.0
vn 0.86603 0.5 -0.0
vn 1.0 0.0 -0.0
vn 0.86603 -0.5 -0.0
vn 0.5 -0.86603 -0.0
vn 0.70711 0.0 -0.70711
vn -0.70711 0.0 -0.70711
vn -1.0 0.0 -0.0
vn -0.70711 -0.0 0.70711
vn -0.0 -0.0 1.0
vn 0.70711 0.0 0.70711
vn 1.0 -0.0 0.0
vn -0.70711 -0.0 -0.70711
vn -1.0 -0.0 -0.0
vn 0.98079 0.19509 -0.0
vn 0.83147 0.55557 -0.0
vn 0.55557 0.83147 -0.0
vn 0.19509 0.98079 -0.0
vn -0.19509 0.98079 -0.0
vn -0.55557 0.83147 -0.0
vn -0.83147 0.55557 -0.0
vn -0.98079 0.19509 -0.0
vn -0.98079 -0.19509 -0.0
vn -0.83147 -0.55557 -0.0
vn -0.55557 -0.83147 -0.0
vn -0.19509 -0.98079 -0.0
vn 0.19509 -0.98079 -0.0
vn 0.55557 -0.83147 -0.0
vn 0.83147 -0.55557 -0.0
vn 0.98079 -0.19509 -0.0
vn 1.0 -0.0 -0.0
vn -0.0 0.70711 0.70711
vn -0.0 -0.70711 0.70711
vn -0.99602 0.08908 0.0
vn -0.6 -0.8 0.0
vn 0.49614 -0.86824 0.0
vn 0.99976 -0.02189 0.0
vn 0.71368 0.70047 0.0
vn -0.74614 0.66579 0.0
vn -0.7043 0.06299 0.70711
vn -0.42426 -0.56569 0.70711
vn 0.35082 -0.61394 0.70711
vn 0.70694 -0.01548 0.70711
vn 0.50465 0.49531 0.70711
vn -0.5276 0.47078 0.70711
vn 0.99163 0.12913 0.0
vn 0.93001 0.36755 0.0
vn 0.82906 0.55915 0.0
vn 0.71428 0.69986 0.0
vn 0.60166 0.79875 0.0
vn 0.49776 0.86731 0.0
vn 0.40381 0.91484 0.0
vn 0.31876 0.94784 0.0
vn 0.2409 0.97055 0.0
vn 0.16841 0.98572 0.0
vn 0.09962 0.99503 0.0
vn 0.03297 0.99946 0.0
vn -0.03297 0.99946 0.0
vn -0.09962 0.99503 0.0
vn -0.16841 0.98572 0.0
vn -0.2409 0.97055 0.0
vn -0.31876 0.94784 0.0
vn -0.40381 0.91484 0.0
vn -0.49776 0.86731 0.0
vn -0.60166 0.79875 0.0
vn -0.71428 0.69986 0.0
vn -0.82906 0.55915 0.0
vn -0.93001 0.36755 0.0
vn -0.99163 0.12913 0.0
vn -0.99163 -0.12913 0.0
vn -0.93001 -0.36755 0.0
vn -0.82906 -0.55915 0.0
vn -0.71428 -0.69986 0.0
vn -0.60166 -0.79875 0.0
vn -0.49776 -0.86731 0.0
vn -0.40381 -0.91484 0.0
vn -0.31876 -0.94784 0.0
vn -0.2409 -0.97055 0.0
vn -0.16841 -0.98572 0.0
vn -0.09962 -0.99503 0.0
vn -0.03297 -0.99946 0.0
vn 0.03297 -0.99946 0.0
vn 0.09962 -0.99503 0.0
vn 0.16841 -0.98572 0.0
vn 0.2409 -0.97055 0.0
vn 0.31876 -0.94784 0.0
vn 0.40381 -0.91484 0.0
vn 0.49776 -0.86731 0.0
vn 0.60166 -0.79875 0.0
vn 0.71428 -0.69986 0.0
vn 0.82906 -0.55915 0.0
vn 0.93001 -0.36755 0.0
vn 0.99163 -0.12913 0.0
vn 0.70119 0.09131 0.70711
vn 0.65761 0.25989 0.70711
vn 0.58624 0.39538 0.70711
vn 0.50507 0.49487 0.70711
vn 0.42544 0.5648 0.70711
vn 0.35197 0.61328 0.70711
vn 0.28553 0.64689 0.70711
vn 0.2254 0.67022 0.70711
vn 0.17034 0.68628 0.70711
vn 0.11908 0.69701 0.70711
vn 0.07044 0.70359 0.70711
vn 0.02331 0.70672 0.70711
vn -0.02331 0.70672 0.70711
vn -0.07044 0.70359 0.70711
vn -0.11908 0.69701 0.70711
vn -0.17034 0.68628 0.70711
vn -0.2254 0.67022 0.70711
vn -0.28553 0.64689 0.70711
vn -0.35197 0.61328 0.70711
vn -0.42544 0.5648 0.70711
vn -0.50507 0.49487 0.70711
vn -0.58624 0.39538 0.70711
vn -0.65761 0.25989 0.70711
vn -0.70119 0.09131 0.70711
vn -0.70119 -0.09131 0.70711
vn -0.65761 -0.25989 0.70711
vn -0.58624 -0.39538 0.70711
vn -0.50507 -0.49487 0.70711
vn -0.42544 -0.5648 0.70711
vn -0.35197 -0.61328 0.70711
vn -0.28553 -0.64689 0.70711
vn -0.2254 -0.67022 0.70711
vn -0.17034 -0.68628 0.70711
vn -0.11908 -0.69701 0.70711
vn -0.07044 -0.70359 0.70711
vn -0.02331 -0.70672 0.70711
vn 0.02331 -0.70672 0.70711
vn 0.07044 -0.70359 0.70711
vn 0.11908 -0.69701 0.70711
vn 0.17034 -0.68628 0.70711
vn 0.2254 -0.67022 0.70711
vn 0.28553 -0.64689 0.70711
vn 0.35197 -0.61328 0.70711
vn 0.42544 -0.5648 0.70711
vn 0.50507 -0.49487 0.70711
vn 0.58624 -0.39538 0.70711
vn 0.65761 -0.25989 0.70711
vn 0.70119 -0.09131 0.70711
vn 0.99077 0.13552 0.0
vn 0.92358 0.3834 0.0
vn 0.81599 0.57807 0.0
vn 0.69687 0.7172 0.0
vn 0.58276 0.81264 0.0
vn 0.47948 0.87755 0.0
vn 0.3874 0.92191 0.0
vn 0.30492 0.95238 0.0
vn 0.22997 0.9732 0.0
vn 0.16055 0.98703 0.0
vn 0.09488 0.99549 0.0
vn 0.03139 0.99951 0.0
vn -0.03139 0.99951 0.0
vn -0.09488 0.99549 0.0
vn -0.16055 0.98703 0.0
vn -0.22997 0.9732 0.0
vn -0.30492 0.95238 0.0
vn -0.3874 0.92191 0.0
vn -0.47948 0.87755 0.0
vn -0.58276 0.81264 0.0
vn -0.69687 0.7172 0.0
vn -0.81599 0.57807 0.0
vn -0.92358 0.3834 0.0
vn -0.99077 0.13552 0.0
vn -0.99077 -0.13552 0.0
vn -0.92358 -0.3834 0.0
vn -0.81599 -0.57807 0.0
vn -0.69687 -0.7172 0.0
vn -0.58276 -0.81264 0.0
vn -0.47948 -0.87755 0.0
vn -0.3874 -0.92191 0.0
vn -0.30492 -0.95238 0.0
vn -0.22997 -0.9732 0.0
vn -0.16055 -0.98703 0.0
vn -0.09488 -0.99549 0.0
vn -0.03139 -0.99951 0.0
vn 0.03139 -0.99951 0.0
vn 0.09488 -0.99549 0.0
vn 0.16055 -0.98703 0.0
vn 0.22997 -0.9732 0.0
vn 0.30492 -0.95238 0.0
vn 0.3874 -0.92191 0.0
vn 0.47948 -0.87755 0.0
vn 0.58276 -0.81264 0.0
vn 0.69687 -0.7172 0.0
vn 0.81599 -0.57807 0.0
vn 0.92358 -0.3834 0.0
vn 0.99077 -0.13552 0.0
vn 0.70058 0.09583 0.70711
vn 0.65307 0.2711 0.70711
vn 0.57699 0.40876 0.70711
vn 0.49276 0.50714 0.70711
vn 0.41208 0.57462 0.70711
vn 0.33904 0.62052 0.70711
vn 0.27394 0.65189 0.70711
vn 0.21561 0.67343 0.70711
vn 0.16261 0.68816 0.70711
vn 0.11352 0.69793 0.70711
vn 0.06709 0.70392 0.70711
vn 0.0222 0.70676 0.70711
vn -0.0222 0.70676 0.70711
vn -0.06709 0.70392 0.70711
vn -0.11352 0.69793 0.70711
vn -0.16261 0.68816 0.70711
vn -0.21561 0.67343 0.70711
vn -0.27394 0.65189 0.70711
vn -0.33904 0.62052 0.70711
vn -0.41208 0.57462 0.70711
vn -0.49276 0.50714 0.70711
vn -0.57699 0.40876 0.70711
vn -0.65307 0.2711 0.70711
vn -0.70058 0.09583 0.70711
vn -0.70058 -0.09583 0.70711
vn -0.65307 -0.2711 0.70711
vn -0.57699 -0.40876 0.70711
vn -0.49276 -0.50714 0.70711
vn -0.41208 -0.57462 0.70711
vn -0.33904 -0.62052 0.70711
vn -0.27394 -0.65189 0.70711
vn -0.21561 -0.67343 0.70711
vn -0.16261 -0.68816 0.70711
vn -0.11352 -0.69793 0.70711
vn -0.06709 -0.70392 0.70711
vn -0.0222 -0.70676 0.70711
vn 0.0222 -0.70676 0.70711
vn 0.06709 -0.70392 0.70711
vn 0.11352 -0.69793 0.70711
vn 0.16261 -0.68816 0.70711
vn 0.21561 -0.67343 0.70711
vn 0.27394 -0.65189 0.70711
vn 0.33904 -0.62052 0.70711
vn 0.41208 -0.57462 0.70711
vn 0.49276 -0.50714 0.70711
vn 0.57699 -0.40876 0.70711
vn 0.65307 -0.2711 0.70711
vn 0.70058 -0.09583 0.70711
vn 0.98922 0.14644 0.0
vn 0.91217 0.40981 0.0
vn 0.79359 0.60845 0.0
vn 0.66806 0.74411 0.0
vn 0.55236 0.8336 0.0
vn 0.45068 0.89269 0.0
vn 0.36195 0.9322 0.0
vn 0.28368 0.95892 0.0
vn 0.21331 0.97698 0.0
vn 0.14862 0.98889 0.0
vn 0.08773 0.99614 0.0
vn 0.02901 0.99958 0.0
vn -0.02901 0.99958 0.0
vn -0.08773 0.99614 0.0
vn -0.14862 0.98889 0.0
vn -0.21331 0.97698 0.0
vn -0.28368 0.95892 0.0
vn -0.36195 0.9322 0.0
vn -0.45068 0.89269 0.0
vn -0.55236 0.8336 0.0
vn -0.66806 0.74411 0.0
vn -0.79359 0.60845 0.0
vn -0.91217 0.40981 0.0
vn -0.98922 0.14644 0.0
vn -0.98922 -0.14644 0.0
vn -0.91217 -0.40981 0.0
vn -0.79359 -0.60845 0.0
vn -0.66806 -0.74411 0.0
vn -0.55236 -0.8336 0.0
vn -0.45068 -0.89269 0.0
vn -0.36195 -0.9322 0.0
vn -0.28368 -0.95892 0.0
vn -0.21331 -0.97698 0.0
vn -0.14862 -0.98889 0.0
vn -0.08773 -0.99614 0.0
vn -0.02901 -0.99958 0.0
vn 0.02901 -0.99958 0.0
vn 0.08773 -0.99614 0.0
vn 0.14862 -0.98889 0.0
vn 0.21331 -0.97698 0.0
vn 0.28368 -0.95892 0.0
vn 0.36195 -0.9322 0.0
vn 0.45068 -0.89269 0.0
vn 0.55236 -0.8336 0.0
vn 0.66806 -0.74411 0.0
vn 0.79359 -0.60845 0.0
vn 0.91217 -0.40981 0.0
vn 0.98922 -0.14644 0.0
vn 0.69948 0.10355 0.70711
vn 0.645 0.28978 0.70711
vn 0.56116 0.43024 0.70711
vn 0.47239 0.52616 0.70711
vn 0.39058 0.58945 0.70711
vn 0.31868 0.63122 0.70711
vn 0.25594 0.65916 0.70711
vn 0.20059 0.67806 0.70711
vn 0.15084 0.69083 0.70711
vn 0.10509 0.69925 0.70711
vn 0.06203 0.70438 0.70711
vn 0.02051 0.70681 0.70711
vn -0.02051 0.70681 0.70711
vn -0.06203 0.70438 0.70711
vn -0.10509 0.69925 0.70711
vn -0.15084 0.69083 0.70711
vn -0.20059 0.67806 0.70711
vn -0.25594 0.65916 0.70711
vn -0.31868 0.63122 0.70711
vn -0.39058 0.58945 0.70711
vn -0.47239 0.52616 0.70711
vn -0.56116 0.43024 0.70711
vn -0.645 0.28978 0.70711
vn -0.69948 0.10355 0.70711
vn -0.69948 -0.10355 0.70711
vn -0.645 -0.28978 0.70711
vn -0.56116 -0.43024 0.70711
vn -0.47239 -0.52616 0.70711
vn -0.39058 -0.58945 0.70711
vn -0.31868 -0.63122 0.70711
vn -0.25594 -0.65916 0.70711
vn -0.20059 -0.67806 0.70711
vn -0.15084 -0.69083 0.70711
vn -0.10509 -0.69925 0.70711
vn -0.06203 -0.70438 0.70711
vn -0.02051 -0.70681 0.70711
vn 0.02051 -0.70681 0.70711
vn 0.06203 -0.70438 0.70711
vn 0.10509 -0.69925 0.70711
vn 0.15084 -0.69083 0.70711
vn 0.20059 -0.67806 0.70711
vn 0.25594 -0.65916 0.70711
vn 0.31868 -0.63122 0.70711
vn 0.39058 -0.58945 0.70711
vn 0.47239 -0.52616 0.70711
vn 0.56116 -0.43024 0.70711
vn 0.645 -0.28978 0.70711
vn 0.69948 -0.10355 0.70711
vn 0.98793 0.1549 0.0
vn 0.90299 0.42967 0.0
vn 0.77629 0.63037 0.0
vn 0.64662 0.76281 0.0
vn 0.53038 0.84776 0.0
vn 0.43029 0.90269 0.0
vn 0.3442 0.9389 0.0
vn 0.26902 0.96313 0.0
vn 0.20191 0.97941 0.0
vn 0.1405 0.99008 0.0
vn 0.08287 0.99656 0.0
vn 0.02739 0.99962 0.0
vn -0.02739 0.99962 0.0
vn -0.08287 0.99656 0.0
vn -0.1405 0.99008 0.0
vn -0.20191 0.97941 0.0
vn -0.26902 0.96313 0.0
vn -0.3442 0.9389 0.0
vn -0.43029 0.90269 0.0
vn -0.53038 0.84776 0.0
vn -0.64662 0.76281 0.0
vn -0.77629 0.63037 0.0
vn -0.90299 0.42967 0.0
vn -0.98793 0.1549 0.0
vn -0.98793 -0.1549 0.0
vn -0.90299 -0.42967 0.0
vn -0.77629 -0.63037 0.0
vn -0.64662 -0.76281 0.0
vn -0.53038 -0.84776 0.0
vn -0.43029 -0.90269 0.0
vn -0.3442 -0.9389 0.0
vn -0.26902 -0.96313 0.0
vn -0.20191 -0.97941 0.0
vn -0.1405 -0.99008 0.0
vn -0.08287 -0.99656 0.0
vn -0.02739 -0.99962 0.0
vn 0.02739 -0.99962 0.0
vn 0.08287 -0.99656 0.0
vn 0.1405 -0.99008 0.0
vn 0.20191 -0.97941 0.0
vn 0.26902 -0.96313 0.0
vn 0.3442 -0.9389 0.0
vn 0.43029 -0.90269 0.0
vn 0.53038 -0.84776 0.0
vn 0.64662 -0.76281 0.0
vn 0.77629 -0.63037 0.0
vn 0.90299 -0.42967 0.0
vn 0.98793 -0.1549 0.0
vn 0.69857 0.10953 0.70711
vn 0.63851 0.30382 0.70711
vn 0.54892 0.44574 0.70711
vn 0.45723 0.53939 0.70711
vn 0.37504 0.59946 0.70711
vn 0.30426 0.6383 0.70711
vn 0.24339 0.6639 0.70711
vn 0.19023 0.68104 0.70711
vn 0.14277 0.69254 0.70711
vn 0.09935 0.70009 0.70711
vn 0.0586 0.70467 0.70711
vn 0.01937 0.70684 0.70711
vn -0.01937 0.70684 0.70711
vn -0.0586 0.70467 0.70711
vn -0.09935 0.70009 0.70711
vn -0.14277 0.69254 0.70711
vn -0.19023 0.68104 0.70711
vn -0.24339 0.6639 0.70711
vn -0.30426 0.6383 0.70711
vn -0.37504 0.59946 0.70711
vn -0.45723 0.53939 0.70711
vn -0.54892 0.44574 0.70711
vn -0.63851 0.30382 0.70711
vn -0.69857 0.10953 0.70711
vn -0.69857 -0.10953 0.70711
vn -0.63851 -0.30382 0.70711
vn -0.54892 -0.44574 0.70711
vn -0.45723 -0.53939 0.70711
vn -0.37504 -0.59946 0.70711
vn -0.30426 -0.6383 0.70711
vn -0.24339 -0.6639 0.70711
vn -0.19023 -0.68104 0.70711
vn -0.14277 -0.69254 0.70711
vn -0.09935 -0.70009 0.70711
vn -0.0586 -0.70467 0.70711
vn -0.01937 -0.70684 0.70711
vn 0.01937 -0.70684 0.70711
vn 0.0586 -0.70467 0.70711
vn 0.09935 -0.70009 0.70711
vn 0.14277 -0.69254 0.70711
vn 0.19023 -0.68104 0.70711
vn 0.24339 -0.6639 0.70711
vn 0.30426 -0.6383 0.70711
vn 0.37504 -0.59946 0.70711
vn 0.45723 -0.53939 0.70711
vn 0.54892 -0.44574 0.70711
vn 0.63851 -0.30382 0.70711
vn 0.69857 -0.10953 0.70711
vn 0.91475 -0.40402 0.0
vn -0.92848 0.37139 0.0
vn 0.64683 -0.28568 0.70711
vn -0.65653 0.26261 0.70711
vn 0.97202 -0.2349 0.0
vn -0.98058 0.19612 0.0
vn 0.68732 -0.1661 0.70711
vn -0.69338 0.13868 0.70711
vn 0.99913 -0.04163 0.0
vn 0.70649 -0.02944 0.70711
vn 0.9877 0.15639 0.0
vn -0.98058 -0.19612 0.0
vn 0.69841 0.11058 0.70711
vn -0.69338 -0.13868 0.70711
vn 0.94139 0.33733 0.0
vn -0.92848 -0.37139 0.0
vn 0.66566 0.23853 0.70711
vn -0.65653 -0.26261 0.70711
vn 0.34553 0.73975 0.57739
vn 0.48215 0.34408 0.80569
vn 0.5135 0.0 0.85809
vn 0.48215 -0.34408 0.80569
vn 0.34553 -0.73975 0.57739
vn 0.11008 0.617 0.77922
vn 0.13534 0.25285 0.95799
vn 0.13988 0.0 0.99017
vn 0.13534 -0.25285 0.95799
vn 0.11008 -0.617 0.77922
vn -0.11008 0.617 0.77922
vn -0.13534 0.25285 0.95799
vn -0.13988 0.0 0.99017
vn -0.13534 -0.25285 0.95799
vn -0.11008 -0.617 0.77922
vn -0.34553 0.73975 0.57739
vn -0.48215 0.34408 0.80569
vn -0.5135 0.0 0.85809
vn -0.48215 -0.34408 0.80569
vn -0.34553 -0.73975 0.57739
vn -0.34553 0.73975 -0.57739
vn -0.48215 0.34408 -0.80569
vn -0.5135 0.0 -0.85809
vn -0.48215 -0.34408 -0.80569
vn -0.34553 -0.73975 -0.57739
vn -0.11008 0.617 -0.77922
vn -0.13534 0.25285 -0.95799
vn -0.13988 0.0 -0.99017
vn -0.13534 -0.25285 -0.95799
vn -0.11008 -0.617 -0.77922
vn 0.11008 0.617 -0.77922
vn 0.13534 0.25285 -0.95799
vn 0.13988 0.0 -0.99017
vn 0.13534 -0.25285 -0.95799
vn 0.11008 -0.617 -0.77922
vn 0.34553 0.73975 -0.57739
vn 0.48215 0.34408 -0.80569
vn 0.5135 0.0 -0.85809
vn 0.48215 -0.34408 -0.80569
vn 0.34553 -0.73975 -0.57739
vn 0.30902 0.95106 0.0
vn 0.28549 0.95106 0.11826
vn 0.58779 0.80902 0.0
vn 0.54304 0.80902 0.22494
vn 0.80902 0.58779 0.0
vn 0.74743 0.58779 0.3096
vn 0.95106 0.30902 0.0
vn 0.87866 0.30902 0.36395
vn 0.92388 0.0 0.38268
vn 0.95106 -0.30902 0.0
vn 0.87866 -0.30902 0.36395
vn 0.80902 -0.58779 0.0
vn 0.74743 -0.58779 0.3096
vn 0.58779 -0.80902 0.0
vn 0.54304 -0.80902 0.22494
vn 0.30902 -0.95106 0.0
vn 0.28549 -0.95106 0.11826
vn 0.21851 0.95106 0.21851
vn 0.41563 0.80902 0.41563
vn 0.57206 0.58779 0.57206
vn 0.6725 0.30902 0.6725
vn 0.6725 -0.30902 0.6725
vn 0.57206 -0.58779 0.57206
vn 0.41563 -0.80902 0.41563
vn 0.21851 -0.95106 0.21851
vn 0.11826 0.95106 0.28549
vn 0.22494 0.80902 0.54304
vn 0.3096 0.58779 0.74743
vn 0.36395 0.30902 0.87866
vn 0.38268 0.0 0.92388
vn 0.36395 -0.30902 0.87866
vn 0.3096 -0.58779 0.74743
vn 0.22494 -0.80902 0.54304
vn 0.11826 -0.95106 0.28549
vn 0.0 0.95106 0.30902
vn 0.0 0.80902 0.58779
vn 0.0 0.58779 0.80902
vn 0.0 0.30902 0.95106
vn 0.0 -0.30902 0.95106
vn 0.0 -0.58779 0.80902
vn 0.0 -0.80902 0.58779
vn 0.0 -0.95106 0.30902
vn -0.11826 0.95106 0.28549
vn -0.22494 0.80902 0.54304
vn -0.3096 0.58779 0.74743
vn -0.36395 0.30902 0.87866
vn -0.38268 0.0 0.92388
vn -0.36395 -0.30902 0.87866
vn -0.3096 -0.58779 0.74743
vn -0.22494 -0.80902 0.54304
vn -0.11826 -0.95106 0.28549
vn -0.21851 0.95106 0.21851
vn -0.41563 0.80902 0.41563
vn -0.57206 0.58779 0.57206
vn -0.6725 0.30902 0.6725
vn -0.6725 -0.30902 0.6725
vn -0.57206 -0.58779 0.57206
vn -0.41563 -0.80902 0.41563
vn -0.21851 -0.95106 0.21851
vn -0.28549 0.95106 0.11826
vn -0.54304 0.80902 0.22494
vn -0.74743 0.58779 0.3096
vn -0.87866 0.30902 0.36395
vn -0.92388 0.0 0.38268
vn -0.87866 -0.30902 0.36395
vn -0.74743 -0.58779 0.3096
vn -0.54304 -0.80902 0.22494
vn -0.28549 -0.95106 0.11826
vn -0.30902 0.95106 0.0
vn -0.58779 0.80902 0.0
vn -0.80902 0.58779 0.0
vn -0.95106 0.30902 0.0
vn -0.95106 -0.30902 0.0
vn -0.80902 -0.58779 0.0
vn -0.58779 -0.80902 0.0
vn -0.30902 -0.95106 0.0
vn -0.28549 0.95106 -0.11826
vn -0.54304 0.80902 -0.22494
vn -0.74743 0.58779 -0.3096
vn -0.87866 0.30902 -0.36395
vn -0.92388 0.0 -0.38268
vn -0.87866 -0.30902 -0.36395
vn -0.74743 -0.58779 -0.3096
vn -0.54304 -0.80902 -0.22494
vn -0.28549 -0.95106 -0.11826
vn -0.21851 0.95106 -0.21851
vn -0.41563 0.80902 -0.41563
vn -0.57206 0.58779 -0.57206
vn -0.6725 0.30902 -0.6725
vn -0.6725 -0.30902 -0.6725
vn -0.57206 -0.58779 -0.57206
vn -0.41563 -0.80902 -0.41563
vn -0.21851 -0.95106 -0.21851
vn -0.11826 0.95106 -0.28549
vn -0.22494 0.80902 -0.54304
vn -0.3096 0.58779 -0.74743
vn -0.36395 0.30902 -0.87866
vn -0.38268 0.0 -0.92388
vn -0.36395 -0.30902 -0.87866
vn -0.3096 -0.58779 -0.74743
vn -0.22494 -0.80902 -0.54304
vn -0.11826 -0.95106 -0.28549
vn -0.0 0.95106 -0.30902
vn -0.0 0.80902 -0.58779
vn -0.0 0.58779 -0.80902
vn -0.0 0.30902 -0.95106
vn -0.0 0.0 -1.0
vn -0.0 -0.30902 -0.95106
vn -0.0 -0.58779 -0.80902
vn -0.0 -0.80902 -0.58779
vn -0.0 -0.95106 -0.30902
vn 0.11826 0.95106 -0.28549
vn 0.22494 0.80902 -0.54304
vn 0.3096 0.58779 -0.74743
vn 0.36395 0.30902 -0.87866
vn 0.38268 0.0 -0.92388
vn 0.36395 -0.30902 -0.87866
vn 0.3096 -0.58779 -0.74743
vn 0.22494 -0.80902 -0.54304
vn 0.11826 -0.95106 -0.28549
vn 0.21851 0.95106 -0.21851
vn 0.41563 0.80902 -0.41563
vn 0.57206 0.58779 -0.57206
vn 0.6725 0.30902 -0.6725
vn 0.6725 -0.30902 -0.6725
vn 0.57206 -0.58779 -0.57206
vn 0.41563 -0.80902 -0.41563
vn 0.21851 -0.95106 -0.21851
vn 0.28549 0.95106 -0.11826
vn 0.54304 0.80902 -0.22494
vn 0.74743 0.58779 -0.3096
vn 0.87866 0.30902 -0.36395
vn 0.92388 0.0 -0.38268
vn 0.87866 -0.30902 -0.36395
vn 0.74743 -0.58779 -0.3096
vn 0.54304 -0.80902 -0.22494
vn 0.28549 -0.95106 -0.11826
vn 0.30902 0.95106 -0.0
vn 0.58779 0.80902 -0.0
vn 0.80902 0.58779 -0.0
vn 0.95106 0.30902 -0.0
vn 0.95106 -0.30902 -0.0
vn 0.80902 -0.58779 -0.0
vn 0.58779 -0.80902 -0.0
vn 0.30902 -0.95106 -0.0
vn 0.09022 -0.99592 0.0
vn 0.39133 -0.92025 0.0
vn 0.39857 -0.5989 -0.6946
vn 0.18667 -0.69309 -0.69626
vn 0.17233 0.07328 -0.98231
vn 0.17377 0.01574 -0.98466
vn -0.15486 0.70253 -0.6946
vn 0.05908 0.71535 -0.69626
vn -0.39133 0.92025 -0.0
vn -0.09022 0.99592 -0.0
vn -0.39857 0.5989 0.6946
vn -0.18667 0.69309 0.69626
vn -0.17233 -0.07328 0.98231
vn -0.17377 -0.01574 0.98466
vn 0.15486 -0.70253 0.6946
vn -0.05908 -0.71535 0.69626
vn 0.67425 -0.7385 0.0
vn 0.57148 -0.43573 -0.69538
vn 0.13395 0.12229 -0.98341
vn -0.38205 0.60868 -0.69538
vn -0.67425 0.7385 -0.0
vn -0.57148 0.43573 0.69538
vn -0.13395 -0.12229 0.98341
vn 0.38205 -0.60868 0.69538
vn 0.85735 -0.51474 0.0
vn 0.66457 -0.26681 -0.69797
vn 0.0825 0.13741 -0.98707
vn -0.5479 0.46114 -0.69797
vn -0.85735 0.51474 -0.0
vn -0.66457 0.26681 0.69797
vn -0.0825 -0.13741 0.98707
vn 0.5479 -0.46114 0.69797
vn 0.94655 -0.32257 0.0
vn 0.70038 -0.13693 -0.70052
vn 0.04394 0.12893 -0.99068
vn -0.63824 0.31925 -0.70052
vn -0.94655 0.32257 -0.0
vn -0.70038 0.13693 0.70052
vn -0.04394 -0.12893 0.99068
vn 0.63824 -0.31925 0.70052
vn 0.98323 -0.18239 0.0
vn 0.71021 -0.04828 -0.70233
vn 0.02117 0.11411 -0.99324
vn -0.68028 0.20966 -0.70233
vn -0.98323 0.18239 -0.0
vn -0.71021 0.04828 0.70233
vn -0.02117 -0.11411 0.99324
vn 0.68028 -0.20966 0.70233
vn 0.99626 -0.08641 0.0
vn 0.71064 0.01015 -0.70348
vn 0.00874 0.10076 -0.99487
vn -0.69828 0.13235 -0.70348
vn -0.99626 0.08641 -0.0
vn -0.71064 -0.01015 0.70348
vn -0.00874 -0.10076 0.99487
vn 0.69828 -0.13235 0.70348
vn 0.99973 -0.02335 0.0
vn 0.70841 0.04771 -0.70418
vn 0.00212 0.09083 -0.99586
vn -0.70541 0.08073 -0.70418
vn -0.99973 0.02335 -0.0
vn -0.70841 -0.04771 0.70418
vn -0.00212 -0.09083 0.99586
vn 0.70541 -0.08073 0.70418
vn 0.99989 0.01483 -0.0
vn 0.70614 0.07018 -0.70458
vn -0.00125 0.08442 -0.99643
vn -0.70791 0.04921 -0.70458
vn -0.99989 -0.01483 -0.0
vn -0.70614 -0.07018 0.70458
vn 0.00125 -0.08442 0.99643
vn 0.70791 -0.04921 0.70458
vn 0.99989 0.01483 0.0
vn 0.99947 0.03243 -0.0
vn 0.70487 0.08047 -0.70476
vn -0.00264 0.08137 -0.99668
vn -0.7086 0.03461 -0.70476
vn -0.99947 -0.03243 -0.0
vn -0.70487 -0.08047 0.70476
vn 0.00264 -0.08137 0.99668
vn 0.7086 -0.03461 0.70476
vn 0.99947 0.03243 0.0
vn 0.99954 0.03047 -0.0
vn 0.70502 0.07931 -0.70474
vn -0.00249 0.08169 -0.99665
vn -0.70854 0.03622 -0.70474
vn -0.99954 -0.03047 -0.0
vn -0.70502 -0.07931 0.70474
vn 0.00249 -0.08169 0.99665
vn 0.70854 -0.03622 0.70474
vn 0.99954 0.03047 0.0
vn 0.99998 0.00638 -0.0
vn 0.70671 0.06517 -0.7045
vn -0.00055 0.08578 -0.99631
vn -0.70748 0.05614 -0.7045
vn -0.99998 -0.00638 -0.0
vn -0.70671 -0.06517 0.7045
vn 0.00055 -0.08578 0.99631
vn 0.70748 -0.05614 0.7045
vn 0.99998 0.00638 0.0
vn 0.99889 -0.04713 0.0
vn 0.70947 0.03352 -0.70393
vn 0.00446 0.09453 -0.99551
vn -0.70317 0.10016 -0.70393
vn -0.99889 0.04713 -0.0
vn -0.70947 -0.03352 0.70393
vn -0.00446 -0.09453 0.99551
vn 0.70317 -0.10016 0.70393
vn 0.31239 0.94995 0.0
vn 0.2971 0.94995 0.09653
vn 0.57814 0.81593 0.0
vn 0.54985 0.81593 0.17866
vn 0.77523 0.63167 0.0
vn 0.73729 0.63167 0.23956
vn 0.90487 0.42568 0.0
vn 0.86058 0.42568 0.27962
vn 0.97699 0.2133 0.0
vn 0.92917 0.2133 0.30191
vn 0.95106 0.0 0.30902
vn 0.97699 -0.2133 0.0
vn 0.92917 -0.2133 0.30191
vn 0.90487 -0.42568 0.0
vn 0.86058 -0.42568 0.27962
vn 0.77523 -0.63167 0.0
vn 0.73729 -0.63167 0.23956
vn 0.57814 -0.81593 0.0
vn 0.54985 -0.81593 0.17866
vn 0.31239 -0.94995 0.0
vn 0.2971 -0.94995 0.09653
vn 0.25273 0.94995 0.18362
vn 0.46773 0.81593 0.33982
vn 0.62718 0.63167 0.45567
vn 0.73206 0.42568 0.53187
vn 0.7904 0.2133 0.57426
vn 0.80902 0.0 0.58779
vn 0.7904 -0.2133 0.57426
vn 0.73206 -0.42568 0.53187
vn 0.62718 -0.63167 0.45567
vn 0.46773 -0.81593 0.33982
vn 0.25273 -0.94995 0.18362
vn 0.18362 0.94995 0.25273
vn 0.33982 0.81593 0.46773
vn 0.45567 0.63167 0.62718
vn 0.53187 0.42568 0.73206
vn 0.57426 0.2133 0.7904
vn 0.58779 0.0 0.80902
vn 0.57426 -0.2133 0.7904
vn 0.53187 -0.42568 0.73206
vn 0.45567 -0.63167 0.62718
vn 0.33982 -0.81593 0.46773
vn 0.18362 -0.94995 0.25273
vn 0.09653 0.94995 0.2971
vn 0.17866 0.81593 0.54985
vn 0.23956 0.63167 0.73729
vn 0.27962 0.42568 0.86058
vn 0.30191 0.2133 0.92917
vn 0.30902 0.0 0.95106
vn 0.30191 -0.2133 0.92917
vn 0.27962 -0.42568 0.86058
vn 0.23956 -0.63167 0.73729
vn 0.17866 -0.81593 0.54985
vn 0.09653 -0.94995 0.2971
vn 0.0 0.94995 0.31239
vn 0.0 0.81593 0.57814
vn 0.0 0.63167 0.77523
vn 0.0 0.42568 0.90487
vn 0.0 0.2133 0.97699
vn 0.0 -0.2133 0.97699
vn 0.0 -0.42568 0.90487
vn 0.0 -0.63167 0.77523
vn 0.0 -0.81593 0.57814
vn 0.0 -0.94995 0.31239
vn -0.09653 0.94995 0.2971
vn -0.17866 0.81593 0.54985
vn -0.23956 0.63167 0.73729
vn -0.27962 0.42568 0.86058
vn -0.30191 0.2133 0.92917
vn -0.30902 0.0 0.95106
vn -0.30191 -0.2133 0.92917
vn -0.27962 -0.42568 0.86058
vn -0.23956 -0.63167 0.73729
vn -0.17866 -0.81593 0.54985
vn -0.09653 -0.94995 0.2971
vn -0.18362 0.94995 0.25273
vn -0.33982 0.81593 0.46773
vn -0.45567 0.63167 0.62718
vn -0.53187 0.42568 0.73206
vn -0.57426 0.2133 0.7904
vn -0.58779 0.0 0.80902
vn -0.57426 -0.2133 0.7904
vn -0.53187 -0.42568 0.73206
vn -0.45567 -0.63167 0.62718
vn -0.33982 -0.81593 0.46773
vn -0.18362 -0.94995 0.25273
vn -0.25273 0.94995 0.18362
vn -0.46773 0.81593 0.33982
vn -0.62718 0.63167 0.45567
vn -0.73206 0.42568 0.53187
vn -0.7904 0.2133 0.57426
vn -0.80902 0.0 0.58779
vn -0.7904 -0.2133 0.57426
vn -0.73206 -0.42568 0.53187
vn -0.62718 -0.63167 0.45567
vn -0.46773 -0.81593 0.33982
vn -0.25273 -0.94995 0.18362
vn -0.2971 0.94995 0.09653
vn -0.54985 0.81593 0.17866
vn -0.73729 0.63167 0.23956
vn -0.86058 0.42568 0.27962
vn -0.92917 0.2133 0.30191
vn -0.95106 0.0 0.30902
vn -0.92917 -0.2133 0.30191
vn -0.86058 -0.42568 0.27962
vn -0.73729 -0.63167 0.23956
vn -0.54985 -0.81593 0.17866
vn -0.2971 -0.94995 0.09653
vn -0.31239 0.94995 0.0
vn -0.57814 0.81593 0.0
vn -0.77523 0.63167 0.0
vn -0.90487 0.42568 0.0
vn -0.97699 0.2133 0.0
vn -0.97699 -0.2133 0.0
vn -0.90487 -0.42568 0.0
vn -0.77523 -0.63167 0.0
vn -0.57814 -0.81593 0.0
vn -0.31239 -0.94995 0.0
vn -0.2971 0.94995 -0.09653
vn -0.54985 0.81593 -0.17866
vn -0.73729 0.63167 -0.23956
vn -0.86058 0.42568 -0.27962
vn -0.92917 0.2133 -0.30191
vn -0.95106 0.0 -0.30902
vn -0.92917 -0.2133 -0.30191
vn -0.86058 -0.42568 -0.27962
vn -0.73729 -0.63167 -0.23956
vn -0.54985 -0.81593 -0.17866
vn -0.2971 -0.94995 -0.09653
vn -0.25273 0.94995 -0.18362
vn -0.46773 0.81593 -0.33982
vn -0.62718 0.63167 -0.45567
vn -0.73206 0.42568 -0.53187
vn -0.7904 0.2133 -0.57426
vn -0.80902 0.0 -0.58779
vn -0.7904 -0.2133 -0.57426
vn -0.73206 -0.42568 -0.53187
vn -0.62718 -0.63167 -0.45567
vn -0.46773 -0.81593 -0.33982
vn -0.25273 -0.94995 -0.18362
vn -0.18362 0.94995 -0.25273
vn -0.33982 0.81593 -0.46773
vn -0.45567 0.63167 -0.62718
vn -0.53187 0.42568 -0.73206
vn -0.57426 0.2133 -0.7904
vn -0.58779 0.0 -0.80902
vn -0.57426 -0.2133 -0.7904
vn -0.53187 -0.42568 -0.73206
vn -0.45567 -0.63167 -0.62718
vn -0.33982 -0.81593 -0.46773
vn -0.18362 -0.94995 -0.25273
vn -0.09653 0.94995 -0.2971
vn -0.17866 0.81593 -0.54985
vn -0.23956 0.63167 -0.73729
vn -0.27962 0.42568 -0.86058
vn -0.30191 0.2133 -0.92917
vn -0.30902 0.0 -0.95106
vn -0.30191 -0.2133 -0.92917
vn -0.27962 -0.42568 -0.86058
vn -0.23956 -0.63167 -0.73729
vn -0.17866 -0.81593 -0.54985
vn -0.09653 -0.94995 -0.2971
vn -0.0 0.94995 -0.31239
vn -0.0 0.81593 -0.57814
vn -0.0 0.63167 -0.77523
vn -0.0 0.42568 -0.90487
vn -0.0 0.2133 -0.97699
vn -0.0 -0.2133 -0.97699
vn -0.0 -0.42568 -0.90487
vn -0.0 -0.63167 -0.77523
vn -0.0 -0.81593 -0.57814
vn -0.0 -0.94995 -0.31239
vn 0.09653 0.94995 -0.2971
vn 0.17866 0.81593 -0.54985
vn 0.23956 0.63167 -0.73729
vn 0.27962 0.42568 -0.86058
vn 0.30191 0.2133 -0.92917
vn 0.30902 0.0 -0.95106
vn 0.30191 -0.2133 -0.92917
vn 0.27962 -0.42568 -0.86058
vn 0.23956 -0.63167 -0.73729
vn 0.17866 -0.81593 -0.54985
vn 0.09653 -0.94995 -0.2971
vn 0.18362 0.94995 -0.25273
vn 0.33982 0.81593 -0.46773
vn 0.45567 0.63167 -0.62718
vn 0.53187 0.42568 -0.73206
vn 0.57426 0.2133 -0.7904
vn 0.58779 0.0 -0.80902
vn 0.57426 -0.2133 -0.7904
vn 0.53187 -0.42568 -0.73206
vn 0.45567 -0.63167 -0.62718
vn 0.33982 -0.81593 -0.46773
vn 0.18362 -0.94995 -0.25273
vn 0.25273 0.94995 -0.18362
vn 0.46773 0.81593 -0.33982
vn 0.62718 0.63167 -0.45567
vn 0.73206 0.42568 -0.53187
vn 0.7904 0.2133 -0.57426
vn 0.80902 0.0 -0.58779
vn 0.7904 -0.2133 -0.57426
vn 0.73206 -0.42568 -0.53187
vn 0.62718 -0.63167 -0.45567
vn 0.46773 -0.81593 -0.33982
vn 0.25273 -0.94995 -0.18362
vn 0.2971 0.94995 -0.09653
vn 0.54985 0.81593 -0.17866
vn 0.73729 0.63167 -0.23956
vn 0.86058 0.42568 -0.27962
vn 0.92917 0.2133 -0.30191
vn 0.95106 0.0 -0.30902
vn 0.92917 -0.2133 -0.30191
vn 0.86058 -0.42568 -0.27962
vn 0.73729 -0.63167 -0.23956
vn 0.54985 -0.81593 -0.17866
vn 0.2971 -0.94995 -0.09653
vn 0.31239 0.94995 -0.0
vn 0.57814 0.81593 -0.0
vn 0.77523 0.63167 -0.0
vn 0.90487 0.42568 -0.0
vn 0.97699 0.2133 -0.0
vn 0.97699 -0.2133 -0.0
vn 0.90487 -0.42568 -0.0
vn 0.77523 -0.63167 -0.0
vn 0.57814 -0.81593 -0.0
vn 0.31239 -0.94995 -0.0
vn 0.0 0.13053 0.99144
vn 0.0 0.25882 0.96593
vn 0.0 0.38268 0.92388
vn 0.0 0.5 0.86603
vn 0.0 0.60876 0.79335
vn 0.0 0.79335 0.60876
vn 0.0 0.86603 0.5
vn 0.0 0.92388 0.38268
vn 0.0 0.96593 0.25882
vn 0.0 0.99144 0.13053
vn 0.0 0.99144 -0.13053
vn 0.0 0.96593 -0.25882
vn 0.0 0.92388 -0.38268
vn 0.0 0.86603 -0.5
vn 0.0 0.79335 -0.60876
vn 0.0 0.70711 -0.70711
vn 0.0 0.60876 -0.79335
vn 0.0 0.5 -0.86603
vn 0.0 0.38268 -0.92388
vn 0.0 0.25882 -0.96593
vn 0.0 0.13053 -0.99144
vn 0.0 -0.13053 -0.99144
vn 0.0 -0.25882 -0.96593
vn 0.0 -0.38268 -0.92388
vn 0.0 -0.5 -0.86603
vn 0.0 -0.60876 -0.79335
vn 0.0 -0.70711 -0.70711
vn 0.0 -0.79335 -0.60876
vn 0.0 -0.86603 -0.5
vn 0.0 -0.92388 -0.38268
vn 0.0 -0.96593 -0.25882
vn 0.0 -0.99144 -0.13053
vn 0.0 -0.99144 0.13053
vn 0.0 -0.96593 0.25882
vn 0.0 -0.92388 0.38268
vn 0.0 -0.86603 0.5
vn 0.0 -0.79335 0.60876
vn 0.0 -0.60876 0.79335
vn 0.0 -0.5 0.86603
vn 0.0 -0.38268 0.92388
vn 0.0 -0.25882 0.96593
vn 0.0 -0.13053 0.99144
vn 0.0 -0.0 1.0
g
g cabinet_body
f 1//1 3//1 2//1
f 1//1 4//1 3//1
f 1//1 5//1 4//1
f 1//1 6//1 5//1
f 1//1 7//1 6//1
f 1//1 8//1 7//1
f 1//1 9//1 8//1
f 1//1 10//1 9//1
f 1//1 11//1 10//1
f 1//1 12//1 11//1
f 1//1 13//1 12//1
f 1//1 14//1 13//1
f 1//1 15//1 14//1
f 1//1 16//1 15//1
f 1//1 17//1 16//1
f 1//1 18//1 17//1
f 1//1 19//1 18//1
f 19//1 1//1 20//1
f 21//2 23//2 22//2
f 24//2 23//2 21//2
f 25//2 23//2 24//2
f 26//2 23//2 25//2
f 27//2 23//2 26//2
f 28//2 23//2 27//2
f 29//2 23//2 28//2
f 30//2 23//2 29//2
f 31//2 23//2 30//2
f 32//2 23//2 31//2
f 33//2 23//2 32//2
f 34//2 23//2 33//2
f 35//2 23//2 34//2
f 36//2 23//2 35//2
f 37//2 23//2 36//2
f 38//2 23//2 37//2
f 39//2 23//2 38//2
f 23//2 39//2 40//2
f 41//3 3//3 42//3
f 42//4 4//4 43//4
f 43//5 5//5 44//5
f 44//6 6//6 45//6
f 45//7 7//7 46//7
f 46//8 8//8 47//8
f 47//9 9//9 48//9
f 48//10 10//10 49//10
f 49//11 11//11 50//11
f 50//12 12//12 51//12
f 51//13 13//13 52//13
f 52//14 14//14 53//14
f 53//15 15//15 54//15
f 54//16 16//16 55//16
f 55//17 17//17 56//17
f 56//18 18//18 57//18
f 57//19 19//19 58//19
f 58//20 20//20 59//20
f 59//21 1//21 60//21
f 60//22 2//22 41//22
f 22//23 42//23 21//23
f 21//24 43//24 24//24
f 24//25 44//25 25//25
f 25//26 45//26 26//26
f 26//27 46//27 27//27
f 27//28 47//28 28//28
f 28//29 48//29 29//29
f 29//30 49//30 30//30
f 30//31 50//31 31//31
f 31//32 51//32 32//32
f 32//33 52//33 33//33
f 33//34 53//34 34//34
f 34//35 54//35 35//35
f 35//36 55//36 36//36
f 36//37 56//37 37//37
f 37//38 57//38 38//38
f 38//39 58//39 39//39
f 39//40 59//40 40//40
f 40//41 60//41 23//41
f 23//42 41//42 22//42
f 2101//1 2103//1 2102//1
f 2101//1 2104//1 2103//1
f 2101//1 2105//1 2104//1
f 2101//1 2106//1 2105//1
f 2101//1 2107//1 2106//1
f 2107//1 2101//1 2108//1
f 2109//2 2111//2 2110//2
f 2112//2 2111//2 2109//2
f 2113//2 2111//2 2112//2
f 2114//2 2111//2 2113//2
f 2115//2 2111//2 2114//2
f 2111//2 2115//2 2116//2
f 2117//146 2103//146 2118//146
f 2118//147 2104//147 2119//147
f 2119//7 2105//7 2120//7
f 2120//148 2106//148 2121//148
f 2121//149 2107//149 2122//149
f 2122//150 2108//150 2123//150
f 2123//17 2101//17 2124//17
f 2124//151 2102//151 2117//151
f 2110//152 2118//152 2109//152
f 2109//153 2119//153 2112//153
f 2112//27 2120//27 2113//27
f 2113//154 2121//154 2114//154
f 2114//155 2122//155 2115//155
f 2115//156 2123//156 2116//156
f 2116//37 2124//37 2111//37
f 2111//157 2117//157 2110//157
f 2117//157 2111//157 2124//157
f 2124//37 2116//37 2123//37
f 2123//156 2115//156 2122//156
f 2122//155 2114//155 2121//155
f 2121//154 2113//154 2120//154
f 2120//27 2112//27 2119//27
f 2119//153 2109//153 2118//153
f 2118//152 2110//152 2117//152
f 2102//151 2124//151 2101//151
f 2101//17 2123//17 2108//17
f 2108//150 2122//150 2107//150
f 2107//149 2121//149 2106//149
f 2106//148 2120//148 2105//148
f 2105//7 2119//7 2104//7
f 2104//147 2118//147 2103//147
f 2103//146 2117//146 2102//146
f 41//42 23//42 60//42
f 60//41 40//41 59//41
f 59//40 39//40 58//40
f 58//39 38//39 57//39
f 57//38 37//38 56//38
f 56//37 36//37 55//37
f 55//36 35//36 54//36
f 54//35 34//35 53//35
f 53//34 33//34 52//34
f 52//33 32//33 51//33
f 51//32 31//32 50//32
f 50//31 30//31 49//31
f 49//30 29//30 48//30
f 48//29 28//29 47//29
f 47//28 27//28 46//28
f 46//27 26//27 45//27
f 45//26 25//26 44//26
f 44//25 24//25 43//25
f 43//24 21//24 42//24
f 42//23 22//23 41//23
f 2//22 60//22 1//22
f 1//21 59//21 20//21
f 20//20 58//20 19//20
f 19//19 57//19 18//19
f 18//18 56//18 17//18
f 17//17 55//17 16//17
f 16//16 54//16 15//16
f 15//15 53//15 14//15
f 14//14 52//14 13//14
f 13//13 51//13 12//13
f 12//12 50//12 11//12
f 11//11 49//11 10//11
f 10//10 48//10 9//10
f 9//9 47//9 8//9
f 8//8 46//8 7//8
f 7//7 45//7 6//7
f 6//6 44//6 5//6
f 5//5 43//5 4//5
f 4//4 42//4 3//4
f 3//3 41//3 2//3
g cabinet_back
f 61//1 63//1 62//1
f 61//1 64//1 63//1
f 61//1 65//1 64//1
f 61//1 66//1 65//1
f 61//1 67//1 66//1
f 61//1 68//1 67//1
f 61//1 69//1 68//1
f 61//1 70//1 69//1
f 61//1 71//1 70//1
f 61//1 72//1 71//1
f 61//1 73//1 72//1
f 61//1 74//1 73//1
f 61//1 75//1 74//1
f 61//1 76//1 75//1
f 61//1 77//1 76//1
f 61//1 78//1 77//1
f 61//1 79//1 78//1
f 79//1 61//1 80//1
f 81//2 83//2 82//2
f 84//2 83//2 81//2
f 85//2 83//2 84//2
f 86//2 83//2 85//2
f 87//2 83//2 86//2
f 88//2 83//2 87//2
f 89//2 83//2 88//2
f 90//2 83//2 89//2
f 91//2 83//2 90//2
f 92//2 83//2 91//2
f 93//2 83//2 92//2
f 94//2 83//2 93//2
f 95//2 83//2 94//2
f 96//2 83//2 95//2
f 97//2 83//2 96//2
f 98//2 83//2 97//2
f 99//2 83//2 98//2
f 83//2 99//2 100//2
f 101//3 63//3 102//3
f 102//4 64//4 103//4
f 103//5 65//5 104//5
f 104//6 66//6 105//6
f 105//7 67//7 106//7
f 106//8 68//8 107//8
f 107//9 69//9 108//9
f 108//10 70//10 109//10
f 109//11 71//11 110//11
f 110//12 72//12 111//12
f 111//13 73//13 112//13
f 112//14 74//14 113//14
f 113//15 75//15 114//15
f 114//16 76//16 115//16
f 115//17 77//17 116//17
f 116//18 78//18 117//18
f 117//19 79//19 118//19
f 118//20 80//20 119//20
f 119//21 61//21 120//21
f 120//22 62//22 101//22
f 82//23 102//23 81//23
f 81//24 103//24 84//24
f 84//25 104//25 85//25
f 85//26 105//26 86//26
f 86//27 106//27 87//27
f 87//28 107//28 88//28
f 88//29 108//29 89//29
f 89//30 109//30 90//30
f 90//31 110//31 91//31
f 91//32 111//32 92//32
f 92//33 112//33 93//33
f 93//34 113//34 94//34
f 94//35 114//35 95//35
f 95//36 115//36 96//36
f 96//37 116//37 97//37
f 97//38 117//38 98//38
f 98//39 118//39 99//39
f 99//40 119//40 100//40
f 100//41 120//41 83//41
f 83//42 101//42 82//42
f 101//42 83//42 120//42
f 120//41 100//41 119//41
f 119//40 99//40 118//40
f 118//39 98//39 117//39
f 117//38 97//38 116//38
f 116//37 96//37 115//37
f 115//36 95//36 114//36
f 114//35 94//35 113//35
f 113//34 93//34 112//34
f 112//33 92//33 111//33
f 111//32 91//32 110//32
f 110//31 90//31 109//31
f 109//30 89//30 108//30
f 108//29 88//29 107//29
f 107//28 87//28 106//28
f 106//27 86//27 105//27
f 105//26 85//26 104//26
f 104//25 84//25 103//25
f 103//24 81//24 102//24
f 102//23 82//23 101//23
f 62//22 120//22 61//22
f 61//21 119//21 80//21
f 80//20 118//20 79//20
f 79//19 117//19 78//19
f 78//18 116//18 77//18
f 77//17 115//17 76//17
f 76//16 114//16 75//16
f 75//15 113//15 74//15
f 74//14 112//14 73//14
f 73//13 111//13 72//13
f 72//12 110//12 71//12
f 71//11 109//11 70//11
f 70//10 108//10 69//10
f 69//9 107//9 68//9
f 68//8 106//8 67//8
f 67//7 105//7 66//7
f 66//6 104//6 65//6
f 65//5 103//5 64//5
f 64//4 102//4 63//4
f 63//3 101//3 62//3
g cabinet_vent
f 121//1 123//1 122//1
f 121//1 124//1 123//1
f 121//1 125//1 124//1
f 121//1 126//1 125//1
f 121//1 127//1 126//1
f 121//1 128//1 127//1
f 121//1 129//1 128//1
f 121//1 130//1 129//1
f 121//1 131//1 130//1
f 131//1 121//1 132//1
f 133//2 135//2 134//2
f 136//2 135//2 133//2
f 137//2 135//2 136//2
f 138//2 135//2 137//2
f 139//2 135//2 138//2
f 140//2 135//2 139//2
f 141//2 135//2 140//2
f 142//2 135//2 141//2
f 143//2 135//2 142//2
f 135//2 143//2 144//2
f 145//43 123//43 146//43
f 146//44 124//44 147//44
f 147//7 125//7 148//7
f 148//45 126//45 149//45
f 149//46 127//46 150//46
f 150//12 128//12 151//12
f 151//47 129//47 152//47
f 152//48 130//48 153//48
f 153//17 131//17 154//17
f 154//49 132//49 155//49
f 155//50 121//50 156//50
f 156//22 122//22 145//22
f 134//51 146//51 133//51
f 133//52 147//52 136//52
f 136//27 148//27 137//27
f 137//53 149//53 138//53
f 138//54 150//54 139//54
f 139//32 151//32 140//32
f 140//55 152//55 141//55
f 141//56 153//56 142//56
f 142//37 154//37 143//37
f 143//57 155//57 144//57
f 144//58 156//58 135//58
f 135//42 145//42 134//42
f 157//1 159//1 158//1
f 157//1 160//1 159//1
f 157//1 161//1 160//1
f 157//1 162//1 161//1
f 157//1 163//1 162//1
f 157//1 164//1 163//1
f 157//1 165//1 164//1
f 157//1 166//1 165//1
f 157//1 167//1 166//1
f 167//1 157//1 168//1
f 169//2 171//2 170//2
f 172//2 171//2 169//2
f 173//2 171//2 172//2
f 174//2 171//2 173//2
f 175//2 171//2 174//2
f 176//2 171//2 175//2
f 177//2 171//2 176//2
f 178//2 171//2 177//2
f 179//2 171//2 178//2
f 171//2 179//2 180//2
f 181//43 159//43 182//43
f 182//44 160//44 183//44
f 183//7 161//7 184//7
f 184//45 162//45 185//45
f 185//46 163//46 186//46
f 186//12 164//12 187//12
f 187//47 165//47 188//47
f 188//48 166//48 189//48
f 189//17 167//17 190//17
f 190//49 168//49 191//49
f 191//50 157//50 192//50
f 192//22 158//22 181//22
f 170//51 182//51 169//51
f 169//52 183//52 172//52
f 172//27 184//27 173//27
f 173//53 185//53 174//53
f 174//54 186//54 175//54
f 175//32 187//32 176//32
f 176//55 188//55 177//55
f 177//56 189//56 178//56
f 178//37 190//37 179//37
f 179//57 191//57 180//57
f 180//58 192//58 171//58
f 171//42 181//42 170//42
f 193//1 195//1 194//1
f 193//1 196//1 195//1
f 193//1 197//1 196//1
f 193//1 198//1 197//1
f 193//1 199//1 198//1
f 193//1 200//1 199//1
f 193//1 201//1 200//1
f 193//1 202//1 201//1
f 193//1 203//1 202//1
f 203//1 193//1 204//1
f 205//2 207//2 206//2
f 208//2 207//2 205//2
f 209//2 207//2 208//2
f 210//2 207//2 209//2
f 211//2 207//2 210//2
f 212//2 207//2 211//2
f 213//2 207//2 212//2
f 214//2 207//2 213//2
f 215//2 207//2 214//2
f 207//2 215//2 216//2
f 217//43 195//43 218//43
f 218//44 196//44 219//44
f 219//7 197//7 220//7
f 220//45 198//45 221//45
f 221//46 199//46 222//46
f 222//12 200//12 223//12
f 223//47 201//47 224//47
f 224//48 202//48 225//48
f 225//17 203//17 226//17
f 226//49 204//49 227//49
f 227//50 193//50 228//50
f 228//22 194//22 217//22
f 206//51 218//51 205//51
f 205//52 219//52 208//52
f 208//27 220//27 209//27
f 209//53 221//53 210//53
f 210//54 222//54 211//54
f 211//32 223//32 212//32
f 212//55 224//55 213//55
f 213//56 225//56 214//56
f 214//37 226//37 215//37
f 215//57 227//57 216//57
f 216//58 228//58 207//58
f 207//42 217//42 206//42
f 229//1 231//1 230//1
f 229//1 232//1 231//1
f 229//1 233//1 232//1
f 229//1 234//1 233//1
f 229//1 235//1 234//1
f 229//1 236//1 235//1
f 229//1 237//1 236//1
f 229//1 238//1 237//1
f 229//1 239//1 238//1
f 239//1 229//1 240//1
f 241//2 243//2 242//2
f 244//2 243//2 241//2
f 245//2 243//2 244//2
f 246//2 243//2 245//2
f 247//2 243//2 246//2
f 248//2 243//2 247//2
f 249//2 243//2 248//2
f 250//2 243//2 249//2
f 251//2 243//2 250//2
f 243//2 251//2 252//2
f 253//43 231//43 254//43
f 254//44 232//44 255//44
f 255//7 233//7 256//7
f 256//45 234//45 257//45
f 257//46 235//46 258//46
f 258//12 236//12 259//12
f 259//47 237//47 260//47
f 260//48 238//48 261//48
f 261//17 239//17 262//17
f 262//49 240//49 263//49
f 263//50 229//50 264//50
f 264//22 230//22 253//22
f 242//51 254//51 241//51
f 241//52 255//52 244//52
f 244//27 256//27 245//27
f 245//53 257//53 246//53
f 246//54 258//54 247//54
f 247//32 259//32 248//32
f 248//55 260//55 249//55
f 249//56 261//56 250//56
f 250//37 262//37 251//37
f 251//57 263//57 252//57
f 252//58 264//58 243//58
f 243//42 253//42 242//42
f 265//1 267//1 266//1
f 265//1 268//1 267//1
f 265//1 269//1 268//1
f 265//1 270//1 269//1
f 265//1 271//1 270//1
f 265//1 272//1 271//1
f 265//1 273//1 272//1
f 265//1 274//1 273//1
f 265//1 275//1 274//1
f 275//1 265//1 276//1
f 277//2 279//2 278//2
f 280//2 279//2 277//2
f 281//2 279//2 280//2
f 282//2 279//2 281//2
f 283//2 279//2 282//2
f 284//2 279//2 283//2
f 285//2 279//2 284//2
f 286//2 279//2 285//2
f 287//2 279//2 286//2
f 279//2 287//2 288//2
f 289//43 267//43 290//43
f 290//44 268//44 291//44
f 291//7 269//7 292//7
f 292//45 270//45 293//45
f 293//46 271//46 294//46
f 294//12 272//12 295//12
f 295//47 273//47 296//47
f 296//48 274//48 297//48
f 297//17 275//17 298//17
f 298//49 276//49 299//49
f 299//50 265//50 300//50
f 300//22 266//22 289//22
f 278//51 290//51 277//51
f 277//52 291//52 280//52
f 280//27 292//27 281//27
f 281//53 293//53 282//53
f 282//54 294//54 283//54
f 283//32 295//32 284//32
f 284//55 296//55 285//55
f 285//56 297//56 286//56
f 286//37 298//37 287//37
f 287//57 299//57 288//57
f 288//58 300//58 279//58
f 279//42 289//42 278//42
f 301//1 303//1 302//1
f 301//1 304//1 303//1
f 301//1 305//1 304//1
f 301//1 306//1 305//1
f 301//1 307//1 306//1
f 301//1 308//1 307//1
f 301//1 309//1 308//1
f 301//1 310//1 309//1
f 301//1 311//1 310//1
f 311//1 301//1 312//1
f 313//2 315//2 314//2
f 316//2 315//2 313//2
f 317//2 315//2 316//2
f 318//2 315//2 317//2
f 319//2 315//2 318//2
f 320//2 315//2 319//2
f 321//2 315//2 320//2
f 322//2 315//2 321//2
f 323//2 315//2 322//2
f 315//2 323//2 324//2
f 325//43 303//43 326//43
f 326//44 304//44 327//44
f 327//7 305//7 328//7
f 328//45 306//45 329//45
f 329//46 307//46 330//46
f 330//12 308//12 331//12
f 331//47 309//47 332//47
f 332//48 310//48 333//48
f 333//17 311//17 334//17
f 334//49 312//49 335//49
f 335//50 301//50 336//50
f 336//22 302//22 325//22
f 314//51 326//51 313//51
f 313//52 327//52 316//52
f 316//27 328//27 317//27
f 317//53 329//53 318//53
f 318//54 330//54 319//54
f 319//32 331//32 320//32
f 320//55 332//55 321//55
f 321//56 333//56 322//56
f 322//37 334//37 323//37
f 323//57 335//57 324//57
f 324//58 336//58 315//58
f 315//42 325//42 314//42
f 337//1 339//1 338//1
f 337//1 340//1 339//1
f 337//1 341//1 340//1
f 337//1 342//1 341//1
f 337//1 343//1 342//1
f 337//1 344//1 343//1
f 337//1 345//1 344//1
f 337//1 346//1 345//1
f 337//1 347//1 346//1
f 347//1 337//1 348//1
f 349//2 351//2 350//2
f 352//2 351//2 349//2
f 353//2 351//2 352//2
f 354//2 351//2 353//2
f 355//2 351//2 354//2
f 356//2 351//2 355//2
f 357//2 351//2 356//2
f 358//2 351//2 357//2
f 359//2 351//2 358//2
f 351//2 359//2 360//2
f 361//43 339//43 362//43
f 362//44 340//44 363//44
f 363//7 341//7 364//7
f 364//45 342//45 365//45
f 365//46 343//46 366//46
f 366//12 344//12 367//12
f 367//47 345//47 368//47
f 368//48 346//48 369//48
f 369//17 347//17 370//17
f 370//49 348//49 371//49
f 371//50 337//50 372//50
f 372//22 338//22 361//22
f 350//51 362//51 349//51
f 349//52 363//52 352//52
f 352//27 364//27 353//27
f 353//53 365//53 354//53
f 354//54 366//54 355//54
f 355//32 367//32 356//32
f 356//55 368//55 357//55
f 357//56 369//56 358//56
f 358//37 370//37 359//37
f 359//57 371//57 360//57
f 360//58 372//58 351//58
f 351//42 361//42 350//42
f 373//1 375//1 374//1
f 373//1 376//1 375//1
f 373//1 377//1 376//1
f 373//1 378//1 377//1
f 373//1 379//1 378//1
f 373//1 380//1 379//1
f 373//1 381//1 380//1
f 373//1 382//1 381//1
f 373//1 383//1 382//1
f 383//1 373//1 384//1
f 385//2 387//2 386//2
f 388//2 387//2 385//2
f 389//2 387//2 388//2
f 390//2 387//2 389//2
f 391//2 387//2 390//2
f 392//2 387//2 391//2
f 393//2 387//2 392//2
f 394//2 387//2 393//2
f 395//2 387//2 394//2
f 387//2 395//2 396//2
f 397//43 375//43 398//43
f 398//44 376//44 399//44
f 399//7 377//7 400//7
f 400//45 378//45 401//45
f 401//46 379//46 402//46
f 402//12 380//12 403//12
f 403//47 381//47 404//47
f 404//48 382//48 405//48
f 405//17 383//17 406//17
f 406//49 384//49 407//49
f 407//50 373//50 408//50
f 408//22 374//22 397//22
f 386//51 398//51 385//51
f 385//52 399//52 388//52
f 388//27 400//27 389//27
f 389//53 401//53 390//53
f 390//54 402//54 391//54
f 391//32 403//32 392//32
f 392//55 404//55 393//55
f 393//56 405//56 394//56
f 394//37 406//37 395//37
f 395//57 407//57 396//57
f 396//58 408//58 387//58
f 387//42 397//42 386//42
f 409//1 411//1 410//1
f 409//1 412//1 411//1
f 409//1 413//1 412//1
f 409//1 414//1 413//1
f 409//1 415//1 414//1
f 409//1 416//1 415//1
f 409//1 417//1 416//1
f 409//1 418//1 417//1
f 409//1 419//1 418//1
f 419//1 409//1 420//1
f 421//2 423//2 422//2
f 424//2 423//2 421//2
f 425//2 423//2 424//2
f 426//2 423//2 425//2
f 427//2 423//2 426//2
f 428//2 423//2 427//2
f 429//2 423//2 428//2
f 430//2 423//2 429//2
f 431//2 423//2 430//2
f 423//2 431//2 432//2
f 433//43 411//43 434//43
f 434//44 412//44 435//44
f 435//7 413//7 436//7
f 436//45 414//45 437//45
f 437//46 415//46 438//46
f 438//12 416//12 439//12
f 439//47 417//47 440//47
f 440//48 418//48 441//48
f 441//17 419//17 442//17
f 442//49 420//49 443//49
f 443//50 409//50 444//50
f 444//22 410//22 433//22
f 422//51 434//51 421//51
f 421//52 435//52 424//52
f 424//27 436//27 425//27
f 425//53 437//53 426//53
f 426//54 438//54 427//54
f 427//32 439//32 428//32
f 428//55 440//55 429//55
f 429//56 441//56 430//56
f 430//37 442//37 431//37
f 431//57 443//57 432//57
f 432//58 444//58 423//58
f 423//42 433//42 422//42
f 433//42 423//42 444//42
f 444//58 432//58 443//58
f 443//57 431//57 442//57
f 442//37 430//37 441//37
f 441//56 429//56 440//56
f 440//55 428//55 439//55
f 439//32 427//32 438//32
f 438//54 426//54 437//54
f 437//53 425//53 436//53
f 436//27 424//27 435//27
f 435//52 421//52 434//52
f 434//51 422//51 433//51
f 410//22 444//22 409//22
f 409//50 443//50 420//50
f 420//49 442//49 419//49
f 419//17 441//17 418//17
f 418//48 440//48 417//48
f 417//47 439//47 416//47
f 416//12 438//12 415//12
f 415//46 437//46 414//46
f 414//45 436//45 413//45
f 413//7 435//7 412//7
f 412//44 434//44 411//44
f 411//43 433//43 410//43
f 397//42 387//42 408//42
f 408//58 396//58 407//58
f 407//57 395//57 406//57
f 406//37 394//37 405//37
f 405//56 393//56 404//56
f 404//55 392//55 403//55
f 403//32 391//32 402//32
f 402//54 390//54 401//54
f 401//53 389//53 400//53
f 400//27 388//27 399//27
f 399//52 385//52 398//52
f 398//51 386//51 397//51
f 374//22 408//22 373//22
f 373//50 407//50 384//50
f 384//49 406//49 383//49
f 383//17 405//17 382//17
f 382//48 404//48 381//48
f 381//47 403//47 380//47
f 380//12 402//12 379//12
f 379//46 401//46 378//46
f 378//45 400//45 377//45
f 377//7 399//7 376//7
f 376//44 398//44 375//44
f 375//43 397//43 374//43
f 361//42 351//42 372//42
f 372//58 360//58 371//58
f 371//57 359//57 370//57
f 370//37 358//37 369//37
f 369//56 357//56 368//56
f 368//55 356//55 367//55
f 367//32 355//32 366//32
f 366//54 354//54 365//54
f 365//53 353//53 364//53
f 364//27 352//27 363//27
f 363//52 349//52 362//52
f 362//51 350//51 361//51
f 338//22 372//22 337//22
f 337//50 371//50 348//50
f 348//49 370//49 347//49
f 347//17 369//17 346//17
f 346//48 368//48 345//48
f 345//47 367//47 344//47
f 344//12 366//12 343//12
f 343//46 365//46 342//46
f 342//45 364//45 341//45
f 341//7 363//7 340//7
f 340//44 362//44 339//44
f 339//43 361//43 338//43
f 325//42 315//42 336//42
f 336//58 324//58 335//58
f 335//57 323//57 334//57
f 334//37 322//37 333//37
f 333//56 321//56 332//56
f 332//55 320//55 331//55
f 331//32 319//32 330//32
f 330//54 318//54 329//54
f 329//53 317//53 328//53
f 328//27 316//27 327//27
f 327//52 313//52 326//52
f 326//51 314//51 325//51
f 302//22 336//22 301//22
f 301//50 335//50 312//50
f 312//49 334//49 311//49
f 311//17 333//17 310//17
f 310//48 332//48 309//48
f 309//47 331//47 308//47
f 308//12 330//12 307//12
f 307//46 329//46 306//46
f 306//45 328//45 305//45
f 305//7 327//7 304//7
f 304//44 326//44 303//44
f 303//43 325//43 302//43
f 289//42 279//42 300//42
f 300//58 288//58 299//58
f 299//57 287//57 298//57
f 298//37 286//37 297//37
f 297//56 285//56 296//56
f 296//55 284//55 295//55
f 295//32 283//32 294//32
f 294//54 282//54 293//54
f 293//53 281//53 292//53
f 292//27 280//27 291//27
f 291//52 277//52 290//52
f 290//51 278//51 289//51
f 266//22 300//22 265//22
f 265//50 299//50 276//50
f 276//49 298//49 275//49
f 275//17 297//17 274//17
f 274//48 296//48 273//48
f 273//47 295//47 272//47
f 272//12 294//12 271//12
f 271//46 293//46 270//46
f 270//45 292//45 269//45
f 269//7 291//7 268//7
f 268//44 290//44 267//44
f 267//43 289//43 266//43
f 253//42 243//42 264//42
f 264//58 252//58 263//58
f 263//57 251//57 262//57
f 262//37 250//37 261//37
f 261//56 249//56 260//56
f 260//55 248//55 259//55
f 259//32 247//32 258//32
f 258//54 246//54 257//54
f 257//53 245//53 256//53
f 256//27 244//27 255//27
f 255//52 241//52 254//52
f 254//51 242//51 253//51
f 230//22 264//22 229//22
f 229//50 263//50 240//50
f 240//49 262//49 239//49
f 239//17 261//17 238//17
f 238//48 260//48 237//48
f 237//47 259//47 236//47
f 236//12 258//12 235//12
f 235//46 257//46 234//46
f 234//45 256//45 233//45
f 233//7 255//7 232//7
f 232//44 254//44 231//44
f 231//43 253//43 230//43
f 217//42 207//42 228//42
f 228//58 216//58 227//58
f 227//57 215//57 226//57
f 226//37 214//37 225//37
f 225//56 213//56 224//56
f 224//55 212//55 223//55
f 223//32 211//32 222//32
f 222//54 210//54 221//54
f 221//53 209//53 220//53
f 220//27 208//27 219//27
f 219//52 205//52 218//52
f 218//51 206//51 217//51
f 194//22 228//22 193//22
f 193//50 227//50 204//50
f 204//49 226//49 203//49
f 203//17 225//17 202//17
f 202//48 224//48 201//48
f 201//47 223//47 200//47
f 200//12 222//12 199//12
f 199//46 221//46 198//46
f 198//45 220//45 197//45
f 197//7 219//7 196//7
f 196//44 218//44 195//44
f 195//43 217//43 194//43
f 181//42 171//42 192//42
f 192//58 180//58 191//58
f 191//57 179//57 190//57
f 190//37 178//37 189//37
f 189//56 177//56 188//56
f 188//55 176//55 187//55
f 187//32 175//32 186//32
f 186//54 174//54 185//54
f 185//53 173//53 184//53
f 184//27 172//27 183//27
f 183//52 169//52 182//52
f 182//51 170//51 181//51
f 158//22 192//22 157//22
f 157//50 191//50 168//50
f 168//49 190//49 167//49
f 167//17 189//17 166//17
f 166//48 188//48 165//48
f 165//47 187//47 164//47
f 164//12 186//12 163//12
f 163//46 185//46 162//46
f 162//45 184//45 161//45
f 161//7 183//7 160//7
f 160//44 182//44 159//44
f 159//43 181//43 158//43
f 145//42 135//42 156//42
f 156//58 144//58 155//58
f 155//57 143//57 154//57
f 154//37 142//37 153//37
f 153//56 141//56 152//56
f 152//55 140//55 151//55
f 151//32 139//32 150//32
f 150//54 138//54 149//54
f 149//53 137//53 148//53
f 148//27 136//27 147//27
f 147//52 133//52 146//52
f 146//51 134//51 145//51
f 122//22 156//22 121//22
f 121//50 155//50 132//50
f 132//49 154//49 131//49
f 131//17 153//17 130//17
f 130//48 152//48 129//48
f 129//47 151//47 128//47
f 128//12 150//12 127//12
f 127//46 149//46 126//46
f 126//45 148//45 125//45
f 125//7 147//7 124//7
f 124//44 146//44 123//44
f 123//43 145//43 122//43
g cabinet_shadow
f 445//59 447//17 446//60
f 448//61 446//60 449//62
f 450//12 449//62 451//63
f 452//64 451//63 453//65
f 454//66 453//65 455//67
f 456//7 454//66 455//67
f 446//60 447//17 457//68
f 449//62 457//68 458//69
f 451//63 458//69 459//70
f 453//65 459//70 460//71
f 455//67 460//71 461//72
f 456//7 455//67 461//72
f 457//68 447//17 462//73
f 458//69 462//73 463//74
f 459//70 463//74 464//75
f 460//71 464//75 465//76
f 461//72 465//76 466//77
f 456//78 461//72 466//77
f 462//73 447//80 467//79
f 463//74 467//79 468//81
f 464//75 468//81 469//82
f 465//76 469//82 470//83
f 466//77 470//83 471//84
f 456//78 466//77 471//84
f 467//79 447//80 472//85
f 468//81 472//85 473//86
f 469//82 473//86 474//22
f 470//83 474//22 475//87
f 471//84 475//87 476//88
f 456//78 471//84 476//88
f 472//85 447//80 477//89
f 473//86 477//89 478//90
f 474//22 478//90 479//91
f 475//87 479//91 480//92
f 476//88 480//92 481//93
f 456//94 476//88 481//93
f 477//89 447//96 482//95
f 478//90 482//95 483//97
f 479//91 483//97 484//98
f 480//92 484//98 485//99
f 481//93 485//99 486//100
f 456//94 481//93 486//100
f 482//95 447//96 487//101
f 483//97 487//101 488//102
f 484//98 488//102 489//103
f 485//99 489//103 490//104
f 486//100 490//104 491//105
f 456//106 486//100 491//105
f 487//101 447//108 492//107
f 488//102 492//107 493//109
f 489//103 493//109 494//110
f 490//104 494//110 495//111
f 491//105 495//111 496//112
f 456//106 491//105 496//112
f 492//107 447//108 445//113
f 493//109 445//113 448//114
f 494//110 448//114 450//115
f 495//111 450//115 452//116
f 496//112 452//116 454//117
f 456//106 496//112 454//117
f 497//59 499//17 498//60
f 500//61 498//60 501//62
f 502//12 501//62 503//63
f 504//64 503//63 505//65
f 506//66 505//65 507//67
f 508//7 506//66 507//67
f 498//60 499//17 509//68
f 501//62 509//68 510//69
f 503//63 510//69 511//70
f 505//65 511//70 512//71
f 507//67 512//71 513//72
f 508//7 507//67 513//72
f 509//68 499//17 514//73
f 510//69 514//73 515//74
f 511//70 515//74 516//75
f 512//71 516//75 517//76
f 513//72 517//76 518//77
f 508//78 513//72 518//77
f 514//73 499//80 519//79
f 515//74 519//79 520//81
f 516//75 520//81 521//82
f 517//76 521//82 522//83
f 518//77 522//83 523//84
f 508//78 518//77 523//84
f 519//79 499//80 524//85
f 520//81 524//85 525//86
f 521//82 525//86 526//22
f 522//83 526//22 527//87
f 523//84 527//87 528//88
f 508//78 523//84 528//88
f 524//85 499//80 529//89
f 525//86 529//89 530//90
f 526//22 530//90 531//91
f 527//87 531//91 532//92
f 528//88 532//92 533//93
f 508//94 528//88 533//93
f 529//89 499//96 534//95
f 530//90 534//95 535//97
f 531//91 535//97 536//98
f 532//92 536//98 537//99
f 533//93 537//99 538//100
f 508//94 533//93 538//100
f 534//95 499//96 539//101
f 535//97 539//101 540//102
f 536//98 540//102 541//103
f 537//99 541//103 542//104
f 538//100 542//104 543//105
f 508//106 538//100 543//105
f 539//101 499//108 544//107
f 540//102 544//107 545//109
f 541//103 545//109 546//110
f 542//104 546//110 547//111
f 543//105 547//111 548//112
f 508//106 543//105 548//112
f 544//107 499//108 497//113
f 545//109 497//113 500//114
f 546//110 500//114 502//115
f 547//111 502//115 504//116
f 548//112 504//116 506//117
f 508//106 548//112 506//117
f 549//59 551//17 550//60
f 552//61 550//60 553//62
f 554//12 553//62 555//63
f 556//64 555//63 557//65
f 558//66 557//65 559//67
f 560//7 558//66 559//67
f 550//60 551//17 561//68
f 553//62 561//68 562//69
f 555//63 562//69 563//70
f 557//65 563//70 564//71
f 559//67 564//71 565//72
f 560//7 559//67 565//72
f 561//68 551//17 566//73
f 562//69 566//73 567//74
f 563//70 567//74 568//75
f 564//71 568//75 569//76
f 565//72 569//76 570//77
f 560//78 565//72 570//77
f 566//73 551//80 571//79
f 567//74 571//79 572//81
f 568//75 572//81 573//82
f 569//76 573//82 574//83
f 570//77 574//83 575//84
f 560//78 570//77 575//84
f 571//79 551//80 576//85
f 572//81 576//85 577//86
f 573//82 577//86 578//22
f 574//83 578//22 579//87
f 575//84 579//87 580//88
f 560//78 575//84 580//88
f 576//85 551//80 581//89
f 577//86 581//89 582//90
f 578//22 582//90 583//91
f 579//87 583//91 584//92
f 580//88 584//92 585//93
f 560//94 580//88 585//93
f 581//89 551//96 586//95
f 582//90 586//95 587//97
f 583//91 587//97 588//98
f 584//92 588//98 589//99
f 585//93 589//99 590//100
f 560//94 585//93 590//100
f 586//95 551//96 591//101
f 587//97 591//101 592//102
f 588//98 592//102 593//103
f 589//99 593//103 594//104
f 590//100 594//104 595//105
f 560//106 590//100 595//105
f 591//101 551//108 596//107
f 592//102 596//107 597//109
f 593//103 597//109 598//110
f 594//104 598//110 599//111
f 595//105 599//111 600//112
f 560//106 595//105 600//112
f 596//107 551//108 549//113
f 597//109 549//113 552//114
f 598//110 552//114 554//115
f 599//111 554//115 556//116
f 600//112 556//116 558//117
f 560//106 600//112 558//117
f 601//59 603//17 602//60
f 604//61 602//60 605//62
f 606//12 605//62 607//63
f 608//64 607//63 609//65
f 610//66 609//65 611//67
f 612//7 610//66 611//67
f 602//60 603//17 613//68
f 605//62 613//68 614//69
f 607//63 614//69 615//70
f 609//65 615//70 616//71
f 611//67 616//71 617//72
f 612//7 611//67 617//72
f 613//68 603//17 618//73
f 614//69 618//73 619//74
f 615//70 619//74 620//75
f 616//71 620//75 621//76
f 617//72 621//76 622//77
f 612//78 617//72 622//77
f 618//73 603//80 623//79
f 619//74 623//79 624//81
f 620//75 624//81 625//82
f 621//76 625//82 626//83
f 622//77 626//83 627//84
f 612//78 622//77 627//84
f 623//79 603//80 628//85
f 624//81 628//85 629//86
f 625//82 629//86 630//22
f 626//83 630//22 631//87
f 627//84 631//87 632//88
f 612//78 627//84 632//88
f 628//85 603//80 633//89
f 629//86 633//89 634//90
f 630//22 634//90 635//91
f 631//87 635//91 636//92
f 632//88 636//92 637//93
f 612//94 632//88 637//93
f 633//89 603//96 638//95
f 634//90 638//95 639//97
f 635//91 639//97 640//98
f 636//92 640//98 641//99
f 637//93 641//99 642//100
f 612//94 637//93 642//100
f 638//95 603//96 643//101
f 639//97 643//101 644//102
f 640//98 644//102 645//103
f 641//99 645//103 646//104
f 642//100 646//104 647//105
f 612//106 642//100 647//105
f 643//101 603//108 648//107
f 644//102 648//107 649//109
f 645//103 649//109 650//110
f 646//104 650//110 651//111
f 647//105 651//111 652//112
f 612//106 647//105 652//112
f 648//107 603//108 601//113
f 649//109 601//113 604//114
f 650//110 604//114 606//115
f 651//111 606//115 608//116
f 652//112 608//116 610//117
f 612//106 652//112 610//117
f 1621//1 1623//1 1622//1
f 1621//1 1624//1 1623//1
f 1621//1 1625//1 1624//1
f 1621//1 1626//1 1625//1
f 1621//1 1627//1 1626//1
f 1621//1 1628//1 1627//1
f 1621//1 1629//1 1628//1
f 1621//1 1630//1 1629//1
f 1621//1 1631//1 1630//1
f 1621//1 1632//1 1631//1
f 1621//1 1633//1 1632//1
f 1621//1 1634//1 1633//1
f 1621//1 1635//1 1634//1
f 1621//1 1636//1 1635//1
f 1621//1 1637//1 1636//1
f 1621//1 1638//1 1637//1
f 1621//1 1639//1 1638//1
f 1639//1 1621//1 1640//1
f 1641//2 1643//2 1642//2
f 1644//2 1643//2 1641//2
f 1645//2 1643//2 1644//2
f 1646//2 1643//2 1645//2
f 1647//2 1643//2 1646//2
f 1648//2 1643//2 1647//2
f 1649//2 1643//2 1648//2
f 1650//2 1643//2 1649//2
f 1651//2 1643//2 1650//2
f 1652//2 1643//2 1651//2
f 1653//2 1643//2 1652//2
f 1654//2 1643//2 1653//2
f 1655//2 1643//2 1654//2
f 1656//2 1643//2 1655//2
f 1657//2 1643//2 1656//2
f 1658//2 1643//2 1657//2
f 1659//2 1643//2 1658//2
f 1643//2 1659//2 1660//2
f 1661//3 1623//3 1662//3
f 1662//4 1624//4 1663//4
f 1663//5 1625//5 1664//5
f 1664//6 1626//6 1665//6
f 1665//7 1627//7 1666//7
f 1666//8 1628//8 1667//8
f 1667//9 1629//9 1668//9
f 1668//10 1630//10 1669//10
f 1669//11 1631//11 1670//11
f 1670//12 1632//12 1671//12
f 1671//13 1633//13 1672//13
f 1672//14 1634//14 1673//14
f 1673//15 1635//15 1674//15
f 1674//16 1636//16 1675//16
f 1675//17 1637//17 1676//17
f 1676//18 1638//18 1677//18
f 1677//19 1639//19 1678//19
f 1678//20 1640//20 1679//20
f 1679//21 1621//21 1680//21
f 1680//22 1622//22 1661//22
f 1642//23 1662//23 1641//23
f 1641//24 1663//24 1644//24
f 1644//25 1664//25 1645//25
f 1645//26 1665//26 1646//26
f 1646//27 1666//27 1647//27
f 1647//28 1667//28 1648//28
f 1648//29 1668//29 1649//29
f 1649//30 1669//30 1650//30
f 1650//31 1670//31 1651//31
f 1651//32 1671//32 1652//32
f 1652//33 1672//33 1653//33
f 1653//34 1673//34 1654//34
f 1654//35 1674//35 1655//35
f 1655//36 1675//36 1656//36
f 1656//37 1676//37 1657//37
f 1657//38 1677//38 1658//38
f 1658//39 1678//39 1659//39
f 1659//40 1679//40 1660//40
f 1660//41 1680//41 1643//41
f 1643//42 1661//42 1642//42
f 1861//1 1863//1 1862//1
f 1861//1 1864//1 1863//1
f 1861//1 1865//1 1864//1
f 1861//1 1866//1 1865//1
f 1861//1 1867//1 1866//1
f 1861//1 1868//1 1867//1
f 1861//1 1869//1 1868//1
f 1861//1 1870//1 1869//1
f 1861//1 1871//1 1870//1
f 1861//1 1872//1 1871//1
f 1861//1 1873//1 1872//1
f 1861//1 1874//1 1873//1
f 1861//1 1875//1 1874//1
f 1861//1 1876//1 1875//1
f 1861//1 1877//1 1876//1
f 1861//1 1878//1 1877//1
f 1861//1 1879//1 1878//1
f 1879//1 1861//1 1880//1
f 1881//2 1883//2 1882//2
f 1884//2 1883//2 1881//2
f 1885//2 1883//2 1884//2
f 1886//2 1883//2 1885//2
f 1887//2 1883//2 1886//2
f 1888//2 1883//2 1887//2
f 1889//2 1883//2 1888//2
f 1890//2 1883//2 1889//2
f 1891//2 1883//2 1890//2
f 1892//2 1883//2 1891//2
f 1893//2 1883//2 1892//2
f 1894//2 1883//2 1893//2
f 1895//2 1883//2 1894//2
f 1896//2 1883//2 1895//2
f 1897//2 1883//2 1896//2
f 1898//2 1883//2 1897//2
f 1899//2 1883//2 1898//2
f 1883//2 1899//2 1900//2
f 1901//3 1863//3 1902//3
f 1902//4 1864//4 1903//4
f 1903//5 1865//5 1904//5
f 1904//6 1866//6 1905//6
f 1905//7 1867//7 1906//7
f 1906//8 1868//8 1907//8
f 1907//9 1869//9 1908//9
f 1908//10 1870//10 1909//10
f 1909//11 1871//11 1910//11
f 1910//12 1872//12 1911//12
f 1911//13 1873//13 1912//13
f 1912//14 1874//14 1913//14
f 1913//15 1875//15 1914//15
f 1914//16 1876//16 1915//16
f 1915//17 1877//17 1916//17
f 1916//18 1878//18 1917//18
f 1917//19 1879//19 1918//19
f 1918//20 1880//20 1919//20
f 1919//21 1861//21 1920//21
f 1920//22 1862//22 1901//22
f 1882//23 1902//23 1881//23
f 1881//24 1903//24 1884//24
f 1884//25 1904//25 1885//25
f 1885//26 1905//26 1886//26
f 1886//27 1906//27 1887//27
f 1887//28 1907//28 1888//28
f 1888//29 1908//29 1889//29
f 1889//30 1909//30 1890//30
f 1890//31 1910//31 1891//31
f 1891//32 1911//32 1892//32
f 1892//33 1912//33 1893//33
f 1893//34 1913//34 1894//34
f 1894//35 1914//35 1895//35
f 1895//36 1915//36 1896//36
f 1896//37 1916//37 1897//37
f 1897//38 1917//38 1898//38
f 1898//39 1918//39 1899//39
f 1899//40 1919//40 1900//40
f 1900//41 1920//41 1883//41
f 1883//42 1901//42 1882//42
f 2413//1 2415//1 2414//1
f 2413//1 2416//1 2415//1
f 2413//1 2417//1 2416//1
f 2413//1 2418//1 2417//1
f 2413//1 2419//1 2418//1
f 2413//1 2420//1 2419//1
f 2413//1 2421//1 2420//1
f 2413//1 2422//1 2421//1
f 2413//1 2423//1 2422//1
f 2413//1 2424//1 2423//1
f 2413//1 2425//1 2424//1
f 2413//1 2426//1 2425//1
f 2413//1 2427//1 2426//1
f 2413//1 2428//1 2427//1
f 2413//1 2429//1 2428//1
f 2413//1 2430//1 2429//1
f 2413//1 2431//1 2430//1
f 2413//1 2432//1 2431//1
f 2413//1 2433//1 2432//1
f 2413//1 2434//1 2433//1
f 2413//1 2435//1 2434//1
f 2413//1 2436//1 2435//1
f 2413//1 2437//1 2436//1
f 2413//1 2438//1 2437//1
f 2413//1 2439//1 2438//1
f 2413//1 2440//1 2439//1
f 2413//1 2441//1 2440//1
f 2413//1 2442//1 2441//1
f 2413//1 2443//1 2442//1
f 2413//1 2444//1 2443//1
f 2413//1 2445//1 2444//1
f 2413//1 2446//1 2445//1
f 2413//1 2447//1 2446//1
f 2413//1 2448//1 2447//1
f 2413//1 2449//1 2448//1
f 2413//1 2450//1 2449//1
f 2413//1 2451//1 2450//1
f 2413//1 2452//1 2451//1
f 2413//1 2453//1 2452//1
f 2413//1 2454//1 2453//1
f 2413//1 2455//1 2454//1
f 2413//1 2456//1 2455//1
f 2413//1 2457//1 2456//1
f 2413//1 2458//1 2457//1
f 2413//1 2459//1 2458//1
f 2459//1 2413//1 2460//1
f 2461//2 2463//2 2462//2
f 2464//2 2463//2 2461//2
f 2465//2 2463//2 2464//2
f 2466//2 2463//2 2465//2
f 2467//2 2463//2 2466//2
f 2468//2 2463//2 2467//2
f 2469//2 2463//2 2468//2
f 2470//2 2463//2 2469//2
f 2471//2 2463//2 2470//2
f 2472//2 2463//2 2471//2
f 2473//2 2463//2 2472//2
f 2474//2 2463//2 2473//2
f 2475//2 2463//2 2474//2
f 2476//2 2463//2 2475//2
f 2477//2 2463//2 2476//2
f 2478//2 2463//2 2477//2
f 2479//2 2463//2 2478//2
f 2480//2 2463//2 2479//2
f 2481//2 2463//2 2480//2
f 2482//2 2463//2 2481//2
f 2483//2 2463//2 2482//2
f 2484//2 2463//2 2483//2
f 2485//2 2463//2 2484//2
f 2486//2 2463//2 2485//2
f 2487//2 2463//2 2486//2
f 2488//2 2463//2 2487//2
f 2489//2 2463//2 2488//2
f 2490//2 2463//2 2489//2
f 2491//2 2463//2 2490//2
f 2492//2 2463//2 2491//2
f 2493//2 2463//2 2492//2
f 2494//2 2463//2 2493//2
f 2495//2 2463//2 2494//2
f 2496//2 2463//2 2495//2
f 2497//2 2463//2 2496//2
f 2498//2 2463//2 2497//2
f 2499//2 2463//2 2498//2
f 2500//2 2463//2 2499//2
f 2501//2 2463//2 2500//2
f 2502//2 2463//2 2501//2
f 2503//2 2463//2 2502//2
f 2504//2 2463//2 2503//2
f 2505//2 2463//2 2504//2
f 2506//2 2463//2 2505//2
f 2507//2 2463//2 2506//2
f 2463//2 2507//2 2508//2
f 2509//158 2415//158 2510//158
f 2510//159 2416//159 2511//159
f 2511//160 2417//160 2512//160
f 2512//161 2418//161 2513//161
f 2513//162 2419//162 2514//162
f 2514//163 2420//163 2515//163
f 2515//164 2421//164 2516//164
f 2516//165 2422//165 2517//165
f 2517//166 2423//166 2518//166
f 2518//167 2424//167 2519//167
f 2519//168 2425//168 2520//168
f 2520//169 2426//169 2521//169
f 2521//170 2427//170 2522//170
f 2522//171 2428//171 2523//171
f 2523//172 2429//172 2524//172
f 2524//173 2430//173 2525//173
f 2525//174 2431//174 2526//174
f 2526//175 2432//175 2527//175
f 2527//176 2433//176 2528//176
f 2528//177 2434//177 2529//177
f 2529//178 2435//178 2530//178
f 2530//179 2436//179 2531//179
f 2531//180 2437//180 2532//180
f 2532//181 2438//181 2533//181
f 2533//182 2439//182 2534//182
f 2534//183 2440//183 2535//183
f 2535//184 2441//184 2536//184
f 2536//185 2442//185 2537//185
f 2537//186 2443//186 2538//186
f 2538//187 2444//187 2539//187
f 2539//188 2445//188 2540//188
f 2540//189 2446//189 2541//189
f 2541//190 2447//190 2542//190
f 2542//191 2448//191 2543//191
f 2543//192 2449//192 2544//192
f 2544//193 2450//193 2545//193
f 2545//194 2451//194 2546//194
f 2546//195 2452//195 2547//195
f 2547//196 2453//196 2548//196
f 2548//197 2454//197 2549//197
f 2549//198 2455//198 2550//198
f 2550//199 2456//199 2551//199
f 2551//200 2457//200 2552//200
f 2552//201 2458//201 2553//201
f 2553//202 2459//202 2554//202
f 2554//203 2460//203 2555//203
f 2555//204 2413//204 2556//204
f 2556//205 2414//205 2509//205
f 2462//206 2510//206 2461//206
f 2461//207 2511//207 2464//207
f 2464//208 2512//208 2465//208
f 2465//209 2513//209 2466//209
f 2466//210 2514//210 2467//210
f 2467//211 2515//211 2468//211
f 2468//212 2516//212 2469//212
f 2469//213 2517//213 2470//213
f 2470//214 2518//214 2471//214
f 2471//215 2519//215 2472//215
f 2472//216 2520//216 2473//216
f 2473//217 2521//217 2474//217
f 2474//218 2522//218 2475//218
f 2475//219 2523//219 2476//219
f 2476//220 2524//220 2477//220
f 2477//221 2525//221 2478//221
f 2478//222 2526//222 2479//222
f 2479//223 2527//223 2480//223
f 2480//224 2528//224 2481//224
f 2481//225 2529//225 2482//225
f 2482//226 2530//226 2483//226
f 2483//227 2531//227 2484//227
f 2484//228 2532//228 2485//228
f 2485//229 2533//229 2486//229
f 2486//230 2534//230 2487//230
f 2487//231 2535//231 2488//231
f 2488//232 2536//232 2489//232
f 2489//233 2537//233 2490//233
f 2490//234 2538//234 2491//234
f 2491//235 2539//235 2492//235
f 2492//236 2540//236 2493//236
f 2493//237 2541//237 2494//237
f 2494//238 2542//238 2495//238
f 2495//239 2543//239 2496//239
f 2496//240 2544//240 2497//240
f 2497//241 2545//241 2498//241
f 2498//242 2546//242 2499//242
f 2499//243 2547//243 2500//243
f 2500//244 2548//244 2501//244
f 2501//245 2549//245 2502//245
f 2502//246 2550//246 2503//246
f 2503//247 2551//247 2504//247
f 2504//248 2552//248 2505//248
f 2505//249 2553//249 2506//249
f 2506//250 2554//250 2507//250
f 2507//251 2555//251 2508//251
f 2508//252 2556//252 2463//252
f 2463//253 2509//253 2462//253
f 2509//253 2463//253 2556//253
f 2556//252 2508//252 2555//252
f 2555//251 2507//251 2554//251
f 2554//250 2506//250 2553//250
f 2553//249 2505//249 2552//249
f 2552//248 2504//248 2551//248
f 2551//247 2503//247 2550//247
f 2550//246 2502//246 2549//246
f 2549//245 2501//245 2548//245
f 2548//244 2500//244 2547//244
f 2547//243 2499//243 2546//243
f 2546//242 2498//242 2545//242
f 2545//241 2497//241 2544//241
f 2544//240 2496//240 2543//240
f 2543//239 2495//239 2542//239
f 2542//238 2494//238 2541//238
f 2541//237 2493//237 2540//237
f 2540//236 2492//236 2539//236
f 2539//235 2491//235 2538//235
f 2538//234 2490//234 2537//234
f 2537//233 2489//233 2536//233
f 2536//232 2488//232 2535//232
f 2535//231 2487//231 2534//231
f 2534//230 2486//230 2533//230
f 2533//229 2485//229 2532//229
f 2532//228 2484//228 2531//228
f 2531//227 2483//227 2530//227
f 2530//226 2482//226 2529//226
f 2529//225 2481//225 2528//225
f 2528//224 2480//224 2527//224
f 2527//223 2479//223 2526//223
f 2526//222 2478//222 2525//222
f 2525//221 2477//221 2524//221
f 2524//220 2476//220 2523//220
f 2523//219 2475//219 2522//219
f 2522//218 2474//218 2521//218
f 2521//217 2473//217 2520//217
f 2520//216 2472//216 2519//216
f 2519//215 2471//215 2518//215
f 2518//214 2470//214 2517//214
f 2517//213 2469//213 2516//213
f 2516//212 2468//212 2515//212
f 2515//211 2467//211 2514//211
f 2514//210 2466//210 2513//210
f 2513//209 2465//209 2512//209
f 2512//208 2464//208 2511//208
f 2511//207 2461//207 2510//207
f 2510//206 2462//206 2509//206
f 2414//205 2556//205 2413//205
f 2413//204 2555//204 2460//204
f 2460//203 2554//203 2459//203
f 2459//202 2553//202 2458//202
f 2458//201 2552//201 2457//201
f 2457//200 2551//200 2456//200
f 2456//199 2550//199 2455//199
f 2455//198 2549//198 2454//198
f 2454//197 2548//197 2453//197
f 2453//196 2547//196 2452//196
f 2452//195 2546//195 2451//195
f 2451//194 2545//194 2450//194
f 2450//193 2544//193 2449//193
f 2449//192 2543//192 2448//192
f 2448//191 2542//191 2447//191
f 2447//190 2541//190 2446//190
f 2446//189 2540//189 2445//189
f 2445//188 2539//188 2444//188
f 2444//187 2538//187 2443//187
f 2443//186 2537//186 2442//186
f 2442//185 2536//185 2441//185
f 2441//184 2535//184 2440//184
f 2440//183 2534//183 2439//183
f 2439//182 2533//182 2438//182
f 2438//181 2532//181 2437//181
f 2437//180 2531//180 2436//180
f 2436//179 2530//179 2435//179
f 2435//178 2529//178 2434//178
f 2434//177 2528//177 2433//177
f 2433//176 2527//176 2432//176
f 2432//175 2526//175 2431//175
f 2431//174 2525//174 2430//174
f 2430//173 2524//173 2429//173
f 2429//172 2523//172 2428//172
f 2428//171 2522//171 2427//171
f 2427//170 2521//170 2426//170
f 2426//169 2520//169 2425//169
f 2425//168 2519//168 2424//168
f 2424//167 2518//167 2423//167
f 2423//166 2517//166 2422//166
f 2422//165 2516//165 2421//165
f 2421//164 2515//164 2420//164
f 2420//163 2514//163 2419//163
f 2419//162 2513//162 2418//162
f 2418//161 2512//161 2417//161
f 2417//160 2511//160 2416//160
f 2416//159 2510//159 2415//159
f 2415//158 2509//158 2414//158
f 1901//42 1883//42 1920//42
f 1920//41 1900//41 1919//41
f 1919//40 1899//40 1918//40
f 1918//39 1898//39 1917//39
f 1917//38 1897//38 1916//38
f 1916//37 1896//37 1915//37
f 1915//36 1895//36 1914//36
f 1914//35 1894//35 1913//35
f 1913//34 1893//34 1912//34
f 1912//33 1892//33 1911//33
f 1911//32 1891//32 1910//32
f 1910//31 1890//31 1909//31
f 1909//30 1889//30 1908//30
f 1908//29 1888//29 1907//29
f 1907//28 1887//28 1906//28
f 1906//27 1886//27 1905//27
f 1905//26 1885//26 1904//26
f 1904//25 1884//25 1903//25
f 1903//24 1881//24 1902//24
f 1902//23 1882//23 1901//23
f 1862//22 1920//22 1861//22
f 1861//21 1919//21 1880//21
f 1880//20 1918//20 1879//20
f 1879//19 1917//19 1878//19
f 1878//18 1916//18 1877//18
f 1877//17 1915//17 1876//17
f 1876//16 1914//16 1875//16
f 1875//15 1913//15 1874//15
f 1874//14 1912//14 1873//14
f 1873//13 1911//13 1872//13
f 1872//12 1910//12 1871//12
f 1871//11 1909//11 1870//11
f 1870//10 1908//10 1869//10
f 1869//9 1907//9 1868//9
f 1868//8 1906//8 1867//8
f 1867//7 1905//7 1866//7
f 1866//6 1904//6 1865//6
f 1865//5 1903//5 1864//5
f 1864//4 1902//4 1863//4
f 1863//3 1901//3 1862//3
f 1661//42 1643//42 1680//42
f 1680//41 1660//41 1679//41
f 1679//40 1659//40 1678//40
f 1678//39 1658//39 1677//39
f 1677//38 1657//38 1676//38
f 1676//37 1656//37 1675//37
f 1675//36 1655//36 1674//36
f 1674//35 1654//35 1673//35
f 1673//34 1653//34 1672//34
f 1672//33 1652//33 1671//33
f 1671//32 1651//32 1670//32
f 1670//31 1650//31 1669//31
f 1669//30 1649//30 1668//30
f 1668//29 1648//29 1667//29
f 1667//28 1647//28 1666//28
f 1666//27 1646//27 1665//27
f 1665//26 1645//26 1664//26
f 1664//25 1644//25 1663//25
f 1663//24 1641//24 1662//24
f 1662//23 1642//23 1661//23
f 1622//22 1680//22 1621//22
f 1621//21 1679//21 1640//21
f 1640//20 1678//20 1639//20
f 1639//19 1677//19 1638//19
f 1638//18 1676//18 1637//18
f 1637//17 1675//17 1636//17
f 1636//16 1674//16 1635//16
f 1635//15 1673//15 1634//15
f 1634//14 1672//14 1633//14
f 1633//13 1671//13 1632//13
f 1632//12 1670//12 1631//12
f 1631//11 1669//11 1630//11
f 1630//10 1668//10 1629//10
f 1629//9 1667//9 1628//9
f 1628//8 1666//8 1627//8
f 1627//7 1665//7 1626//7
f 1626//6 1664//6 1625//6
f 1625//5 1663//5 1624//5
f 1624//4 1662//4 1623//4
f 1623//3 1661//3 1622//3
f 608//116 652//112 651//111
f 606//115 651//111 650//110
f 604//114 650//110 649//109
f 601//113 649//109 648//107
f 651//111 647//105 646//104
f 650//110 646//104 645//103
f 649//109 645//103 644//102
f 648//107 644//102 643//101
f 646//104 642//100 641//99
f 645//103 641//99 640//98
f 644//102 640//98 639//97
f 643//101 639//97 638//95
f 641//99 637//93 636//92
f 640//98 636//92 635//91
f 639//97 635//91 634//90
f 638//95 634//90 633//89
f 636//92 632//88 631//87
f 635//91 631//87 630//22
f 634//90 630//22 629//86
f 633//89 629//86 628//85
f 631//87 627//84 626//83
f 630//22 626//83 625//82
f 629//86 625//82 624//81
f 628//85 624//81 623//79
f 626//83 622//77 621//76
f 625//82 621//76 620//75
f 624//81 620//75 619//74
f 623//79 619//74 618//73
f 621//76 617//72 616//71
f 620//75 616//71 615//70
f 619//74 615//70 614//69
f 618//73 614//69 613//68
f 616//71 611//67 609//65
f 615//70 609//65 607//63
f 614//69 607//63 605//62
f 613//68 605//62 602//60
f 609//65 610//66 608//64
f 607//63 608//64 606//12
f 605//62 606//12 604//61
f 602//60 604//61 601//59
f 556//116 600//112 599//111
f 554//115 599//111 598//110
f 552//114 598//110 597//109
f 549//113 597//109 596//107
f 599//111 595//105 594//104
f 598//110 594//104 593//103
f 597//109 593//103 592//102
f 596//107 592//102 591//101
f 594//104 590//100 589//99
f 593//103 589//99 588//98
f 592//102 588//98 587//97
f 591//101 587//97 586//95
f 589//99 585//93 584//92
f 588//98 584//92 583//91
f 587//97 583//91 582//90
f 586//95 582//90 581//89
f 584//92 580//88 579//87
f 583//91 579//87 578//22
f 582//90 578//22 577//86
f 581//89 577//86 576//85
f 579//87 575//84 574//83
f 578//22 574//83 573//82
f 577//86 573//82 572//81
f 576//85 572//81 571//79
f 574//83 570//77 569//76
f 573//82 569//76 568//75
f 572//81 568//75 567//74
f 571//79 567//74 566//73
f 569//76 565//72 564//71
f 568//75 564//71 563//70
f 567//74 563//70 562//69
f 566//73 562//69 561//68
f 564//71 559//67 557//65
f 563//70 557//65 555//63
f 562//69 555//63 553//62
f 561//68 553//62 550//60
f 557//65 558//66 556//64
f 555//63 556//64 554//12
f 553//62 554//12 552//61
f 550//60 552//61 549//59
f 504//116 548//112 547//111
f 502//115 547//111 546//110
f 500//114 546//110 545//109
f 497//113 545//109 544//107
f 547//111 543//105 542//104
f 546//110 542//104 541//103
f 545//109 541//103 540//102
f 544//107 540//102 539//101
f 542//104 538//100 537//99
f 541//103 537//99 536//98
f 540//102 536//98 535//97
f 539//101 535//97 534//95
f 537//99 533//93 532//92
f 536//98 532//92 531//91
f 535//97 531//91 530//90
f 534//95 530//90 529//89
f 532//92 528//88 527//87
f 531//91 527//87 526//22
f 530//90 526//22 525//86
f 529//89 525//86 524//85
f 527//87 523//84 522//83
f 526//22 522//83 521//82
f 525//86 521//82 520//81
f 524//85 520//81 519//79
f 522//83 518//77 517//76
f 521//82 517//76 516//75
f 520//81 516//75 515//74
f 519//79 515//74 514//73
f 517//76 513//72 512//71
f 516//75 512//71 511//70
f 515//74 511//70 510//69
f 514//73 510//69 509//68
f 512//71 507//67 505//65
f 511//70 505//65 503//63
f 510//69 503//63 501//62
f 509//68 501//62 498//60
f 505//65 506//66 504//64
f 503//63 504//64 502//12
f 501//62 502//12 500//61
f 498//60 500//61 497//59
f 452//116 496//112 495//111
f 450//115 495//111 494//110
f 448//114 494//110 493//109
f 445//113 493//109 492//107
f 495//111 491//105 490//104
f 494//110 490//104 489//103
f 493//109 489//103 488//102
f 492//107 488//102 487//101
f 490//104 486//100 485//99
f 489//103 485//99 484//98
f 488//102 484//98 483//97
f 487//101 483//97 482//95
f 485//99 481//93 480//92
f 484//98 480//92 479//91
f 483//97 479//91 478//90
f 482//95 478//90 477//89
f 480//92 476//88 475//87
f 479//91 475//87 474//22
f 478//90 474//22 473//86
f 477//89 473//86 472//85
f 475//87 471//84 470//83
f 474//22 470//83 469//82
f 473//86 469//82 468//81
f 472//85 468//81 467//79
f 470//83 466//77 465//76
f 469//82 465//76 464//75
f 468//81 464//75 463//74
f 467//79 463//74 462//73
f 465//76 461//72 460//71
f 464//75 460//71 459//70
f 463//74 459//70 458//69
f 462//73 458//69 457//68
f 460//71 455//67 453//65
f 459//70 453//65 451//63
f 458//69 451//63 449//62
f 457//68 449//62 446//60
f 453//65 454//66 452//64
f 451//63 452//64 450//12
f 449//62 450//12 448//61
f 446//60 448//61 445//59
g cabinet_gold
f 653//12 655//118 654//12
f 656//118 657//1 655//118
f 658//1 659//119 657//1
f 660//119 661//120 659//119
f 662//120 663//121 661//120
f 664//121 665//122 663//121
f 666//122 667//32 665//122
f 668//123 654//124 667//32
f 654//12 670//118 669//12
f 655//118 671//1 670//118
f 657//1 672//119 671//1
f 659//119 673//120 672//119
f 661//120 674//121 673//120
f 663//121 675//122 674//121
f 665//122 676//123 675//122
f 667//32 669//12 676//123
f 669//12 678//118 677//12
f 670//118 679//1 678//118
f 671//1 680//119 679//1
f 672//119 681//120 680//119
f 673//120 682//121 681//120
f 674//121 683//122 682//121
f 675//122 684//123 683//122
f 676//123 677//12 684//123
f 685//12 687//118 686//12
f 688//118 689//1 687//118
f 690//1 691//119 689//1
f 692//119 693//120 691//119
f 694//120 695//121 693//120
f 696//121 697//122 695//121
f 698//122 699//32 697//122
f 700//32 686//124 699//32
f 686//12 702//118 701//12
f 687//118 703//1 702//118
f 689//1 704//119 703//1
f 691//119 705//120 704//119
f 693//120 706//121 705//120
f 695//121 707//122 706//121
f 697//122 708//123 707//122
f 699//32 701//12 708//123
f 701//12 710//118 709//12
f 702//118 711//1 710//118
f 703//1 712//119 711//1
f 704//119 713//120 712//119
f 705//120 714//121 713//120
f 706//121 715//122 714//121
f 707//122 716//123 715//122
f 708//123 709//12 716//123
f 717//12 719//118 718//115
f 720//118 721//1 719//118
f 722//1 723//125 721//1
f 724//119 725//126 723//125
f 726//120 727//121 725//126
f 728//121 729//122 727//121
f 730//122 731//123 729//122
f 732//123 718//12 731//123
f 718//115 734//118 733//12
f 719//118 735//1 734//118
f 721//1 736//119 735//1
f 723//125 737//120 736//119
f 725//126 738//121 737//120
f 727//121 739//122 738//121
f 729//122 740//123 739//122
f 731//123 733//12 740//123
f 733//12 742//118 741//12
f 734//118 743//1 742//118
f 735//1 744//119 743//1
f 736//119 745//120 744//119
f 737//120 746//121 745//120
f 738//121 747//122 746//121
f 739//122 748//123 747//122
f 740//123 741//12 748//123
f 749//12 751//118 750//115
f 752//118 753//1 751//118
f 754//1 755//125 753//1
f 756//119 757//126 755//125
f 758//120 759//121 757//126
f 760//121 761//122 759//121
f 762//122 763//123 761//122
f 764//32 750//12 763//123
f 750//115 766//118 765//12
f 751//118 767//1 766//118
f 753//1 768//119 767//1
f 755//125 769//120 768//119
f 757//126 770//121 769//120
f 759//121 771//122 770//121
f 761//122 772//123 771//122
f 763//123 765//12 772//123
f 765//12 774//118 773//12
f 766//118 775//1 774//118
f 767//1 776//119 775//1
f 768//119 777//120 776//119
f 769//120 778//121 777//120
f 770//121 779//122 778//121
f 771//122 780//123 779//122
f 772//123 773//12 780//123
f 901//3 903//3 902//3
f 902//4 906//4 905//4
f 905//5 908//5 907//5
f 907//6 910//6 909//6
f 909//7 912//7 911//7
f 911//8 914//8 913//8
f 913//9 916//9 915//9
f 915//10 918//10 917//10
f 917//11 920//11 919//11
f 919//12 922//12 921//12
f 921//13 924//13 923//13
f 923//14 926//14 925//14
f 925//15 928//15 927//15
f 927//16 930//16 929//16
f 929//17 932//17 931//17
f 931//18 934//18 933//18
f 933//19 936//19 935//19
f 935//20 938//20 937//20
f 937//21 940//21 939//21
f 939//22 904//22 901//22
f 941//23 902//23 942//23
f 942//24 905//24 943//24
f 943//25 907//25 944//25
f 944//26 909//26 945//26
f 945//27 911//27 946//27
f 946//28 913//28 947//28
f 947//29 915//29 948//29
f 948//30 917//30 949//30
f 949//31 919//31 950//31
f 950//32 921//32 951//32
f 951//33 923//33 952//33
f 952//34 925//34 953//34
f 953//35 927//35 954//35
f 954//36 929//36 955//36
f 955//37 931//37 956//37
f 956//38 933//38 957//38
f 957//39 935//39 958//39
f 958//40 937//40 959//40
f 959//41 939//41 960//41
f 960//42 901//42 941//42
f 961//127 963//127 962//127
f 962//128 966//128 965//128
f 965//129 968//129 967//129
f 967//130 970//130 969//130
f 969//96 972//96 971//96
f 971//131 974//131 973//131
f 973//132 976//132 975//132
f 975//133 978//133 977//133
f 977//134 980//134 979//134
f 979//126 982//126 981//126
f 981//135 984//135 983//135
f 983//136 986//136 985//136
f 985//137 988//137 987//137
f 987//138 990//138 989//138
f 989//94 992//94 991//94
f 991//139 994//139 993//139
f 993//140 996//140 995//140
f 995//141 998//141 997//141
f 997//142 1000//142 999//142
f 999//143 964//143 961//143
f 964//33 1001//33 963//33
f 963//34 1003//34 966//34
f 966//35 1004//35 968//35
f 968//36 1005//36 970//36
f 970//144 1006//144 972//144
f 972//38 1007//38 974//38
f 974//39 1008//39 976//39
f 976//40 1009//40 978//40
f 978//41 1010//41 980//41
f 980//121 1011//121 982//121
f 982//23 1012//23 984//23
f 984//24 1013//24 986//24
f 986//25 1014//25 988//25
f 988//26 1015//26 990//26
f 990//145 1016//145 992//145
f 992//28 1017//28 994//28
f 994//29 1018//29 996//29
f 996//30 1019//30 998//30
f 998//31 1020//31 1000//31
f 1000//123 1002//123 964//123
f 1002//2 942//2 1001//2
f 1001//2 943//2 1003//2
f 1003//2 944//2 1004//2
f 1004//2 945//2 1005//2
f 1005//2 946//2 1006//2
f 1006//2 947//2 1007//2
f 1007//2 948//2 1008//2
f 1008//2 949//2 1009//2
f 1009//2 950//2 1010//2
f 1010//2 951//2 1011//2
f 1011//2 952//2 1012//2
f 1012//2 953//2 1013//2
f 1013//2 954//2 1014//2
f 1014//2 955//2 1015//2
f 1015//2 956//2 1016//2
f 1016//2 957//2 1017//2
f 1017//2 958//2 1018//2
f 1018//2 959//2 1019//2
f 1019//2 960//2 1020//2
f 1020//2 941//2 1002//2
f 904//1 962//1 903//1
f 903//1 965//1 906//1
f 906//1 967//1 908//1
f 908//1 969//1 910//1
f 910//1 971//1 912//1
f 912//1 973//1 914//1
f 914//1 975//1 916//1
f 916//1 977//1 918//1
f 918//1 979//1 920//1
f 920//1 981//1 922//1
f 922//1 983//1 924//1
f 924//1 985//1 926//1
f 926//1 987//1 928//1
f 928//1 989//1 930//1
f 930//1 991//1 932//1
f 932//1 993//1 934//1
f 934//1 995//1 936//1
f 936//1 997//1 938//1
f 938//1 999//1 940//1
f 940//1 961//1 904//1
f 1141//3 1143//3 1142//3
f 1142//4 1146//4 1145//4
f 1145//5 1148//5 1147//5
f 1147//6 1150//6 1149//6
f 1149//7 1152//7 1151//7
f 1151//8 1154//8 1153//8
f 1153//9 1156//9 1155//9
f 1155//10 1158//10 1157//10
f 1157//11 1160//11 1159//11
f 1159//12 1162//12 1161//12
f 1161//13 1164//13 1163//13
f 1163//14 1166//14 1165//14
f 1165//15 1168//15 1167//15
f 1167//16 1170//16 1169//16
f 1169//17 1172//17 1171//17
f 1171//18 1174//18 1173//18
f 1173//19 1176//19 1175//19
f 1175//20 1178//20 1177//20
f 1177//21 1180//21 1179//21
f 1179//22 1144//22 1141//22
f 1181//23 1142//23 1182//23
f 1182//24 1145//24 1183//24
f 1183//25 1147//25 1184//25
f 1184//26 1149//26 1185//26
f 1185//27 1151//27 1186//27
f 1186//28 1153//28 1187//28
f 1187//29 1155//29 1188//29
f 1188//30 1157//30 1189//30
f 1189//31 1159//31 1190//31
f 1190//32 1161//32 1191//32
f 1191//33 1163//33 1192//33
f 1192//34 1165//34 1193//34
f 1193//35 1167//35 1194//35
f 1194//36 1169//36 1195//36
f 1195//37 1171//37 1196//37
f 1196//38 1173//38 1197//38
f 1197//39 1175//39 1198//39
f 1198//40 1177//40 1199//40
f 1199//41 1179//41 1200//41
f 1200//42 1141//42 1181//42
f 1201//127 1203//127 1202//127
f 1202//128 1206//128 1205//128
f 1205//129 1208//129 1207//129
f 1207//130 1210//130 1209//130
f 1209//96 1212//96 1211//96
f 1211//131 1214//131 1213//131
f 1213//132 1216//132 1215//132
f 1215//133 1218//133 1217//133
f 1217//134 1220//134 1219//134
f 1219//126 1222//126 1221//126
f 1221//135 1224//135 1223//135
f 1223//136 1226//136 1225//136
f 1225//137 1228//137 1227//137
f 1227//138 1230//138 1229//138
f 1229//94 1232//94 1231//94
f 1231//139 1234//139 1233//139
f 1233//140 1236//140 1235//140
f 1235//141 1238//141 1237//141
f 1237//142 1240//142 1239//142
f 1239//143 1204//143 1201//143
f 1204//33 1241//33 1203//33
f 1203//34 1243//34 1206//34
f 1206//35 1244//35 1208//35
f 1208//36 1245//36 1210//36
f 1210//144 1246//144 1212//144
f 1212//38 1247//38 1214//38
f 1214//39 1248//39 1216//39
f 1216//40 1249//40 1218//40
f 1218//41 1250//41 1220//41
f 1220//121 1251//121 1222//121
f 1222//23 1252//23 1224//23
f 1224//24 1253//24 1226//24
f 1226//25 1254//25 1228//25
f 1228//26 1255//26 1230//26
f 1230//145 1256//145 1232//145
f 1232//28 1257//28 1234//28
f 1234//29 1258//29 1236//29
f 1236//30 1259//30 1238//30
f 1238//31 1260//31 1240//31
f 1240//123 1242//123 1204//123
f 1242//2 1182//2 1241//2
f 1241//2 1183//2 1243//2
f 1243//2 1184//2 1244//2
f 1244//2 1185//2 1245//2
f 1245//2 1186//2 1246//2
f 1246//2 1187//2 1247//2
f 1247//2 1188//2 1248//2
f 1248//2 1189//2 1249//2
f 1249//2 1190//2 1250//2
f 1250//2 1191//2 1251//2
f 1251//2 1192//2 1252//2
f 1252//2 1193//2 1253//2
f 1253//2 1194//2 1254//2
f 1254//2 1195//2 1255//2
f 1255//2 1196//2 1256//2
f 1256//2 1197//2 1257//2
f 1257//2 1198//2 1258//2
f 1258//2 1199//2 1259//2
f 1259//2 1200//2 1260//2
f 1260//2 1181//2 1242//2
f 1144//1 1202//1 1143//1
f 1143//1 1205//1 1146//1
f 1146//1 1207//1 1148//1
f 1148//1 1209//1 1150//1
f 1150//1 1211//1 1152//1
f 1152//1 1213//1 1154//1
f 1154//1 1215//1 1156//1
f 1156//1 1217//1 1158//1
f 1158//1 1219//1 1160//1
f 1160//1 1221//1 1162//1
f 1162//1 1223//1 1164//1
f 1164//1 1225//1 1166//1
f 1166//1 1227//1 1168//1
f 1168//1 1229//1 1170//1
f 1170//1 1231//1 1172//1
f 1172//1 1233//1 1174//1
f 1174//1 1235//1 1176//1
f 1176//1 1237//1 1178//1
f 1178//1 1239//1 1180//1
f 1180//1 1201//1 1144//1
f 1441//3 1443//3 1442//3
f 1442//4 1446//4 1445//4
f 1445//5 1448//5 1447//5
f 1447//6 1450//6 1449//6
f 1449//7 1452//7 1451//7
f 1451//8 1454//8 1453//8
f 1453//9 1456//9 1455//9
f 1455//10 1458//10 1457//10
f 1457//11 1460//11 1459//11
f 1459//12 1462//12 1461//12
f 1461//13 1464//13 1463//13
f 1463//14 1466//14 1465//14
f 1465//15 1468//15 1467//15
f 1467//16 1470//16 1469//16
f 1469//17 1472//17 1471//17
f 1471//18 1474//18 1473//18
f 1473//19 1476//19 1475//19
f 1475//20 1478//20 1477//20
f 1477//21 1480//21 1479//21
f 1479//22 1444//22 1441//22
f 1481//23 1442//23 1482//23
f 1482//24 1445//24 1483//24
f 1483//25 1447//25 1484//25
f 1484//26 1449//26 1485//26
f 1485//27 1451//27 1486//27
f 1486//28 1453//28 1487//28
f 1487//29 1455//29 1488//29
f 1488//30 1457//30 1489//30
f 1489//31 1459//31 1490//31
f 1490//32 1461//32 1491//32
f 1491//33 1463//33 1492//33
f 1492//34 1465//34 1493//34
f 1493//35 1467//35 1494//35
f 1494//36 1469//36 1495//36
f 1495//37 1471//37 1496//37
f 1496//38 1473//38 1497//38
f 1497//39 1475//39 1498//39
f 1498//40 1477//40 1499//40
f 1499//41 1479//41 1500//41
f 1500//42 1441//42 1481//42
f 1501//127 1503//127 1502//127
f 1502//128 1506//128 1505//128
f 1505//129 1508//129 1507//129
f 1507//130 1510//130 1509//130
f 1509//96 1512//96 1511//96
f 1511//131 1514//131 1513//131
f 1513//132 1516//132 1515//132
f 1515//133 1518//133 1517//133
f 1517//134 1520//134 1519//134
f 1519//126 1522//126 1521//126
f 1521//135 1524//135 1523//135
f 1523//136 1526//136 1525//136
f 1525//137 1528//137 1527//137
f 1527//138 1530//138 1529//138
f 1529//94 1532//94 1531//94
f 1531//139 1534//139 1533//139
f 1533//140 1536//140 1535//140
f 1535//141 1538//141 1537//141
f 1537//142 1540//142 1539//142
f 1539//143 1504//143 1501//143
f 1504//33 1541//33 1503//33
f 1503//34 1543//34 1506//34
f 1506//35 1544//35 1508//35
f 1508//36 1545//36 1510//36
f 1510//144 1546//144 1512//144
f 1512//38 1547//38 1514//38
f 1514//39 1548//39 1516//39
f 1516//40 1549//40 1518//40
f 1518//41 1550//41 1520//41
f 1520//121 1551//121 1522//121
f 1522//23 1552//23 1524//23
f 1524//24 1553//24 1526//24
f 1526//25 1554//25 1528//25
f 1528//26 1555//26 1530//26
f 1530//145 1556//145 1532//145
f 1532//28 1557//28 1534//28
f 1534//29 1558//29 1536//29
f 1536//30 1559//30 1538//30
f 1538//31 1560//31 1540//31
f 1540//123 1542//123 1504//123
f 1542//2 1482//2 1541//2
f 1541//2 1483//2 1543//2
f 1543//2 1484//2 1544//2
f 1544//2 1485//2 1545//2
f 1545//2 1486//2 1546//2
f 1546//2 1487//2 1547//2
f 1547//2 1488//2 1548//2
f 1548//2 1489//2 1549//2
f 1549//2 1490//2 1550//2
f 1550//2 1491//2 1551//2
f 1551//2 1492//2 1552//2
f 1552//2 1493//2 1553//2
f 1553//2 1494//2 1554//2
f 1554//2 1495//2 1555//2
f 1555//2 1496//2 1556//2
f 1556//2 1497//2 1557//2
f 1557//2 1498//2 1558//2
f 1558//2 1499//2 1559//2
f 1559//2 1500//2 1560//2
f 1560//2 1481//2 1542//2
f 1444//1 1502//1 1443//1
f 1443//1 1505//1 1446//1
f 1446//1 1507//1 1448//1
f 1448//1 1509//1 1450//1
f 1450//1 1511//1 1452//1
f 1452//1 1513//1 1454//1
f 1454//1 1515//1 1456//1
f 1456//1 1517//1 1458//1
f 1458//1 1519//1 1460//1
f 1460//1 1521//1 1462//1
f 1462//1 1523//1 1464//1
f 1464//1 1525//1 1466//1
f 1466//1 1527//1 1468//1
f 1468//1 1529//1 1470//1
f 1470//1 1531//1 1472//1
f 1472//1 1533//1 1474//1
f 1474//1 1535//1 1476//1
f 1476//1 1537//1 1478//1
f 1478//1 1539//1 1480//1
f 1480//1 1501//1 1444//1
f 1561//1 1563//1 1562//1
f 1561//1 1564//1 1563//1
f 1561//1 1565//1 1564//1
f 1561//1 1566//1 1565//1
f 1561//1 1567//1 1566//1
f 1561//1 1568//1 1567//1
f 1561//1 1569//1 1568//1
f 1561//1 1570//1 1569//1
f 1561//1 1571//1 1570//1
f 1561//1 1572//1 1571//1
f 1561//1 1573//1 1572//1
f 1561//1 1574//1 1573//1
f 1561//1 1575//1 1574//1
f 1561//1 1576//1 1575//1
f 1561//1 1577//1 1576//1
f 1561//1 1578//1 1577//1
f 1561//1 1579//1 1578//1
f 1579//1 1561//1 1580//1
f 1581//2 1583//2 1582//2
f 1584//2 1583//2 1581//2
f 1585//2 1583//2 1584//2
f 1586//2 1583//2 1585//2
f 1587//2 1583//2 1586//2
f 1588//2 1583//2 1587//2
f 1589//2 1583//2 1588//2
f 1590//2 1583//2 1589//2
f 1591//2 1583//2 1590//2
f 1592//2 1583//2 1591//2
f 1593//2 1583//2 1592//2
f 1594//2 1583//2 1593//2
f 1595//2 1583//2 1594//2
f 1596//2 1583//2 1595//2
f 1597//2 1583//2 1596//2
f 1598//2 1583//2 1597//2
f 1599//2 1583//2 1598//2
f 1583//2 1599//2 1600//2
f 1601//3 1563//3 1602//3
f 1602//4 1564//4 1603//4
f 1603//5 1565//5 1604//5
f 1604//6 1566//6 1605//6
f 1605//7 1567//7 1606//7
f 1606//8 1568//8 1607//8
f 1607//9 1569//9 1608//9
f 1608//10 1570//10 1609//10
f 1609//11 1571//11 1610//11
f 1610//12 1572//12 1611//12
f 1611//13 1573//13 1612//13
f 1612//14 1574//14 1613//14
f 1613//15 1575//15 1614//15
f 1614//16 1576//16 1615//16
f 1615//17 1577//17 1616//17
f 1616//18 1578//18 1617//18
f 1617//19 1579//19 1618//19
f 1618//20 1580//20 1619//20
f 1619//21 1561//21 1620//21
f 1620//22 1562//22 1601//22
f 1582//23 1602//23 1581//23
f 1581//24 1603//24 1584//24
f 1584//25 1604//25 1585//25
f 1585//26 1605//26 1586//26
f 1586//27 1606//27 1587//27
f 1587//28 1607//28 1588//28
f 1588//29 1608//29 1589//29
f 1589//30 1609//30 1590//30
f 1590//31 1610//31 1591//31
f 1591//32 1611//32 1592//32
f 1592//33 1612//33 1593//33
f 1593//34 1613//34 1594//34
f 1594//35 1614//35 1595//35
f 1595//36 1615//36 1596//36
f 1596//37 1616//37 1597//37
f 1597//38 1617//38 1598//38
f 1598//39 1618//39 1599//39
f 1599//40 1619//40 1600//40
f 1600//41 1620//41 1583//41
f 1583//42 1601//42 1582//42
f 1801//1 1803//1 1802//1
f 1801//1 1804//1 1803//1
f 1801//1 1805//1 1804//1
f 1801//1 1806//1 1805//1
f 1801//1 1807//1 1806//1
f 1801//1 1808//1 1807//1
f 1801//1 1809//1 1808//1
f 1801//1 1810//1 1809//1
f 1801//1 1811//1 1810//1
f 1801//1 1812//1 1811//1
f 1801//1 1813//1 1812//1
f 1801//1 1814//1 1813//1
f 1801//1 1815//1 1814//1
f 1801//1 1816//1 1815//1
f 1801//1 1817//1 1816//1
f 1801//1 1818//1 1817//1
f 1801//1 1819//1 1818//1
f 1819//1 1801//1 1820//1
f 1821//2 1823//2 1822//2
f 1824//2 1823//2 1821//2
f 1825//2 1823//2 1824//2
f 1826//2 1823//2 1825//2
f 1827//2 1823//2 1826//2
f 1828//2 1823//2 1827//2
f 1829//2 1823//2 1828//2
f 1830//2 1823//2 1829//2
f 1831//2 1823//2 1830//2
f 1832//2 1823//2 1831//2
f 1833//2 1823//2 1832//2
f 1834//2 1823//2 1833//2
f 1835//2 1823//2 1834//2
f 1836//2 1823//2 1835//2
f 1837//2 1823//2 1836//2
f 1838//2 1823//2 1837//2
f 1839//2 1823//2 1838//2
f 1823//2 1839//2 1840//2
f 1841//3 1803//3 1842//3
f 1842//4 1804//4 1843//4
f 1843//5 1805//5 1844//5
f 1844//6 1806//6 1845//6
f 1845//7 1807//7 1846//7
f 1846//8 1808//8 1847//8
f 1847//9 1809//9 1848//9
f 1848//10 1810//10 1849//10
f 1849//11 1811//11 1850//11
f 1850//12 1812//12 1851//12
f 1851//13 1813//13 1852//13
f 1852//14 1814//14 1853//14
f 1853//15 1815//15 1854//15
f 1854//16 1816//16 1855//16
f 1855//17 1817//17 1856//17
f 1856//18 1818//18 1857//18
f 1857//19 1819//19 1858//19
f 1858//20 1820//20 1859//20
f 1859//21 1801//21 1860//21
f 1860//22 1802//22 1841//22
f 1822//23 1842//23 1821//23
f 1821//24 1843//24 1824//24
f 1824//25 1844//25 1825//25
f 1825//26 1845//26 1826//26
f 1826//27 1846//27 1827//27
f 1827//28 1847//28 1828//28
f 1828//29 1848//29 1829//29
f 1829//30 1849//30 1830//30
f 1830//31 1850//31 1831//31
f 1831//32 1851//32 1832//32
f 1832//33 1852//33 1833//33
f 1833//34 1853//34 1834//34
f 1834//35 1854//35 1835//35
f 1835//36 1855//36 1836//36
f 1836//37 1856//37 1837//37
f 1837//38 1857//38 1838//38
f 1838//39 1858//39 1839//39
f 1839//40 1859//40 1840//40
f 1840//41 1860//41 1823//41
f 1823//42 1841//42 1822//42
f 2041//1 2043//1 2042//1
f 2041//1 2044//1 2043//1
f 2041//1 2045//1 2044//1
f 2041//1 2046//1 2045//1
f 2041//1 2047//1 2046//1
f 2041//1 2048//1 2047//1
f 2041//1 2049//1 2048//1
f 2041//1 2050//1 2049//1
f 2041//1 2051//1 2050//1
f 2041//1 2052//1 2051//1
f 2041//1 2053//1 2052//1
f 2041//1 2054//1 2053//1
f 2041//1 2055//1 2054//1
f 2041//1 2056//1 2055//1
f 2041//1 2057//1 2056//1
f 2041//1 2058//1 2057//1
f 2041//1 2059//1 2058//1
f 2059//1 2041//1 2060//1
f 2061//2 2063//2 2062//2
f 2064//2 2063//2 2061//2
f 2065//2 2063//2 2064//2
f 2066//2 2063//2 2065//2
f 2067//2 2063//2 2066//2
f 2068//2 2063//2 2067//2
f 2069//2 2063//2 2068//2
f 2070//2 2063//2 2069//2
f 2071//2 2063//2 2070//2
f 2072//2 2063//2 2071//2
f 2073//2 2063//2 2072//2
f 2074//2 2063//2 2073//2
f 2075//2 2063//2 2074//2
f 2076//2 2063//2 2075//2
f 2077//2 2063//2 2076//2
f 2078//2 2063//2 2077//2
f 2079//2 2063//2 2078//2
f 2063//2 2079//2 2080//2
f 2081//3 2043//3 2082//3
f 2082//4 2044//4 2083//4
f 2083//5 2045//5 2084//5
f 2084//6 2046//6 2085//6
f 2085//7 2047//7 2086//7
f 2086//8 2048//8 2087//8
f 2087//9 2049//9 2088//9
f 2088//10 2050//10 2089//10
f 2089//11 2051//11 2090//11
f 2090//12 2052//12 2091//12
f 2091//13 2053//13 2092//13
f 2092//14 2054//14 2093//14
f 2093//15 2055//15 2094//15
f 2094//16 2056//16 2095//16
f 2095//17 2057//17 2096//17
f 2096//18 2058//18 2097//18
f 2097//19 2059//19 2098//19
f 2098//20 2060//20 2099//20
f 2099//21 2041//21 2100//21
f 2100//22 2042//22 2081//22
f 2062//23 2082//23 2061//23
f 2061//24 2083//24 2064//24
f 2064//25 2084//25 2065//25
f 2065//26 2085//26 2066//26
f 2066//27 2086//27 2067//27
f 2067//28 2087//28 2068//28
f 2068//29 2088//29 2069//29
f 2069//30 2089//30 2070//30
f 2070//31 2090//31 2071//31
f 2071//32 2091//32 2072//32
f 2072//33 2092//33 2073//33
f 2073//34 2093//34 2074//34
f 2074//35 2094//35 2075//35
f 2075//36 2095//36 2076//36
f 2076//37 2096//37 2077//37
f 2077//38 2097//38 2078//38
f 2078//39 2098//39 2079//39
f 2079//40 2099//40 2080//40
f 2080//41 2100//41 2063//41
f 2063//42 2081//42 2062//42
f 2125//1 2127//1 2126//1
f 2125//1 2128//1 2127//1
f 2125//1 2129//1 2128//1
f 2125//1 2130//1 2129//1
f 2125//1 2131//1 2130//1
f 2131//1 2125//1 2132//1
f 2133//2 2135//2 2134//2
f 2136//2 2135//2 2133//2
f 2137//2 2135//2 2136//2
f 2138//2 2135//2 2137//2
f 2139//2 2135//2 2138//2
f 2135//2 2139//2 2140//2
f 2141//146 2127//146 2142//146
f 2142//147 2128//147 2143//147
f 2143//7 2129//7 2144//7
f 2144//148 2130//148 2145//148
f 2145//149 2131//149 2146//149
f 2146//150 2132//150 2147//150
f 2147//17 2125//17 2148//17
f 2148//151 2126//151 2141//151
f 2134//152 2142//152 2133//152
f 2133//153 2143//153 2136//153
f 2136//27 2144//27 2137//27
f 2137//154 2145//154 2138//154
f 2138//155 2146//155 2139//155
f 2139//156 2147//156 2140//156
f 2140//37 2148//37 2135//37
f 2135//157 2141//157 2134//157
f 2173//1 2175//1 2174//1
f 2173//1 2176//1 2175//1
f 2173//1 2177//1 2176//1
f 2173//1 2178//1 2177//1
f 2173//1 2179//1 2178//1
f 2173//1 2180//1 2179//1
f 2173//1 2181//1 2180//1
f 2173//1 2182//1 2181//1
f 2173//1 2183//1 2182//1
f 2173//1 2184//1 2183//1
f 2173//1 2185//1 2184//1
f 2173//1 2186//1 2185//1
f 2173//1 2187//1 2186//1
f 2173//1 2188//1 2187//1
f 2173//1 2189//1 2188//1
f 2173//1 2190//1 2189//1
f 2173//1 2191//1 2190//1
f 2191//1 2173//1 2192//1
f 2193//2 2195//2 2194//2
f 2196//2 2195//2 2193//2
f 2197//2 2195//2 2196//2
f 2198//2 2195//2 2197//2
f 2199//2 2195//2 2198//2
f 2200//2 2195//2 2199//2
f 2201//2 2195//2 2200//2
f 2202//2 2195//2 2201//2
f 2203//2 2195//2 2202//2
f 2204//2 2195//2 2203//2
f 2205//2 2195//2 2204//2
f 2206//2 2195//2 2205//2
f 2207//2 2195//2 2206//2
f 2208//2 2195//2 2207//2
f 2209//2 2195//2 2208//2
f 2210//2 2195//2 2209//2
f 2211//2 2195//2 2210//2
f 2195//2 2211//2 2212//2
f 2213//3 2175//3 2214//3
f 2214//4 2176//4 2215//4
f 2215//5 2177//5 2216//5
f 2216//6 2178//6 2217//6
f 2217//7 2179//7 2218//7
f 2218//8 2180//8 2219//8
f 2219//9 2181//9 2220//9
f 2220//10 2182//10 2221//10
f 2221//11 2183//11 2222//11
f 2222//12 2184//12 2223//12
f 2223//13 2185//13 2224//13
f 2224//14 2186//14 2225//14
f 2225//15 2187//15 2226//15
f 2226//16 2188//16 2227//16
f 2227//17 2189//17 2228//17
f 2228//18 2190//18 2229//18
f 2229//19 2191//19 2230//19
f 2230//20 2192//20 2231//20
f 2231//21 2173//21 2232//21
f 2232//22 2174//22 2213//22
f 2194//23 2214//23 2193//23
f 2193//24 2215//24 2196//24
f 2196//25 2216//25 2197//25
f 2197//26 2217//26 2198//26
f 2198//27 2218//27 2199//27
f 2199//28 2219//28 2200//28
f 2200//29 2220//29 2201//29
f 2201//30 2221//30 2202//30
f 2202//31 2222//31 2203//31
f 2203//32 2223//32 2204//32
f 2204//33 2224//33 2205//33
f 2205//34 2225//34 2206//34
f 2206//35 2226//35 2207//35
f 2207//36 2227//36 2208//36
f 2208//37 2228//37 2209//37
f 2209//38 2229//38 2210//38
f 2210//39 2230//39 2211//39
f 2211//40 2231//40 2212//40
f 2212//41 2232//41 2195//41
f 2195//42 2213//42 2194//42
f 2293//1 2295//1 2294//1
f 2293//1 2296//1 2295//1
f 2293//1 2297//1 2296//1
f 2293//1 2298//1 2297//1
f 2293//1 2299//1 2298//1
f 2293//1 2300//1 2299//1
f 2293//1 2301//1 2300//1
f 2293//1 2302//1 2301//1
f 2293//1 2303//1 2302//1
f 2293//1 2304//1 2303//1
f 2293//1 2305//1 2304//1
f 2293//1 2306//1 2305//1
f 2293//1 2307//1 2306//1
f 2293//1 2308//1 2307//1
f 2293//1 2309//1 2308//1
f 2293//1 2310//1 2309//1
f 2293//1 2311//1 2310//1
f 2311//1 2293//1 2312//1
f 2313//2 2315//2 2314//2
f 2316//2 2315//2 2313//2
f 2317//2 2315//2 2316//2
f 2318//2 2315//2 2317//2
f 2319//2 2315//2 2318//2
f 2320//2 2315//2 2319//2
f 2321//2 2315//2 2320//2
f 2322//2 2315//2 2321//2
f 2323//2 2315//2 2322//2
f 2324//2 2315//2 2323//2
f 2325//2 2315//2 2324//2
f 2326//2 2315//2 2325//2
f 2327//2 2315//2 2326//2
f 2328//2 2315//2 2327//2
f 2329//2 2315//2 2328//2
f 2330//2 2315//2 2329//2
f 2331//2 2315//2 2330//2
f 2315//2 2331//2 2332//2
f 2333//3 2295//3 2334//3
f 2334//4 2296//4 2335//4
f 2335//5 2297//5 2336//5
f 2336//6 2298//6 2337//6
f 2337//7 2299//7 2338//7
f 2338//8 2300//8 2339//8
f 2339//9 2301//9 2340//9
f 2340//10 2302//10 2341//10
f 2341//11 2303//11 2342//11
f 2342//12 2304//12 2343//12
f 2343//13 2305//13 2344//13
f 2344//14 2306//14 2345//14
f 2345//15 2307//15 2346//15
f 2346//16 2308//16 2347//16
f 2347//17 2309//17 2348//17
f 2348//18 2310//18 2349//18
f 2349//19 2311//19 2350//19
f 2350//20 2312//20 2351//20
f 2351//21 2293//21 2352//21
f 2352//22 2294//22 2333//22
f 2314//23 2334//23 2313//23
f 2313//24 2335//24 2316//24
f 2316//25 2336//25 2317//25
f 2317//26 2337//26 2318//26
f 2318//27 2338//27 2319//27
f 2319//28 2339//28 2320//28
f 2320//29 2340//29 2321//29
f 2321//30 2341//30 2322//30
f 2322//31 2342//31 2323//31
f 2323//32 2343//32 2324//32
f 2324//33 2344//33 2325//33
f 2325//34 2345//34 2326//34
f 2326//35 2346//35 2327//35
f 2327//36 2347//36 2328//36
f 2328//37 2348//37 2329//37
f 2329//38 2349//38 2330//38
f 2330//39 2350//39 2331//39
f 2331//40 2351//40 2332//40
f 2332//41 2352//41 2315//41
f 2315//42 2333//42 2314//42
f 2557//1 2559//1 2558//1
f 2557//1 2560//1 2559//1
f 2557//1 2561//1 2560//1
f 2557//1 2562//1 2561//1
f 2557//1 2563//1 2562//1
f 2557//1 2564//1 2563//1
f 2557//1 2565//1 2564//1
f 2557//1 2566//1 2565//1
f 2557//1 2567//1 2566//1
f 2557//1 2568//1 2567//1
f 2557//1 2569//1 2568//1
f 2557//1 2570//1 2569//1
f 2557//1 2571//1 2570//1
f 2557//1 2572//1 2571//1
f 2557//1 2573//1 2572//1
f 2557//1 2574//1 2573//1
f 2557//1 2575//1 2574//1
f 2557//1 2576//1 2575//1
f 2557//1 2577//1 2576//1
f 2557//1 2578//1 2577//1
f 2557//1 2579//1 2578//1
f 2557//1 2580//1 2579//1
f 2557//1 2581//1 2580//1
f 2557//1 2582//1 2581//1
f 2557//1 2583//1 2582//1
f 2557//1 2584//1 2583//1
f 2557//1 2585//1 2584//1
f 2557//1 2586//1 2585//1
f 2557//1 2587//1 2586//1
f 2557//1 2588//1 2587//1
f 2557//1 2589//1 2588//1
f 2557//1 2590//1 2589//1
f 2557//1 2591//1 2590//1
f 2557//1 2592//1 2591//1
f 2557//1 2593//1 2592//1
f 2557//1 2594//1 2593//1
f 2557//1 2595//1 2594//1
f 2557//1 2596//1 2595//1
f 2557//1 2597//1 2596//1
f 2557//1 2598//1 2597//1
f 2557//1 2599//1 2598//1
f 2557//1 2600//1 2599//1
f 2557//1 2601//1 2600//1
f 2557//1 2602//1 2601//1
f 2557//1 2603//1 2602//1
f 2603//1 2557//1 2604//1
f 2605//2 2607//2 2606//2
f 2608//2 2607//2 2605//2
f 2609//2 2607//2 2608//2
f 2610//2 2607//2 2609//2
f 2611//2 2607//2 2610//2
f 2612//2 2607//2 2611//2
f 2613//2 2607//2 2612//2
f 2614//2 2607//2 2613//2
f 2615//2 2607//2 2614//2
f 2616//2 2607//2 2615//2
f 2617//2 2607//2 2616//2
f 2618//2 2607//2 2617//2
f 2619//2 2607//2 2618//2
f 2620//2 2607//2 2619//2
f 2621//2 2607//2 2620//2
f 2622//2 2607//2 2621//2
f 2623//2 2607//2 2622//2
f 2624//2 2607//2 2623//2
f 2625//2 2607//2 2624//2
f 2626//2 2607//2 2625//2
f 2627//2 2607//2 2626//2
f 2628//2 2607//2 2627//2
f 2629//2 2607//2 2628//2
f 2630//2 2607//2 2629//2
f 2631//2 2607//2 2630//2
f 2632//2 2607//2 2631//2
f 2633//2 2607//2 2632//2
f 2634//2 2607//2 2633//2
f 2635//2 2607//2 2634//2
f 2636//2 2607//2 2635//2
f 2637//2 2607//2 2636//2
f 2638//2 2607//2 2637//2
f 2639//2 2607//2 2638//2
f 2640//2 2607//2 2639//2
f 2641//2 2607//2 2640//2
f 2642//2 2607//2 2641//2
f 2643//2 2607//2 2642//2
f 2644//2 2607//2 2643//2
f 2645//2 2607//2 2644//2
f 2646//2 2607//2 2645//2
f 2647//2 2607//2 2646//2
f 2648//2 2607//2 2647//2
f 2649//2 2607//2 2648//2
f 2650//2 2607//2 2649//2
f 2651//2 2607//2 2650//2
f 2607//2 2651//2 2652//2
f 2653//254 2559//254 2654//254
f 2654//255 2560//255 2655//255
f 2655//256 2561//256 2656//256
f 2656//257 2562//257 2657//257
f 2657//258 2563//258 2658//258
f 2658//259 2564//259 2659//259
f 2659//260 2565//260 2660//260
f 2660//261 2566//261 2661//261
f 2661//262 2567//262 2662//262
f 2662//263 2568//263 2663//263
f 2663//264 2569//264 2664//264
f 2664//265 2570//265 2665//265
f 2665//266 2571//266 2666//266
f 2666//267 2572//267 2667//267
f 2667//268 2573//268 2668//268
f 2668//269 2574//269 2669//269
f 2669//270 2575//270 2670//270
f 2670//271 2576//271 2671//271
f 2671//272 2577//272 2672//272
f 2672//273 2578//273 2673//273
f 2673//274 2579//274 2674//274
f 2674//275 2580//275 2675//275
f 2675//276 2581//276 2676//276
f 2676//277 2582//277 2677//277
f 2677//278 2583//278 2678//278
f 2678//279 2584//279 2679//279
f 2679//280 2585//280 2680//280
f 2680//281 2586//281 2681//281
f 2681//282 2587//282 2682//282
f 2682//283 2588//283 2683//283
f 2683//284 2589//284 2684//284
f 2684//285 2590//285 2685//285
f 2685//286 2591//286 2686//286
f 2686//287 2592//287 2687//287
f 2687//288 2593//288 2688//288
f 2688//289 2594//289 2689//289
f 2689//290 2595//290 2690//290
f 2690//291 2596//291 2691//291
f 2691//292 2597//292 2692//292
f 2692//293 2598//293 2693//293
f 2693//294 2599//294 2694//294
f 2694//295 2600//295 2695//295
f 2695//296 2601//296 2696//296
f 2696//297 2602//297 2697//297
f 2697//298 2603//298 2698//298
f 2698//299 2604//299 2699//299
f 2699//300 2557//300 2700//300
f 2700//301 2558//301 2653//301
f 2606//302 2654//302 2605//302
f 2605//303 2655//303 2608//303
f 2608//304 2656//304 2609//304
f 2609//305 2657//305 2610//305
f 2610//306 2658//306 2611//306
f 2611//307 2659//307 2612//307
f 2612//308 2660//308 2613//308
f 2613//309 2661//309 2614//309
f 2614//310 2662//310 2615//310
f 2615//311 2663//311 2616//311
f 2616//312 2664//312 2617//312
f 2617//313 2665//313 2618//313
f 2618//314 2666//314 2619//314
f 2619//315 2667//315 2620//315
f 2620//316 2668//316 2621//316
f 2621//317 2669//317 2622//317
f 2622//318 2670//318 2623//318
f 2623//319 2671//319 2624//319
f 2624//320 2672//320 2625//320
f 2625//321 2673//321 2626//321
f 2626//322 2674//322 2627//322
f 2627//323 2675//323 2628//323
f 2628//324 2676//324 2629//324
f 2629//325 2677//325 2630//325
f 2630//326 2678//326 2631//326
f 2631//327 2679//327 2632//327
f 2632//328 2680//328 2633//328
f 2633//329 2681//329 2634//329
f 2634//330 2682//330 2635//330
f 2635//331 2683//331 2636//331
f 2636//332 2684//332 2637//332
f 2637//333 2685//333 2638//333
f 2638//334 2686//334 2639//334
f 2639//335 2687//335 2640//335
f 2640//336 2688//336 2641//336
f 2641//337 2689//337 2642//337
f 2642//338 2690//338 2643//338
f 2643//339 2691//339 2644//339
f 2644//340 2692//340 2645//340
f 2645//341 2693//341 2646//341
f 2646//342 2694//342 2647//342
f 2647//343 2695//343 2648//343
f 2648//344 2696//344 2649//344
f 2649//345 2697//345 2650//345
f 2650//346 2698//346 2651//346
f 2651//347 2699//347 2652//347
f 2652//348 2700//348 2607//348
f 2607//349 2653//349 2606//349
f 2989//1 2991//1 2990//1
f 2989//1 2992//1 2991//1
f 2989//1 2993//1 2992//1
f 2989//1 2994//1 2993//1
f 2989//1 2995//1 2994//1
f 2989//1 2996//1 2995//1
f 2989//1 2997//1 2996//1
f 2989//1 2998//1 2997//1
f 2989//1 2999//1 2998//1
f 2989//1 3000//1 2999//1
f 2989//1 3001//1 3000//1
f 2989//1 3002//1 3001//1
f 2989//1 3003//1 3002//1
f 2989//1 3004//1 3003//1
f 2989//1 3005//1 3004//1
f 2989//1 3006//1 3005//1
f 2989//1 3007//1 3006//1
f 3007//1 2989//1 3008//1
f 3009//2 3011//2 3010//2
f 3012//2 3011//2 3009//2
f 3013//2 3011//2 3012//2
f 3014//2 3011//2 3013//2
f 3015//2 3011//2 3014//2
f 3016//2 3011//2 3015//2
f 3017//2 3011//2 3016//2
f 3018//2 3011//2 3017//2
f 3019//2 3011//2 3018//2
f 3020//2 3011//2 3019//2
f 3021//2 3011//2 3020//2
f 3022//2 3011//2 3021//2
f 3023//2 3011//2 3022//2
f 3024//2 3011//2 3023//2
f 3025//2 3011//2 3024//2
f 3026//2 3011//2 3025//2
f 3027//2 3011//2 3026//2
f 3011//2 3027//2 3028//2
f 3029//3 2991//3 3030//3
f 3030//4 2992//4 3031//4
f 3031//5 2993//5 3032//5
f 3032//6 2994//6 3033//6
f 3033//7 2995//7 3034//7
f 3034//8 2996//8 3035//8
f 3035//9 2997//9 3036//9
f 3036//10 2998//10 3037//10
f 3037//11 2999//11 3038//11
f 3038//12 3000//12 3039//12
f 3039//13 3001//13 3040//13
f 3040//14 3002//14 3041//14
f 3041//15 3003//15 3042//15
f 3042//16 3004//16 3043//16
f 3043//17 3005//17 3044//17
f 3044//18 3006//18 3045//18
f 3045//19 3007//19 3046//19
f 3046//20 3008//20 3047//20
f 3047//21 2989//21 3048//21
f 3048//22 2990//22 3029//22
f 3010//23 3030//23 3009//23
f 3009//24 3031//24 3012//24
f 3012//25 3032//25 3013//25
f 3013//26 3033//26 3014//26
f 3014//27 3034//27 3015//27
f 3015//28 3035//28 3016//28
f 3016//29 3036//29 3017//29
f 3017//30 3037//30 3018//30
f 3018//31 3038//31 3019//31
f 3019//32 3039//32 3020//32
f 3020//33 3040//33 3021//33
f 3021//34 3041//34 3022//34
f 3022//35 3042//35 3023//35
f 3023//36 3043//36 3024//36
f 3024//37 3044//37 3025//37
f 3025//38 3045//38 3026//38
f 3026//39 3046//39 3027//39
f 3027//40 3047//40 3028//40
f 3028//41 3048//41 3011//41
f 3011//42 3029//42 3010//42
f 3973//600 3975//17 3974//601
f 3976//602 3974//601 3977//603
f 3978//604 3977//603 3979//605
f 3980//606 3979//605 3981//607
f 3982//12 3981//607 3983//608
f 3984//609 3983//608 3985//610
f 3986//611 3985//610 3987//612
f 3988//613 3987//612 3989//614
f 3990//615 3989//614 3991//616
f 3992//7 3990//615 3991//616
f 3974//601 3975//17 3993//617
f 3977//603 3993//617 3994//618
f 3979//605 3994//618 3995//619
f 3981//607 3995//619 3996//620
f 3983//608 3996//620 3997//123
f 3985//610 3997//123 3998//621
f 3987//612 3998//621 3999//622
f 3989//614 3999//622 4000//623
f 3991//616 4000//623 4001//624
f 3992//7 3991//616 4001//624
f 3993//617 3975//17 4002//625
f 3994//618 4002//625 4003//626
f 3995//619 4003//626 4004//627
f 3996//620 4004//627 4005//628
f 3997//123 4005//628 4006//629
f 3998//621 4006//629 4007//630
f 3999//622 4007//630 4008//631
f 4000//623 4008//631 4009//632
f 4001//624 4009//632 4010//633
f 3992//7 4001//624 4010//633
f 4002//625 3975//17 4011//634
f 4003//626 4011//634 4012//635
f 4004//627 4012//635 4013//636
f 4005//628 4013//636 4014//637
f 4006//629 4014//637 4015//2
f 4007//630 4015//2 4016//638
f 4008//631 4016//638 4017//639
f 4009//632 4017//639 4018//640
f 4010//633 4018//640 4019//641
f 3992//7 4010//633 4019//641
f 4011//634 3975//17 4020//642
f 4012//635 4020//642 4021//643
f 4013//636 4021//643 4022//644
f 4014//637 4022//644 4023//645
f 4015//2 4023//645 4024//646
f 4016//638 4024//646 4025//647
f 4017//639 4025//647 4026//648
f 4018//640 4026//648 4027//649
f 4019//641 4027//649 4028//650
f 3992//78 4019//641 4028//650
f 4020//642 3975//80 4029//651
f 4021//643 4029//651 4030//652
f 4022//644 4030//652 4031//653
f 4023//645 4031//653 4032//654
f 4024//646 4032//654 4033//42
f 4025//647 4033//42 4034//655
f 4026//648 4034//655 4035//656
f 4027//649 4035//656 4036//657
f 4028//650 4036//657 4037//658
f 3992//78 4028//650 4037//658
f 4029//651 3975//80 4038//659
f 4030//652 4038//659 4039//660
f 4031//653 4039//660 4040//661
f 4032//654 4040//661 4041//662
f 4033//42 4041//662 4042//663
f 4034//655 4042//663 4043//664
f 4035//656 4043//664 4044//665
f 4036//657 4044//665 4045//666
f 4037//658 4045//666 4046//667
f 3992//78 4037//658 4046//667
f 4038//659 3975//80 4047//668
f 4039//660 4047//668 4048//669
f 4040//661 4048//669 4049//670
f 4041//662 4049//670 4050//671
f 4042//663 4050//671 4051//22
f 4043//664 4051//22 4052//672
f 4044//665 4052//672 4053//673
f 4045//666 4053//673 4054//674
f 4046//667 4054//674 4055//675
f 3992//78 4046//667 4055//675
f 4047//668 3975//80 4056//676
f 4048//669 4056//676 4057//677
f 4049//670 4057//677 4058//678
f 4050//671 4058//678 4059//679
f 4051//22 4059//679 4060//680
f 4052//672 4060//680 4061//681
f 4053//673 4061//681 4062//682
f 4054//674 4062//682 4063//683
f 4055//675 4063//683 4064//684
f 3992//94 4055//675 4064//684
f 4056//676 3975//96 4065//685
f 4057//677 4065//685 4066//686
f 4058//678 4066//686 4067//687
f 4059//679 4067//687 4068//688
f 4060//680 4068//688 4069//119
f 4061//681 4069//119 4070//689
f 4062//682 4070//689 4071//690
f 4063//683 4071//690 4072//691
f 4064//684 4072//691 4073//692
f 3992//94 4064//684 4073//692
f 4065//685 3975//96 4074//693
f 4066//686 4074//693 4075//694
f 4067//687 4075//694 4076//695
f 4068//688 4076//695 4077//696
f 4069//119 4077//696 4078//697
f 4070//689 4078//697 4079//698
f 4071//690 4079//698 4080//699
f 4072//691 4080//699 4081//700
f 4073//692 4081//700 4082//701
f 3992//94 4073//692 4082//701
f 4074//693 3975//96 4083//702
f 4075//694 4083//702 4084//703
f 4076//695 4084//703 4085//704
f 4077//696 4085//704 4086//705
f 4078//697 4086//705 4087//706
f 4079//698 4087//706 4088//707
f 4080//699 4088//707 4089//708
f 4081//700 4089//708 4090//709
f 4082//701 4090//709 4091//710
f 3992//94 4082//701 4091//710
f 4083//702 3975//96 4092//711
f 4084//703 4092//711 4093//712
f 4085//704 4093//712 4094//713
f 4086//705 4094//713 4095//714
f 4087//706 4095//714 4096//715
f 4088//707 4096//715 4097//716
f 4089//708 4097//716 4098//717
f 4090//709 4098//717 4099//718
f 4091//710 4099//718 4100//719
f 3992//106 4091//710 4100//719
f 4092//711 3975//108 4101//720
f 4093//712 4101//720 4102//721
f 4094//713 4102//721 4103//722
f 4095//714 4103//722 4104//723
f 4096//715 4104//723 4105//118
f 4097//716 4105//118 4106//724
f 4098//717 4106//724 4107//725
f 4099//718 4107//725 4108//726
f 4100//719 4108//726 4109//727
f 3992//106 4100//719 4109//727
f 4101//720 3975//108 4110//728
f 4102//721 4110//728 4111//729
f 4103//722 4111//729 4112//730
f 4104//723 4112//730 4113//731
f 4105//118 4113//731 4114//732
f 4106//724 4114//732 4115//733
f 4107//725 4115//733 4116//734
f 4108//726 4116//734 4117//735
f 4109//727 4117//735 4118//736
f 3992//106 4109//727 4118//736
f 4110//728 3975//108 3973//737
f 4111//729 3973//737 3976//738
f 4112//730 3976//738 3978//739
f 4113//731 3978//739 3980//740
f 4114//732 3980//740 3982//115
f 4115//733 3982//115 3984//741
f 4116//734 3984//741 3986//742
f 4117//735 3986//742 3988//743
f 4118//736 3988//743 3990//744
f 3992//106 4118//736 3990//744
f 3988//743 4118//736 4117//735
f 3986//742 4117//735 4116//734
f 3984//741 4116//734 4115//733
f 3982//115 4115//733 4114//732
f 3980//740 4114//732 4113//731
f 3978//739 4113//731 4112//730
f 3976//738 4112//730 4111//729
f 3973//737 4111//729 4110//728
f 4117//735 4109//727 4108//726
f 4116//734 4108//726 4107//725
f 4115//733 4107//725 4106//724
f 4114//732 4106//724 4105//118
f 4113//731 4105//118 4104//723
f 4112//730 4104//723 4103//722
f 4111//729 4103//722 4102//721
f 4110//728 4102//721 4101//720
f 4108//726 4100//719 4099//718
f 4107//725 4099//718 4098//717
f 4106//724 4098//717 4097//716
f 4105//118 4097//716 4096//715
f 4104//723 4096//715 4095//714
f 4103//722 4095//714 4094//713
f 4102//721 4094//713 4093//712
f 4101//720 4093//712 4092//711
f 4099//718 4091//710 4090//709
f 4098//717 4090//709 4089//708
f 4097//716 4089//708 4088//707
f 4096//715 4088//707 4087//706
f 4095//714 4087//706 4086//705
f 4094//713 4086//705 4085//704
f 4093//712 4085//704 4084//703
f 4092//711 4084//703 4083//702
f 4090//709 4082//701 4081//700
f 4089//708 4081//700 4080//699
f 4088//707 4080//699 4079//698
f 4087//706 4079//698 4078//697
f 4086//705 4078//697 4077//696
f 4085//704 4077//696 4076//695
f 4084//703 4076//695 4075//694
f 4083//702 4075//694 4074//693
f 4081//700 4073//692 4072//691
f 4080//699 4072//691 4071//690
f 4079//698 4071//690 4070//689
f 4078//697 4070//689 4069//119
f 4077//696 4069//119 4068//688
f 4076//695 4068//688 4067//687
f 4075//694 4067//687 4066//686
f 4074//693 4066//686 4065//685
f 4072//691 4064//684 4063//683
f 4071//690 4063//683 4062//682
f 4070//689 4062//682 4061//681
f 4069//119 4061//681 4060//680
f 4068//688 4060//680 4059//679
f 4067//687 4059//679 4058//678
f 4066//686 4058//678 4057//677
f 4065//685 4057//677 4056//676
f 4063//683 4055//675 4054//674
f 4062//682 4054//674 4053//673
f 4061//681 4053//673 4052//672
f 4060//680 4052//672 4051//22
f 4059//679 4051//22 4050//671
f 4058//678 4050//671 4049//670
f 4057//677 4049//670 4048//669
f 4056//676 4048//669 4047//668
f 4054//674 4046//667 4045//666
f 4053//673 4045//666 4044//665
f 4052//672 4044//665 4043//664
f 4051//22 4043//664 4042//663
f 4050//671 4042//663 4041//662
f 4049//670 4041//662 4040//661
f 4048//669 4040//661 4039//660
f 4047//668 4039//660 4038//659
f 4045//666 4037//658 4036//657
f 4044//665 4036//657 4035//656
f 4043//664 4035//656 4034//655
f 4042//663 4034//655 4033//42
f 4041//662 4033//42 4032//654
f 4040//661 4032//654 4031//653
f 4039//660 4031//653 4030//652
f 4038//659 4030//652 4029//651
f 4036//657 4028//650 4027//649
f 4035//656 4027//649 4026//648
f 4034//655 4026//648 4025//647
f 4033//42 4025//647 4024//646
f 4032//654 4024//646 4023//645
f 4031//653 4023//645 4022//644
f 4030//652 4022//644 4021//643
f 4029//651 4021//643 4020//642
f 4027//649 4019//641 4018//640
f 4026//648 4018//640 4017//639
f 4025//647 4017//639 4016//638
f 4024//646 4016//638 4015//2
f 4023//645 4015//2 4014//637
f 4022//644 4014//637 4013//636
f 4021//643 4013//636 4012//635
f 4020//642 4012//635 4011//634
f 4018//640 4010//633 4009//632
f 4017//639 4009//632 4008//631
f 4016//638 4008//631 4007//630
f 4015//2 4007//630 4006//629
f 4014//637 4006//629 4005//628
f 4013//636 4005//628 4004//627
f 4012//635 4004//627 4003//626
f 4011//634 4003//626 4002//625
f 4009//632 4001//624 4000//623
f 4008//631 4000//623 3999//622
f 4007//630 3999//622 3998//621
f 4006//629 3998//621 3997//123
f 4005//628 3997//123 3996//620
f 4004//627 3996//620 3995//619
f 4003//626 3995//619 3994//618
f 4002//625 3994//618 3993//617
f 4000//623 3991//616 3989//614
f 3999//622 3989//614 3987//612
f 3998//621 3987//612 3985//610
f 3997//123 3985//610 3983//608
f 3996//620 3983//608 3981//607
f 3995//619 3981//607 3979//605
f 3994//618 3979//605 3977//603
f 3993//617 3977//603 3974//601
f 3989//614 3990//615 3988//613
f 3987//612 3988//613 3986//611
f 3985//610 3986//611 3984//609
f 3983//608 3984//609 3982//12
f 3981//607 3982//12 3980//606
f 3979//605 3980//606 3978//604
f 3977//603 3978//604 3976//602
f 3974//601 3976//602 3973//600
f 3029//42 3011//42 3048//42
f 3048//41 3028//41 3047//41
f 3047//40 3027//40 3046//40
f 3046//39 3026//39 3045//39
f 3045//38 3025//38 3044//38
f 3044//37 3024//37 3043//37
f 3043//36 3023//36 3042//36
f 3042//35 3022//35 3041//35
f 3041//34 3021//34 3040//34
f 3040//33 3020//33 3039//33
f 3039//32 3019//32 3038//32
f 3038//31 3018//31 3037//31
f 3037//30 3017//30 3036//30
f 3036//29 3016//29 3035//29
f 3035//28 3015//28 3034//28
f 3034//27 3014//27 3033//27
f 3033//26 3013//26 3032//26
f 3032//25 3012//25 3031//25
f 3031//24 3009//24 3030//24
f 3030//23 3010//23 3029//23
f 2990//22 3048//22 2989//22
f 2989//21 3047//21 3008//21
f 3008//20 3046//20 3007//20
f 3007//19 3045//19 3006//19
f 3006//18 3044//18 3005//18
f 3005//17 3043//17 3004//17
f 3004//16 3042//16 3003//16
f 3003//15 3041//15 3002//15
f 3002//14 3040//14 3001//14
f 3001//13 3039//13 3000//13
f 3000//12 3038//12 2999//12
f 2999//11 3037//11 2998//11
f 2998//10 3036//10 2997//10
f 2997//9 3035//9 2996//9
f 2996//8 3034//8 2995//8
f 2995//7 3033//7 2994//7
f 2994//6 3032//6 2993//6
f 2993//5 3031//5 2992//5
f 2992//4 3030//4 2991//4
f 2991//3 3029//3 2990//3
f 2653//349 2607//349 2700//349
f 2700//348 2652//348 2699//348
f 2699//347 2651//347 2698//347
f 2698//346 2650//346 2697//346
f 2697//345 2649//345 2696//345
f 2696//344 2648//344 2695//344
f 2695//343 2647//343 2694//343
f 2694//342 2646//342 2693//342
f 2693//341 2645//341 2692//341
f 2692//340 2644//340 2691//340
f 2691//339 2643//339 2690//339
f 2690//338 2642//338 2689//338
f 2689//337 2641//337 2688//337
f 2688//336 2640//336 2687//336
f 2687//335 2639//335 2686//335
f 2686//334 2638//334 2685//334
f 2685//333 2637//333 2684//333
f 2684//332 2636//332 2683//332
f 2683//331 2635//331 2682//331
f 2682//330 2634//330 2681//330
f 2681//329 2633//329 2680//329
f 2680//328 2632//328 2679//328
f 2679//327 2631//327 2678//327
f 2678//326 2630//326 2677//326
f 2677//325 2629//325 2676//325
f 2676//324 2628//324 2675//324
f 2675//323 2627//323 2674//323
f 2674//322 2626//322 2673//322
f 2673//321 2625//321 2672//321
f 2672//320 2624//320 2671//320
f 2671//319 2623//319 2670//319
f 2670//318 2622//318 2669//318
f 2669//317 2621//317 2668//317
f 2668//316 2620//316 2667//316
f 2667//315 2619//315 2666//315
f 2666//314 2618//314 2665//314
f 2665//313 2617//313 2664//313
f 2664//312 2616//312 2663//312
f 2663//311 2615//311 2662//311
f 2662//310 2614//310 2661//310
f 2661//309 2613//309 2660//309
f 2660//308 2612//308 2659//308
f 2659//307 2611//307 2658//307
f 2658//306 2610//306 2657//306
f 2657//305 2609//305 2656//305
f 2656//304 2608//304 2655//304
f 2655//303 2605//303 2654//303
f 2654//302 2606//302 2653//302
f 2558//301 2700//301 2557//301
f 2557//300 2699//300 2604//300
f 2604//299 2698//299 2603//299
f 2603//298 2697//298 2602//298
f 2602//297 2696//297 2601//297
f 2601//296 2695//296 2600//296
f 2600//295 2694//295 2599//295
f 2599//294 2693//294 2598//294
f 2598//293 2692//293 2597//293
f 2597//292 2691//292 2596//292
f 2596//291 2690//291 2595//291
f 2595//290 2689//290 2594//290
f 2594//289 2688//289 2593//289
f 2593//288 2687//288 2592//288
f 2592//287 2686//287 2591//287
f 2591//286 2685//286 2590//286
f 2590//285 2684//285 2589//285
f 2589//284 2683//284 2588//284
f 2588//283 2682//283 2587//283
f 2587//282 2681//282 2586//282
f 2586//281 2680//281 2585//281
f 2585//280 2679//280 2584//280
f 2584//279 2678//279 2583//279
f 2583//278 2677//278 2582//278
f 2582//277 2676//277 2581//277
f 2581//276 2675//276 2580//276
f 2580//275 2674//275 2579//275
f 2579//274 2673//274 2578//274
f 2578//273 2672//273 2577//273
f 2577//272 2671//272 2576//272
f 2576//271 2670//271 2575//271
f 2575//270 2669//270 2574//270
f 2574//269 2668//269 2573//269
f 2573//268 2667//268 2572//268
f 2572//267 2666//267 2571//267
f 2571//266 2665//266 2570//266
f 2570//265 2664//265 2569//265
f 2569//264 2663//264 2568//264
f 2568//263 2662//263 2567//263
f 2567//262 2661//262 2566//262
f 2566//261 2660//261 2565//261
f 2565//260 2659//260 2564//260
f 2564//259 2658//259 2563//259
f 2563//258 2657//258 2562//258
f 2562//257 2656//257 2561//257
f 2561//256 2655//256 2560//256
f 2560//255 2654//255 2559//255
f 2559//254 2653//254 2558//254
f 2333//42 2315//42 2352//42
f 2352//41 2332//41 2351//41
f 2351//40 2331//40 2350//40
f 2350//39 2330//39 2349//39
f 2349//38 2329//38 2348//38
f 2348//37 2328//37 2347//37
f 2347//36 2327//36 2346//36
f 2346//35 2326//35 2345//35
f 2345//34 2325//34 2344//34
f 2344//33 2324//33 2343//33
f 2343//32 2323//32 2342//32
f 2342//31 2322//31 2341//31
f 2341//30 2321//30 2340//30
f 2340//29 2320//29 2339//29
f 2339//28 2319//28 2338//28
f 2338//27 2318//27 2337//27
f 2337//26 2317//26 2336//26
f 2336//25 2316//25 2335//25
f 2335//24 2313//24 2334//24
f 2334//23 2314//23 2333//23
f 2294//22 2352//22 2293//22
f 2293//21 2351//21 2312//21
f 2312//20 2350//20 2311//20
f 2311//19 2349//19 2310//19
f 2310//18 2348//18 2309//18
f 2309//17 2347//17 2308//17
f 2308//16 2346//16 2307//16
f 2307//15 2345//15 2306//15
f 2306//14 2344//14 2305//14
f 2305//13 2343//13 2304//13
f 2304//12 2342//12 2303//12
f 2303//11 2341//11 2302//11
f 2302//10 2340//10 2301//10
f 2301//9 2339//9 2300//9
f 2300//8 2338//8 2299//8
f 2299//7 2337//7 2298//7
f 2298//6 2336//6 2297//6
f 2297//5 2335//5 2296//5
f 2296//4 2334//4 2295//4
f 2295//3 2333//3 2294//3
f 2213//42 2195//42 2232//42
f 2232//41 2212//41 2231//41
f 2231//40 2211//40 2230//40
f 2230//39 2210//39 2229//39
f 2229//38 2209//38 2228//38
f 2228//37 2208//37 2227//37
f 2227//36 2207//36 2226//36
f 2226//35 2206//35 2225//35
f 2225//34 2205//34 2224//34
f 2224//33 2204//33 2223//33
f 2223//32 2203//32 2222//32
f 2222//31 2202//31 2221//31
f 2221//30 2201//30 2220//30
f 2220//29 2200//29 2219//29
f 2219//28 2199//28 2218//28
f 2218//27 2198//27 2217//27
f 2217//26 2197//26 2216//26
f 2216//25 2196//25 2215//25
f 2215//24 2193//24 2214//24
f 2214//23 2194//23 2213//23
f 2174//22 2232//22 2173//22
f 2173//21 2231//21 2192//21
f 2192//20 2230//20 2191//20
f 2191//19 2229//19 2190//19
f 2190//18 2228//18 2189//18
f 2189//17 2227//17 2188//17
f 2188//16 2226//16 2187//16
f 2187//15 2225//15 2186//15
f 2186//14 2224//14 2185//14
f 2185//13 2223//13 2184//13
f 2184//12 2222//12 2183//12
f 2183//11 2221//11 2182//11
f 2182//10 2220//10 2181//10
f 2181//9 2219//9 2180//9
f 2180//8 2218//8 2179//8
f 2179//7 2217//7 2178//7
f 2178//6 2216//6 2177//6
f 2177//5 2215//5 2176//5
f 2176//4 2214//4 2175//4
f 2175//3 2213//3 2174//3
f 2141//157 2135//157 2148//157
f 2148//37 2140//37 2147//37
f 2147//156 2139//156 2146//156
f 2146//155 2138//155 2145//155
f 2145//154 2137//154 2144//154
f 2144//27 2136//27 2143//27
f 2143//153 2133//153 2142//153
f 2142//152 2134//152 2141//152
f 2126//151 2148//151 2125//151
f 2125//17 2147//17 2132//17
f 2132//150 2146//150 2131//150
f 2131//149 2145//149 2130//149
f 2130//148 2144//148 2129//148
f 2129//7 2143//7 2128//7
f 2128//147 2142//147 2127//147
f 2127//146 2141//146 2126//146
f 2081//42 2063//42 2100//42
f 2100//41 2080//41 2099//41
f 2099//40 2079//40 2098//40
f 2098//39 2078//39 2097//39
f 2097//38 2077//38 2096//38
f 2096//37 2076//37 2095//37
f 2095//36 2075//36 2094//36
f 2094//35 2074//35 2093//35
f 2093//34 2073//34 2092//34
f 2092//33 2072//33 2091//33
f 2091//32 2071//32 2090//32
f 2090//31 2070//31 2089//31
f 2089//30 2069//30 2088//30
f 2088//29 2068//29 2087//29
f 2087//28 2067//28 2086//28
f 2086//27 2066//27 2085//27
f 2085//26 2065//26 2084//26
f 2084//25 2064//25 2083//25
f 2083//24 2061//24 2082//24
f 2082//23 2062//23 2081//23
f 2042//22 2100//22 2041//22
f 2041//21 2099//21 2060//21
f 2060//20 2098//20 2059//20
f 2059//19 2097//19 2058//19
f 2058//18 2096//18 2057//18
f 2057//17 2095//17 2056//17
f 2056//16 2094//16 2055//16
f 2055//15 2093//15 2054//15
f 2054//14 2092//14 2053//14
f 2053//13 2091//13 2052//13
f 2052//12 2090//12 2051//12
f 2051//11 2089//11 2050//11
f 2050//10 2088//10 2049//10
f 2049//9 2087//9 2048//9
f 2048//8 2086//8 2047//8
f 2047//7 2085//7 2046//7
f 2046//6 2084//6 2045//6
f 2045//5 2083//5 2044//5
f 2044//4 2082//4 2043//4
f 2043//3 2081//3 2042//3
f 1841//42 1823//42 1860//42
f 1860//41 1840//41 1859//41
f 1859//40 1839//40 1858//40
f 1858//39 1838//39 1857//39
f 1857//38 1837//38 1856//38
f 1856//37 1836//37 1855//37
f 1855//36 1835//36 1854//36
f 1854//35 1834//35 1853//35
f 1853//34 1833//34 1852//34
f 1852//33 1832//33 1851//33
f 1851//32 1831//32 1850//32
f 1850//31 1830//31 1849//31
f 1849//30 1829//30 1848//30
f 1848//29 1828//29 1847//29
f 1847//28 1827//28 1846//28
f 1846//27 1826//27 1845//27
f 1845//26 1825//26 1844//26
f 1844//25 1824//25 1843//25
f 1843//24 1821//24 1842//24
f 1842//23 1822//23 1841//23
f 1802//22 1860//22 1801//22
f 1801//21 1859//21 1820//21
f 1820//20 1858//20 1819//20
f 1819//19 1857//19 1818//19
f 1818//18 1856//18 1817//18
f 1817//17 1855//17 1816//17
f 1816//16 1854//16 1815//16
f 1815//15 1853//15 1814//15
f 1814//14 1852//14 1813//14
f 1813//13 1851//13 1812//13
f 1812//12 1850//12 1811//12
f 1811//11 1849//11 1810//11
f 1810//10 1848//10 1809//10
f 1809//9 1847//9 1808//9
f 1808//8 1846//8 1807//8
f 1807//7 1845//7 1806//7
f 1806//6 1844//6 1805//6
f 1805//5 1843//5 1804//5
f 1804//4 1842//4 1803//4
f 1803//3 1841//3 1802//3
f 1601//42 1583//42 1620//42
f 1620//41 1600//41 1619//41
f 1619//40 1599//40 1618//40
f 1618//39 1598//39 1617//39
f 1617//38 1597//38 1616//38
f 1616//37 1596//37 1615//37
f 1615//36 1595//36 1614//36
f 1614//35 1594//35 1613//35
f 1613//34 1593//34 1612//34
f 1612//33 1592//33 1611//33
f 1611//32 1591//32 1610//32
f 1610//31 1590//31 1609//31
f 1609//30 1589//30 1608//30
f 1608//29 1588//29 1607//29
f 1607//28 1587//28 1606//28
f 1606//27 1586//27 1605//27
f 1605//26 1585//26 1604//26
f 1604//25 1584//25 1603//25
f 1603//24 1581//24 1602//24
f 1602//23 1582//23 1601//23
f 1562//22 1620//22 1561//22
f 1561//21 1619//21 1580//21
f 1580//20 1618//20 1579//20
f 1579//19 1617//19 1578//19
f 1578//18 1616//18 1577//18
f 1577//17 1615//17 1576//17
f 1576//16 1614//16 1575//16
f 1575//15 1613//15 1574//15
f 1574//14 1612//14 1573//14
f 1573//13 1611//13 1572//13
f 1572//12 1610//12 1571//12
f 1571//11 1609//11 1570//11
f 1570//10 1608//10 1569//10
f 1569//9 1607//9 1568//9
f 1568//8 1606//8 1567//8
f 1567//7 1605//7 1566//7
f 1566//6 1604//6 1565//6
f 1565//5 1603//5 1564//5
f 1564//4 1602//4 1563//4
f 1563//3 1601//3 1562//3
f 1501//1 1480//1 1539//1
f 1539//1 1478//1 1537//1
f 1537//1 1476//1 1535//1
f 1535//1 1474//1 1533//1
f 1533//1 1472//1 1531//1
f 1531//1 1470//1 1529//1
f 1529//1 1468//1 1527//1
f 1527//1 1466//1 1525//1
f 1525//1 1464//1 1523//1
f 1523//1 1462//1 1521//1
f 1521//1 1460//1 1519//1
f 1519//1 1458//1 1517//1
f 1517//1 1456//1 1515//1
f 1515//1 1454//1 1513//1
f 1513//1 1452//1 1511//1
f 1511//1 1450//1 1509//1
f 1509//1 1448//1 1507//1
f 1507//1 1446//1 1505//1
f 1505//1 1443//1 1502//1
f 1502//1 1444//1 1501//1
f 1481//2 1560//2 1500//2
f 1500//2 1559//2 1499//2
f 1499//2 1558//2 1498//2
f 1498//2 1557//2 1497//2
f 1497//2 1556//2 1496//2
f 1496//2 1555//2 1495//2
f 1495//2 1554//2 1494//2
f 1494//2 1553//2 1493//2
f 1493//2 1552//2 1492//2
f 1492//2 1551//2 1491//2
f 1491//2 1550//2 1490//2
f 1490//2 1549//2 1489//2
f 1489//2 1548//2 1488//2
f 1488//2 1547//2 1487//2
f 1487//2 1546//2 1486//2
f 1486//2 1545//2 1485//2
f 1485//2 1544//2 1484//2
f 1484//2 1543//2 1483//2
f 1483//2 1541//2 1482//2
f 1482//2 1542//2 1481//2
f 1542//123 1540//123 1560//123
f 1560//31 1538//31 1559//31
f 1559//30 1536//30 1558//30
f 1558//29 1534//29 1557//29
f 1557//28 1532//28 1556//28
f 1556//145 1530//145 1555//145
f 1555//26 1528//26 1554//26
f 1554//25 1526//25 1553//25
f 1553//24 1524//24 1552//24
f 1552//23 1522//23 1551//23
f 1551//121 1520//121 1550//121
f 1550//41 1518//41 1549//41
f 1549//40 1516//40 1548//40
f 1548//39 1514//39 1547//39
f 1547//38 1512//38 1546//38
f 1546//144 1510//144 1545//144
f 1545//36 1508//36 1544//36
f 1544//35 1506//35 1543//35
f 1543//34 1503//34 1541//34
f 1541//33 1504//33 1542//33
f 1504//143 1539//143 1540//143
f 1540//142 1537//142 1538//142
f 1538//141 1535//141 1536//141
f 1536//140 1533//140 1534//140
f 1534//139 1531//139 1532//139
f 1532//94 1529//94 1530//94
f 1530//138 1527//138 1528//138
f 1528//137 1525//137 1526//137
f 1526//136 1523//136 1524//136
f 1524//135 1521//135 1522//135
f 1522//126 1519//126 1520//126
f 1520//134 1517//134 1518//134
f 1518//133 1515//133 1516//133
f 1516//132 1513//132 1514//132
f 1514//131 1511//131 1512//131
f 1512//96 1509//96 1510//96
f 1510//130 1507//130 1508//130
f 1508//129 1505//129 1506//129
f 1506//128 1502//128 1503//128
f 1503//127 1501//127 1504//127
f 1441//42 1500//42 1479//42
f 1479//41 1499//41 1477//41
f 1477//40 1498//40 1475//40
f 1475//39 1497//39 1473//39
f 1473//38 1496//38 1471//38
f 1471//37 1495//37 1469//37
f 1469//36 1494//36 1467//36
f 1467//35 1493//35 1465//35
f 1465//34 1492//34 1463//34
f 1463//33 1491//33 1461//33
f 1461//32 1490//32 1459//32
f 1459//31 1489//31 1457//31
f 1457//30 1488//30 1455//30
f 1455//29 1487//29 1453//29
f 1453//28 1486//28 1451//28
f 1451//27 1485//27 1449//27
f 1449//26 1484//26 1447//26
f 1447//25 1483//25 1445//25
f 1445//24 1482//24 1442//24
f 1442//23 1481//23 1441//23
f 1444//22 1479//22 1480//22
f 1480//21 1477//21 1478//21
f 1478//20 1475//20 1476//20
f 1476//19 1473//19 1474//19
f 1474//18 1471//18 1472//18
f 1472//17 1469//17 1470//17
f 1470//16 1467//16 1468//16
f 1468//15 1465//15 1466//15
f 1466//14 1463//14 1464//14
f 1464//13 1461//13 1462//13
f 1462//12 1459//12 1460//12
f 1460//11 1457//11 1458//11
f 1458//10 1455//10 1456//10
f 1456//9 1453//9 1454//9
f 1454//8 1451//8 1452//8
f 1452//7 1449//7 1450//7
f 1450//6 1447//6 1448//6
f 1448//5 1445//5 1446//5
f 1446//4 1442//4 1443//4
f 1443//3 1441//3 1444//3
f 1201//1 1180//1 1239//1
f 1239//1 1178//1 1237//1
f 1237//1 1176//1 1235//1
f 1235//1 1174//1 1233//1
f 1233//1 1172//1 1231//1
f 1231//1 1170//1 1229//1
f 1229//1 1168//1 1227//1
f 1227//1 1166//1 1225//1
f 1225//1 1164//1 1223//1
f 1223//1 1162//1 1221//1
f 1221//1 1160//1 1219//1
f 1219//1 1158//1 1217//1
f 1217//1 1156//1 1215//1
f 1215//1 1154//1 1213//1
f 1213//1 1152//1 1211//1
f 1211//1 1150//1 1209//1
f 1209//1 1148//1 1207//1
f 1207//1 1146//1 1205//1
f 1205//1 1143//1 1202//1
f 1202//1 1144//1 1201//1
f 1181//2 1260//2 1200//2
f 1200//2 1259//2 1199//2
f 1199//2 1258//2 1198//2
f 1198//2 1257//2 1197//2
f 1197//2 1256//2 1196//2
f 1196//2 1255//2 1195//2
f 1195//2 1254//2 1194//2
f 1194//2 1253//2 1193//2
f 1193//2 1252//2 1192//2
f 1192//2 1251//2 1191//2
f 1191//2 1250//2 1190//2
f 1190//2 1249//2 1189//2
f 1189//2 1248//2 1188//2
f 1188//2 1247//2 1187//2
f 1187//2 1246//2 1186//2
f 1186//2 1245//2 1185//2
f 1185//2 1244//2 1184//2
f 1184//2 1243//2 1183//2
f 1183//2 1241//2 1182//2
f 1182//2 1242//2 1181//2
f 1242//123 1240//123 1260//123
f 1260//31 1238//31 1259//31
f 1259//30 1236//30 1258//30
f 1258//29 1234//29 1257//29
f 1257//28 1232//28 1256//28
f 1256//145 1230//145 1255//145
f 1255//26 1228//26 1254//26
f 1254//25 1226//25 1253//25
f 1253//24 1224//24 1252//24
f 1252//23 1222//23 1251//23
f 1251//121 1220//121 1250//121
f 1250//41 1218//41 1249//41
f 1249//40 1216//40 1248//40
f 1248//39 1214//39 1247//39
f 1247//38 1212//38 1246//38
f 1246//144 1210//144 1245//144
f 1245//36 1208//36 1244//36
f 1244//35 1206//35 1243//35
f 1243//34 1203//34 1241//34
f 1241//33 1204//33 1242//33
f 1204//143 1239//143 1240//143
f 1240//142 1237//142 1238//142
f 1238//141 1235//141 1236//141
f 1236//140 1233//140 1234//140
f 1234//139 1231//139 1232//139
f 1232//94 1229//94 1230//94
f 1230//138 1227//138 1228//138
f 1228//137 1225//137 1226//137
f 1226//136 1223//136 1224//136
f 1224//135 1221//135 1222//135
f 1222//126 1219//126 1220//126
f 1220//134 1217//134 1218//134
f 1218//133 1215//133 1216//133
f 1216//132 1213//132 1214//132
f 1214//131 1211//131 1212//131
f 1212//96 1209//96 1210//96
f 1210//130 1207//130 1208//130
f 1208//129 1205//129 1206//129
f 1206//128 1202//128 1203//128
f 1203//127 1201//127 1204//127
f 1141//42 1200//42 1179//42
f 1179//41 1199//41 1177//41
f 1177//40 1198//40 1175//40
f 1175//39 1197//39 1173//39
f 1173//38 1196//38 1171//38
f 1171//37 1195//37 1169//37
f 1169//36 1194//36 1167//36
f 1167//35 1193//35 1165//35
f 1165//34 1192//34 1163//34
f 1163//33 1191//33 1161//33
f 1161//32 1190//32 1159//32
f 1159//31 1189//31 1157//31
f 1157//30 1188//30 1155//30
f 1155//29 1187//29 1153//29
f 1153//28 1186//28 1151//28
f 1151//27 1185//27 1149//27
f 1149//26 1184//26 1147//26
f 1147//25 1183//25 1145//25
f 1145//24 1182//24 1142//24
f 1142//23 1181//23 1141//23
f 1144//22 1179//22 1180//22
f 1180//21 1177//21 1178//21
f 1178//20 1175//20 1176//20
f 1176//19 1173//19 1174//19
f 1174//18 1171//18 1172//18
f 1172//17 1169//17 1170//17
f 1170//16 1167//16 1168//16
f 1168//15 1165//15 1166//15
f 1166//14 1163//14 1164//14
f 1164//13 1161//13 1162//13
f 1162//12 1159//12 1160//12
f 1160//11 1157//11 1158//11
f 1158//10 1155//10 1156//10
f 1156//9 1153//9 1154//9
f 1154//8 1151//8 1152//8
f 1152//7 1149//7 1150//7
f 1150//6 1147//6 1148//6
f 1148//5 1145//5 1146//5
f 1146//4 1142//4 1143//4
f 1143//3 1141//3 1144//3
f 961//1 940//1 999//1
f 999//1 938//1 997//1
f 997//1 936//1 995//1
f 995//1 934//1 993//1
f 993//1 932//1 991//1
f 991//1 930//1 989//1
f 989//1 928//1 987//1
f 987//1 926//1 985//1
f 985//1 924//1 983//1
f 983//1 922//1 981//1
f 981//1 920//1 979//1
f 979//1 918//1 977//1
f 977//1 916//1 975//1
f 975//1 914//1 973//1
f 973//1 912//1 971//1
f 971//1 910//1 969//1
f 969//1 908//1 967//1
f 967//1 906//1 965//1
f 965//1 903//1 962//1
f 962//1 904//1 961//1
f 941//2 1020//2 960//2
f 960//2 1019//2 959//2
f 959//2 1018//2 958//2
f 958//2 1017//2 957//2
f 957//2 1016//2 956//2
f 956//2 1015//2 955//2
f 955//2 1014//2 954//2
f 954//2 1013//2 953//2
f 953//2 1012//2 952//2
f 952//2 1011//2 951//2
f 951//2 1010//2 950//2
f 950//2 1009//2 949//2
f 949//2 1008//2 948//2
f 948//2 1007//2 947//2
f 947//2 1006//2 946//2
f 946//2 1005//2 945//2
f 945//2 1004//2 944//2
f 944//2 1003//2 943//2
f 943//2 1001//2 942//2
f 942//2 1002//2 941//2
f 1002//123 1000//123 1020//123
f 1020//31 998//31 1019//31
f 1019//30 996//30 1018//30
f 1018//29 994//29 1017//29
f 1017//28 992//28 1016//28
f 1016//145 990//145 1015//145
f 1015//26 988//26 1014//26
f 1014//25 986//25 1013//25
f 1013//24 984//24 1012//24
f 1012//23 982//23 1011//23
f 1011//121 980//121 1010//121
f 1010//41 978//41 1009//41
f 1009//40 976//40 1008//40
f 1008//39 974//39 1007//39
f 1007//38 972//38 1006//38
f 1006//144 970//144 1005//144
f 1005//36 968//36 1004//36
f 1004//35 966//35 1003//35
f 1003//34 963//34 1001//34
f 1001//33 964//33 1002//33
f 964//143 999//143 1000//143
f 1000//142 997//142 998//142
f 998//141 995//141 996//141
f 996//140 993//140 994//140
f 994//139 991//139 992//139
f 992//94 989//94 990//94
f 990//138 987//138 988//138
f 988//137 985//137 986//137
f 986//136 983//136 984//136
f 984//135 981//135 982//135
f 982//126 979//126 980//126
f 980//134 977//134 978//134
f 978//133 975//133 976//133
f 976//132 973//132 974//132
f 974//131 971//131 972//131
f 972//96 969//96 970//96
f 970//130 967//130 968//130
f 968//129 965//129 966//129
f 966//128 962//128 963//128
f 963//127 961//127 964//127
f 901//42 960//42 939//42
f 939//41 959//41 937//41
f 937//40 958//40 935//40
f 935//39 957//39 933//39
f 933//38 956//38 931//38
f 931//37 955//37 929//37
f 929//36 954//36 927//36
f 927//35 953//35 925//35
f 925//34 952//34 923//34
f 923//33 951//33 921//33
f 921//32 950//32 919//32
f 919//31 949//31 917//31
f 917//30 948//30 915//30
f 915//29 947//29 913//29
f 913//28 946//28 911//28
f 911//27 945//27 909//27
f 909//26 944//26 907//26
f 907//25 943//25 905//25
f 905//24 942//24 902//24
f 902//23 941//23 901//23
f 904//22 939//22 940//22
f 940//21 937//21 938//21
f 938//20 935//20 936//20
f 936//19 933//19 934//19
f 934//18 931//18 932//18
f 932//17 929//17 930//17
f 930//16 927//16 928//16
f 928//15 925//15 926//15
f 926//14 923//14 924//14
f 924//13 921//13 922//13
f 922//12 919//12 920//12
f 920//11 917//11 918//11
f 918//10 915//10 916//10
f 916//9 913//9 914//9
f 914//8 911//8 912//8
f 912//7 909//7 910//7
f 910//6 907//6 908//6
f 908//5 905//5 906//5
f 906//4 902//4 903//4
f 903//3 901//3 904//3
f 773//12 772//123 765//12
f 780//123 771//122 772//123
f 779//122 770//121 771//122
f 778//121 769//120 770//121
f 777//120 768//119 769//120
f 776//119 767//1 768//119
f 775//1 766//118 767//1
f 774//118 765//12 766//118
f 765//12 763//123 750//12
f 772//123 761//122 763//123
f 771//122 759//121 761//122
f 770//121 757//126 759//121
f 769//120 755//125 757//126
f 768//119 753//1 755//125
f 767//1 751//118 753//1
f 766//118 750//115 751//118
f 750//12 764//32 749//124
f 763//123 762//122 764//32
f 761//122 760//121 762//122
f 759//121 758//120 760//121
f 757//126 756//119 758//120
f 755//125 754//1 756//119
f 753//1 752//118 754//1
f 751//118 749//12 752//118
f 741//12 740//123 733//12
f 748//123 739//122 740//123
f 747//122 738//121 739//122
f 746//121 737//120 738//121
f 745//120 736//119 737//120
f 744//119 735//1 736//119
f 743//1 734//118 735//1
f 742//118 733//12 734//118
f 733//12 731//123 718//12
f 740//123 729//122 731//123
f 739//122 727//121 729//122
f 738//121 725//126 727//121
f 737//120 723//125 725//126
f 736//119 721//1 723//125
f 735//1 719//118 721//1
f 734//118 718//115 719//118
f 718//12 732//123 717//12
f 731//123 730//122 732//123
f 729//122 728//121 730//122
f 727//121 726//120 728//121
f 725//126 724//119 726//120
f 723//125 722//1 724//119
f 721//1 720//118 722//1
f 719//118 717//12 720//118
f 709//12 708//123 701//12
f 716//123 707//122 708//123
f 715//122 706//121 707//122
f 714//121 705//120 706//121
f 713//120 704//119 705//120
f 712//119 703//1 704//119
f 711//1 702//118 703//1
f 710//118 701//12 702//118
f 701//12 699//32 686//124
f 708//123 697//122 699//32
f 707//122 695//121 697//122
f 706//121 693//120 695//121
f 705//120 691//119 693//120
f 704//119 689//1 691//119
f 703//1 687//118 689//1
f 702//118 686//12 687//118
f 686//124 700//32 685//124
f 699//32 698//122 700//32
f 697//122 696//121 698//122
f 695//121 694//120 696//121
f 693//120 692//119 694//120
f 691//119 690//1 692//119
f 689//1 688//118 690//1
f 687//118 685//12 688//118
f 677//12 676//123 669//12
f 684//123 675//122 676//123
f 683//122 674//121 675//122
f 682//121 673//120 674//121
f 681//120 672//119 673//120
f 680//119 671//1 672//119
f 679//1 670//118 671//1
f 678//118 669//12 670//118
f 669//12 667//32 654//124
f 676//123 665//122 667//32
f 675//122 663//121 665//122
f 674//121 661//120 663//121
f 673//120 659//119 661//120
f 672//119 657//1 659//119
f 671//1 655//118 657//1
f 670//118 654//12 655//118
f 654//124 668//123 653//12
f 667//32 666//122 668//123
f 665//122 664//121 666//122
f 663//121 662//120 664//121
f 661//120 660//119 662//120
f 659//119 658//1 660//119
f 657//1 656//118 658//1
f 655//118 653//12 656//118
g cabinet_lacquer
f 781//3 783//3 782//3
f 782//4 786//4 785//4
f 785//5 788//5 787//5
f 787//6 790//6 789//6
f 789//7 792//7 791//7
f 791//8 794//8 793//8
f 793//9 796//9 795//9
f 795//10 798//10 797//10
f 797//11 800//11 799//11
f 799//12 802//12 801//12
f 801//13 804//13 803//13
f 803//14 806//14 805//14
f 805//15 808//15 807//15
f 807//16 810//16 809//16
f 809//17 812//17 811//17
f 811//18 814//18 813//18
f 813//19 816//19 815//19
f 815//20 818//20 817//20
f 817//21 820//21 819//21
f 819//22 784//22 781//22
f 821//23 782//23 822//23
f 822//24 785//24 823//24
f 823//25 787//25 824//25
f 824//26 789//26 825//26
f 825//27 791//27 826//27
f 826//28 793//28 827//28
f 827//29 795//29 828//29
f 828//30 797//30 829//30
f 829//31 799//31 830//31
f 830//32 801//32 831//32
f 831//33 803//33 832//33
f 832//34 805//34 833//34
f 833//35 807//35 834//35
f 834//36 809//36 835//36
f 835//37 811//37 836//37
f 836//38 813//38 837//38
f 837//39 815//39 838//39
f 838//40 817//40 839//40
f 839//41 819//41 840//41
f 840//42 781//42 821//42
f 841//127 843//127 842//127
f 842//128 846//128 845//128
f 845//129 848//129 847//129
f 847//130 850//130 849//130
f 849//96 852//96 851//96
f 851//131 854//131 853//131
f 853//132 856//132 855//132
f 855//133 858//133 857//133
f 857//134 860//134 859//134
f 859//126 862//126 861//126
f 861//135 864//135 863//135
f 863//136 866//136 865//136
f 865//137 868//137 867//137
f 867//138 870//138 869//138
f 869//94 872//94 871//94
f 871//139 874//139 873//139
f 873//140 876//140 875//140
f 875//141 878//141 877//141
f 877//142 880//142 879//142
f 879//143 844//143 841//143
f 844//33 881//33 843//33
f 843//34 883//34 846//34
f 846//35 884//35 848//35
f 848//36 885//36 850//36
f 850//144 886//144 852//144
f 852//38 887//38 854//38
f 854//39 888//39 856//39
f 856//40 889//40 858//40
f 858//41 890//41 860//41
f 860//121 891//121 862//121
f 862//23 892//23 864//23
f 864//24 893//24 866//24
f 866//25 894//25 868//25
f 868//26 895//26 870//26
f 870//145 896//145 872//145
f 872//28 897//28 874//28
f 874//29 898//29 876//29
f 876//30 899//30 878//30
f 878//31 900//31 880//31
f 880//123 882//123 844//123
f 882//2 822//2 881//2
f 881//2 823//2 883//2
f 883//2 824//2 884//2
f 884//2 825//2 885//2
f 885//2 826//2 886//2
f 886//2 827//2 887//2
f 887//2 828//2 888//2
f 888//2 829//2 889//2
f 889//2 830//2 890//2
f 890//2 831//2 891//2
f 891//2 832//2 892//2
f 892//2 833//2 893//2
f 893//2 834//2 894//2
f 894//2 835//2 895//2
f 895//2 836//2 896//2
f 896//2 837//2 897//2
f 897//2 838//2 898//2
f 898//2 839//2 899//2
f 899//2 840//2 900//2
f 900//2 821//2 882//2
f 784//1 842//1 783//1
f 783//1 845//1 786//1
f 786//1 847//1 788//1
f 788//1 849//1 790//1
f 790//1 851//1 792//1
f 792//1 853//1 794//1
f 794//1 855//1 796//1
f 796//1 857//1 798//1
f 798//1 859//1 800//1
f 800//1 861//1 802//1
f 802//1 863//1 804//1
f 804//1 865//1 806//1
f 806//1 867//1 808//1
f 808//1 869//1 810//1
f 810//1 871//1 812//1
f 812//1 873//1 814//1
f 814//1 875//1 816//1
f 816//1 877//1 818//1
f 818//1 879//1 820//1
f 820//1 841//1 784//1
f 2149//1 2151//1 2150//1
f 2149//1 2152//1 2151//1
f 2149//1 2153//1 2152//1
f 2149//1 2154//1 2153//1
f 2149//1 2155//1 2154//1
f 2155//1 2149//1 2156//1
f 2157//2 2159//2 2158//2
f 2160//2 2159//2 2157//2
f 2161//2 2159//2 2160//2
f 2162//2 2159//2 2161//2
f 2163//2 2159//2 2162//2
f 2159//2 2163//2 2164//2
f 2165//146 2151//146 2166//146
f 2166//147 2152//147 2167//147
f 2167//7 2153//7 2168//7
f 2168//148 2154//148 2169//148
f 2169//149 2155//149 2170//149
f 2170//150 2156//150 2171//150
f 2171//17 2149//17 2172//17
f 2172//151 2150//151 2165//151
f 2158//152 2166//152 2157//152
f 2157//153 2167//153 2160//153
f 2160//27 2168//27 2161//27
f 2161//154 2169//154 2162//154
f 2162//155 2170//155 2163//155
f 2163//156 2171//156 2164//156
f 2164//37 2172//37 2159//37
f 2159//157 2165//157 2158//157
f 2165//157 2159//157 2172//157
f 2172//37 2164//37 2171//37
f 2171//156 2163//156 2170//156
f 2170//155 2162//155 2169//155
f 2169//154 2161//154 2168//154
f 2168//27 2160//27 2167//27
f 2167//153 2157//153 2166//153
f 2166//152 2158//152 2165//152
f 2150//151 2172//151 2149//151
f 2149//17 2171//17 2156//17
f 2156//150 2170//150 2155//150
f 2155//149 2169//149 2154//149
f 2154//148 2168//148 2153//148
f 2153//7 2167//7 2152//7
f 2152//147 2166//147 2151//147
f 2151//146 2165//146 2150//146
f 841//1 820//1 879//1
f 879//1 818//1 877//1
f 877//1 816//1 875//1
f 875//1 814//1 873//1
f 873//1 812//1 871//1
f 871//1 810//1 869//1
f 869//1 808//1 867//1
f 867//1 806//1 865//1
f 865//1 804//1 863//1
f 863//1 802//1 861//1
f 861//1 800//1 859//1
f 859//1 798//1 857//1
f 857//1 796//1 855//1
f 855//1 794//1 853//1
f 853//1 792//1 851//1
f 851//1 790//1 849//1
f 849//1 788//1 847//1
f 847//1 786//1 845//1
f 845//1 783//1 842//1
f 842//1 784//1 841//1
f 821//2 900//2 840//2
f 840//2 899//2 839//2
f 839//2 898//2 838//2
f 838//2 897//2 837//2
f 837//2 896//2 836//2
f 836//2 895//2 835//2
f 835//2 894//2 834//2
f 834//2 893//2 833//2
f 833//2 892//2 832//2
f 832//2 891//2 831//2
f 831//2 890//2 830//2
f 830//2 889//2 829//2
f 829//2 888//2 828//2
f 828//2 887//2 827//2
f 827//2 886//2 826//2
f 826//2 885//2 825//2
f 825//2 884//2 824//2
f 824//2 883//2 823//2
f 823//2 881//2 822//2
f 822//2 882//2 821//2
f 882//123 880//123 900//123
f 900//31 878//31 899//31
f 899//30 876//30 898//30
f 898//29 874//29 897//29
f 897//28 872//28 896//28
f 896//145 870//145 895//145
f 895//26 868//26 894//26
f 894//25 866//25 893//25
f 893//24 864//24 892//24
f 892//23 862//23 891//23
f 891//121 860//121 890//121
f 890//41 858//41 889//41
f 889//40 856//40 888//40
f 888//39 854//39 887//39
f 887//38 852//38 886//38
f 886//144 850//144 885//144
f 885//36 848//36 884//36
f 884//35 846//35 883//35
f 883//34 843//34 881//34
f 881//33 844//33 882//33
f 844//143 879//143 880//143
f 880//142 877//142 878//142
f 878//141 875//141 876//141
f 876//140 873//140 874//140
f 874//139 871//139 872//139
f 872//94 869//94 870//94
f 870//138 867//138 868//138
f 868//137 865//137 866//137
f 866//136 863//136 864//136
f 864//135 861//135 862//135
f 862//126 859//126 860//126
f 860//134 857//134 858//134
f 858//133 855//133 856//133
f 856//132 853//132 854//132
f 854//131 851//131 852//131
f 852//96 849//96 850//96
f 850//130 847//130 848//130
f 848//129 845//129 846//129
f 846//128 842//128 843//128
f 843//127 841//127 844//127
f 781//42 840//42 819//42
f 819//41 839//41 817//41
f 817//40 838//40 815//40
f 815//39 837//39 813//39
f 813//38 836//38 811//38
f 811//37 835//37 809//37
f 809//36 834//36 807//36
f 807//35 833//35 805//35
f 805//34 832//34 803//34
f 803//33 831//33 801//33
f 801//32 830//32 799//32
f 799//31 829//31 797//31
f 797//30 828//30 795//30
f 795//29 827//29 793//29
f 793//28 826//28 791//28
f 791//27 825//27 789//27
f 789//26 824//26 787//26
f 787//25 823//25 785//25
f 785//24 822//24 782//24
f 782//23 821//23 781//23
f 784//22 819//22 820//22
f 820//21 817//21 818//21
f 818//20 815//20 816//20
f 816//19 813//19 814//19
f 814//18 811//18 812//18
f 812//17 809//17 810//17
f 810//16 807//16 808//16
f 808//15 805//15 806//15
f 806//14 803//14 804//14
f 804//13 801//13 802//13
f 802//12 799//12 800//12
f 800//11 797//11 798//11
f 798//10 795//10 796//10
f 796//9 793//9 794//9
f 794//8 791//8 792//8
f 792//7 789//7 790//7
f 790//6 787//6 788//6
f 788//5 785//5 786//5
f 786//4 782//4 783//4
f 783//3 781//3 784//3
g cabinet_highlight
f 1021//3 1023//3 1022//3
f 1022//4 1026//4 1025//4
f 1025//5 1028//5 1027//5
f 1027//6 1030//6 1029//6
f 1029//7 1032//7 1031//7
f 1031//8 1034//8 1033//8
f 1033//9 1036//9 1035//9
f 1035//10 1038//10 1037//10
f 1037//11 1040//11 1039//11
f 1039//12 1042//12 1041//12
f 1041//13 1044//13 1043//13
f 1043//14 1046//14 1045//14
f 1045//15 1048//15 1047//15
f 1047//16 1050//16 1049//16
f 1049//17 1052//17 1051//17
f 1051//18 1054//18 1053//18
f 1053//19 1056//19 1055//19
f 1055//20 1058//20 1057//20
f 1057//21 1060//21 1059//21
f 1059//22 1024//22 1021//22
f 1061//23 1022//23 1062//23
f 1062//24 1025//24 1063//24
f 1063//25 1027//25 1064//25
f 1064//26 1029//26 1065//26
f 1065//27 1031//27 1066//27
f 1066//28 1033//28 1067//28
f 1067//29 1035//29 1068//29
f 1068//30 1037//30 1069//30
f 1069//31 1039//31 1070//31
f 1070//32 1041//32 1071//32
f 1071//33 1043//33 1072//33
f 1072//34 1045//34 1073//34
f 1073//35 1047//35 1074//35
f 1074//36 1049//36 1075//36
f 1075//37 1051//37 1076//37
f 1076//38 1053//38 1077//38
f 1077//39 1055//39 1078//39
f 1078//40 1057//40 1079//40
f 1079//41 1059//41 1080//41
f 1080//42 1021//42 1061//42
f 1081//127 1083//127 1082//127
f 1082//128 1086//128 1085//128
f 1085//129 1088//129 1087//129
f 1087//130 1090//130 1089//130
f 1089//96 1092//96 1091//96
f 1091//131 1094//131 1093//131
f 1093//132 1096//132 1095//132
f 1095//133 1098//133 1097//133
f 1097//134 1100//134 1099//134
f 1099//126 1102//126 1101//126
f 1101//135 1104//135 1103//135
f 1103//136 1106//136 1105//136
f 1105//137 1108//137 1107//137
f 1107//138 1110//138 1109//138
f 1109//94 1112//94 1111//94
f 1111//139 1114//139 1113//139
f 1113//140 1116//140 1115//140
f 1115//141 1118//141 1117//141
f 1117//142 1120//142 1119//142
f 1119//143 1084//143 1081//143
f 1084//33 1121//33 1083//33
f 1083//34 1123//34 1086//34
f 1086//35 1124//35 1088//35
f 1088//36 1125//36 1090//36
f 1090//144 1126//144 1092//144
f 1092//38 1127//38 1094//38
f 1094//39 1128//39 1096//39
f 1096//40 1129//40 1098//40
f 1098//41 1130//41 1100//41
f 1100//121 1131//121 1102//121
f 1102//23 1132//23 1104//23
f 1104//24 1133//24 1106//24
f 1106//25 1134//25 1108//25
f 1108//26 1135//26 1110//26
f 1110//145 1136//145 1112//145
f 1112//28 1137//28 1114//28
f 1114//29 1138//29 1116//29
f 1116//30 1139//30 1118//30
f 1118//31 1140//31 1120//31
f 1120//123 1122//123 1084//123
f 1122//2 1062//2 1121//2
f 1121//2 1063//2 1123//2
f 1123//2 1064//2 1124//2
f 1124//2 1065//2 1125//2
f 1125//2 1066//2 1126//2
f 1126//2 1067//2 1127//2
f 1127//2 1068//2 1128//2
f 1128//2 1069//2 1129//2
f 1129//2 1070//2 1130//2
f 1130//2 1071//2 1131//2
f 1131//2 1072//2 1132//2
f 1132//2 1073//2 1133//2
f 1133//2 1074//2 1134//2
f 1134//2 1075//2 1135//2
f 1135//2 1076//2 1136//2
f 1136//2 1077//2 1137//2
f 1137//2 1078//2 1138//2
f 1138//2 1079//2 1139//2
f 1139//2 1080//2 1140//2
f 1140//2 1061//2 1122//2
f 1024//1 1082//1 1023//1
f 1023//1 1085//1 1026//1
f 1026//1 1087//1 1028//1
f 1028//1 1089//1 1030//1
f 1030//1 1091//1 1032//1
f 1032//1 1093//1 1034//1
f 1034//1 1095//1 1036//1
f 1036//1 1097//1 1038//1
f 1038//1 1099//1 1040//1
f 1040//1 1101//1 1042//1
f 1042//1 1103//1 1044//1
f 1044//1 1105//1 1046//1
f 1046//1 1107//1 1048//1
f 1048//1 1109//1 1050//1
f 1050//1 1111//1 1052//1
f 1052//1 1113//1 1054//1
f 1054//1 1115//1 1056//1
f 1056//1 1117//1 1058//1
f 1058//1 1119//1 1060//1
f 1060//1 1081//1 1024//1
f 1261//3 1263//3 1262//3
f 1262//4 1266//4 1265//4
f 1265//5 1268//5 1267//5
f 1267//6 1270//6 1269//6
f 1269//7 1272//7 1271//7
f 1271//8 1274//8 1273//8
f 1273//9 1276//9 1275//9
f 1275//10 1278//10 1277//10
f 1277//11 1280//11 1279//11
f 1279//12 1282//12 1281//12
f 1281//13 1284//13 1283//13
f 1283//14 1286//14 1285//14
f 1285//15 1288//15 1287//15
f 1287//16 1290//16 1289//16
f 1289//17 1292//17 1291//17
f 1291//18 1294//18 1293//18
f 1293//19 1296//19 1295//19
f 1295//20 1298//20 1297//20
f 1297//21 1300//21 1299//21
f 1299//22 1264//22 1261//22
f 1301//23 1262//23 1302//23
f 1302//24 1265//24 1303//24
f 1303//25 1267//25 1304//25
f 1304//26 1269//26 1305//26
f 1305//27 1271//27 1306//27
f 1306//28 1273//28 1307//28
f 1307//29 1275//29 1308//29
f 1308//30 1277//30 1309//30
f 1309//31 1279//31 1310//31
f 1310//32 1281//32 1311//32
f 1311//33 1283//33 1312//33
f 1312//34 1285//34 1313//34
f 1313//35 1287//35 1314//35
f 1314//36 1289//36 1315//36
f 1315//37 1291//37 1316//37
f 1316//38 1293//38 1317//38
f 1317//39 1295//39 1318//39
f 1318//40 1297//40 1319//40
f 1319//41 1299//41 1320//41
f 1320//42 1261//42 1301//42
f 1321//127 1323//127 1322//127
f 1322//128 1326//128 1325//128
f 1325//129 1328//129 1327//129
f 1327//130 1330//130 1329//130
f 1329//96 1332//96 1331//96
f 1331//131 1334//131 1333//131
f 1333//132 1336//132 1335//132
f 1335//133 1338//133 1337//133
f 1337//134 1340//134 1339//134
f 1339//126 1342//126 1341//126
f 1341//135 1344//135 1343//135
f 1343//136 1346//136 1345//136
f 1345//137 1348//137 1347//137
f 1347//138 1350//138 1349//138
f 1349//94 1352//94 1351//94
f 1351//139 1354//139 1353//139
f 1353//140 1356//140 1355//140
f 1355//141 1358//141 1357//141
f 1357//142 1360//142 1359//142
f 1359//143 1324//143 1321//143
f 1324//33 1361//33 1323//33
f 1323//34 1363//34 1326//34
f 1326//35 1364//35 1328//35
f 1328//36 1365//36 1330//36
f 1330//144 1366//144 1332//144
f 1332//38 1367//38 1334//38
f 1334//39 1368//39 1336//39
f 1336//40 1369//40 1338//40
f 1338//41 1370//41 1340//41
f 1340//121 1371//121 1342//121
f 1342//23 1372//23 1344//23
f 1344//24 1373//24 1346//24
f 1346//25 1374//25 1348//25
f 1348//26 1375//26 1350//26
f 1350//145 1376//145 1352//145
f 1352//28 1377//28 1354//28
f 1354//29 1378//29 1356//29
f 1356//30 1379//30 1358//30
f 1358//31 1380//31 1360//31
f 1360//123 1362//123 1324//123
f 1362//2 1302//2 1361//2
f 1361//2 1303//2 1363//2
f 1363//2 1304//2 1364//2
f 1364//2 1305//2 1365//2
f 1365//2 1306//2 1366//2
f 1366//2 1307//2 1367//2
f 1367//2 1308//2 1368//2
f 1368//2 1309//2 1369//2
f 1369//2 1310//2 1370//2
f 1370//2 1311//2 1371//2
f 1371//2 1312//2 1372//2
f 1372//2 1313//2 1373//2
f 1373//2 1314//2 1374//2
f 1374//2 1315//2 1375//2
f 1375//2 1316//2 1376//2
f 1376//2 1317//2 1377//2
f 1377//2 1318//2 1378//2
f 1378//2 1319//2 1379//2
f 1379//2 1320//2 1380//2
f 1380//2 1301//2 1362//2
f 1264//1 1322//1 1263//1
f 1263//1 1325//1 1266//1
f 1266//1 1327//1 1268//1
f 1268//1 1329//1 1270//1
f 1270//1 1331//1 1272//1
f 1272//1 1333//1 1274//1
f 1274//1 1335//1 1276//1
f 1276//1 1337//1 1278//1
f 1278//1 1339//1 1280//1
f 1280//1 1341//1 1282//1
f 1282//1 1343//1 1284//1
f 1284//1 1345//1 1286//1
f 1286//1 1347//1 1288//1
f 1288//1 1349//1 1290//1
f 1290//1 1351//1 1292//1
f 1292//1 1353//1 1294//1
f 1294//1 1355//1 1296//1
f 1296//1 1357//1 1298//1
f 1298//1 1359//1 1300//1
f 1300//1 1321//1 1264//1
f 1681//1 1683//1 1682//1
f 1681//1 1684//1 1683//1
f 1681//1 1685//1 1684//1
f 1681//1 1686//1 1685//1
f 1681//1 1687//1 1686//1
f 1681//1 1688//1 1687//1
f 1681//1 1689//1 1688//1
f 1681//1 1690//1 1689//1
f 1681//1 1691//1 1690//1
f 1681//1 1692//1 1691//1
f 1681//1 1693//1 1692//1
f 1681//1 1694//1 1693//1
f 1681//1 1695//1 1694//1
f 1681//1 1696//1 1695//1
f 1681//1 1697//1 1696//1
f 1681//1 1698//1 1697//1
f 1681//1 1699//1 1698//1
f 1699//1 1681//1 1700//1
f 1701//2 1703//2 1702//2
f 1704//2 1703//2 1701//2
f 1705//2 1703//2 1704//2
f 1706//2 1703//2 1705//2
f 1707//2 1703//2 1706//2
f 1708//2 1703//2 1707//2
f 1709//2 1703//2 1708//2
f 1710//2 1703//2 1709//2
f 1711//2 1703//2 1710//2
f 1712//2 1703//2 1711//2
f 1713//2 1703//2 1712//2
f 1714//2 1703//2 1713//2
f 1715//2 1703//2 1714//2
f 1716//2 1703//2 1715//2
f 1717//2 1703//2 1716//2
f 1718//2 1703//2 1717//2
f 1719//2 1703//2 1718//2
f 1703//2 1719//2 1720//2
f 1721//3 1683//3 1722//3
f 1722//4 1684//4 1723//4
f 1723//5 1685//5 1724//5
f 1724//6 1686//6 1725//6
f 1725//7 1687//7 1726//7
f 1726//8 1688//8 1727//8
f 1727//9 1689//9 1728//9
f 1728//10 1690//10 1729//10
f 1729//11 1691//11 1730//11
f 1730//12 1692//12 1731//12
f 1731//13 1693//13 1732//13
f 1732//14 1694//14 1733//14
f 1733//15 1695//15 1734//15
f 1734//16 1696//16 1735//16
f 1735//17 1697//17 1736//17
f 1736//18 1698//18 1737//18
f 1737//19 1699//19 1738//19
f 1738//20 1700//20 1739//20
f 1739//21 1681//21 1740//21
f 1740//22 1682//22 1721//22
f 1702//23 1722//23 1701//23
f 1701//24 1723//24 1704//24
f 1704//25 1724//25 1705//25
f 1705//26 1725//26 1706//26
f 1706//27 1726//27 1707//27
f 1707//28 1727//28 1708//28
f 1708//29 1728//29 1709//29
f 1709//30 1729//30 1710//30
f 1710//31 1730//31 1711//31
f 1711//32 1731//32 1712//32
f 1712//33 1732//33 1713//33
f 1713//34 1733//34 1714//34
f 1714//35 1734//35 1715//35
f 1715//36 1735//36 1716//36
f 1716//37 1736//37 1717//37
f 1717//38 1737//38 1718//38
f 1718//39 1738//39 1719//39
f 1719//40 1739//40 1720//40
f 1720//41 1740//41 1703//41
f 1703//42 1721//42 1702//42
f 1741//1 1743//1 1742//1
f 1741//1 1744//1 1743//1
f 1741//1 1745//1 1744//1
f 1741//1 1746//1 1745//1
f 1741//1 1747//1 1746//1
f 1741//1 1748//1 1747//1
f 1741//1 1749//1 1748//1
f 1741//1 1750//1 1749//1
f 1741//1 1751//1 1750//1
f 1741//1 1752//1 1751//1
f 1741//1 1753//1 1752//1
f 1741//1 1754//1 1753//1
f 1741//1 1755//1 1754//1
f 1741//1 1756//1 1755//1
f 1741//1 1757//1 1756//1
f 1741//1 1758//1 1757//1
f 1741//1 1759//1 1758//1
f 1759//1 1741//1 1760//1
f 1761//2 1763//2 1762//2
f 1764//2 1763//2 1761//2
f 1765//2 1763//2 1764//2
f 1766//2 1763//2 1765//2
f 1767//2 1763//2 1766//2
f 1768//2 1763//2 1767//2
f 1769//2 1763//2 1768//2
f 1770//2 1763//2 1769//2
f 1771//2 1763//2 1770//2
f 1772//2 1763//2 1771//2
f 1773//2 1763//2 1772//2
f 1774//2 1763//2 1773//2
f 1775//2 1763//2 1774//2
f 1776//2 1763//2 1775//2
f 1777//2 1763//2 1776//2
f 1778//2 1763//2 1777//2
f 1779//2 1763//2 1778//2
f 1763//2 1779//2 1780//2
f 1781//3 1743//3 1782//3
f 1782//4 1744//4 1783//4
f 1783//5 1745//5 1784//5
f 1784//6 1746//6 1785//6
f 1785//7 1747//7 1786//7
f 1786//8 1748//8 1787//8
f 1787//9 1749//9 1788//9
f 1788//10 1750//10 1789//10
f 1789//11 1751//11 1790//11
f 1790//12 1752//12 1791//12
f 1791//13 1753//13 1792//13
f 1792//14 1754//14 1793//14
f 1793//15 1755//15 1794//15
f 1794//16 1756//16 1795//16
f 1795//17 1757//17 1796//17
f 1796//18 1758//18 1797//18
f 1797//19 1759//19 1798//19
f 1798//20 1760//20 1799//20
f 1799//21 1741//21 1800//21
f 1800//22 1742//22 1781//22
f 1762//23 1782//23 1761//23
f 1761//24 1783//24 1764//24
f 1764//25 1784//25 1765//25
f 1765//26 1785//26 1766//26
f 1766//27 1786//27 1767//27
f 1767//28 1787//28 1768//28
f 1768//29 1788//29 1769//29
f 1769//30 1789//30 1770//30
f 1770//31 1790//31 1771//31
f 1771//32 1791//32 1772//32
f 1772//33 1792//33 1773//33
f 1773//34 1793//34 1774//34
f 1774//35 1794//35 1775//35
f 1775//36 1795//36 1776//36
f 1776//37 1796//37 1777//37
f 1777//38 1797//38 1778//38
f 1778//39 1798//39 1779//39
f 1779//40 1799//40 1780//40
f 1780//41 1800//41 1763//41
f 1763//42 1781//42 1762//42
f 1921//1 1923//1 1922//1
f 1921//1 1924//1 1923//1
f 1921//1 1925//1 1924//1
f 1921//1 1926//1 1925//1
f 1921//1 1927//1 1926//1
f 1921//1 1928//1 1927//1
f 1921//1 1929//1 1928//1
f 1921//1 1930//1 1929//1
f 1921//1 1931//1 1930//1
f 1921//1 1932//1 1931//1
f 1921//1 1933//1 1932//1
f 1921//1 1934//1 1933//1
f 1921//1 1935//1 1934//1
f 1921//1 1936//1 1935//1
f 1921//1 1937//1 1936//1
f 1921//1 1938//1 1937//1
f 1921//1 1939//1 1938//1
f 1939//1 1921//1 1940//1
f 1941//2 1943//2 1942//2
f 1944//2 1943//2 1941//2
f 1945//2 1943//2 1944//2
f 1946//2 1943//2 1945//2
f 1947//2 1943//2 1946//2
f 1948//2 1943//2 1947//2
f 1949//2 1943//2 1948//2
f 1950//2 1943//2 1949//2
f 1951//2 1943//2 1950//2
f 1952//2 1943//2 1951//2
f 1953//2 1943//2 1952//2
f 1954//2 1943//2 1953//2
f 1955//2 1943//2 1954//2
f 1956//2 1943//2 1955//2
f 1957//2 1943//2 1956//2
f 1958//2 1943//2 1957//2
f 1959//2 1943//2 1958//2
f 1943//2 1959//2 1960//2
f 1961//3 1923//3 1962//3
f 1962//4 1924//4 1963//4
f 1963//5 1925//5 1964//5
f 1964//6 1926//6 1965//6
f 1965//7 1927//7 1966//7
f 1966//8 1928//8 1967//8
f 1967//9 1929//9 1968//9
f 1968//10 1930//10 1969//10
f 1969//11 1931//11 1970//11
f 1970//12 1932//12 1971//12
f 1971//13 1933//13 1972//13
f 1972//14 1934//14 1973//14
f 1973//15 1935//15 1974//15
f 1974//16 1936//16 1975//16
f 1975//17 1937//17 1976//17
f 1976//18 1938//18 1977//18
f 1977//19 1939//19 1978//19
f 1978//20 1940//20 1979//20
f 1979//21 1921//21 1980//21
f 1980//22 1922//22 1961//22
f 1942//23 1962//23 1941//23
f 1941//24 1963//24 1944//24
f 1944//25 1964//25 1945//25
f 1945//26 1965//26 1946//26
f 1946//27 1966//27 1947//27
f 1947//28 1967//28 1948//28
f 1948//29 1968//29 1949//29
f 1949//30 1969//30 1950//30
f 1950//31 1970//31 1951//31
f 1951//32 1971//32 1952//32
f 1952//33 1972//33 1953//33
f 1953//34 1973//34 1954//34
f 1954//35 1974//35 1955//35
f 1955//36 1975//36 1956//36
f 1956//37 1976//37 1957//37
f 1957//38 1977//38 1958//38
f 1958//39 1978//39 1959//39
f 1959//40 1979//40 1960//40
f 1960//41 1980//41 1943//41
f 1943//42 1961//42 1942//42
f 1981//1 1983//1 1982//1
f 1981//1 1984//1 1983//1
f 1981//1 1985//1 1984//1
f 1981//1 1986//1 1985//1
f 1981//1 1987//1 1986//1
f 1981//1 1988//1 1987//1
f 1981//1 1989//1 1988//1
f 1981//1 1990//1 1989//1
f 1981//1 1991//1 1990//1
f 1981//1 1992//1 1991//1
f 1981//1 1993//1 1992//1
f 1981//1 1994//1 1993//1
f 1981//1 1995//1 1994//1
f 1981//1 1996//1 1995//1
f 1981//1 1997//1 1996//1
f 1981//1 1998//1 1997//1
f 1981//1 1999//1 1998//1
f 1999//1 1981//1 2000//1
f 2001//2 2003//2 2002//2
f 2004//2 2003//2 2001//2
f 2005//2 2003//2 2004//2
f 2006//2 2003//2 2005//2
f 2007//2 2003//2 2006//2
f 2008//2 2003//2 2007//2
f 2009//2 2003//2 2008//2
f 2010//2 2003//2 2009//2
f 2011//2 2003//2 2010//2
f 2012//2 2003//2 2011//2
f 2013//2 2003//2 2012//2
f 2014//2 2003//2 2013//2
f 2015//2 2003//2 2014//2
f 2016//2 2003//2 2015//2
f 2017//2 2003//2 2016//2
f 2018//2 2003//2 2017//2
f 2019//2 2003//2 2018//2
f 2003//2 2019//2 2020//2
f 2021//3 1983//3 2022//3
f 2022//4 1984//4 2023//4
f 2023//5 1985//5 2024//5
f 2024//6 1986//6 2025//6
f 2025//7 1987//7 2026//7
f 2026//8 1988//8 2027//8
f 2027//9 1989//9 2028//9
f 2028//10 1990//10 2029//10
f 2029//11 1991//11 2030//11
f 2030//12 1992//12 2031//12
f 2031//13 1993//13 2032//13
f 2032//14 1994//14 2033//14
f 2033//15 1995//15 2034//15
f 2034//16 1996//16 2035//16
f 2035//17 1997//17 2036//17
f 2036//18 1998//18 2037//18
f 2037//19 1999//19 2038//19
f 2038//20 2000//20 2039//20
f 2039//21 1981//21 2040//21
f 2040//22 1982//22 2021//22
f 2002//23 2022//23 2001//23
f 2001//24 2023//24 2004//24
f 2004//25 2024//25 2005//25
f 2005//26 2025//26 2006//26
f 2006//27 2026//27 2007//27
f 2007//28 2027//28 2008//28
f 2008//29 2028//29 2009//29
f 2009//30 2029//30 2010//30
f 2010//31 2030//31 2011//31
f 2011//32 2031//32 2012//32
f 2012//33 2032//33 2013//33
f 2013//34 2033//34 2014//34
f 2014//35 2034//35 2015//35
f 2015//36 2035//36 2016//36
f 2016//37 2036//37 2017//37
f 2017//38 2037//38 2018//38
f 2018//39 2038//39 2019//39
f 2019//40 2039//40 2020//40
f 2020//41 2040//41 2003//41
f 2003//42 2021//42 2002//42
f 2701//1 2703//1 2702//1
f 2701//1 2704//1 2703//1
f 2701//1 2705//1 2704//1
f 2701//1 2706//1 2705//1
f 2701//1 2707//1 2706//1
f 2701//1 2708//1 2707//1
f 2701//1 2709//1 2708//1
f 2701//1 2710//1 2709//1
f 2701//1 2711//1 2710//1
f 2701//1 2712//1 2711//1
f 2701//1 2713//1 2712//1
f 2701//1 2714//1 2713//1
f 2701//1 2715//1 2714//1
f 2701//1 2716//1 2715//1
f 2701//1 2717//1 2716//1
f 2701//1 2718//1 2717//1
f 2701//1 2719//1 2718//1
f 2701//1 2720//1 2719//1
f 2701//1 2721//1 2720//1
f 2701//1 2722//1 2721//1
f 2701//1 2723//1 2722//1
f 2701//1 2724//1 2723//1
f 2701//1 2725//1 2724//1
f 2701//1 2726//1 2725//1
f 2701//1 2727//1 2726//1
f 2701//1 2728//1 2727//1
f 2701//1 2729//1 2728//1
f 2701//1 2730//1 2729//1
f 2701//1 2731//1 2730//1
f 2701//1 2732//1 2731//1
f 2701//1 2733//1 2732//1
f 2701//1 2734//1 2733//1
f 2701//1 2735//1 2734//1
f 2701//1 2736//1 2735//1
f 2701//1 2737//1 2736//1
f 2701//1 2738//1 2737//1
f 2701//1 2739//1 2738//1
f 2701//1 2740//1 2739//1
f 2701//1 2741//1 2740//1
f 2701//1 2742//1 2741//1
f 2701//1 2743//1 2742//1
f 2701//1 2744//1 2743//1
f 2701//1 2745//1 2744//1
f 2701//1 2746//1 2745//1
f 2701//1 2747//1 2746//1
f 2747//1 2701//1 2748//1
f 2749//2 2751//2 2750//2
f 2752//2 2751//2 2749//2
f 2753//2 2751//2 2752//2
f 2754//2 2751//2 2753//2
f 2755//2 2751//2 2754//2
f 2756//2 2751//2 2755//2
f 2757//2 2751//2 2756//2
f 2758//2 2751//2 2757//2
f 2759//2 2751//2 2758//2
f 2760//2 2751//2 2759//2
f 2761//2 2751//2 2760//2
f 2762//2 2751//2 2761//2
f 2763//2 2751//2 2762//2
f 2764//2 2751//2 2763//2
f 2765//2 2751//2 2764//2
f 2766//2 2751//2 2765//2
f 2767//2 2751//2 2766//2
f 2768//2 2751//2 2767//2
f 2769//2 2751//2 2768//2
f 2770//2 2751//2 2769//2
f 2771//2 2751//2 2770//2
f 2772//2 2751//2 2771//2
f 2773//2 2751//2 2772//2
f 2774//2 2751//2 2773//2
f 2775//2 2751//2 2774//2
f 2776//2 2751//2 2775//2
f 2777//2 2751//2 2776//2
f 2778//2 2751//2 2777//2
f 2779//2 2751//2 2778//2
f 2780//2 2751//2 2779//2
f 2781//2 2751//2 2780//2
f 2782//2 2751//2 2781//2
f 2783//2 2751//2 2782//2
f 2784//2 2751//2 2783//2
f 2785//2 2751//2 2784//2
f 2786//2 2751//2 2785//2
f 2787//2 2751//2 2786//2
f 2788//2 2751//2 2787//2
f 2789//2 2751//2 2788//2
f 2790//2 2751//2 2789//2
f 2791//2 2751//2 2790//2
f 2792//2 2751//2 2791//2
f 2793//2 2751//2 2792//2
f 2794//2 2751//2 2793//2
f 2795//2 2751//2 2794//2
f 2751//2 2795//2 2796//2
f 2797//350 2703//350 2798//350
f 2798//351 2704//351 2799//351
f 2799//352 2705//352 2800//352
f 2800//353 2706//353 2801//353
f 2801//354 2707//354 2802//354
f 2802//355 2708//355 2803//355
f 2803//356 2709//356 2804//356
f 2804//357 2710//357 2805//357
f 2805//358 2711//358 2806//358
f 2806//359 2712//359 2807//359
f 2807//360 2713//360 2808//360
f 2808//361 2714//361 2809//361
f 2809//362 2715//362 2810//362
f 2810//363 2716//363 2811//363
f 2811//364 2717//364 2812//364
f 2812//365 2718//365 2813//365
f 2813//366 2719//366 2814//366
f 2814//367 2720//367 2815//367
f 2815//368 2721//368 2816//368
f 2816//369 2722//369 2817//369
f 2817//370 2723//370 2818//370
f 2818//371 2724//371 2819//371
f 2819//372 2725//372 2820//372
f 2820//373 2726//373 2821//373
f 2821//374 2727//374 2822//374
f 2822//375 2728//375 2823//375
f 2823//376 2729//376 2824//376
f 2824//377 2730//377 2825//377
f 2825//378 2731//378 2826//378
f 2826//379 2732//379 2827//379
f 2827//380 2733//380 2828//380
f 2828//381 2734//381 2829//381
f 2829//382 2735//382 2830//382
f 2830//383 2736//383 2831//383
f 2831//384 2737//384 2832//384
f 2832//385 2738//385 2833//385
f 2833//386 2739//386 2834//386
f 2834//387 2740//387 2835//387
f 2835//388 2741//388 2836//388
f 2836//389 2742//389 2837//389
f 2837//390 2743//390 2838//390
f 2838//391 2744//391 2839//391
f 2839//392 2745//392 2840//392
f 2840//393 2746//393 2841//393
f 2841//394 2747//394 2842//394
f 2842//395 2748//395 2843//395
f 2843//396 2701//396 2844//396
f 2844//397 2702//397 2797//397
f 2750//398 2798//398 2749//398
f 2749//399 2799//399 2752//399
f 2752//400 2800//400 2753//400
f 2753//401 2801//401 2754//401
f 2754//402 2802//402 2755//402
f 2755//403 2803//403 2756//403
f 2756//404 2804//404 2757//404
f 2757//405 2805//405 2758//405
f 2758//406 2806//406 2759//406
f 2759//407 2807//407 2760//407
f 2760//408 2808//408 2761//408
f 2761//409 2809//409 2762//409
f 2762//410 2810//410 2763//410
f 2763//411 2811//411 2764//411
f 2764//412 2812//412 2765//412
f 2765//413 2813//413 2766//413
f 2766//414 2814//414 2767//414
f 2767//415 2815//415 2768//415
f 2768//416 2816//416 2769//416
f 2769//417 2817//417 2770//417
f 2770//418 2818//418 2771//418
f 2771//419 2819//419 2772//419
f 2772//420 2820//420 2773//420
f 2773//421 2821//421 2774//421
f 2774//422 2822//422 2775//422
f 2775//423 2823//423 2776//423
f 2776//424 2824//424 2777//424
f 2777//425 2825//425 2778//425
f 2778//426 2826//426 2779//426
f 2779//427 2827//427 2780//427
f 2780//428 2828//428 2781//428
f 2781//429 2829//429 2782//429
f 2782//430 2830//430 2783//430
f 2783//431 2831//431 2784//431
f 2784//432 2832//432 2785//432
f 2785//433 2833//433 2786//433
f 2786//434 2834//434 2787//434
f 2787//435 2835//435 2788//435
f 2788//436 2836//436 2789//436
f 2789//437 2837//437 2790//437
f 2790//438 2838//438 2791//438
f 2791//439 2839//439 2792//439
f 2792//440 2840//440 2793//440
f 2793//441 2841//441 2794//441
f 2794//442 2842//442 2795//442
f 2795//443 2843//443 2796//443
f 2796//444 2844//444 2751//444
f 2751//445 2797//445 2750//445
f 3049//1 3051//1 3050//1
f 3049//1 3052//1 3051//1
f 3049//1 3053//1 3052//1
f 3049//1 3054//1 3053//1
f 3049//1 3055//1 3054//1
f 3049//1 3056//1 3055//1
f 3049//1 3057//1 3056//1
f 3049//1 3058//1 3057//1
f 3049//1 3059//1 3058//1
f 3049//1 3060//1 3059//1
f 3049//1 3061//1 3060//1
f 3049//1 3062//1 3061//1
f 3049//1 3063//1 3062//1
f 3049//1 3064//1 3063//1
f 3049//1 3065//1 3064//1
f 3049//1 3066//1 3065//1
f 3049//1 3067//1 3066//1
f 3067//1 3049//1 3068//1
f 3069//2 3071//2 3070//2
f 3072//2 3071//2 3069//2
f 3073//2 3071//2 3072//2
f 3074//2 3071//2 3073//2
f 3075//2 3071//2 3074//2
f 3076//2 3071//2 3075//2
f 3077//2 3071//2 3076//2
f 3078//2 3071//2 3077//2
f 3079//2 3071//2 3078//2
f 3080//2 3071//2 3079//2
f 3081//2 3071//2 3080//2
f 3082//2 3071//2 3081//2
f 3083//2 3071//2 3082//2
f 3084//2 3071//2 3083//2
f 3085//2 3071//2 3084//2
f 3086//2 3071//2 3085//2
f 3087//2 3071//2 3086//2
f 3071//2 3087//2 3088//2
f 3089//3 3051//3 3090//3
f 3090//4 3052//4 3091//4
f 3091//5 3053//5 3092//5
f 3092//6 3054//6 3093//6
f 3093//7 3055//7 3094//7
f 3094//8 3056//8 3095//8
f 3095//9 3057//9 3096//9
f 3096//10 3058//10 3097//10
f 3097//11 3059//11 3098//11
f 3098//12 3060//12 3099//12
f 3099//13 3061//13 3100//13
f 3100//14 3062//14 3101//14
f 3101//15 3063//15 3102//15
f 3102//16 3064//16 3103//16
f 3103//17 3065//17 3104//17
f 3104//18 3066//18 3105//18
f 3105//19 3067//19 3106//19
f 3106//20 3068//20 3107//20
f 3107//21 3049//21 3108//21
f 3108//22 3050//22 3089//22
f 3070//23 3090//23 3069//23
f 3069//24 3091//24 3072//24
f 3072//25 3092//25 3073//25
f 3073//26 3093//26 3074//26
f 3074//27 3094//27 3075//27
f 3075//28 3095//28 3076//28
f 3076//29 3096//29 3077//29
f 3077//30 3097//30 3078//30
f 3078//31 3098//31 3079//31
f 3079//32 3099//32 3080//32
f 3080//33 3100//33 3081//33
f 3081//34 3101//34 3082//34
f 3082//35 3102//35 3083//35
f 3083//36 3103//36 3084//36
f 3084//37 3104//37 3085//37
f 3085//38 3105//38 3086//38
f 3086//39 3106//39 3087//39
f 3087//40 3107//40 3088//40
f 3088//41 3108//41 3071//41
f 3071//42 3089//42 3070//42
f 3229//1 3231//1 3230//1
f 3233//2 3235//2 3234//2
f 3237//7 3230//7 3238//7
f 3238//542 3231//542 3239//542
f 3239//17 3232//17 3240//17
f 3240//543 3229//543 3237//543
f 3236//27 3238//27 3235//27
f 3235//544 3239//544 3234//544
f 3234//37 3240//37 3233//37
f 3233//545 3237//545 3236//545
f 3241//1 3243//1 3242//1
f 3245//2 3247//2 3246//2
f 3249//7 3242//7 3250//7
f 3250//546 3243//546 3251//546
f 3251//17 3244//17 3252//17
f 3252//547 3241//547 3249//547
f 3248//27 3250//27 3247//27
f 3247//548 3251//548 3246//548
f 3246//37 3252//37 3245//37
f 3245//549 3249//549 3248//549
f 3253//1 3255//1 3254//1
f 3257//2 3259//2 3258//2
f 3261//7 3254//7 3262//7
f 3262//550 3255//550 3263//550
f 3263//17 3256//17 3264//17
f 3264//22 3253//22 3261//22
f 3260//27 3262//27 3259//27
f 3259//551 3263//551 3258//551
f 3258//37 3264//37 3257//37
f 3257//42 3261//42 3260//42
f 3265//1 3267//1 3266//1
f 3269//2 3271//2 3270//2
f 3273//7 3266//7 3274//7
f 3274//552 3267//552 3275//552
f 3275//17 3268//17 3276//17
f 3276//553 3265//553 3273//553
f 3272//27 3274//27 3271//27
f 3271//554 3275//554 3270//554
f 3270//37 3276//37 3269//37
f 3269//555 3273//555 3272//555
f 3277//1 3279//1 3278//1
f 3281//2 3283//2 3282//2
f 3285//7 3278//7 3286//7
f 3286//556 3279//556 3287//556
f 3287//17 3280//17 3288//17
f 3288//557 3277//557 3285//557
f 3284//27 3286//27 3283//27
f 3283//558 3287//558 3282//558
f 3282//37 3288//37 3281//37
f 3281//559 3285//559 3284//559
f 3289//1 3291//1 3290//1
f 3293//2 3295//2 3294//2
f 3297//7 3290//7 3298//7
f 3298//542 3291//542 3299//542
f 3299//17 3292//17 3300//17
f 3300//543 3289//543 3297//543
f 3296//27 3298//27 3295//27
f 3295//544 3299//544 3294//544
f 3294//37 3300//37 3293//37
f 3293//545 3297//545 3296//545
f 3301//1 3303//1 3302//1
f 3305//2 3307//2 3306//2
f 3309//7 3302//7 3310//7
f 3310//546 3303//546 3311//546
f 3311//17 3304//17 3312//17
f 3312//547 3301//547 3309//547
f 3308//27 3310//27 3307//27
f 3307//548 3311//548 3306//548
f 3306//37 3312//37 3305//37
f 3305//549 3309//549 3308//549
f 3313//1 3315//1 3314//1
f 3317//2 3319//2 3318//2
f 3321//7 3314//7 3322//7
f 3322//550 3315//550 3323//550
f 3323//17 3316//17 3324//17
f 3324//22 3313//22 3321//22
f 3320//27 3322//27 3319//27
f 3319//551 3323//551 3318//551
f 3318//37 3324//37 3317//37
f 3317//42 3321//42 3320//42
f 3325//1 3327//1 3326//1
f 3329//2 3331//2 3330//2
f 3333//7 3326//7 3334//7
f 3334//552 3327//552 3335//552
f 3335//17 3328//17 3336//17
f 3336//553 3325//553 3333//553
f 3332//27 3334//27 3331//27
f 3331//554 3335//554 3330//554
f 3330//37 3336//37 3329//37
f 3329//555 3333//555 3332//555
f 3337//1 3339//1 3338//1
f 3341//2 3343//2 3342//2
f 3345//7 3338//7 3346//7
f 3346//556 3339//556 3347//556
f 3347//17 3340//17 3348//17
f 3348//557 3337//557 3345//557
f 3344//27 3346//27 3343//27
f 3343//558 3347//558 3342//558
f 3342//37 3348//37 3341//37
f 3341//559 3345//559 3344//559
f 3349//59 3351//17 3350//560
f 3352//61 3350//560 3353//561
f 3354//12 3353//561 3355//562
f 3356//64 3355//562 3357//563
f 3358//66 3357//563 3359//564
f 3360//7 3358//66 3359//564
f 3350//560 3351//17 3361//565
f 3353//561 3361//565 3362//566
f 3355//562 3362//566 3363//567
f 3357//563 3363//567 3364//568
f 3359//564 3364//568 3365//569
f 3360//7 3359//564 3365//569
f 3361//565 3351//17 3366//570
f 3362//566 3366//570 3367//571
f 3363//567 3367//571 3368//572
f 3364//568 3368//572 3369//573
f 3365//569 3369//573 3370//574
f 3360//78 3365//569 3370//574
f 3366//570 3351//80 3371//575
f 3367//571 3371//575 3372//576
f 3368//572 3372//576 3373//577
f 3369//573 3373//577 3374//578
f 3370//574 3374//578 3375//579
f 3360//78 3370//574 3375//579
f 3371//575 3351//80 3376//85
f 3372//576 3376//85 3377//86
f 3373//577 3377//86 3378//22
f 3374//578 3378//22 3379//87
f 3375//579 3379//87 3380//88
f 3360//78 3375//579 3380//88
f 3376//85 3351//80 3381//580
f 3377//86 3381//580 3382//581
f 3378//22 3382//581 3383//582
f 3379//87 3383//582 3384//583
f 3380//88 3384//583 3385//584
f 3360//94 3380//88 3385//584
f 3381//580 3351//96 3386//585
f 3382//581 3386//585 3387//586
f 3383//582 3387//586 3388//587
f 3384//583 3388//587 3389//588
f 3385//584 3389//588 3390//589
f 3360//94 3385//584 3390//589
f 3386//585 3351//96 3391//590
f 3387//586 3391//590 3392//591
f 3388//587 3392//591 3393//592
f 3389//588 3393//592 3394//593
f 3390//589 3394//593 3395//594
f 3360//106 3390//589 3395//594
f 3391//590 3351//108 3396//595
f 3392//591 3396//595 3397//596
f 3393//592 3397//596 3398//597
f 3394//593 3398//597 3399//598
f 3395//594 3399//598 3400//599
f 3360//106 3395//594 3400//599
f 3396//595 3351//108 3349//113
f 3397//596 3349//113 3352//114
f 3398//597 3352//114 3354//115
f 3399//598 3354//115 3356//116
f 3400//599 3356//116 3358//117
f 3360//106 3400//599 3358//117
f 3401//59 3403//17 3402//560
f 3404//61 3402//560 3405//561
f 3406//12 3405//561 3407//562
f 3408//64 3407//562 3409//563
f 3410//66 3409//563 3411//564
f 3412//7 3410//66 3411//564
f 3402//560 3403//17 3413//565
f 3405//561 3413//565 3414//566
f 3407//562 3414//566 3415//567
f 3409//563 3415//567 3416//568
f 3411//564 3416//568 3417//569
f 3412//7 3411//564 3417//569
f 3413//565 3403//17 3418//570
f 3414//566 3418//570 3419//571
f 3415//567 3419//571 3420//572
f 3416//568 3420//572 3421//573
f 3417//569 3421//573 3422//574
f 3412//78 3417//569 3422//574
f 3418//570 3403//80 3423//575
f 3419//571 3423//575 3424//576
f 3420//572 3424//576 3425//577
f 3421//573 3425//577 3426//578
f 3422//574 3426//578 3427//579
f 3412//78 3422//574 3427//579
f 3423//575 3403//80 3428//85
f 3424//576 3428//85 3429//86
f 3425//577 3429//86 3430//22
f 3426//578 3430//22 3431//87
f 3427//579 3431//87 3432//88
f 3412//78 3427//579 3432//88
f 3428//85 3403//80 3433//580
f 3429//86 3433//580 3434//581
f 3430//22 3434//581 3435//582
f 3431//87 3435//582 3436//583
f 3432//88 3436//583 3437//584
f 3412//94 3432//88 3437//584
f 3433//580 3403//96 3438//585
f 3434//581 3438//585 3439//586
f 3435//582 3439//586 3440//587
f 3436//583 3440//587 3441//588
f 3437//584 3441//588 3442//589
f 3412//94 3437//584 3442//589
f 3438//585 3403//96 3443//590
f 3439//586 3443//590 3444//591
f 3440//587 3444//591 3445//592
f 3441//588 3445//592 3446//593
f 3442//589 3446//593 3447//594
f 3412//106 3442//589 3447//594
f 3443//590 3403//108 3448//595
f 3444//591 3448//595 3449//596
f 3445//592 3449//596 3450//597
f 3446//593 3450//597 3451//598
f 3447//594 3451//598 3452//599
f 3412//106 3447//594 3452//599
f 3448//595 3403//108 3401//113
f 3449//596 3401//113 3404//114
f 3450//597 3404//114 3406//115
f 3451//598 3406//115 3408//116
f 3452//599 3408//116 3410//117
f 3412//106 3452//599 3410//117
f 3453//59 3455//17 3454//560
f 3456//61 3454//560 3457//561
f 3458//12 3457//561 3459//562
f 3460//64 3459//562 3461//563
f 3462//66 3461//563 3463//564
f 3464//7 3462//66 3463//564
f 3454//560 3455//17 3465//565
f 3457//561 3465//565 3466//566
f 3459//562 3466//566 3467//567
f 3461//563 3467//567 3468//568
f 3463//564 3468//568 3469//569
f 3464//7 3463//564 3469//569
f 3465//565 3455//17 3470//570
f 3466//566 3470//570 3471//571
f 3467//567 3471//571 3472//572
f 3468//568 3472//572 3473//573
f 3469//569 3473//573 3474//574
f 3464//78 3469//569 3474//574
f 3470//570 3455//80 3475//575
f 3471//571 3475//575 3476//576
f 3472//572 3476//576 3477//577
f 3473//573 3477//577 3478//578
f 3474//574 3478//578 3479//579
f 3464//78 3474//574 3479//579
f 3475//575 3455//80 3480//85
f 3476//576 3480//85 3481//86
f 3477//577 3481//86 3482//22
f 3478//578 3482//22 3483//87
f 3479//579 3483//87 3484//88
f 3464//78 3479//579 3484//88
f 3480//85 3455//80 3485//580
f 3481//86 3485//580 3486//581
f 3482//22 3486//581 3487//582
f 3483//87 3487//582 3488//583
f 3484//88 3488//583 3489//584
f 3464//94 3484//88 3489//584
f 3485//580 3455//96 3490//585
f 3486//581 3490//585 3491//586
f 3487//582 3491//586 3492//587
f 3488//583 3492//587 3493//588
f 3489//584 3493//588 3494//589
f 3464//94 3489//584 3494//589
f 3490//585 3455//96 3495//590
f 3491//586 3495//590 3496//591
f 3492//587 3496//591 3497//592
f 3493//588 3497//592 3498//593
f 3494//589 3498//593 3499//594
f 3464//106 3494//589 3499//594
f 3495//590 3455//108 3500//595
f 3496//591 3500//595 3501//596
f 3497//592 3501//596 3502//597
f 3498//593 3502//597 3503//598
f 3499//594 3503//598 3504//599
f 3464//106 3499//594 3504//599
f 3500//595 3455//108 3453//113
f 3501//596 3453//113 3456//114
f 3502//597 3456//114 3458//115
f 3503//598 3458//115 3460//116
f 3504//599 3460//116 3462//117
f 3464//106 3504//599 3462//117
f 3505//59 3507//17 3506//560
f 3508//61 3506//560 3509//561
f 3510//12 3509//561 3511//562
f 3512//64 3511//562 3513//563
f 3514//66 3513//563 3515//564
f 3516//7 3514//66 3515//564
f 3506//560 3507//17 3517//565
f 3509//561 3517//565 3518//566
f 3511//562 3518//566 3519//567
f 3513//563 3519//567 3520//568
f 3515//564 3520//568 3521//569
f 3516//7 3515//564 3521//569
f 3517//565 3507//17 3522//570
f 3518//566 3522//570 3523//571
f 3519//567 3523//571 3524//572
f 3520//568 3524//572 3525//573
f 3521//569 3525//573 3526//574
f 3516//78 3521//569 3526//574
f 3522//570 3507//80 3527//575
f 3523//571 3527//575 3528//576
f 3524//572 3528//576 3529//577
f 3525//573 3529//577 3530//578
f 3526//574 3530//578 3531//579
f 3516//78 3526//574 3531//579
f 3527//575 3507//80 3532//85
f 3528//576 3532//85 3533//86
f 3529//577 3533//86 3534//22
f 3530//578 3534//22 3535//87
f 3531//579 3535//87 3536//88
f 3516//78 3531//579 3536//88
f 3532//85 3507//80 3537//580
f 3533//86 3537//580 3538//581
f 3534//22 3538//581 3539//582
f 3535//87 3539//582 3540//583
f 3536//88 3540//583 3541//584
f 3516//94 3536//88 3541//584
f 3537//580 3507//96 3542//585
f 3538//581 3542//585 3543//586
f 3539//582 3543//586 3544//587
f 3540//583 3544//587 3545//588
f 3541//584 3545//588 3546//589
f 3516//94 3541//584 3546//589
f 3542//585 3507//96 3547//590
f 3543//586 3547//590 3548//591
f 3544//587 3548//591 3549//592
f 3545//588 3549//592 3550//593
f 3546//589 3550//593 3551//594
f 3516//106 3546//589 3551//594
f 3547//590 3507//108 3552//595
f 3548//591 3552//595 3553//596
f 3549//592 3553//596 3554//597
f 3550//593 3554//597 3555//598
f 3551//594 3555//598 3556//599
f 3516//106 3551//594 3556//599
f 3552//595 3507//108 3505//113
f 3553//596 3505//113 3508//114
f 3554//597 3508//114 3510//115
f 3555//598 3510//115 3512//116
f 3556//599 3512//116 3514//117
f 3516//106 3556//599 3514//117
f 3557//59 3559//17 3558//560
f 3560//61 3558//560 3561//561
f 3562//12 3561//561 3563//562
f 3564//64 3563//562 3565//563
f 3566//66 3565//563 3567//564
f 3568//7 3566//66 3567//564
f 3558//560 3559//17 3569//565
f 3561//561 3569//565 3570//566
f 3563//562 3570//566 3571//567
f 3565//563 3571//567 3572//568
f 3567//564 3572//568 3573//569
f 3568//7 3567//564 3573//569
f 3569//565 3559//17 3574//570
f 3570//566 3574//570 3575//571
f 3571//567 3575//571 3576//572
f 3572//568 3576//572 3577//573
f 3573//569 3577//573 3578//574
f 3568//78 3573//569 3578//574
f 3574//570 3559//80 3579//575
f 3575//571 3579//575 3580//576
f 3576//572 3580//576 3581//577
f 3577//573 3581//577 3582//578
f 3578//574 3582//578 3583//579
f 3568//78 3578//574 3583//579
f 3579//575 3559//80 3584//85
f 3580//576 3584//85 3585//86
f 3581//577 3585//86 3586//22
f 3582//578 3586//22 3587//87
f 3583//579 3587//87 3588//88
f 3568//78 3583//579 3588//88
f 3584//85 3559//80 3589//580
f 3585//86 3589//580 3590//581
f 3586//22 3590//581 3591//582
f 3587//87 3591//582 3592//583
f 3588//88 3592//583 3593//584
f 3568//94 3588//88 3593//584
f 3589//580 3559//96 3594//585
f 3590//581 3594//585 3595//586
f 3591//582 3595//586 3596//587
f 3592//583 3596//587 3597//588
f 3593//584 3597//588 3598//589
f 3568//94 3593//584 3598//589
f 3594//585 3559//96 3599//590
f 3595//586 3599//590 3600//591
f 3596//587 3600//591 3601//592
f 3597//588 3601//592 3602//593
f 3598//589 3602//593 3603//594
f 3568//106 3598//589 3603//594
f 3599//590 3559//108 3604//595
f 3600//591 3604//595 3605//596
f 3601//592 3605//596 3606//597
f 3602//593 3606//597 3607//598
f 3603//594 3607//598 3608//599
f 3568//106 3603//594 3608//599
f 3604//595 3559//108 3557//113
f 3605//596 3557//113 3560//114
f 3606//597 3560//114 3562//115
f 3607//598 3562//115 3564//116
f 3608//599 3564//116 3566//117
f 3568//106 3608//599 3566//117
f 3609//59 3611//17 3610//560
f 3612//61 3610//560 3613//561
f 3614//12 3613//561 3615//562
f 3616//64 3615//562 3617//563
f 3618//66 3617//563 3619//564
f 3620//7 3618//66 3619//564
f 3610//560 3611//17 3621//565
f 3613//561 3621//565 3622//566
f 3615//562 3622//566 3623//567
f 3617//563 3623//567 3624//568
f 3619//564 3624//568 3625//569
f 3620//7 3619//564 3625//569
f 3621//565 3611//17 3626//570
f 3622//566 3626//570 3627//571
f 3623//567 3627//571 3628//572
f 3624//568 3628//572 3629//573
f 3625//569 3629//573 3630//574
f 3620//78 3625//569 3630//574
f 3626//570 3611//80 3631//575
f 3627//571 3631//575 3632//576
f 3628//572 3632//576 3633//577
f 3629//573 3633//577 3634//578
f 3630//574 3634//578 3635//579
f 3620//78 3630//574 3635//579
f 3631//575 3611//80 3636//85
f 3632//576 3636//85 3637//86
f 3633//577 3637//86 3638//22
f 3634//578 3638//22 3639//87
f 3635//579 3639//87 3640//88
f 3620//78 3635//579 3640//88
f 3636//85 3611//80 3641//580
f 3637//86 3641//580 3642//581
f 3638//22 3642//581 3643//582
f 3639//87 3643//582 3644//583
f 3640//88 3644//583 3645//584
f 3620//94 3640//88 3645//584
f 3641//580 3611//96 3646//585
f 3642//581 3646//585 3647//586
f 3643//582 3647//586 3648//587
f 3644//583 3648//587 3649//588
f 3645//584 3649//588 3650//589
f 3620//94 3645//584 3650//589
f 3646//585 3611//96 3651//590
f 3647//586 3651//590 3652//591
f 3648//587 3652//591 3653//592
f 3649//588 3653//592 3654//593
f 3650//589 3654//593 3655//594
f 3620//106 3650//589 3655//594
f 3651//590 3611//108 3656//595
f 3652//591 3656//595 3657//596
f 3653//592 3657//596 3658//597
f 3654//593 3658//597 3659//598
f 3655//594 3659//598 3660//599
f 3620//106 3655//594 3660//599
f 3656//595 3611//108 3609//113
f 3657//596 3609//113 3612//114
f 3658//597 3612//114 3614//115
f 3659//598 3614//115 3616//116
f 3660//599 3616//116 3618//117
f 3620//106 3660//599 3618//117
f 3661//59 3663//17 3662//560
f 3664//61 3662//560 3665//561
f 3666//12 3665//561 3667//562
f 3668//64 3667//562 3669//563
f 3670//66 3669//563 3671//564
f 3672//7 3670//66 3671//564
f 3662//560 3663//17 3673//565
f 3665//561 3673//565 3674//566
f 3667//562 3674//566 3675//567
f 3669//563 3675//567 3676//568
f 3671//564 3676//568 3677//569
f 3672//7 3671//564 3677//569
f 3673//565 3663//17 3678//570
f 3674//566 3678//570 3679//571
f 3675//567 3679//571 3680//572
f 3676//568 3680//572 3681//573
f 3677//569 3681//573 3682//574
f 3672//78 3677//569 3682//574
f 3678//570 3663//80 3683//575
f 3679//571 3683//575 3684//576
f 3680//572 3684//576 3685//577
f 3681//573 3685//577 3686//578
f 3682//574 3686//578 3687//579
f 3672//78 3682//574 3687//579
f 3683//575 3663//80 3688//85
f 3684//576 3688//85 3689//86
f 3685//577 3689//86 3690//22
f 3686//578 3690//22 3691//87
f 3687//579 3691//87 3692//88
f 3672//78 3687//579 3692//88
f 3688//85 3663//80 3693//580
f 3689//86 3693//580 3694//581
f 3690//22 3694//581 3695//582
f 3691//87 3695//582 3696//583
f 3692//88 3696//583 3697//584
f 3672//94 3692//88 3697//584
f 3693//580 3663//96 3698//585
f 3694//581 3698//585 3699//586
f 3695//582 3699//586 3700//587
f 3696//583 3700//587 3701//588
f 3697//584 3701//588 3702//589
f 3672//94 3697//584 3702//589
f 3698//585 3663//96 3703//590
f 3699//586 3703//590 3704//591
f 3700//587 3704//591 3705//592
f 3701//588 3705//592 3706//593
f 3702//589 3706//593 3707//594
f 3672//106 3702//589 3707//594
f 3703//590 3663//108 3708//595
f 3704//591 3708//595 3709//596
f 3705//592 3709//596 3710//597
f 3706//593 3710//597 3711//598
f 3707//594 3711//598 3712//599
f 3672//106 3707//594 3712//599
f 3708//595 3663//108 3661//113
f 3709//596 3661//113 3664//114
f 3710//597 3664//114 3666//115
f 3711//598 3666//115 3668//116
f 3712//599 3668//116 3670//117
f 3672//106 3712//599 3670//117
f 3713//59 3715//17 3714//560
f 3716//61 3714//560 3717//561
f 3718//12 3717//561 3719//562
f 3720//64 3719//562 3721//563
f 3722//66 3721//563 3723//564
f 3724//7 3722//66 3723//564
f 3714//560 3715//17 3725//565
f 3717//561 3725//565 3726//566
f 3719//562 3726//566 3727//567
f 3721//563 3727//567 3728//568
f 3723//564 3728//568 3729//569
f 3724//7 3723//564 3729//569
f 3725//565 3715//17 3730//570
f 3726//566 3730//570 3731//571
f 3727//567 3731//571 3732//572
f 3728//568 3732//572 3733//573
f 3729//569 3733//573 3734//574
f 3724//78 3729//569 3734//574
f 3730//570 3715//80 3735//575
f 3731//571 3735//575 3736//576
f 3732//572 3736//576 3737//577
f 3733//573 3737//577 3738//578
f 3734//574 3738//578 3739//579
f 3724//78 3734//574 3739//579
f 3735//575 3715//80 3740//85
f 3736//576 3740//85 3741//86
f 3737//577 3741//86 3742//22
f 3738//578 3742//22 3743//87
f 3739//579 3743//87 3744//88
f 3724//78 3739//579 3744//88
f 3740//85 3715//80 3745//580
f 3741//86 3745//580 3746//581
f 3742//22 3746//581 3747//582
f 3743//87 3747//582 3748//583
f 3744//88 3748//583 3749//584
f 3724//94 3744//88 3749//584
f 3745//580 3715//96 3750//585
f 3746//581 3750//585 3751//586
f 3747//582 3751//586 3752//587
f 3748//583 3752//587 3753//588
f 3749//584 3753//588 3754//589
f 3724//94 3749//584 3754//589
f 3750//585 3715//96 3755//590
f 3751//586 3755//590 3756//591
f 3752//587 3756//591 3757//592
f 3753//588 3757//592 3758//593
f 3754//589 3758//593 3759//594
f 3724//106 3754//589 3759//594
f 3755//590 3715//108 3760//595
f 3756//591 3760//595 3761//596
f 3757//592 3761//596 3762//597
f 3758//593 3762//597 3763//598
f 3759//594 3763//598 3764//599
f 3724//106 3759//594 3764//599
f 3760//595 3715//108 3713//113
f 3761//596 3713//113 3716//114
f 3762//597 3716//114 3718//115
f 3763//598 3718//115 3720//116
f 3764//599 3720//116 3722//117
f 3724//106 3764//599 3722//117
f 3765//59 3767//17 3766//560
f 3768//61 3766//560 3769//561
f 3770//12 3769//561 3771//562
f 3772//64 3771//562 3773//563
f 3774//66 3773//563 3775//564
f 3776//7 3774//66 3775//564
f 3766//560 3767//17 3777//565
f 3769//561 3777//565 3778//566
f 3771//562 3778//566 3779//567
f 3773//563 3779//567 3780//568
f 3775//564 3780//568 3781//569
f 3776//7 3775//564 3781//569
f 3777//565 3767//17 3782//570
f 3778//566 3782//570 3783//571
f 3779//567 3783//571 3784//572
f 3780//568 3784//572 3785//573
f 3781//569 3785//573 3786//574
f 3776//78 3781//569 3786//574
f 3782//570 3767//80 3787//575
f 3783//571 3787//575 3788//576
f 3784//572 3788//576 3789//577
f 3785//573 3789//577 3790//578
f 3786//574 3790//578 3791//579
f 3776//78 3786//574 3791//579
f 3787//575 3767//80 3792//85
f 3788//576 3792//85 3793//86
f 3789//577 3793//86 3794//22
f 3790//578 3794//22 3795//87
f 3791//579 3795//87 3796//88
f 3776//78 3791//579 3796//88
f 3792//85 3767//80 3797//580
f 3793//86 3797//580 3798//581
f 3794//22 3798//581 3799//582
f 3795//87 3799//582 3800//583
f 3796//88 3800//583 3801//584
f 3776//94 3796//88 3801//584
f 3797//580 3767//96 3802//585
f 3798//581 3802//585 3803//586
f 3799//582 3803//586 3804//587
f 3800//583 3804//587 3805//588
f 3801//584 3805//588 3806//589
f 3776//94 3801//584 3806//589
f 3802//585 3767//96 3807//590
f 3803//586 3807//590 3808//591
f 3804//587 3808//591 3809//592
f 3805//588 3809//592 3810//593
f 3806//589 3810//593 3811//594
f 3776//106 3806//589 3811//594
f 3807//590 3767//108 3812//595
f 3808//591 3812//595 3813//596
f 3809//592 3813//596 3814//597
f 3810//593 3814//597 3815//598
f 3811//594 3815//598 3816//599
f 3776//106 3811//594 3816//599
f 3812//595 3767//108 3765//113
f 3813//596 3765//113 3768//114
f 3814//597 3768//114 3770//115
f 3815//598 3770//115 3772//116
f 3816//599 3772//116 3774//117
f 3776//106 3816//599 3774//117
f 3817//59 3819//17 3818//560
f 3820//61 3818//560 3821//561
f 3822//12 3821//561 3823//562
f 3824//64 3823//562 3825//563
f 3826//66 3825//563 3827//564
f 3828//7 3826//66 3827//564
f 3818//560 3819//17 3829//565
f 3821//561 3829//565 3830//566
f 3823//562 3830//566 3831//567
f 3825//563 3831//567 3832//568
f 3827//564 3832//568 3833//569
f 3828//7 3827//564 3833//569
f 3829//565 3819//17 3834//570
f 3830//566 3834//570 3835//571
f 3831//567 3835//571 3836//572
f 3832//568 3836//572 3837//573
f 3833//569 3837//573 3838//574
f 3828//78 3833//569 3838//574
f 3834//570 3819//80 3839//575
f 3835//571 3839//575 3840//576
f 3836//572 3840//576 3841//577
f 3837//573 3841//577 3842//578
f 3838//574 3842//578 3843//579
f 3828//78 3838//574 3843//579
f 3839//575 3819//80 3844//85
f 3840//576 3844//85 3845//86
f 3841//577 3845//86 3846//22
f 3842//578 3846//22 3847//87
f 3843//579 3847//87 3848//88
f 3828//78 3843//579 3848//88
f 3844//85 3819//80 3849//580
f 3845//86 3849//580 3850//581
f 3846//22 3850//581 3851//582
f 3847//87 3851//582 3852//583
f 3848//88 3852//583 3853//584
f 3828//94 3848//88 3853//584
f 3849//580 3819//96 3854//585
f 3850//581 3854//585 3855//586
f 3851//582 3855//586 3856//587
f 3852//583 3856//587 3857//588
f 3853//584 3857//588 3858//589
f 3828//94 3853//584 3858//589
f 3854//585 3819//108 3859//590
f 3855//586 3859//590 3860//591
f 3856//587 3860//591 3861//592
f 3857//588 3861//592 3862//593
f 3858//589 3862//593 3863//594
f 3828//106 3858//589 3863//594
f 3859//590 3819//108 3864//595
f 3860//591 3864//595 3865//596
f 3861//592 3865//596 3866//597
f 3862//593 3866//597 3867//598
f 3863//594 3867//598 3868//599
f 3828//106 3863//594 3868//599
f 3864//595 3819//108 3817//113
f 3865//596 3817//113 3820//114
f 3866//597 3820//114 3822//115
f 3867//598 3822//115 3824//116
f 3868//599 3824//116 3826//117
f 3828//106 3868//599 3826//117
f 3869//59 3871//17 3870//560
f 3872//61 3870//560 3873//561
f 3874//12 3873//561 3875//562
f 3876//64 3875//562 3877//563
f 3878//66 3877//563 3879//564
f 3880//7 3878//66 3879//564
f 3870//560 3871//17 3881//565
f 3873//561 3881//565 3882//566
f 3875//562 3882//566 3883//567
f 3877//563 3883//567 3884//568
f 3879//564 3884//568 3885//569
f 3880//7 3879//564 3885//569
f 3881//565 3871//17 3886//570
f 3882//566 3886//570 3887//571
f 3883//567 3887//571 3888//572
f 3884//568 3888//572 3889//573
f 3885//569 3889//573 3890//574
f 3880//78 3885//569 3890//574
f 3886//570 3871//80 3891//575
f 3887//571 3891//575 3892//576
f 3888//572 3892//576 3893//577
f 3889//573 3893//577 3894//578
f 3890//574 3894//578 3895//579
f 3880//78 3890//574 3895//579
f 3891//575 3871//80 3896//85
f 3892//576 3896//85 3897//86
f 3893//577 3897//86 3898//22
f 3894//578 3898//22 3899//87
f 3895//579 3899//87 3900//88
f 3880//78 3895//579 3900//88
f 3896//85 3871//80 3901//580
f 3897//86 3901//580 3902//581
f 3898//22 3902//581 3903//582
f 3899//87 3903//582 3904//583
f 3900//88 3904//583 3905//584
f 3880//94 3900//88 3905//584
f 3901//580 3871//96 3906//585
f 3902//581 3906//585 3907//586
f 3903//582 3907//586 3908//587
f 3904//583 3908//587 3909//588
f 3905//584 3909//588 3910//589
f 3880//94 3905//584 3910//589
f 3906//585 3871//96 3911//590
f 3907//586 3911//590 3912//591
f 3908//587 3912//591 3913//592
f 3909//588 3913//592 3914//593
f 3910//589 3914//593 3915//594
f 3880//106 3910//589 3915//594
f 3911//590 3871//108 3916//595
f 3912//591 3916//595 3917//596
f 3913//592 3917//596 3918//597
f 3914//593 3918//597 3919//598
f 3915//594 3919//598 3920//599
f 3880//106 3915//594 3920//599
f 3916//595 3871//108 3869//113
f 3917//596 3869//113 3872//114
f 3918//597 3872//114 3874//115
f 3919//598 3874//115 3876//116
f 3920//599 3876//116 3878//117
f 3880//106 3920//599 3878//117
f 3921//59 3923//17 3922//560
f 3924//61 3922//560 3925//561
f 3926//12 3925//561 3927//562
f 3928//64 3927//562 3929//563
f 3930//66 3929//563 3931//564
f 3932//7 3930//66 3931//564
f 3922//560 3923//17 3933//565
f 3925//561 3933//565 3934//566
f 3927//562 3934//566 3935//567
f 3929//563 3935//567 3936//568
f 3931//564 3936//568 3937//569
f 3932//7 3931//564 3937//569
f 3933//565 3923//17 3938//570
f 3934//566 3938//570 3939//571
f 3935//567 3939//571 3940//572
f 3936//568 3940//572 3941//573
f 3937//569 3941//573 3942//574
f 3932//78 3937//569 3942//574
f 3938//570 3923//80 3943//575
f 3939//571 3943//575 3944//576
f 3940//572 3944//576 3945//577
f 3941//573 3945//577 3946//578
f 3942//574 3946//578 3947//579
f 3932//78 3942//574 3947//579
f 3943//575 3923//80 3948//85
f 3944//576 3948//85 3949//86
f 3945//577 3949//86 3950//22
f 3946//578 3950//22 3951//87
f 3947//579 3951//87 3952//88
f 3932//78 3947//579 3952//88
f 3948//85 3923//80 3953//580
f 3949//86 3953//580 3954//581
f 3950//22 3954//581 3955//582
f 3951//87 3955//582 3956//583
f 3952//88 3956//583 3957//584
f 3932//94 3952//88 3957//584
f 3953//580 3923//96 3958//585
f 3954//581 3958//585 3959//586
f 3955//582 3959//586 3960//587
f 3956//583 3960//587 3961//588
f 3957//584 3961//588 3962//589
f 3932//94 3957//584 3962//589
f 3958//585 3923//96 3963//590
f 3959//586 3963//590 3964//591
f 3960//587 3964//591 3965//592
f 3961//588 3965//592 3966//593
f 3962//589 3966//593 3967//594
f 3932//106 3962//589 3967//594
f 3963//590 3923//108 3968//595
f 3964//591 3968//595 3969//596
f 3965//592 3969//596 3970//597
f 3966//593 3970//597 3971//598
f 3967//594 3971//598 3972//599
f 3932//106 3967//594 3972//599
f 3968//595 3923//108 3921//113
f 3969//596 3921//113 3924//114
f 3970//597 3924//114 3926//115
f 3971//598 3926//115 3928//116
f 3972//599 3928//116 3930//117
f 3932//106 3972//599 3930//117
f 3928//116 3972//599 3971//598
f 3926//115 3971//598 3970//597
f 3924//114 3970//597 3969//596
f 3921//113 3969//596 3968//595
f 3971//598 3967//594 3966//593
f 3970//597 3966//593 3965//592
f 3969//596 3965//592 3964//591
f 3968//595 3964//591 3963//590
f 3966//593 3962//589 3961//588
f 3965//592 3961//588 3960//587
f 3964//591 3960//587 3959//586
f 3963//590 3959//586 3958//585
f 3961//588 3957//584 3956//583
f 3960//587 3956//583 3955//582
f 3959//586 3955//582 3954//581
f 3958//585 3954//581 3953//580
f 3956//583 3952//88 3951//87
f 3955//582 3951//87 3950//22
f 3954//581 3950//22 3949//86
f 3953//580 3949//86 3948//85
f 3951//87 3947//579 3946//578
f 3950//22 3946//578 3945//577
f 3949//86 3945//577 3944//576
f 3948//85 3944//576 3943//575
f 3946//578 3942//574 3941//573
f 3945//577 3941//573 3940//572
f 3944//576 3940//572 3939//571
f 3943//575 3939//571 3938//570
f 3941//573 3937//569 3936//568
f 3940//572 3936//568 3935//567
f 3939//571 3935//567 3934//566
f 3938//570 3934//566 3933//565
f 3936//568 3931//564 3929//563
f 3935//567 3929//563 3927//562
f 3934//566 3927//562 3925//561
f 3933//565 3925//561 3922//560
f 3929//563 3930//66 3928//64
f 3927//562 3928//64 3926//12
f 3925//561 3926//12 3924//61
f 3922//560 3924//61 3921//59
f 3876//116 3920//599 3919//598
f 3874//115 3919//598 3918//597
f 3872//114 3918//597 3917//596
f 3869//113 3917//596 3916//595
f 3919//598 3915//594 3914//593
f 3918//597 3914//593 3913//592
f 3917//596 3913//592 3912//591
f 3916//595 3912//591 3911//590
f 3914//593 3910//589 3909//588
f 3913//592 3909//588 3908//587
f 3912//591 3908//587 3907//586
f 3911//590 3907//586 3906//585
f 3909//588 3905//584 3904//583
f 3908//587 3904//583 3903//582
f 3907//586 3903//582 3902//581
f 3906//585 3902//581 3901//580
f 3904//583 3900//88 3899//87
f 3903//582 3899//87 3898//22
f 3902//581 3898//22 3897//86
f 3901//580 3897//86 3896//85
f 3899//87 3895//579 3894//578
f 3898//22 3894//578 3893//577
f 3897//86 3893//577 3892//576
f 3896//85 3892//576 3891//575
f 3894//578 3890//574 3889//573
f 3893//577 3889//573 3888//572
f 3892//576 3888//572 3887//571
f 3891//575 3887//571 3886//570
f 3889//573 3885//569 3884//568
f 3888//572 3884//568 3883//567
f 3887//571 3883//567 3882//566
f 3886//570 3882//566 3881//565
f 3884//568 3879//564 3877//563
f 3883//567 3877//563 3875//562
f 3882//566 3875//562 3873//561
f 3881//565 3873//561 3870//560
f 3877//563 3878//66 3876//64
f 3875//562 3876//64 3874//12
f 3873//561 3874//12 3872//61
f 3870//560 3872//61 3869//59
f 3824//116 3868//599 3867//598
f 3822//115 3867//598 3866//597
f 3820//114 3866//597 3865//596
f 3817//113 3865//596 3864//595
f 3867//598 3863//594 3862//593
f 3866//597 3862//593 3861//592
f 3865//596 3861//592 3860//591
f 3864//595 3860//591 3859//590
f 3862//593 3858//589 3857//588
f 3861//592 3857//588 3856//587
f 3860//591 3856//587 3855//586
f 3859//590 3855//586 3854//585
f 3857//588 3853//584 3852//583
f 3856//587 3852//583 3851//582
f 3855//586 3851//582 3850//581
f 3854//585 3850//581 3849//580
f 3852//583 3848//88 3847//87
f 3851//582 3847//87 3846//22
f 3850//581 3846//22 3845//86
f 3849//580 3845//86 3844//85
f 3847//87 3843//579 3842//578
f 3846//22 3842//578 3841//577
f 3845//86 3841//577 3840//576
f 3844//85 3840//576 3839//575
f 3842//578 3838//574 3837//573
f 3841//577 3837//573 3836//572
f 3840//576 3836//572 3835//571
f 3839//575 3835//571 3834//570
f 3837//573 3833//569 3832//568
f 3836//572 3832//568 3831//567
f 3835//571 3831//567 3830//566
f 3834//570 3830//566 3829//565
f 3832//568 3827//564 3825//563
f 3831//567 3825//563 3823//562
f 3830//566 3823//562 3821//561
f 3829//565 3821//561 3818//560
f 3825//563 3826//66 3824//64
f 3823//562 3824//64 3822//12
f 3821//561 3822//12 3820//61
f 3818//560 3820//61 3817//59
f 3772//116 3816//599 3815//598
f 3770//115 3815//598 3814//597
f 3768//114 3814//597 3813//596
f 3765//113 3813//596 3812//595
f 3815//598 3811//594 3810//593
f 3814//597 3810//593 3809//592
f 3813//596 3809//592 3808//591
f 3812//595 3808//591 3807//590
f 3810//593 3806//589 3805//588
f 3809//592 3805//588 3804//587
f 3808//591 3804//587 3803//586
f 3807//590 3803//586 3802//585
f 3805//588 3801//584 3800//583
f 3804//587 3800//583 3799//582
f 3803//586 3799//582 3798//581
f 3802//585 3798//581 3797//580
f 3800//583 3796//88 3795//87
f 3799//582 3795//87 3794//22
f 3798//581 3794//22 3793//86
f 3797//580 3793//86 3792//85
f 3795//87 3791//579 3790//578
f 3794//22 3790//578 3789//577
f 3793//86 3789//577 3788//576
f 3792//85 3788//576 3787//575
f 3790//578 3786//574 3785//573
f 3789//577 3785//573 3784//572
f 3788//576 3784//572 3783//571
f 3787//575 3783//571 3782//570
f 3785//573 3781//569 3780//568
f 3784//572 3780//568 3779//567
f 3783//571 3779//567 3778//566
f 3782//570 3778//566 3777//565
f 3780//568 3775//564 3773//563
f 3779//567 3773//563 3771//562
f 3778//566 3771//562 3769//561
f 3777//565 3769//561 3766//560
f 3773//563 3774//66 3772//64
f 3771//562 3772//64 3770//12
f 3769//561 3770//12 3768//61
f 3766//560 3768//61 3765//59
f 3720//116 3764//599 3763//598
f 3718//115 3763//598 3762//597
f 3716//114 3762//597 3761//596
f 3713//113 3761//596 3760//595
f 3763//598 3759//594 3758//593
f 3762//597 3758//593 3757//592
f 3761//596 3757//592 3756//591
f 3760//595 3756//591 3755//590
f 3758//593 3754//589 3753//588
f 3757//592 3753//588 3752//587
f 3756//591 3752//587 3751//586
f 3755//590 3751//586 3750//585
f 3753//588 3749//584 3748//583
f 3752//587 3748//583 3747//582
f 3751//586 3747//582 3746//581
f 3750//585 3746//581 3745//580
f 3748//583 3744//88 3743//87
f 3747//582 3743//87 3742//22
f 3746//581 3742//22 3741//86
f 3745//580 3741//86 3740//85
f 3743//87 3739//579 3738//578
f 3742//22 3738//578 3737//577
f 3741//86 3737//577 3736//576
f 3740//85 3736//576 3735//575
f 3738//578 3734//574 3733//573
f 3737//577 3733//573 3732//572
f 3736//576 3732//572 3731//571
f 3735//575 3731//571 3730//570
f 3733//573 3729//569 3728//568
f 3732//572 3728//568 3727//567
f 3731//571 3727//567 3726//566
f 3730//570 3726//566 3725//565
f 3728//568 3723//564 3721//563
f 3727//567 3721//563 3719//562
f 3726//566 3719//562 3717//561
f 3725//565 3717//561 3714//560
f 3721//563 3722//66 3720//64
f 3719//562 3720//64 3718//12
f 3717//561 3718//12 3716//61
f 3714//560 3716//61 3713//59
f 3668//116 3712//599 3711//598
f 3666//115 3711//598 3710//597
f 3664//114 3710//597 3709//596
f 3661//113 3709//596 3708//595
f 3711//598 3707//594 3706//593
f 3710//597 3706//593 3705//592
f 3709//596 3705//592 3704//591
f 3708//595 3704//591 3703//590
f 3706//593 3702//589 3701//588
f 3705//592 3701//588 3700//587
f 3704//591 3700//587 3699//586
f 3703//590 3699//586 3698//585
f 3701//588 3697//584 3696//583
f 3700//587 3696//583 3695//582
f 3699//586 3695//582 3694//581
f 3698//585 3694//581 3693//580
f 3696//583 3692//88 3691//87
f 3695//582 3691//87 3690//22
f 3694//581 3690//22 3689//86
f 3693//580 3689//86 3688//85
f 3691//87 3687//579 3686//578
f 3690//22 3686//578 3685//577
f 3689//86 3685//577 3684//576
f 3688//85 3684//576 3683//575
f 3686//578 3682//574 3681//573
f 3685//577 3681//573 3680//572
f 3684//576 3680//572 3679//571
f 3683//575 3679//571 3678//570
f 3681//573 3677//569 3676//568
f 3680//572 3676//568 3675//567
f 3679//571 3675//567 3674//566
f 3678//570 3674//566 3673//565
f 3676//568 3671//564 3669//563
f 3675//567 3669//563 3667//562
f 3674//566 3667//562 3665//561
f 3673//565 3665//561 3662//560
f 3669//563 3670//66 3668//64
f 3667//562 3668//64 3666//12
f 3665//561 3666//12 3664//61
f 3662//560 3664//61 3661//59
f 3616//116 3660//599 3659//598
f 3614//115 3659//598 3658//597
f 3612//114 3658//597 3657//596
f 3609//113 3657//596 3656//595
f 3659//598 3655//594 3654//593
f 3658//597 3654//593 3653//592
f 3657//596 3653//592 3652//591
f 3656//595 3652//591 3651//590
f 3654//593 3650//589 3649//588
f 3653//592 3649//588 3648//587
f 3652//591 3648//587 3647//586
f 3651//590 3647//586 3646//585
f 3649//588 3645//584 3644//583
f 3648//587 3644//583 3643//582
f 3647//586 3643//582 3642//581
f 3646//585 3642//581 3641//580
f 3644//583 3640//88 3639//87
f 3643//582 3639//87 3638//22
f 3642//581 3638//22 3637//86
f 3641//580 3637//86 3636//85
f 3639//87 3635//579 3634//578
f 3638//22 3634//578 3633//577
f 3637//86 3633//577 3632//576
f 3636//85 3632//576 3631//575
f 3634//578 3630//574 3629//573
f 3633//577 3629//573 3628//572
f 3632//576 3628//572 3627//571
f 3631//575 3627//571 3626//570
f 3629//573 3625//569 3624//568
f 3628//572 3624//568 3623//567
f 3627//571 3623//567 3622//566
f 3626//570 3622//566 3621//565
f 3624//568 3619//564 3617//563
f 3623//567 3617//563 3615//562
f 3622//566 3615//562 3613//561
f 3621//565 3613//561 3610//560
f 3617//563 3618//66 3616//64
f 3615//562 3616//64 3614//12
f 3613//561 3614//12 3612//61
f 3610//560 3612//61 3609//59
f 3564//116 3608//599 3607//598
f 3562//115 3607//598 3606//597
f 3560//114 3606//597 3605//596
f 3557//113 3605//596 3604//595
f 3607//598 3603//594 3602//593
f 3606//597 3602//593 3601//592
f 3605//596 3601//592 3600//591
f 3604//595 3600//591 3599//590
f 3602//593 3598//589 3597//588
f 3601//592 3597//588 3596//587
f 3600//591 3596//587 3595//586
f 3599//590 3595//586 3594//585
f 3597//588 3593//584 3592//583
f 3596//587 3592//583 3591//582
f 3595//586 3591//582 3590//581
f 3594//585 3590//581 3589//580
f 3592//583 3588//88 3587//87
f 3591//582 3587//87 3586//22
f 3590//581 3586//22 3585//86
f 3589//580 3585//86 3584//85
f 3587//87 3583//579 3582//578
f 3586//22 3582//578 3581//577
f 3585//86 3581//577 3580//576
f 3584//85 3580//576 3579//575
f 3582//578 3578//574 3577//573
f 3581//577 3577//573 3576//572
f 3580//576 3576//572 3575//571
f 3579//575 3575//571 3574//570
f 3577//573 3573//569 3572//568
f 3576//572 3572//568 3571//567
f 3575//571 3571//567 3570//566
f 3574//570 3570//566 3569//565
f 3572//568 3567//564 3565//563
f 3571//567 3565//563 3563//562
f 3570//566 3563//562 3561//561
f 3569//565 3561//561 3558//560
f 3565//563 3566//66 3564//64
f 3563//562 3564//64 3562//12
f 3561//561 3562//12 3560//61
f 3558//560 3560//61 3557//59
f 3512//116 3556//599 3555//598
f 3510//115 3555//598 3554//597
f 3508//114 3554//597 3553//596
f 3505//113 3553//596 3552//595
f 3555//598 3551//594 3550//593
f 3554//597 3550//593 3549//592
f 3553//596 3549//592 3548//591
f 3552//595 3548//591 3547//590
f 3550//593 3546//589 3545//588
f 3549//592 3545//588 3544//587
f 3548//591 3544//587 3543//586
f 3547//590 3543//586 3542//585
f 3545//588 3541//584 3540//583
f 3544//587 3540//583 3539//582
f 3543//586 3539//582 3538//581
f 3542//585 3538//581 3537//580
f 3540//583 3536//88 3535//87
f 3539//582 3535//87 3534//22
f 3538//581 3534//22 3533//86
f 3537//580 3533//86 3532//85
f 3535//87 3531//579 3530//578
f 3534//22 3530//578 3529//577
f 3533//86 3529//577 3528//576
f 3532//85 3528//576 3527//575
f 3530//578 3526//574 3525//573
f 3529//577 3525//573 3524//572
f 3528//576 3524//572 3523//571
f 3527//575 3523//571 3522//570
f 3525//573 3521//569 3520//568
f 3524//572 3520//568 3519//567
f 3523//571 3519//567 3518//566
f 3522//570 3518//566 3517//565
f 3520//568 3515//564 3513//563
f 3519//567 3513//563 3511//562
f 3518//566 3511//562 3509//561
f 3517//565 3509//561 3506//560
f 3513//563 3514//66 3512//64
f 3511//562 3512//64 3510//12
f 3509//561 3510//12 3508//61
f 3506//560 3508//61 3505//59
f 3460//116 3504//599 3503//598
f 3458//115 3503//598 3502//597
f 3456//114 3502//597 3501//596
f 3453//113 3501//596 3500//595
f 3503//598 3499//594 3498//593
f 3502//597 3498//593 3497//592
f 3501//596 3497//592 3496//591
f 3500//595 3496//591 3495//590
f 3498//593 3494//589 3493//588
f 3497//592 3493//588 3492//587
f 3496//591 3492//587 3491//586
f 3495//590 3491//586 3490//585
f 3493//588 3489//584 3488//583
f 3492//587 3488//583 3487//582
f 3491//586 3487//582 3486//581
f 3490//585 3486//581 3485//580
f 3488//583 3484//88 3483//87
f 3487//582 3483//87 3482//22
f 3486//581 3482//22 3481//86
f 3485//580 3481//86 3480//85
f 3483//87 3479//579 3478//578
f 3482//22 3478//578 3477//577
f 3481//86 3477//577 3476//576
f 3480//85 3476//576 3475//575
f 3478//578 3474//574 3473//573
f 3477//577 3473//573 3472//572
f 3476//576 3472//572 3471//571
f 3475//575 3471//571 3470//570
f 3473//573 3469//569 3468//568
f 3472//572 3468//568 3467//567
f 3471//571 3467//567 3466//566
f 3470//570 3466//566 3465//565
f 3468//568 3463//564 3461//563
f 3467//567 3461//563 3459//562
f 3466//566 3459//562 3457//561
f 3465//565 3457//561 3454//560
f 3461//563 3462//66 3460//64
f 3459//562 3460//64 3458//12
f 3457//561 3458//12 3456//61
f 3454//560 3456//61 3453//59
f 3408//116 3452//599 3451//598
f 3406//115 3451//598 3450//597
f 3404//114 3450//597 3449//596
f 3401//113 3449//596 3448//595
f 3451//598 3447//594 3446//593
f 3450//597 3446//593 3445//592
f 3449//596 3445//592 3444//591
f 3448//595 3444//591 3443//590
f 3446//593 3442//589 3441//588
f 3445//592 3441//588 3440//587
f 3444//591 3440//587 3439//586
f 3443//590 3439//586 3438//585
f 3441//588 3437//584 3436//583
f 3440//587 3436//583 3435//582
f 3439//586 3435//582 3434//581
f 3438//585 3434//581 3433//580
f 3436//583 3432//88 3431//87
f 3435//582 3431//87 3430//22
f 3434//581 3430//22 3429//86
f 3433//580 3429//86 3428//85
f 3431//87 3427//579 3426//578
f 3430//22 3426//578 3425//577
f 3429//86 3425//577 3424//576
f 3428//85 3424//576 3423//575
f 3426//578 3422//574 3421//573
f 3425//577 3421//573 3420//572
f 3424//576 3420//572 3419//571
f 3423//575 3419//571 3418//570
f 3421//573 3417//569 3416//568
f 3420//572 3416//568 3415//567
f 3419//571 3415//567 3414//566
f 3418//570 3414//566 3413//565
f 3416//568 3411//564 3409//563
f 3415//567 3409//563 3407//562
f 3414//566 3407//562 3405//561
f 3413//565 3405//561 3402//560
f 3409//563 3410//66 3408//64
f 3407//562 3408//64 3406//12
f 3405//561 3406//12 3404//61
f 3402//560 3404//61 3401//59
f 3356//116 3400//599 3399//598
f 3354//115 3399//598 3398//597
f 3352//114 3398//597 3397//596
f 3349//113 3397//596 3396//595
f 3399//598 3395//594 3394//593
f 3398//597 3394//593 3393//592
f 3397//596 3393//592 3392//591
f 3396//595 3392//591 3391//590
f 3394//593 3390//589 3389//588
f 3393//592 3389//588 3388//587
f 3392//591 3388//587 3387//586
f 3391//590 3387//586 3386//585
f 3389//588 3385//584 3384//583
f 3388//587 3384//583 3383//582
f 3387//586 3383//582 3382//581
f 3386//585 3382//581 3381//580
f 3384//583 3380//88 3379//87
f 3383//582 3379//87 3378//22
f 3382//581 3378//22 3377//86
f 3381//580 3377//86 3376//85
f 3379//87 3375//579 3374//578
f 3378//22 3374//578 3373//577
f 3377//86 3373//577 3372//576
f 3376//85 3372//576 3371//575
f 3374//578 3370//574 3369//573
f 3373//577 3369//573 3368//572
f 3372//576 3368//572 3367//571
f 3371//575 3367//571 3366//570
f 3369//573 3365//569 3364//568
f 3368//572 3364//568 3363//567
f 3367//571 3363//567 3362//566
f 3366//570 3362//566 3361//565
f 3364//568 3359//564 3357//563
f 3363//567 3357//563 3355//562
f 3362//566 3355//562 3353//561
f 3361//565 3353//561 3350//560
f 3357//563 3358//66 3356//64
f 3355//562 3356//64 3354//12
f 3353//561 3354//12 3352//61
f 3350//560 3352//61 3349//59
f 3345//559 3341//559 3348//559
f 3348//37 3342//37 3347//37
f 3347//558 3343//558 3346//558
f 3346//27 3344//27 3345//27
f 3337//557 3348//557 3340//557
f 3340//17 3347//17 3339//17
f 3339//556 3346//556 3338//556
f 3338//7 3345//7 3337//7
f 3343//2 3341//2 3344//2
f 3339//1 3337//1 3340//1
f 3333//555 3329//555 3336//555
f 3336//37 3330//37 3335//37
f 3335//554 3331//554 3334//554
f 3334//27 3332//27 3333//27
f 3325//553 3336//553 3328//553
f 3328//17 3335//17 3327//17
f 3327//552 3334//552 3326//552
f 3326//7 3333//7 3325//7
f 3331//2 3329//2 3332//2
f 3327//1 3325//1 3328//1
f 3321//42 3317//42 3324//42
f 3324//37 3318//37 3323//37
f 3323//551 3319//551 3322//551
f 3322//27 3320//27 3321//27
f 3313//22 3324//22 3316//22
f 3316//17 3323//17 3315//17
f 3315//550 3322//550 3314//550
f 3314//7 3321//7 3313//7
f 3319//2 3317//2 3320//2
f 3315//1 3313//1 3316//1
f 3309//549 3305//549 3312//549
f 3312//37 3306//37 3311//37
f 3311//548 3307//548 3310//548
f 3310//27 3308//27 3309//27
f 3301//547 3312//547 3304//547
f 3304//17 3311//17 3303//17
f 3303//546 3310//546 3302//546
f 3302//7 3309//7 3301//7
f 3307//2 3305//2 3308//2
f 3303//1 3301//1 3304//1
f 3297//545 3293//545 3300//545
f 3300//37 3294//37 3299//37
f 3299//544 3295//544 3298//544
f 3298//27 3296//27 3297//27
f 3289//543 3300//543 3292//543
f 3292//17 3299//17 3291//17
f 3291//542 3298//542 3290//542
f 3290//7 3297//7 3289//7
f 3295//2 3293//2 3296//2
f 3291//1 3289//1 3292//1
f 3285//559 3281//559 3288//559
f 3288//37 3282//37 3287//37
f 3287//558 3283//558 3286//558
f 3286//27 3284//27 3285//27
f 3277//557 3288//557 3280//557
f 3280//17 3287//17 3279//17
f 3279//556 3286//556 3278//556
f 3278//7 3285//7 3277//7
f 3283//2 3281//2 3284//2
f 3279//1 3277//1 3280//1
f 3273//555 3269//555 3276//555
f 3276//37 3270//37 3275//37
f 3275//554 3271//554 3274//554
f 3274//27 3272//27 3273//27
f 3265//553 3276//553 3268//553
f 3268//17 3275//17 3267//17
f 3267//552 3274//552 3266//552
f 3266//7 3273//7 3265//7
f 3271//2 3269//2 3272//2
f 3267//1 3265//1 3268//1
f 3261//42 3257//42 3264//42
f 3264//37 3258//37 3263//37
f 3263//551 3259//551 3262//551
f 3262//27 3260//27 3261//27
f 3253//22 3264//22 3256//22
f 3256//17 3263//17 3255//17
f 3255//550 3262//550 3254//550
f 3254//7 3261//7 3253//7
f 3259//2 3257//2 3260//2
f 3255//1 3253//1 3256//1
f 3249//549 3245//549 3252//549
f 3252//37 3246//37 3251//37
f 3251//548 3247//548 3250//548
f 3250//27 3248//27 3249//27
f 3241//547 3252//547 3244//547
f 3244//17 3251//17 3243//17
f 3243//546 3250//546 3242//546
f 3242//7 3249//7 3241//7
f 3247//2 3245//2 3248//2
f 3243//1 3241//1 3244//1
f 3237//545 3233//545 3240//545
f 3240//37 3234//37 3239//37
f 3239//544 3235//544 3238//544
f 3238//27 3236//27 3237//27
f 3229//543 3240//543 3232//543
f 3232//17 3239//17 3231//17
f 3231//542 3238//542 3230//542
f 3230//7 3237//7 3229//7
f 3235//2 3233//2 3236//2
f 3231//1 3229//1 3232//1
f 3089//42 3071//42 3108//42
f 3108//41 3088//41 3107//41
f 3107//40 3087//40 3106//40
f 3106//39 3086//39 3105//39
f 3105//38 3085//38 3104//38
f 3104//37 3084//37 3103//37
f 3103//36 3083//36 3102//36
f 3102//35 3082//35 3101//35
f 3101//34 3081//34 3100//34
f 3100//33 3080//33 3099//33
f 3099//32 3079//32 3098//32
f 3098//31 3078//31 3097//31
f 3097//30 3077//30 3096//30
f 3096//29 3076//29 3095//29
f 3095//28 3075//28 3094//28
f 3094//27 3074//27 3093//27
f 3093//26 3073//26 3092//26
f 3092//25 3072//25 3091//25
f 3091//24 3069//24 3090//24
f 3090//23 3070//23 3089//23
f 3050//22 3108//22 3049//22
f 3049//21 3107//21 3068//21
f 3068//20 3106//20 3067//20
f 3067//19 3105//19 3066//19
f 3066//18 3104//18 3065//18
f 3065//17 3103//17 3064//17
f 3064//16 3102//16 3063//16
f 3063//15 3101//15 3062//15
f 3062//14 3100//14 3061//14
f 3061//13 3099//13 3060//13
f 3060//12 3098//12 3059//12
f 3059//11 3097//11 3058//11
f 3058//10 3096//10 3057//10
f 3057//9 3095//9 3056//9
f 3056//8 3094//8 3055//8
f 3055//7 3093//7 3054//7
f 3054//6 3092//6 3053//6
f 3053//5 3091//5 3052//5
f 3052//4 3090//4 3051//4
f 3051//3 3089//3 3050//3
f 2797//445 2751//445 2844//445
f 2844//444 2796//444 2843//444
f 2843//443 2795//443 2842//443
f 2842//442 2794//442 2841//442
f 2841//441 2793//441 2840//441
f 2840//440 2792//440 2839//440
f 2839//439 2791//439 2838//439
f 2838//438 2790//438 2837//438
f 2837//437 2789//437 2836//437
f 2836//436 2788//436 2835//436
f 2835//435 2787//435 2834//435
f 2834//434 2786//434 2833//434
f 2833//433 2785//433 2832//433
f 2832//432 2784//432 2831//432
f 2831//431 2783//431 2830//431
f 2830//430 2782//430 2829//430
f 2829//429 2781//429 2828//429
f 2828//428 2780//428 2827//428
f 2827//427 2779//427 2826//427
f 2826//426 2778//426 2825//426
f 2825//425 2777//425 2824//425
f 2824//424 2776//424 2823//424
f 2823//423 2775//423 2822//423
f 2822//422 2774//422 2821//422
f 2821//421 2773//421 2820//421
f 2820//420 2772//420 2819//420
f 2819//419 2771//419 2818//419
f 2818//418 2770//418 2817//418
f 2817//417 2769//417 2816//417
f 2816//416 2768//416 2815//416
f 2815//415 2767//415 2814//415
f 2814//414 2766//414 2813//414
f 2813//413 2765//413 2812//413
f 2812//412 2764//412 2811//412
f 2811//411 2763//411 2810//411
f 2810//410 2762//410 2809//410
f 2809//409 2761//409 2808//409
f 2808//408 2760//408 2807//408
f 2807//407 2759//407 2806//407
f 2806//406 2758//406 2805//406
f 2805//405 2757//405 2804//405
f 2804//404 2756//404 2803//404
f 2803//403 2755//403 2802//403
f 2802//402 2754//402 2801//402
f 2801//401 2753//401 2800//401
f 2800//400 2752//400 2799//400
f 2799//399 2749//399 2798//399
f 2798//398 2750//398 2797//398
f 2702//397 2844//397 2701//397
f 2701//396 2843//396 2748//396
f 2748//395 2842//395 2747//395
f 2747//394 2841//394 2746//394
f 2746//393 2840//393 2745//393
f 2745//392 2839//392 2744//392
f 2744//391 2838//391 2743//391
f 2743//390 2837//390 2742//390
f 2742//389 2836//389 2741//389
f 2741//388 2835//388 2740//388
f 2740//387 2834//387 2739//387
f 2739//386 2833//386 2738//386
f 2738//385 2832//385 2737//385
f 2737//384 2831//384 2736//384
f 2736//383 2830//383 2735//383
f 2735//382 2829//382 2734//382
f 2734//381 2828//381 2733//381
f 2733//380 2827//380 2732//380
f 2732//379 2826//379 2731//379
f 2731//378 2825//378 2730//378
f 2730//377 2824//377 2729//377
f 2729//376 2823//376 2728//376
f 2728//375 2822//375 2727//375
f 2727//374 2821//374 2726//374
f 2726//373 2820//373 2725//373
f 2725//372 2819//372 2724//372
f 2724//371 2818//371 2723//371
f 2723//370 2817//370 2722//370
f 2722//369 2816//369 2721//369
f 2721//368 2815//368 2720//368
f 2720//367 2814//367 2719//367
f 2719//366 2813//366 2718//366
f 2718//365 2812//365 2717//365
f 2717//364 2811//364 2716//364
f 2716//363 2810//363 2715//363
f 2715//362 2809//362 2714//362
f 2714//361 2808//361 2713//361
f 2713//360 2807//360 2712//360
f 2712//359 2806//359 2711//359
f 2711//358 2805//358 2710//358
f 2710//357 2804//357 2709//357
f 2709//356 2803//356 2708//356
f 2708//355 2802//355 2707//355
f 2707//354 2801//354 2706//354
f 2706//353 2800//353 2705//353
f 2705//352 2799//352 2704//352
f 2704//351 2798//351 2703//351
f 2703//350 2797//350 2702//350
f 2021//42 2003//42 2040//42
f 2040//41 2020//41 2039//41
f 2039//40 2019//40 2038//40
f 2038//39 2018//39 2037//39
f 2037//38 2017//38 2036//38
f 2036//37 2016//37 2035//37
f 2035//36 2015//36 2034//36
f 2034//35 2014//35 2033//35
f 2033//34 2013//34 2032//34
f 2032//33 2012//33 2031//33
f 2031//32 2011//32 2030//32
f 2030//31 2010//31 2029//31
f 2029//30 2009//30 2028//30
f 2028//29 2008//29 2027//29
f 2027//28 2007//28 2026//28
f 2026//27 2006//27 2025//27
f 2025//26 2005//26 2024//26
f 2024//25 2004//25 2023//25
f 2023//24 2001//24 2022//24
f 2022//23 2002//23 2021//23
f 1982//22 2040//22 1981//22
f 1981//21 2039//21 2000//21
f 2000//20 2038//20 1999//20
f 1999//19 2037//19 1998//19
f 1998//18 2036//18 1997//18
f 1997//17 2035//17 1996//17
f 1996//16 2034//16 1995//16
f 1995//15 2033//15 1994//15
f 1994//14 2032//14 1993//14
f 1993//13 2031//13 1992//13
f 1992//12 2030//12 1991//12
f 1991//11 2029//11 1990//11
f 1990//10 2028//10 1989//10
f 1989//9 2027//9 1988//9
f 1988//8 2026//8 1987//8
f 1987//7 2025//7 1986//7
f 1986//6 2024//6 1985//6
f 1985//5 2023//5 1984//5
f 1984//4 2022//4 1983//4
f 1983//3 2021//3 1982//3
f 1961//42 1943//42 1980//42
f 1980//41 1960//41 1979//41
f 1979//40 1959//40 1978//40
f 1978//39 1958//39 1977//39
f 1977//38 1957//38 1976//38
f 1976//37 1956//37 1975//37
f 1975//36 1955//36 1974//36
f 1974//35 1954//35 1973//35
f 1973//34 1953//34 1972//34
f 1972//33 1952//33 1971//33
f 1971//32 1951//32 1970//32
f 1970//31 1950//31 1969//31
f 1969//30 1949//30 1968//30
f 1968//29 1948//29 1967//29
f 1967//28 1947//28 1966//28
f 1966//27 1946//27 1965//27
f 1965//26 1945//26 1964//26
f 1964//25 1944//25 1963//25
f 1963//24 1941//24 1962//24
f 1962//23 1942//23 1961//23
f 1922//22 1980//22 1921//22
f 1921//21 1979//21 1940//21
f 1940//20 1978//20 1939//20
f 1939//19 1977//19 1938//19
f 1938//18 1976//18 1937//18
f 1937//17 1975//17 1936//17
f 1936//16 1974//16 1935//16
f 1935//15 1973//15 1934//15
f 1934//14 1972//14 1933//14
f 1933//13 1971//13 1932//13
f 1932//12 1970//12 1931//12
f 1931//11 1969//11 1930//11
f 1930//10 1968//10 1929//10
f 1929//9 1967//9 1928//9
f 1928//8 1966//8 1927//8
f 1927//7 1965//7 1926//7
f 1926//6 1964//6 1925//6
f 1925//5 1963//5 1924//5
f 1924//4 1962//4 1923//4
f 1923//3 1961//3 1922//3
f 1781//42 1763//42 1800//42
f 1800//41 1780//41 1799//41
f 1799//40 1779//40 1798//40
f 1798//39 1778//39 1797//39
f 1797//38 1777//38 1796//38
f 1796//37 1776//37 1795//37
f 1795//36 1775//36 1794//36
f 1794//35 1774//35 1793//35
f 1793//34 1773//34 1792//34
f 1792//33 1772//33 1791//33
f 1791//32 1771//32 1790//32
f 1790//31 1770//31 1789//31
f 1789//30 1769//30 1788//30
f 1788//29 1768//29 1787//29
f 1787//28 1767//28 1786//28
f 1786//27 1766//27 1785//27
f 1785//26 1765//26 1784//26
f 1784//25 1764//25 1783//25
f 1783//24 1761//24 1782//24
f 1782//23 1762//23 1781//23
f 1742//22 1800//22 1741//22
f 1741//21 1799//21 1760//21
f 1760//20 1798//20 1759//20
f 1759//19 1797//19 1758//19
f 1758//18 1796//18 1757//18
f 1757//17 1795//17 1756//17
f 1756//16 1794//16 1755//16
f 1755//15 1793//15 1754//15
f 1754//14 1792//14 1753//14
f 1753//13 1791//13 1752//13
f 1752//12 1790//12 1751//12
f 1751//11 1789//11 1750//11
f 1750//10 1788//10 1749//10
f 1749//9 1787//9 1748//9
f 1748//8 1786//8 1747//8
f 1747//7 1785//7 1746//7
f 1746//6 1784//6 1745//6
f 1745//5 1783//5 1744//5
f 1744//4 1782//4 1743//4
f 1743//3 1781//3 1742//3
f 1721//42 1703//42 1740//42
f 1740//41 1720//41 1739//41
f 1739//40 1719//40 1738//40
f 1738//39 1718//39 1737//39
f 1737//38 1717//38 1736//38
f 1736//37 1716//37 1735//37
f 1735//36 1715//36 1734//36
f 1734//35 1714//35 1733//35
f 1733//34 1713//34 1732//34
f 1732//33 1712//33 1731//33
f 1731//32 1711//32 1730//32
f 1730//31 1710//31 1729//31
f 1729//30 1709//30 1728//30
f 1728//29 1708//29 1727//29
f 1727//28 1707//28 1726//28
f 1726//27 1706//27 1725//27
f 1725//26 1705//26 1724//26
f 1724//25 1704//25 1723//25
f 1723//24 1701//24 1722//24
f 1722//23 1702//23 1721//23
f 1682//22 1740//22 1681//22
f 1681//21 1739//21 1700//21
f 1700//20 1738//20 1699//20
f 1699//19 1737//19 1698//19
f 1698//18 1736//18 1697//18
f 1697//17 1735//17 1696//17
f 1696//16 1734//16 1695//16
f 1695//15 1733//15 1694//15
f 1694//14 1732//14 1693//14
f 1693//13 1731//13 1692//13
f 1692//12 1730//12 1691//12
f 1691//11 1729//11 1690//11
f 1690//10 1728//10 1689//10
f 1689//9 1727//9 1688//9
f 1688//8 1726//8 1687//8
f 1687//7 1725//7 1686//7
f 1686//6 1724//6 1685//6
f 1685//5 1723//5 1684//5
f 1684//4 1722//4 1683//4
f 1683//3 1721//3 1682//3
f 1321//1 1300//1 1359//1
f 1359//1 1298//1 1357//1
f 1357//1 1296//1 1355//1
f 1355//1 1294//1 1353//1
f 1353//1 1292//1 1351//1
f 1351//1 1290//1 1349//1
f 1349//1 1288//1 1347//1
f 1347//1 1286//1 1345//1
f 1345//1 1284//1 1343//1
f 1343//1 1282//1 1341//1
f 1341//1 1280//1 1339//1
f 1339//1 1278//1 1337//1
f 1337//1 1276//1 1335//1
f 1335//1 1274//1 1333//1
f 1333//1 1272//1 1331//1
f 1331//1 1270//1 1329//1
f 1329//1 1268//1 1327//1
f 1327//1 1266//1 1325//1
f 1325//1 1263//1 1322//1
f 1322//1 1264//1 1321//1
f 1301//2 1380//2 1320//2
f 1320//2 1379//2 1319//2
f 1319//2 1378//2 1318//2
f 1318//2 1377//2 1317//2
f 1317//2 1376//2 1316//2
f 1316//2 1375//2 1315//2
f 1315//2 1374//2 1314//2
f 1314//2 1373//2 1313//2
f 1313//2 1372//2 1312//2
f 1312//2 1371//2 1311//2
f 1311//2 1370//2 1310//2
f 1310//2 1369//2 1309//2
f 1309//2 1368//2 1308//2
f 1308//2 1367//2 1307//2
f 1307//2 1366//2 1306//2
f 1306//2 1365//2 1305//2
f 1305//2 1364//2 1304//2
f 1304//2 1363//2 1303//2
f 1303//2 1361//2 1302//2
f 1302//2 1362//2 1301//2
f 1362//123 1360//123 1380//123
f 1380//31 1358//31 1379//31
f 1379//30 1356//30 1378//30
f 1378//29 1354//29 1377//29
f 1377//28 1352//28 1376//28
f 1376//145 1350//145 1375//145
f 1375//26 1348//26 1374//26
f 1374//25 1346//25 1373//25
f 1373//24 1344//24 1372//24
f 1372//23 1342//23 1371//23
f 1371//121 1340//121 1370//121
f 1370//41 1338//41 1369//41
f 1369//40 1336//40 1368//40
f 1368//39 1334//39 1367//39
f 1367//38 1332//38 1366//38
f 1366//144 1330//144 1365//144
f 1365//36 1328//36 1364//36
f 1364//35 1326//35 1363//35
f 1363//34 1323//34 1361//34
f 1361//33 1324//33 1362//33
f 1324//143 1359//143 1360//143
f 1360//142 1357//142 1358//142
f 1358//141 1355//141 1356//141
f 1356//140 1353//140 1354//140
f 1354//139 1351//139 1352//139
f 1352//94 1349//94 1350//94
f 1350//138 1347//138 1348//138
f 1348//137 1345//137 1346//137
f 1346//136 1343//136 1344//136
f 1344//135 1341//135 1342//135
f 1342//126 1339//126 1340//126
f 1340//134 1337//134 1338//134
f 1338//133 1335//133 1336//133
f 1336//132 1333//132 1334//132
f 1334//131 1331//131 1332//131
f 1332//96 1329//96 1330//96
f 1330//130 1327//130 1328//130
f 1328//129 1325//129 1326//129
f 1326//128 1322//128 1323//128
f 1323//127 1321//127 1324//127
f 1261//42 1320//42 1299//42
f 1299//41 1319//41 1297//41
f 1297//40 1318//40 1295//40
f 1295//39 1317//39 1293//39
f 1293//38 1316//38 1291//38
f 1291//37 1315//37 1289//37
f 1289//36 1314//36 1287//36
f 1287//35 1313//35 1285//35
f 1285//34 1312//34 1283//34
f 1283//33 1311//33 1281//33
f 1281//32 1310//32 1279//32
f 1279//31 1309//31 1277//31
f 1277//30 1308//30 1275//30
f 1275//29 1307//29 1273//29
f 1273//28 1306//28 1271//28
f 1271//27 1305//27 1269//27
f 1269//26 1304//26 1267//26
f 1267//25 1303//25 1265//25
f 1265//24 1302//24 1262//24
f 1262//23 1301//23 1261//23
f 1264//22 1299//22 1300//22
f 1300//21 1297//21 1298//21
f 1298//20 1295//20 1296//20
f 1296//19 1293//19 1294//19
f 1294//18 1291//18 1292//18
f 1292//17 1289//17 1290//17
f 1290//16 1287//16 1288//16
f 1288//15 1285//15 1286//15
f 1286//14 1283//14 1284//14
f 1284//13 1281//13 1282//13
f 1282//12 1279//12 1280//12
f 1280//11 1277//11 1278//11
f 1278//10 1275//10 1276//10
f 1276//9 1273//9 1274//9
f 1274//8 1271//8 1272//8
f 1272//7 1269//7 1270//7
f 1270//6 1267//6 1268//6
f 1268//5 1265//5 1266//5
f 1266//4 1262//4 1263//4
f 1263//3 1261//3 1264//3
f 1081//1 1060//1 1119//1
f 1119//1 1058//1 1117//1
f 1117//1 1056//1 1115//1
f 1115//1 1054//1 1113//1
f 1113//1 1052//1 1111//1
f 1111//1 1050//1 1109//1
f 1109//1 1048//1 1107//1
f 1107//1 1046//1 1105//1
f 1105//1 1044//1 1103//1
f 1103//1 1042//1 1101//1
f 1101//1 1040//1 1099//1
f 1099//1 1038//1 1097//1
f 1097//1 1036//1 1095//1
f 1095//1 1034//1 1093//1
f 1093//1 1032//1 1091//1
f 1091//1 1030//1 1089//1
f 1089//1 1028//1 1087//1
f 1087//1 1026//1 1085//1
f 1085//1 1023//1 1082//1
f 1082//1 1024//1 1081//1
f 1061//2 1140//2 1080//2
f 1080//2 1139//2 1079//2
f 1079//2 1138//2 1078//2
f 1078//2 1137//2 1077//2
f 1077//2 1136//2 1076//2
f 1076//2 1135//2 1075//2
f 1075//2 1134//2 1074//2
f 1074//2 1133//2 1073//2
f 1073//2 1132//2 1072//2
f 1072//2 1131//2 1071//2
f 1071//2 1130//2 1070//2
f 1070//2 1129//2 1069//2
f 1069//2 1128//2 1068//2
f 1068//2 1127//2 1067//2
f 1067//2 1126//2 1066//2
f 1066//2 1125//2 1065//2
f 1065//2 1124//2 1064//2
f 1064//2 1123//2 1063//2
f 1063//2 1121//2 1062//2
f 1062//2 1122//2 1061//2
f 1122//123 1120//123 1140//123
f 1140//31 1118//31 1139//31
f 1139//30 1116//30 1138//30
f 1138//29 1114//29 1137//29
f 1137//28 1112//28 1136//28
f 1136//145 1110//145 1135//145
f 1135//26 1108//26 1134//26
f 1134//25 1106//25 1133//25
f 1133//24 1104//24 1132//24
f 1132//23 1102//23 1131//23
f 1131//121 1100//121 1130//121
f 1130//41 1098//41 1129//41
f 1129//40 1096//40 1128//40
f 1128//39 1094//39 1127//39
f 1127//38 1092//38 1126//38
f 1126//144 1090//144 1125//144
f 1125//36 1088//36 1124//36
f 1124//35 1086//35 1123//35
f 1123//34 1083//34 1121//34
f 1121//33 1084//33 1122//33
f 1084//143 1119//143 1120//143
f 1120//142 1117//142 1118//142
f 1118//141 1115//141 1116//141
f 1116//140 1113//140 1114//140
f 1114//139 1111//139 1112//139
f 1112//94 1109//94 1110//94
f 1110//138 1107//138 1108//138
f 1108//137 1105//137 1106//137
f 1106//136 1103//136 1104//136
f 1104//135 1101//135 1102//135
f 1102//126 1099//126 1100//126
f 1100//134 1097//134 1098//134
f 1098//133 1095//133 1096//133
f 1096//132 1093//132 1094//132
f 1094//131 1091//131 1092//131
f 1092//96 1089//96 1090//96
f 1090//130 1087//130 1088//130
f 1088//129 1085//129 1086//129
f 1086//128 1082//128 1083//128
f 1083//127 1081//127 1084//127
f 1021//42 1080//42 1059//42
f 1059//41 1079//41 1057//41
f 1057//40 1078//40 1055//40
f 1055//39 1077//39 1053//39
f 1053//38 1076//38 1051//38
f 1051//37 1075//37 1049//37
f 1049//36 1074//36 1047//36
f 1047//35 1073//35 1045//35
f 1045//34 1072//34 1043//34
f 1043//33 1071//33 1041//33
f 1041//32 1070//32 1039//32
f 1039//31 1069//31 1037//31
f 1037//30 1068//30 1035//30
f 1035//29 1067//29 1033//29
f 1033//28 1066//28 1031//28
f 1031//27 1065//27 1029//27
f 1029//26 1064//26 1027//26
f 1027//25 1063//25 1025//25
f 1025//24 1062//24 1022//24
f 1022//23 1061//23 1021//23
f 1024//22 1059//22 1060//22
f 1060//21 1057//21 1058//21
f 1058//20 1055//20 1056//20
f 1056//19 1053//19 1054//19
f 1054//18 1051//18 1052//18
f 1052//17 1049//17 1050//17
f 1050//16 1047//16 1048//16
f 1048//15 1045//15 1046//15
f 1046//14 1043//14 1044//14
f 1044//13 1041//13 1042//13
f 1042//12 1039//12 1040//12
f 1040//11 1037//11 1038//11
f 1038//10 1035//10 1036//10
f 1036//9 1033//9 1034//9
f 1034//8 1031//8 1032//8
f 1032//7 1029//7 1030//7
f 1030//6 1027//6 1028//6
f 1028//5 1025//5 1026//5
f 1026//4 1022//4 1023//4
f 1023//3 1021//3 1024//3
g cabinet_black
f 1381//1 1383//1 1382//1
f 1381//1 1384//1 1383//1
f 1381//1 1385//1 1384//1
f 1381//1 1386//1 1385//1
f 1381//1 1387//1 1386//1
f 1381//1 1388//1 1387//1
f 1381//1 1389//1 1388//1
f 1381//1 1390//1 1389//1
f 1381//1 1391//1 1390//1
f 1381//1 1392//1 1391//1
f 1381//1 1393//1 1392//1
f 1381//1 1394//1 1393//1
f 1381//1 1395//1 1394//1
f 1381//1 1396//1 1395//1
f 1381//1 1397//1 1396//1
f 1381//1 1398//1 1397//1
f 1381//1 1399//1 1398//1
f 1399//1 1381//1 1400//1
f 1401//2 1403//2 1402//2
f 1404//2 1403//2 1401//2
f 1405//2 1403//2 1404//2
f 1406//2 1403//2 1405//2
f 1407//2 1403//2 1406//2
f 1408//2 1403//2 1407//2
f 1409//2 1403//2 1408//2
f 1410//2 1403//2 1409//2
f 1411//2 1403//2 1410//2
f 1412//2 1403//2 1411//2
f 1413//2 1403//2 1412//2
f 1414//2 1403//2 1413//2
f 1415//2 1403//2 1414//2
f 1416//2 1403//2 1415//2
f 1417//2 1403//2 1416//2
f 1418//2 1403//2 1417//2
f 1419//2 1403//2 1418//2
f 1403//2 1419//2 1420//2
f 1421//3 1383//3 1422//3
f 1422//4 1384//4 1423//4
f 1423//5 1385//5 1424//5
f 1424//6 1386//6 1425//6
f 1425//7 1387//7 1426//7
f 1426//8 1388//8 1427//8
f 1427//9 1389//9 1428//9
f 1428//10 1390//10 1429//10
f 1429//11 1391//11 1430//11
f 1430//12 1392//12 1431//12
f 1431//13 1393//13 1432//13
f 1432//14 1394//14 1433//14
f 1433//15 1395//15 1434//15
f 1434//16 1396//16 1435//16
f 1435//17 1397//17 1436//17
f 1436//18 1398//18 1437//18
f 1437//19 1399//19 1438//19
f 1438//20 1400//20 1439//20
f 1439//21 1381//21 1440//21
f 1440//22 1382//22 1421//22
f 1402//23 1422//23 1401//23
f 1401//24 1423//24 1404//24
f 1404//25 1424//25 1405//25
f 1405//26 1425//26 1406//26
f 1406//27 1426//27 1407//27
f 1407//28 1427//28 1408//28
f 1408//29 1428//29 1409//29
f 1409//30 1429//30 1410//30
f 1410//31 1430//31 1411//31
f 1411//32 1431//32 1412//32
f 1412//33 1432//33 1413//33
f 1413//34 1433//34 1414//34
f 1414//35 1434//35 1415//35
f 1415//36 1435//36 1416//36
f 1416//37 1436//37 1417//37
f 1417//38 1437//38 1418//38
f 1418//39 1438//39 1419//39
f 1419//40 1439//40 1420//40
f 1420//41 1440//41 1403//41
f 1403//42 1421//42 1402//42
f 2233//1 2235//1 2234//1
f 2233//1 2236//1 2235//1
f 2233//1 2237//1 2236//1
f 2233//1 2238//1 2237//1
f 2233//1 2239//1 2238//1
f 2233//1 2240//1 2239//1
f 2233//1 2241//1 2240//1
f 2233//1 2242//1 2241//1
f 2233//1 2243//1 2242//1
f 2233//1 2244//1 2243//1
f 2233//1 2245//1 2244//1
f 2233//1 2246//1 2245//1
f 2233//1 2247//1 2246//1
f 2233//1 2248//1 2247//1
f 2233//1 2249//1 2248//1
f 2233//1 2250//1 2249//1
f 2233//1 2251//1 2250//1
f 2251//1 2233//1 2252//1
f 2253//2 2255//2 2254//2
f 2256//2 2255//2 2253//2
f 2257//2 2255//2 2256//2
f 2258//2 2255//2 2257//2
f 2259//2 2255//2 2258//2
f 2260//2 2255//2 2259//2
f 2261//2 2255//2 2260//2
f 2262//2 2255//2 2261//2
f 2263//2 2255//2 2262//2
f 2264//2 2255//2 2263//2
f 2265//2 2255//2 2264//2
f 2266//2 2255//2 2265//2
f 2267//2 2255//2 2266//2
f 2268//2 2255//2 2267//2
f 2269//2 2255//2 2268//2
f 2270//2 2255//2 2269//2
f 2271//2 2255//2 2270//2
f 2255//2 2271//2 2272//2
f 2273//3 2235//3 2274//3
f 2274//4 2236//4 2275//4
f 2275//5 2237//5 2276//5
f 2276//6 2238//6 2277//6
f 2277//7 2239//7 2278//7
f 2278//8 2240//8 2279//8
f 2279//9 2241//9 2280//9
f 2280//10 2242//10 2281//10
f 2281//11 2243//11 2282//11
f 2282//12 2244//12 2283//12
f 2283//13 2245//13 2284//13
f 2284//14 2246//14 2285//14
f 2285//15 2247//15 2286//15
f 2286//16 2248//16 2287//16
f 2287//17 2249//17 2288//17
f 2288//18 2250//18 2289//18
f 2289//19 2251//19 2290//19
f 2290//20 2252//20 2291//20
f 2291//21 2233//21 2292//21
f 2292//22 2234//22 2273//22
f 2254//23 2274//23 2253//23
f 2253//24 2275//24 2256//24
f 2256//25 2276//25 2257//25
f 2257//26 2277//26 2258//26
f 2258//27 2278//27 2259//27
f 2259//28 2279//28 2260//28
f 2260//29 2280//29 2261//29
f 2261//30 2281//30 2262//30
f 2262//31 2282//31 2263//31
f 2263//32 2283//32 2264//32
f 2264//33 2284//33 2265//33
f 2265//34 2285//34 2266//34
f 2266//35 2286//35 2267//35
f 2267//36 2287//36 2268//36
f 2268//37 2288//37 2269//37
f 2269//38 2289//38 2270//38
f 2270//39 2290//39 2271//39
f 2271//40 2291//40 2272//40
f 2272//41 2292//41 2255//41
f 2255//42 2273//42 2254//42
f 2353//1 2355//1 2354//1
f 2353//1 2356//1 2355//1
f 2353//1 2357//1 2356//1
f 2353//1 2358//1 2357//1
f 2353//1 2359//1 2358//1
f 2353//1 2360//1 2359//1
f 2353//1 2361//1 2360//1
f 2353//1 2362//1 2361//1
f 2353//1 2363//1 2362//1
f 2353//1 2364//1 2363//1
f 2353//1 2365//1 2364//1
f 2353//1 2366//1 2365//1
f 2353//1 2367//1 2366//1
f 2353//1 2368//1 2367//1
f 2353//1 2369//1 2368//1
f 2353//1 2370//1 2369//1
f 2353//1 2371//1 2370//1
f 2371//1 2353//1 2372//1
f 2373//2 2375//2 2374//2
f 2376//2 2375//2 2373//2
f 2377//2 2375//2 2376//2
f 2378//2 2375//2 2377//2
f 2379//2 2375//2 2378//2
f 2380//2 2375//2 2379//2
f 2381//2 2375//2 2380//2
f 2382//2 2375//2 2381//2
f 2383//2 2375//2 2382//2
f 2384//2 2375//2 2383//2
f 2385//2 2375//2 2384//2
f 2386//2 2375//2 2385//2
f 2387//2 2375//2 2386//2
f 2388//2 2375//2 2387//2
f 2389//2 2375//2 2388//2
f 2390//2 2375//2 2389//2
f 2391//2 2375//2 2390//2
f 2375//2 2391//2 2392//2
f 2393//3 2355//3 2394//3
f 2394//4 2356//4 2395//4
f 2395//5 2357//5 2396//5
f 2396//6 2358//6 2397//6
f 2397//7 2359//7 2398//7
f 2398//8 2360//8 2399//8
f 2399//9 2361//9 2400//9
f 2400//10 2362//10 2401//10
f 2401//11 2363//11 2402//11
f 2402//12 2364//12 2403//12
f 2403//13 2365//13 2404//13
f 2404//14 2366//14 2405//14
f 2405//15 2367//15 2406//15
f 2406//16 2368//16 2407//16
f 2407//17 2369//17 2408//17
f 2408//18 2370//18 2409//18
f 2409//19 2371//19 2410//19
f 2410//20 2372//20 2411//20
f 2411//21 2353//21 2412//21
f 2412//22 2354//22 2393//22
f 2374//23 2394//23 2373//23
f 2373//24 2395//24 2376//24
f 2376//25 2396//25 2377//25
f 2377//26 2397//26 2378//26
f 2378//27 2398//27 2379//27
f 2379//28 2399//28 2380//28
f 2380//29 2400//29 2381//29
f 2381//30 2401//30 2382//30
f 2382//31 2402//31 2383//31
f 2383//32 2403//32 2384//32
f 2384//33 2404//33 2385//33
f 2385//34 2405//34 2386//34
f 2386//35 2406//35 2387//35
f 2387//36 2407//36 2388//36
f 2388//37 2408//37 2389//37
f 2389//38 2409//38 2390//38
f 2390//39 2410//39 2391//39
f 2391//40 2411//40 2392//40
f 2392//41 2412//41 2375//41
f 2375//42 2393//42 2374//42
f 3109//1 3111//1 3110//1
f 3109//1 3112//1 3111//1
f 3109//1 3113//1 3112//1
f 3109//1 3114//1 3113//1
f 3109//1 3115//1 3114//1
f 3109//1 3116//1 3115//1
f 3109//1 3117//1 3116//1
f 3109//1 3118//1 3117//1
f 3109//1 3119//1 3118//1
f 3109//1 3120//1 3119//1
f 3109//1 3121//1 3120//1
f 3109//1 3122//1 3121//1
f 3109//1 3123//1 3122//1
f 3109//1 3124//1 3123//1
f 3109//1 3125//1 3124//1
f 3109//1 3126//1 3125//1
f 3109//1 3127//1 3126//1
f 3127//1 3109//1 3128//1
f 3129//2 3131//2 3130//2
f 3132//2 3131//2 3129//2
f 3133//2 3131//2 3132//2
f 3134//2 3131//2 3133//2
f 3135//2 3131//2 3134//2
f 3136//2 3131//2 3135//2
f 3137//2 3131//2 3136//2
f 3138//2 3131//2 3137//2
f 3139//2 3131//2 3138//2
f 3140//2 3131//2 3139//2
f 3141//2 3131//2 3140//2
f 3142//2 3131//2 3141//2
f 3143//2 3131//2 3142//2
f 3144//2 3131//2 3143//2
f 3145//2 3131//2 3144//2
f 3146//2 3131//2 3145//2
f 3147//2 3131//2 3146//2
f 3131//2 3147//2 3148//2
f 3149//3 3111//3 3150//3
f 3150//4 3112//4 3151//4
f 3151//5 3113//5 3152//5
f 3152//6 3114//6 3153//6
f 3153//7 3115//7 3154//7
f 3154//8 3116//8 3155//8
f 3155//9 3117//9 3156//9
f 3156//10 3118//10 3157//10
f 3157//11 3119//11 3158//11
f 3158//12 3120//12 3159//12
f 3159//13 3121//13 3160//13
f 3160//14 3122//14 3161//14
f 3161//15 3123//15 3162//15
f 3162//16 3124//16 3163//16
f 3163//17 3125//17 3164//17
f 3164//18 3126//18 3165//18
f 3165//19 3127//19 3166//19
f 3166//20 3128//20 3167//20
f 3167//21 3109//21 3168//21
f 3168//22 3110//22 3149//22
f 3130//23 3150//23 3129//23
f 3129//24 3151//24 3132//24
f 3132//25 3152//25 3133//25
f 3133//26 3153//26 3134//26
f 3134//27 3154//27 3135//27
f 3135//28 3155//28 3136//28
f 3136//29 3156//29 3137//29
f 3137//30 3157//30 3138//30
f 3138//31 3158//31 3139//31
f 3139//32 3159//32 3140//32
f 3140//33 3160//33 3141//33
f 3141//34 3161//34 3142//34
f 3142//35 3162//35 3143//35
f 3143//36 3163//36 3144//36
f 3144//37 3164//37 3145//37
f 3145//38 3165//38 3146//38
f 3146//39 3166//39 3147//39
f 3147//40 3167//40 3148//40
f 3148//41 3168//41 3131//41
f 3131//42 3149//42 3130//42
f 3169//1 3171//1 3170//1
f 3169//1 3172//1 3171//1
f 3169//1 3173//1 3172//1
f 3169//1 3174//1 3173//1
f 3169//1 3175//1 3174//1
f 3169//1 3176//1 3175//1
f 3169//1 3177//1 3176//1
f 3169//1 3178//1 3177//1
f 3169//1 3179//1 3178//1
f 3169//1 3180//1 3179//1
f 3169//1 3181//1 3180//1
f 3169//1 3182//1 3181//1
f 3169//1 3183//1 3182//1
f 3169//1 3184//1 3183//1
f 3169//1 3185//1 3184//1
f 3169//1 3186//1 3185//1
f 3169//1 3187//1 3186//1
f 3187//1 3169//1 3188//1
f 3189//2 3191//2 3190//2
f 3192//2 3191//2 3189//2
f 3193//2 3191//2 3192//2
f 3194//2 3191//2 3193//2
f 3195//2 3191//2 3194//2
f 3196//2 3191//2 3195//2
f 3197//2 3191//2 3196//2
f 3198//2 3191//2 3197//2
f 3199//2 3191//2 3198//2
f 3200//2 3191//2 3199//2
f 3201//2 3191//2 3200//2
f 3202//2 3191//2 3201//2
f 3203//2 3191//2 3202//2
f 3204//2 3191//2 3203//2
f 3205//2 3191//2 3204//2
f 3206//2 3191//2 3205//2
f 3207//2 3191//2 3206//2
f 3191//2 3207//2 3208//2
f 3209//3 3171//3 3210//3
f 3210//4 3172//4 3211//4
f 3211//5 3173//5 3212//5
f 3212//6 3174//6 3213//6
f 3213//7 3175//7 3214//7
f 3214//8 3176//8 3215//8
f 3215//9 3177//9 3216//9
f 3216//10 3178//10 3217//10
f 3217//11 3179//11 3218//11
f 3218//12 3180//12 3219//12
f 3219//13 3181//13 3220//13
f 3220//14 3182//14 3221//14
f 3221//15 3183//15 3222//15
f 3222//16 3184//16 3223//16
f 3223//17 3185//17 3224//17
f 3224//18 3186//18 3225//18
f 3225//19 3187//19 3226//19
f 3226//20 3188//20 3227//20
f 3227//21 3169//21 3228//21
f 3228//22 3170//22 3209//22
f 3190//23 3210//23 3189//23
f 3189//24 3211//24 3192//24
f 3192//25 3212//25 3193//25
f 3193//26 3213//26 3194//26
f 3194//27 3214//27 3195//27
f 3195//28 3215//28 3196//28
f 3196//29 3216//29 3197//29
f 3197//30 3217//30 3198//30
f 3198//31 3218//31 3199//31
f 3199//32 3219//32 3200//32
f 3200//33 3220//33 3201//33
f 3201//34 3221//34 3202//34
f 3202//35 3222//35 3203//35
f 3203//36 3223//36 3204//36
f 3204//37 3224//37 3205//37
f 3205//38 3225//38 3206//38
f 3206//39 3226//39 3207//39
f 3207//40 3227//40 3208//40
f 3208//41 3228//41 3191//41
f 3191//42 3209//42 3190//42
f 3209//42 3191//42 3228//42
f 3228//41 3208//41 3227//41
f 3227//40 3207//40 3226//40
f 3226//39 3206//39 3225//39
f 3225//38 3205//38 3224//38
f 3224//37 3204//37 3223//37
f 3223//36 3203//36 3222//36
f 3222//35 3202//35 3221//35
f 3221//34 3201//34 3220//34
f 3220//33 3200//33 3219//33
f 3219//32 3199//32 3218//32
f 3218//31 3198//31 3217//31
f 3217//30 3197//30 3216//30
f 3216//29 3196//29 3215//29
f 3215//28 3195//28 3214//28
f 3214//27 3194//27 3213//27
f 3213//26 3193//26 3212//26
f 3212//25 3192//25 3211//25
f 3211//24 3189//24 3210//24
f 3210//23 3190//23 3209//23
f 3170//22 3228//22 3169//22
f 3169//21 3227//21 3188//21
f 3188//20 3226//20 3187//20
f 3187//19 3225//19 3186//19
f 3186//18 3224//18 3185//18
f 3185//17 3223//17 3184//17
f 3184//16 3222//16 3183//16
f 3183//15 3221//15 3182//15
f 3182//14 3220//14 3181//14
f 3181//13 3219//13 3180//13
f 3180//12 3218//12 3179//12
f 3179//11 3217//11 3178//11
f 3178//10 3216//10 3177//10
f 3177//9 3215//9 3176//9
f 3176//8 3214//8 3175//8
f 3175//7 3213//7 3174//7
f 3174//6 3212//6 3173//6
f 3173//5 3211//5 3172//5
f 3172//4 3210//4 3171//4
f 3171//3 3209//3 3170//3
f 3149//42 3131//42 3168//42
f 3168//41 3148//41 3167//41
f 3167//40 3147//40 3166//40
f 3166//39 3146//39 3165//39
f 3165//38 3145//38 3164//38
f 3164//37 3144//37 3163//37
f 3163//36 3143//36 3162//36
f 3162//35 3142//35 3161//35
f 3161//34 3141//34 3160//34
f 3160//33 3140//33 3159//33
f 3159//32 3139//32 3158//32
f 3158//31 3138//31 3157//31
f 3157//30 3137//30 3156//30
f 3156//29 3136//29 3155//29
f 3155//28 3135//28 3154//28
f 3154//27 3134//27 3153//27
f 3153//26 3133//26 3152//26
f 3152//25 3132//25 3151//25
f 3151//24 3129//24 3150//24
f 3150//23 3130//23 3149//23
f 3110//22 3168//22 3109//22
f 3109//21 3167//21 3128//21
f 3128//20 3166//20 3127//20
f 3127//19 3165//19 3126//19
f 3126//18 3164//18 3125//18
f 3125//17 3163//17 3124//17
f 3124//16 3162//16 3123//16
f 3123//15 3161//15 3122//15
f 3122//14 3160//14 3121//14
f 3121//13 3159//13 3120//13
f 3120//12 3158//12 3119//12
f 3119//11 3157//11 3118//11
f 3118//10 3156//10 3117//10
f 3117//9 3155//9 3116//9
f 3116//8 3154//8 3115//8
f 3115//7 3153//7 3114//7
f 3114//6 3152//6 3113//6
f 3113//5 3151//5 3112//5
f 3112//4 3150//4 3111//4
f 3111//3 3149//3 3110//3
f 2393//42 2375//42 2412//42
f 2412//41 2392//41 2411//41
f 2411//40 2391//40 2410//40
f 2410//39 2390//39 2409//39
f 2409//38 2389//38 2408//38
f 2408//37 2388//37 2407//37
f 2407//36 2387//36 2406//36
f 2406//35 2386//35 2405//35
f 2405//34 2385//34 2404//34
f 2404//33 2384//33 2403//33
f 2403//32 2383//32 2402//32
f 2402//31 2382//31 2401//31
f 2401//30 2381//30 2400//30
f 2400//29 2380//29 2399//29
f 2399//28 2379//28 2398//28
f 2398//27 2378//27 2397//27
f 2397//26 2377//26 2396//26
f 2396//25 2376//25 2395//25
f 2395//24 2373//24 2394//24
f 2394//23 2374//23 2393//23
f 2354//22 2412//22 2353//22
f 2353//21 2411//21 2372//21
f 2372//20 2410//20 2371//20
f 2371//19 2409//19 2370//19
f 2370//18 2408//18 2369//18
f 2369//17 2407//17 2368//17
f 2368//16 2406//16 2367//16
f 2367//15 2405//15 2366//15
f 2366//14 2404//14 2365//14
f 2365//13 2403//13 2364//13
f 2364//12 2402//12 2363//12
f 2363//11 2401//11 2362//11
f 2362//10 2400//10 2361//10
f 2361//9 2399//9 2360//9
f 2360//8 2398//8 2359//8
f 2359//7 2397//7 2358//7
f 2358//6 2396//6 2357//6
f 2357//5 2395//5 2356//5
f 2356//4 2394//4 2355//4
f 2355//3 2393//3 2354//3
f 2273//42 2255//42 2292//42
f 2292//41 2272//41 2291//41
f 2291//40 2271//40 2290//40
f 2290//39 2270//39 2289//39
f 2289//38 2269//38 2288//38
f 2288//37 2268//37 2287//37
f 2287//36 2267//36 2286//36
f 2286//35 2266//35 2285//35
f 2285//34 2265//34 2284//34
f 2284//33 2264//33 2283//33
f 2283//32 2263//32 2282//32
f 2282//31 2262//31 2281//31
f 2281//30 2261//30 2280//30
f 2280//29 2260//29 2279//29
f 2279//28 2259//28 2278//28
f 2278//27 2258//27 2277//27
f 2277//26 2257//26 2276//26
f 2276//25 2256//25 2275//25
f 2275//24 2253//24 2274//24
f 2274//23 2254//23 2273//23
f 2234//22 2292//22 2233//22
f 2233//21 2291//21 2252//21
f 2252//20 2290//20 2251//20
f 2251//19 2289//19 2250//19
f 2250//18 2288//18 2249//18
f 2249//17 2287//17 2248//17
f 2248//16 2286//16 2247//16
f 2247//15 2285//15 2246//15
f 2246//14 2284//14 2245//14
f 2245//13 2283//13 2244//13
f 2244//12 2282//12 2243//12
f 2243//11 2281//11 2242//11
f 2242//10 2280//10 2241//10
f 2241//9 2279//9 2240//9
f 2240//8 2278//8 2239//8
f 2239//7 2277//7 2238//7
f 2238//6 2276//6 2237//6
f 2237//5 2275//5 2236//5
f 2236//4 2274//4 2235//4
f 2235//3 2273//3 2234//3
f 1421//42 1403//42 1440//42
f 1440//41 1420//41 1439//41
f 1439//40 1419//40 1438//40
f 1438//39 1418//39 1437//39
f 1437//38 1417//38 1436//38
f 1436//37 1416//37 1435//37
f 1435//36 1415//36 1434//36
f 1434//35 1414//35 1433//35
f 1433//34 1413//34 1432//34
f 1432//33 1412//33 1431//33
f 1431//32 1411//32 1430//32
f 1430//31 1410//31 1429//31
f 1429//30 1409//30 1428//30
f 1428//29 1408//29 1427//29
f 1427//28 1407//28 1426//28
f 1426//27 1406//27 1425//27
f 1425//26 1405//26 1424//26
f 1424//25 1404//25 1423//25
f 1423//24 1401//24 1422//24
f 1422//23 1402//23 1421//23
f 1382//22 1440//22 1381//22
f 1381//21 1439//21 1400//21
f 1400//20 1438//20 1399//20
f 1399//19 1437//19 1398//19
f 1398//18 1436//18 1397//18
f 1397//17 1435//17 1396//17
f 1396//16 1434//16 1395//16
f 1395//15 1433//15 1394//15
f 1394//14 1432//14 1393//14
f 1393//13 1431//13 1392//13
f 1392//12 1430//12 1391//12
f 1391//11 1429//11 1390//11
f 1390//10 1428//10 1389//10
f 1389//9 1427//9 1388//9
f 1388//8 1426//8 1387//8
f 1387//7 1425//7 1386//7
f 1386//6 1424//6 1385//6
f 1385//5 1423//5 1384//5
f 1384//4 1422//4 1383//4
f 1383//3 1421//3 1382//3
g cabinet_spin_button
f 2845//1 2847//1 2846//1
f 2845//1 2848//1 2847//1
f 2845//1 2849//1 2848//1
f 2845//1 2850//1 2849//1
f 2845//1 2851//1 2850//1
f 2845//1 2852//1 2851//1
f 2845//1 2853//1 2852//1
f 2845//1 2854//1 2853//1
f 2845//1 2855//1 2854//1
f 2845//1 2856//1 2855//1
f 2845//1 2857//1 2856//1
f 2845//1 2858//1 2857//1
f 2845//1 2859//1 2858//1
f 2845//1 2860//1 2859//1
f 2845//1 2861//1 2860//1
f 2845//1 2862//1 2861//1
f 2845//1 2863//1 2862//1
f 2845//1 2864//1 2863//1
f 2845//1 2865//1 2864//1
f 2845//1 2866//1 2865//1
f 2845//1 2867//1 2866//1
f 2845//1 2868//1 2867//1
f 2845//1 2869//1 2868//1
f 2845//1 2870//1 2869//1
f 2845//1 2871//1 2870//1
f 2845//1 2872//1 2871//1
f 2845//1 2873//1 2872//1
f 2845//1 2874//1 2873//1
f 2845//1 2875//1 2874//1
f 2845//1 2876//1 2875//1
f 2845//1 2877//1 2876//1
f 2845//1 2878//1 2877//1
f 2845//1 2879//1 2878//1
f 2845//1 2880//1 2879//1
f 2845//1 2881//1 2880//1
f 2845//1 2882//1 2881//1
f 2845//1 2883//1 2882//1
f 2845//1 2884//1 2883//1
f 2845//1 2885//1 2884//1
f 2845//1 2886//1 2885//1
f 2845//1 2887//1 2886//1
f 2845//1 2888//1 2887//1
f 2845//1 2889//1 2888//1
f 2845//1 2890//1 2889//1
f 2845//1 2891//1 2890//1
f 2891//1 2845//1 2892//1
f 2893//2 2895//2 2894//2
f 2896//2 2895//2 2893//2
f 2897//2 2895//2 2896//2
f 2898//2 2895//2 2897//2
f 2899//2 2895//2 2898//2
f 2900//2 2895//2 2899//2
f 2901//2 2895//2 2900//2
f 2902//2 2895//2 2901//2
f 2903//2 2895//2 2902//2
f 2904//2 2895//2 2903//2
f 2905//2 2895//2 2904//2
f 2906//2 2895//2 2905//2
f 2907//2 2895//2 2906//2
f 2908//2 2895//2 2907//2
f 2909//2 2895//2 2908//2
f 2910//2 2895//2 2909//2
f 2911//2 2895//2 2910//2
f 2912//2 2895//2 2911//2
f 2913//2 2895//2 2912//2
f 2914//2 2895//2 2913//2
f 2915//2 2895//2 2914//2
f 2916//2 2895//2 2915//2
f 2917//2 2895//2 2916//2
f 2918//2 2895//2 2917//2
f 2919//2 2895//2 2918//2
f 2920//2 2895//2 2919//2
f 2921//2 2895//2 2920//2
f 2922//2 2895//2 2921//2
f 2923//2 2895//2 2922//2
f 2924//2 2895//2 2923//2
f 2925//2 2895//2 2924//2
f 2926//2 2895//2 2925//2
f 2927//2 2895//2 2926//2
f 2928//2 2895//2 2927//2
f 2929//2 2895//2 2928//2
f 2930//2 2895//2 2929//2
f 2931//2 2895//2 2930//2
f 2932//2 2895//2 2931//2
f 2933//2 2895//2 2932//2
f 2934//2 2895//2 2933//2
f 2935//2 2895//2 2934//2
f 2936//2 2895//2 2935//2
f 2937//2 2895//2 2936//2
f 2938//2 2895//2 2937//2
f 2939//2 2895//2 2938//2
f 2895//2 2939//2 2940//2
f 2941//446 2847//446 2942//446
f 2942//447 2848//447 2943//447
f 2943//448 2849//448 2944//448
f 2944//449 2850//449 2945//449
f 2945//450 2851//450 2946//450
f 2946//451 2852//451 2947//451
f 2947//452 2853//452 2948//452
f 2948//453 2854//453 2949//453
f 2949//454 2855//454 2950//454
f 2950//455 2856//455 2951//455
f 2951//456 2857//456 2952//456
f 2952//457 2858//457 2953//457
f 2953//458 2859//458 2954//458
f 2954//459 2860//459 2955//459
f 2955//460 2861//460 2956//460
f 2956//461 2862//461 2957//461
f 2957//462 2863//462 2958//462
f 2958//463 2864//463 2959//463
f 2959//464 2865//464 2960//464
f 2960//465 2866//465 2961//465
f 2961//466 2867//466 2962//466
f 2962//467 2868//467 2963//467
f 2963//468 2869//468 2964//468
f 2964//469 2870//469 2965//469
f 2965//470 2871//470 2966//470
f 2966//471 2872//471 2967//471
f 2967//472 2873//472 2968//472
f 2968//473 2874//473 2969//473
f 2969//474 2875//474 2970//474
f 2970//475 2876//475 2971//475
f 2971//476 2877//476 2972//476
f 2972//477 2878//477 2973//477
f 2973//478 2879//478 2974//478
f 2974//479 2880//479 2975//479
f 2975//480 2881//480 2976//480
f 2976//481 2882//481 2977//481
f 2977//482 2883//482 2978//482
f 2978//483 2884//483 2979//483
f 2979//484 2885//484 2980//484
f 2980//485 2886//485 2981//485
f 2981//486 2887//486 2982//486
f 2982//487 2888//487 2983//487
f 2983//488 2889//488 2984//488
f 2984//489 2890//489 2985//489
f 2985//490 2891//490 2986//490
f 2986//491 2892//491 2987//491
f 2987//492 2845//492 2988//492
f 2988//493 2846//493 2941//493
f 2894//494 2942//494 2893//494
f 2893//495 2943//495 2896//495
f 2896//496 2944//496 2897//496
f 2897//497 2945//497 2898//497
f 2898//498 2946//498 2899//498
f 2899//499 2947//499 2900//499
f 2900//500 2948//500 2901//500
f 2901//501 2949//501 2902//501
f 2902//502 2950//502 2903//502
f 2903//503 2951//503 2904//503
f 2904//504 2952//504 2905//504
f 2905//505 2953//505 2906//505
f 2906//506 2954//506 2907//506
f 2907//507 2955//507 2908//507
f 2908//508 2956//508 2909//508
f 2909//509 2957//509 2910//509
f 2910//510 2958//510 2911//510
f 2911//511 2959//511 2912//511
f 2912//512 2960//512 2913//512
f 2913//513 2961//513 2914//513
f 2914//514 2962//514 2915//514
f 2915//515 2963//515 2916//515
f 2916//516 2964//516 2917//516
f 2917//517 2965//517 2918//517
f 2918//518 2966//518 2919//518
f 2919//519 2967//519 2920//519
f 2920//520 2968//520 2921//520
f 2921//521 2969//521 2922//521
f 2922//522 2970//522 2923//522
f 2923//523 2971//523 2924//523
f 2924//524 2972//524 2925//524
f 2925//525 2973//525 2926//525
f 2926//526 2974//526 2927//526
f 2927//527 2975//527 2928//527
f 2928//528 2976//528 2929//528
f 2929//529 2977//529 2930//529
f 2930//530 2978//530 2931//530
f 2931//531 2979//531 2932//531
f 2932//532 2980//532 2933//532
f 2933//533 2981//533 2934//533
f 2934//534 2982//534 2935//534
f 2935//535 2983//535 2936//535
f 2936//536 2984//536 2937//536
f 2937//537 2985//537 2938//537
f 2938//538 2986//538 2939//538
f 2939//539 2987//539 2940//539
f 2940//540 2988//540 2895//540
f 2895//541 2941//541 2894//541
f 2941//541 2895//541 2988//541
f 2988//540 2940//540 2987//540
f 2987//539 2939//539 2986//539
f 2986//538 2938//538 2985//538
f 2985//537 2937//537 2984//537
f 2984//536 2936//536 2983//536
f 2983//535 2935//535 2982//535
f 2982//534 2934//534 2981//534
f 2981//533 2933//533 2980//533
f 2980//532 2932//532 2979//532
f 2979//531 2931//531 2978//531
f 2978//530 2930//530 2977//530
f 2977//529 2929//529 2976//529
f 2976//528 2928//528 2975//528
f 2975//527 2927//527 2974//527
f 2974//526 2926//526 2973//526
f 2973//525 2925//525 2972//525
f 2972//524 2924//524 2971//524
f 2971//523 2923//523 2970//523
f 2970//522 2922//522 2969//522
f 2969//521 2921//521 2968//521
f 2968//520 2920//520 2967//520
f 2967//519 2919//519 2966//519
f 2966//518 2918//518 2965//518
f 2965//517 2917//517 2964//517
f 2964//516 2916//516 2963//516
f 2963//515 2915//515 2962//515
f 2962//514 2914//514 2961//514
f 2961//513 2913//513 2960//513
f 2960//512 2912//512 2959//512
f 2959//511 2911//511 2958//511
f 2958//510 2910//510 2957//510
f 2957//509 2909//509 2956//509
f 2956//508 2908//508 2955//508
f 2955//507 2907//507 2954//507
f 2954//506 2906//506 2953//506
f 2953//505 2905//505 2952//505
f 2952//504 2904//504 2951//504
f 2951//503 2903//503 2950//503
f 2950//502 2902//502 2949//502
f 2949//501 2901//501 2948//501
f 2948//500 2900//500 2947//500
f 2947//499 2899//499 2946//499
f 2946//498 2898//498 2945//498
f 2945//497 2897//497 2944//497
f 2944//496 2896//496 2943//496
f 2943//495 2893//495 2942//495
f 2942//494 2894//494 2941//494
f 2846//493 2988//493 2845//493
f 2845//492 2987//492 2892//492
f 2892//491 2986//491 2891//491
f 2891//490 2985//490 2890//490
f 2890//489 2984//489 2889//489
f 2889//488 2983//488 2888//488
f 2888//487 2982//487 2887//487
f 2887//486 2981//486 2886//486
f 2886//485 2980//485 2885//485
f 2885//484 2979//484 2884//484
f 2884//483 2978//483 2883//483
f 2883//482 2977//482 2882//482
f 2882//481 2976//481 2881//481
f 2881//480 2975//480 2880//480
f 2880//479 2974//479 2879//479
f 2879//478 2973//478 2878//478
f 2878//477 2972//477 2877//477
f 2877//476 2971//476 2876//476
f 2876//475 2970//475 2875//475
f 2875//474 2969//474 2874//474
f 2874//473 2968//473 2873//473
f 2873//472 2967//472 2872//472
f 2872//471 2966//471 2871//471
f 2871//470 2965//470 2870//470
f 2870//469 2964//469 2869//469
f 2869//468 2963//468 2868//468
f 2868//467 2962//467 2867//467
f 2867//466 2961//466 2866//466
f 2866//465 2960//465 2865//465
f 2865//464 2959//464 2864//464
f 2864//463 2958//463 2863//463
f 2863//462 2957//462 2862//462
f 2862//461 2956//461 2861//461
f 2861//460 2955//460 2860//460
f 2860//459 2954//459 2859//459
f 2859//458 2953//458 2858//458
f 2858//457 2952//457 2857//457
f 2857//456 2951//456 2856//456
f 2856//455 2950//455 2855//455
f 2855//454 2949//454 2854//454
f 2854//453 2948//453 2853//453
f 2853//452 2947//452 2852//452
f 2852//451 2946//451 2851//451
f 2851//450 2945//450 2850//450
f 2850//449 2944//449 2849//449
f 2849//448 2943//448 2848//448
f 2848//447 2942//447 2847//447
f 2847//446 2941//446 2846//446
g cabinet_chrome
f 4119//745 4121//747 4120//746
f 4122//748 4123//749 4121//747
f 4124//750 4125//751 4123//749
f 4126//752 4127//753 4125//751
f 4128//754 4129//755 4127//753
f 4130//756 4131//757 4129//755
f 4132//758 4133//759 4131//757
f 4134//760 4120//746 4133//759
f 4120//746 4136//762 4135//761
f 4121//747 4137//763 4136//762
f 4123//749 4138//764 4137//763
f 4125//751 4139//765 4138//764
f 4127//753 4140//766 4139//765
f 4129//755 4141//767 4140//766
f 4131//757 4142//768 4141//767
f 4133//759 4135//761 4142//768
f 4135//761 4144//770 4143//769
f 4136//762 4145//771 4144//770
f 4137//763 4146//772 4145//771
f 4138//764 4147//773 4146//772
f 4139//765 4148//774 4147//773
f 4140//766 4149//775 4148//774
f 4141//767 4150//776 4149//775
f 4142//768 4143//769 4150//776
f 4143//769 4152//778 4151//777
f 4144//770 4153//779 4152//778
f 4145//771 4154//780 4153//779
f 4146//772 4155//781 4154//780
f 4147//773 4156//782 4155//781
f 4148//774 4157//783 4156//782
f 4149//775 4158//784 4157//783
f 4150//776 4151//777 4158//784
f 4151//777 4160//786 4159//785
f 4152//778 4161//787 4160//786
f 4153//779 4162//788 4161//787
f 4154//780 4163//789 4162//788
f 4155//781 4164//790 4163//789
f 4156//782 4165//791 4164//790
f 4157//783 4166//792 4165//791
f 4158//784 4159//785 4166//792
f 4159//785 4168//794 4167//793
f 4160//786 4169//795 4168//794
f 4161//787 4170//796 4169//795
f 4162//788 4171//797 4170//796
f 4163//789 4172//798 4171//797
f 4164//790 4173//799 4172//798
f 4165//791 4174//800 4173//799
f 4166//792 4167//793 4174//800
f 4167//793 4176//802 4175//801
f 4168//794 4177//803 4176//802
f 4169//795 4178//804 4177//803
f 4170//796 4179//805 4178//804
f 4171//797 4180//806 4179//805
f 4172//798 4181//807 4180//806
f 4173//799 4182//808 4181//807
f 4174//800 4175//801 4182//808
f 4175//801 4184//810 4183//809
f 4176//802 4185//811 4184//810
f 4177//803 4186//812 4185//811
f 4178//804 4187//813 4186//812
f 4179//805 4188//814 4187//813
f 4180//806 4189//815 4188//814
f 4181//807 4190//816 4189//815
f 4182//808 4183//817 4190//816
f 4183//809 4192//819 4191//818
f 4184//810 4193//820 4192//819
f 4185//811 4194//821 4193//820
f 4186//812 4195//822 4194//821
f 4187//813 4196//823 4195//822
f 4188//814 4197//824 4196//823
f 4189//815 4198//825 4197//824
f 4190//816 4191//826 4198//825
f 4191//818 4200//828 4199//827
f 4192//819 4201//829 4200//828
f 4193//820 4202//830 4201//829
f 4194//821 4203//831 4202//830
f 4195//822 4204//832 4203//831
f 4196//823 4205//833 4204//832
f 4197//824 4206//834 4205//833
f 4198//825 4199//835 4206//834
f 4199//827 4208//837 4207//836
f 4200//828 4209//838 4208//837
f 4201//829 4210//839 4209//838
f 4202//830 4211//840 4210//839
f 4203//831 4212//841 4211//840
f 4204//832 4213//842 4212//841
f 4205//833 4214//843 4213//842
f 4206//834 4207//844 4214//843
f 4207//836 4216//846 4215//845
f 4208//837 4217//847 4216//846
f 4209//838 4218//848 4217//847
f 4210//839 4219//849 4218//848
f 4211//840 4220//850 4219//849
f 4212//841 4221//851 4220//850
f 4213//842 4222//852 4221//851
f 4214//843 4215//845 4222//852
f 4215//845 4214//843 4207//844
f 4222//852 4213//842 4214//843
f 4221//851 4212//841 4213//842
f 4220//850 4211//840 4212//841
f 4219//849 4210//839 4211//840
f 4218//848 4209//838 4210//839
f 4217//847 4208//837 4209//838
f 4216//846 4207//836 4208//837
f 4207//844 4206//834 4199//835
f 4214//843 4205//833 4206//834
f 4213//842 4204//832 4205//833
f 4212//841 4203//831 4204//832
f 4211//840 4202//830 4203//831
f 4210//839 4201//829 4202//830
f 4209//838 4200//828 4201//829
f 4208//837 4199//827 4200//828
f 4199//835 4198//825 4191//826
f 4206//834 4197//824 4198//825
f 4205//833 4196//823 4197//824
f 4204//832 4195//822 4196//823
f 4203//831 4194//821 4195//822
f 4202//830 4193//820 4194//821
f 4201//829 4192//819 4193//820
f 4200//828 4191//818 4192//819
f 4191//826 4190//816 4183//817
f 4198//825 4189//815 4190//816
f 4197//824 4188//814 4189//815
f 4196//823 4187//813 4188//814
f 4195//822 4186//812 4187//813
f 4194//821 4185//811 4186//812
f 4193//820 4184//810 4185//811
f 4192//819 4183//809 4184//810
f 4183//817 4182//808 4175//801
f 4190//816 4181//807 4182//808
f 4189//815 4180//806 4181//807
f 4188//814 4179//805 4180//806
f 4187//813 4178//804 4179//805
f 4186//812 4177//803 4178//804
f 4185//811 4176//802 4177//803
f 4184//810 4175//801 4176//802
f 4175//801 4174//800 4167//793
f 4182//808 4173//799 4174//800
f 4181//807 4172//798 4173//799
f 4180//806 4171//797 4172//798
f 4179//805 4170//796 4171//797
f 4178//804 4169//795 4170//796
f 4177//803 4168//794 4169//795
f 4176//802 4167//793 4168//794
f 4167//793 4166//792 4159//785
f 4174//800 4165//791 4166//792
f 4173//799 4164//790 4165//791
f 4172//798 4163//789 4164//790
f 4171//797 4162//788 4163//789
f 4170//796 4161//787 4162//788
f 4169//795 4160//786 4161//787
f 4168//794 4159//785 4160//786
f 4159//785 4158//784 4151//777
f 4166//792 4157//783 4158//784
f 4165//791 4156//782 4157//783
f 4164//790 4155//781 4156//782
f 4163//789 4154//780 4155//781
f 4162//788 4153//779 4154//780
f 4161//787 4152//778 4153//779
f 4160//786 4151//777 4152//778
f 4151//777 4150//776 4143//769
f 4158//784 4149//775 4150//776
f 4157//783 4148//774 4149//775
f 4156//782 4147//773 4148//774
f 4155//781 4146//772 4147//773
f 4154//780 4145//771 4146//772
f 4153//779 4144//770 4145//771
f 4152//778 4143//769 4144//770
f 4143//769 4142//768 4135//761
f 4150//776 4141//767 4142//768
f 4149//775 4140//766 4141//767
f 4148//774 4139//765 4140//766
f 4147//773 4138//764 4139//765
f 4146//772 4137//763 4138//764
f 4145//771 4136//762 4137//763
f 4144//770 4135//761 4136//762
f 4135//761 4133//759 4120//746
f 4142//768 4131//757 4133//759
f 4141//767 4129//755 4131//757
f 4140//766 4127//753 4129//755
f 4139//765 4125//751 4127//753
f 4138//764 4123//749 4125//751
f 4137//763 4121//747 4123//749
f 4136//762 4120//746 4121//747
f 4120//746 4134//760 4119//745
f 4133//759 4132//758 4134//760
f 4131//757 4130//756 4132//758
f 4129//755 4128//754 4130//756
f 4127//753 4126//752 4128//754
f 4125//751 4124//750 4126//752
f 4123//749 4122//748 4124//750
f 4121//747 4119//745 4122//748
g cabinet_button
f 4223//853 4225//17 4224//854
f 4226//855 4224//854 4227//856
f 4228//857 4227//856 4229//858
f 4230//859 4229//858 4231//860
f 4232//861 4231//860 4233//862
f 4234//12 4233//862 4235//863
f 4236//864 4235//863 4237//865
f 4238//866 4237//865 4239//867
f 4240//868 4239//867 4241//869
f 4242//870 4241//869 4243//871
f 4244//872 4243//871 4245//873
f 4246//7 4244//872 4245//873
f 4224//854 4225//17 4247//874
f 4227//856 4247//874 4248//875
f 4229//858 4248//875 4249//876
f 4231//860 4249//876 4250//877
f 4233//862 4250//877 4251//878
f 4235//863 4251//878 4252//879
f 4237//865 4252//879 4253//880
f 4239//867 4253//880 4254//881
f 4241//869 4254//881 4255//882
f 4243//871 4255//882 4256//883
f 4245//873 4256//883 4257//884
f 4246//7 4245//873 4257//884
f 4247//874 4225//17 4258//885
f 4248//875 4258//885 4259//886
f 4249//876 4259//886 4260//887
f 4250//877 4260//887 4261//888
f 4251//878 4261//888 4262//889
f 4252//879 4262//889 4263//890
f 4253//880 4263//890 4264//891
f 4254//881 4264//891 4265//892
f 4255//882 4265//892 4266//893
f 4256//883 4266//893 4267//894
f 4257//884 4267//894 4268//895
f 4246//7 4257//884 4268//895
f 4258//885 4225//17 4269//896
f 4259//886 4269//896 4270//897
f 4260//887 4270//897 4271//898
f 4261//888 4271//898 4272//899
f 4262//889 4272//899 4273//900
f 4263//890 4273//900 4274//901
f 4264//891 4274//901 4275//902
f 4265//892 4275//902 4276//903
f 4266//893 4276//903 4277//904
f 4267//894 4277//904 4278//905
f 4268//895 4278//905 4279//906
f 4246//7 4268//895 4279//906
f 4269//896 4225//17 4280//907
f 4270//897 4280//907 4281//908
f 4271//898 4281//908 4282//909
f 4272//899 4282//909 4283//910
f 4273//900 4283//910 4284//911
f 4274//901 4284//911 4285//2
f 4275//902 4285//2 4286//912
f 4276//903 4286//912 4287//913
f 4277//904 4287//913 4288//914
f 4278//905 4288//914 4289//915
f 4279//906 4289//915 4290//916
f 4246//7 4279//906 4290//916
f 4280//907 4225//17 4291//917
f 4281//908 4291//917 4292//918
f 4282//909 4292//918 4293//919
f 4283//910 4293//919 4294//920
f 4284//911 4294//920 4295//921
f 4285//2 4295//921 4296//922
f 4286//912 4296//922 4297//923
f 4287//913 4297//923 4298//924
f 4288//914 4298//924 4299//925
f 4289//915 4299//925 4300//926
f 4290//916 4300//926 4301//927
f 4246//78 4290//916 4301//927
f 4291//917 4225//80 4302//928
f 4292//918 4302//928 4303//929
f 4293//919 4303//929 4304//930
f 4294//920 4304//930 4305//931
f 4295//921 4305//931 4306//932
f 4296//922 4306//932 4307//933
f 4297//923 4307//933 4308//934
f 4298//924 4308//934 4309//935
f 4299//925 4309//935 4310//936
f 4300//926 4310//936 4311//937
f 4301//927 4311//937 4312//938
f 4246//78 4301//927 4312//938
f 4302//928 4225//80 4313//939
f 4303//929 4313//939 4314//940
f 4304//930 4314//940 4315//941
f 4305//931 4315//941 4316//942
f 4306//932 4316//942 4317//943
f 4307//933 4317//943 4318//944
f 4308//934 4318//944 4319//945
f 4309//935 4319//945 4320//946
f 4310//936 4320//946 4321//947
f 4311//937 4321//947 4322//948
f 4312//938 4322//948 4323//949
f 4246//78 4312//938 4323//949
f 4313//939 4225//80 4324//950
f 4314//940 4324//950 4325//951
f 4315//941 4325//951 4326//952
f 4316//942 4326//952 4327//953
f 4317//943 4327//953 4328//954
f 4318//944 4328//954 4329//955
f 4319//945 4329//955 4330//956
f 4320//946 4330//956 4331//957
f 4321//947 4331//957 4332//958
f 4322//948 4332//958 4333//959
f 4323//949 4333//959 4334//960
f 4246//78 4323//949 4334//960
f 4324//950 4225//80 4335//961
f 4325//951 4335//961 4336//962
f 4326//952 4336//962 4337//963
f 4327//953 4337//963 4338//964
f 4328//954 4338//964 4339//965
f 4329//955 4339//965 4340//22
f 4330//956 4340//22 4341//966
f 4331//957 4341//966 4342//967
f 4332//958 4342//967 4343//968
f 4333//959 4343//968 4344//969
f 4334//960 4344//969 4345//970
f 4246//78 4334//960 4345//970
f 4335//961 4225//80 4346//971
f 4336//962 4346//971 4347//972
f 4337//963 4347//972 4348//973
f 4338//964 4348//973 4349//974
f 4339//965 4349//974 4350//975
f 4340//22 4350//975 4351//976
f 4341//966 4351//976 4352//977
f 4342//967 4352//977 4353//978
f 4343//968 4353//978 4354//979
f 4344//969 4354//979 4355//980
f 4345//970 4355//980 4356//981
f 4246//94 4345//970 4356//981
f 4346//971 4225//96 4357//982
f 4347//972 4357//982 4358//983
f 4348//973 4358//983 4359//984
f 4349//974 4359//984 4360//985
f 4350//975 4360//985 4361//986
f 4351//976 4361//986 4362//987
f 4352//977 4362//987 4363//988
f 4353//978 4363//988 4364//989
f 4354//979 4364//989 4365//990
f 4355//980 4365//990 4366//991
f 4356//981 4366//991 4367//992
f 4246//94 4356//981 4367//992
f 4357//982 4225//96 4368//993
f 4358//983 4368//993 4369//994
f 4359//984 4369//994 4370//995
f 4360//985 4370//995 4371//996
f 4361//986 4371//996 4372//997
f 4362//987 4372//997 4373//998
f 4363//988 4373//998 4374//999
f 4364//989 4374//999 4375//1000
f 4365//990 4375//1000 4376//1001
f 4366//991 4376//1001 4377//1002
f 4367//992 4377//1002 4378//1003
f 4246//94 4367//992 4378//1003
f 4368//993 4225//96 4379//1004
f 4369//994 4379//1004 4380//1005
f 4370//995 4380//1005 4381//1006
f 4371//996 4381//1006 4382//1007
f 4372//997 4382//1007 4383//1008
f 4373//998 4383//1008 4384//1009
f 4374//999 4384//1009 4385//1010
f 4375//1000 4385//1010 4386//1011
f 4376//1001 4386//1011 4387//1012
f 4377//1002 4387//1012 4388//1013
f 4378//1003 4388//1013 4389//1014
f 4246//94 4378//1003 4389//1014
f 4379//1004 4225//96 4390//1015
f 4380//1005 4390//1015 4391//1016
f 4381//1006 4391//1016 4392//1017
f 4382//1007 4392//1017 4393//1018
f 4383//1008 4393//1018 4394//1019
f 4384//1009 4394//1019 4395//706
f 4385//1010 4395//706 4396//1020
f 4386//1011 4396//1020 4397//1021
f 4387//1012 4397//1021 4398//1022
f 4388//1013 4398//1022 4399//1023
f 4389//1014 4399//1023 4400//1024
f 4246//94 4389//1014 4400//1024
f 4390//1015 4225//96 4401//1025
f 4391//1016 4401//1025 4402//1026
f 4392//1017 4402//1026 4403//1027
f 4393//1018 4403//1027 4404//1028
f 4394//1019 4404//1028 4405//1029
f 4395//706 4405//1029 4406//1030
f 4396//1020 4406//1030 4407//1031
f 4397//1021 4407//1031 4408//1032
f 4398//1022 4408//1032 4409//1033
f 4399//1023 4409//1033 4410//1034
f 4400//1024 4410//1034 4411//1035
f 4246//106 4400//1024 4411//1035
f 4401//1025 4225//108 4412//1036
f 4402//1026 4412//1036 4413//1037
f 4403//1027 4413//1037 4414//1038
f 4404//1028 4414//1038 4415//1039
f 4405//1029 4415//1039 4416//1040
f 4406//1030 4416//1040 4417//1041
f 4407//1031 4417//1041 4418//1042
f 4408//1032 4418//1042 4419//1043
f 4409//1033 4419//1043 4420//1044
f 4410//1034 4420//1044 4421//1045
f 4411//1035 4421//1045 4422//1046
f 4246//106 4411//1035 4422//1046
f 4412//1036 4225//108 4423//1047
f 4413//1037 4423//1047 4424//1048
f 4414//1038 4424//1048 4425//1049
f 4415//1039 4425//1049 4426//1050
f 4416//1040 4426//1050 4427//1051
f 4417//1041 4427//1051 4428//1052
f 4418//1042 4428//1052 4429//1053
f 4419//1043 4429//1053 4430//1054
f 4420//1044 4430//1054 4431//1055
f 4421//1045 4431//1055 4432//1056
f 4422//1046 4432//1056 4433//1057
f 4246//106 4422//1046 4433//1057
f 4423//1047 4225//108 4434//1058
f 4424//1048 4434//1058 4435//1059
f 4425//1049 4435//1059 4436//1060
f 4426//1050 4436//1060 4437//1061
f 4427//1051 4437//1061 4438//1062
f 4428//1052 4438//1062 4439//1063
f 4429//1053 4439//1063 4440//1064
f 4430//1054 4440//1064 4441//1065
f 4431//1055 4441//1065 4442//1066
f 4432//1056 4442//1066 4443//1067
f 4433//1057 4443//1067 4444//1068
f 4246//106 4433//1057 4444//1068
f 4434//1058 4225//108 4223//1069
f 4435//1059 4223//1069 4226//1070
f 4436//1060 4226//1070 4228//1071
f 4437//1061 4228//1071 4230//1072
f 4438//1062 4230//1072 4232//1073
f 4439//1063 4232//1073 4234//115
f 4440//1064 4234//115 4236//1074
f 4441//1065 4236//1074 4238//1075
f 4442//1066 4238//1075 4240//1076
f 4443//1067 4240//1076 4242//1077
f 4444//1068 4242//1077 4244//1078
f 4246//106 4444//1068 4244//1078
f 4242//1077 4444//1068 4443//1067
f 4240//1076 4443//1067 4442//1066
f 4238//1075 4442//1066 4441//1065
f 4236//1074 4441//1065 4440//1064
f 4234//115 4440//1064 4439//1063
f 4232//1073 4439//1063 4438//1062
f 4230//1072 4438//1062 4437//1061
f 4228//1071 4437//1061 4436//1060
f 4226//1070 4436//1060 4435//1059
f 4223//1069 4435//1059 4434//1058
f 4443//1067 4433//1057 4432//1056
f 4442//1066 4432//1056 4431//1055
f 4441//1065 4431//1055 4430//1054
f 4440//1064 4430//1054 4429//1053
f 4439//1063 4429//1053 4428//1052
f 4438//1062 4428//1052 4427//1051
f 4437//1061 4427//1051 4426//1050
f 4436//1060 4426//1050 4425//1049
f 4435//1059 4425//1049 4424//1048
f 4434//1058 4424//1048 4423//1047
f 4432//1056 4422//1046 4421//1045
f 4431//1055 4421//1045 4420//1044
f 4430//1054 4420//1044 4419//1043
f 4429//1053 4419//1043 4418//1042
f 4428//1052 4418//1042 4417//1041
f 4427//1051 4417//1041 4416//1040
f 4426//1050 4416//1040 4415//1039
f 4425//1049 4415//1039 4414//1038
f 4424//1048 4414//1038 4413//1037
f 4423//1047 4413//1037 4412//1036
f 4421//1045 4411//1035 4410//1034
f 4420//1044 4410//1034 4409//1033
f 4419//1043 4409//1033 4408//1032
f 4418//1042 4408//1032 4407//1031
f 4417//1041 4407//1031 4406//1030
f 4416//1040 4406//1030 4405//1029
f 4415//1039 4405//1029 4404//1028
f 4414//1038 4404//1028 4403//1027
f 4413//1037 4403//1027 4402//1026
f 4412//1036 4402//1026 4401//1025
f 4410//1034 4400//1024 4399//1023
f 4409//1033 4399//1023 4398//1022
f 4408//1032 4398//1022 4397//1021
f 4407//1031 4397//1021 4396//1020
f 4406//1030 4396//1020 4395//706
f 4405//1029 4395//706 4394//1019
f 4404//1028 4394//1019 4393//1018
f 4403//1027 4393//1018 4392//1017
f 4402//1026 4392//1017 4391//1016
f 4401//1025 4391//1016 4390//1015
f 4399//1023 4389//1014 4388//1013
f 4398//1022 4388//1013 4387//1012
f 4397//1021 4387//1012 4386//1011
f 4396//1020 4386//1011 4385//1010
f 4395//706 4385//1010 4384//1009
f 4394//1019 4384//1009 4383//1008
f 4393//1018 4383//1008 4382//1007
f 4392//1017 4382//1007 4381//1006
f 4391//1016 4381//1006 4380//1005
f 4390//1015 4380//1005 4379//1004
f 4388//1013 4378//1003 4377//1002
f 4387//1012 4377//1002 4376//1001
f 4386//1011 4376//1001 4375//1000
f 4385//1010 4375//1000 4374//999
f 4384//1009 4374//999 4373//998
f 4383//1008 4373//998 4372//997
f 4382//1007 4372//997 4371//996
f 4381//1006 4371//996 4370//995
f 4380//1005 4370//995 4369//994
f 4379//1004 4369//994 4368//993
f 4377//1002 4367//992 4366//991
f 4376//1001 4366//991 4365//990
f 4375//1000 4365//990 4364//989
f 4374//999 4364//989 4363//988
f 4373//998 4363//988 4362//987
f 4372//997 4362//987 4361//986
f 4371//996 4361//986 4360//985
f 4370//995 4360//985 4359//984
f 4369//994 4359//984 4358//983
f 4368//993 4358//983 4357//982
f 4366//991 4356//981 4355//980
f 4365//990 4355//980 4354//979
f 4364//989 4354//979 4353//978
f 4363//988 4353//978 4352//977
f 4362//987 4352//977 4351//976
f 4361//986 4351//976 4350//975
f 4360//985 4350//975 4349//974
f 4359//984 4349//974 4348//973
f 4358//983 4348//973 4347//972
f 4357//982 4347//972 4346//971
f 4355//980 4345//970 4344//969
f 4354//979 4344//969 4343//968
f 4353//978 4343//968 4342//967
f 4352//977 4342//967 4341//966
f 4351//976 4341//966 4340//22
f 4350//975 4340//22 4339//965
f 4349//974 4339//965 4338//964
f 4348//973 4338//964 4337//963
f 4347//972 4337//963 4336//962
f 4346//971 4336//962 4335//961
f 4344//969 4334//960 4333//959
f 4343//968 4333//959 4332//958
f 4342//967 4332//958 4331//957
f 4341//966 4331//957 4330//956
f 4340//22 4330//956 4329//955
f 4339//965 4329//955 4328//954
f 4338//964 4328//954 4327//953
f 4337//963 4327//953 4326//952
f 4336//962 4326//952 4325//951
f 4335//961 4325//951 4324//950
f 4333//959 4323//949 4322//948
f 4332//958 4322//948 4321//947
f 4331//957 4321//947 4320//946
f 4330//956 4320//946 4319//945
f 4329//955 4319//945 4318//944
f 4328//954 4318//944 4317//943
f 4327//953 4317//943 4316//942
f 4326//952 4316//942 4315//941
f 4325//951 4315//941 4314//940
f 4324//950 4314//940 4313//939
f 4322//948 4312//938 4311//937
f 4321//947 4311//937 4310//936
f 4320//946 4310//936 4309//935
f 4319//945 4309//935 4308//934
f 4318//944 4308//934 4307//933
f 4317//943 4307//933 4306//932
f 4316//942 4306//932 4305//931
f 4315//941 4305//931 4304//930
f 4314//940 4304//930 4303//929
f 4313//939 4303//929 4302//928
f 4311//937 4301//927 4300//926
f 4310//936 4300//926 4299//925
f 4309//935 4299//925 4298//924
f 4308//934 4298//924 4297//923
f 4307//933 4297//923 4296//922
f 4306//932 4296//922 4295//921
f 4305//931 4295//921 4294//920
f 4304//930 4294//920 4293//919
f 4303//929 4293//919 4292//918
f 4302//928 4292//918 4291//917
f 4300//926 4290//916 4289//915
f 4299//925 4289//915 4288//914
f 4298//924 4288//914 4287//913
f 4297//923 4287//913 4286//912
f 4296//922 4286//912 4285//2
f 4295//921 4285//2 4284//911
f 4294//920 4284//911 4283//910
f 4293//919 4283//910 4282//909
f 4292//918 4282//909 4281//908
f 4291//917 4281//908 4280//907
f 4289//915 4279//906 4278//905
f 4288//914 4278//905 4277//904
f 4287//913 4277//904 4276//903
f 4286//912 4276//903 4275//902
f 4285//2 4275//902 4274//901
f 4284//911 4274//901 4273//900
f 4283//910 4273//900 4272//899
f 4282//909 4272//899 4271//898
f 4281//908 4271//898 4270//897
f 4280//907 4270//897 4269//896
f 4278//905 4268//895 4267//894
f 4277//904 4267//894 4266//893
f 4276//903 4266//893 4265//892
f 4275//902 4265//892 4264//891
f 4274//901 4264//891 4263//890
f 4273//900 4263//890 4262//889
f 4272//899 4262//889 4261//888
f 4271//898 4261//888 4260//887
f 4270//897 4260//887 4259//886
f 4269//896 4259//886 4258//885
f 4267//894 4257//884 4256//883
f 4266//893 4256//883 4255//882
f 4265//892 4255//882 4254//881
f 4264//891 4254//881 4253//880
f 4263//890 4253//880 4252//879
f 4262//889 4252//879 4251//878
f 4261//888 4251//878 4250//877
f 4260//887 4250//877 4249//876
f 4259//886 4249//876 4248//875
f 4258//885 4248//875 4247//874
f 4256//883 4245//873 4243//871
f 4255//882 4243//871 4241//869
f 4254//881 4241//869 4239//867
f 4253//880 4239//867 4237//865
f 4252//879 4237//865 4235//863
f 4251//878 4235//863 4233//862
f 4250//877 4233//862 4231//860
f 4249//876 4231//860 4229//858
f 4248//875 4229//858 4227//856
f 4247//874 4227//856 4224//854
f 4243//871 4244//872 4242//870
f 4241//869 4242//870 4240//868
f 4239//867 4240//868 4238//866
f 4237//865 4238//866 4236//864
f 4235//863 4236//864 4234//12
f 4233//862 4234//12 4232//861
f 4231//860 4232//861 4230//859
f 4229//858 4230//859 4228//857
f 4227//856 4228//857 4226//855
f 4224//854 4226//855 4223//853
g cabinet_reel_0
f 4445//1079 4447//2 4446//1079
f 4449//1080 4446//1079 4450//1080
f 4451//1081 4450//1080 4452//1081
f 4453//1082 4452//1081 4454//1082
f 4455//1083 4454//1082 4456//1083
f 4457//37 4456//1083 4458//37
f 4459//1084 4458//37 4460//1084
f 4461//1085 4460//1084 4462//1085
f 4463//1086 4462//1085 4464//1086
f 4465//1087 4464//1086 4466//1087
f 4467//1088 4466//1087 4468//1088
f 4469//17 4468//1088 4470//17
f 4471//1089 4470//17 4472//1089
f 4473//1090 4472//1089 4474//1090
f 4475//1091 4474//1090 4476//1091
f 4477//1092 4476//1091 4478//1092
f 4479//1093 4478//1092 4480//1093
f 4481//1094 4480//1093 4482//1094
f 4483//1095 4482//1094 4484//1095
f 4485//1096 4484//1095 4486//1096
f 4487//1097 4486//1096 4488//1097
f 4489//1098 4488//1097 4490//1098
f 4491//1099 4490//1098 4492//1099
f 4493//1 4492//1099 4494//1
f 4495//1100 4494//1 4496//1100
f 4497//1101 4496//1100 4498//1101
f 4499//1102 4498//1101 4500//1102
f 4501//1103 4500//1102 4502//1103
f 4503//1104 4502//1103 4504//1104
f 4505//1105 4504//1104 4506//1105
f 4507//1106 4506//1105 4508//1106
f 4509//1107 4508//1106 4510//1107
f 4511//1108 4510//1107 4512//1108
f 4513//1109 4512//1108 4514//1109
f 4515//1110 4514//1109 4516//1110
f 4517//106 4516//1110 4518//106
f 4519//1111 4518//106 4520//1111
f 4521//1112 4520//1111 4522//1112
f 4523//1113 4522//1112 4524//1113
f 4525//1114 4524//1113 4526//1114
f 4527//1115 4526//1114 4528//1115
f 4529//27 4528//1115 4530//27
f 4531//1116 4530//27 4532//1116
f 4533//1117 4532//1116 4534//1117
f 4535//1118 4534//1117 4536//1118
f 4537//1119 4536//1118 4538//1119
f 4539//1120 4538//1119 4540//1120
f 4448//1121 4540//1120 4447//1121
f 4540//1120 4448//1121 4539//1120
f 4538//1119 4539//1120 4537//1119
f 4536//1118 4537//1119 4535//1118
f 4534//1117 4535//1118 4533//1117
f 4532//1116 4533//1117 4531//1116
f 4530//27 4531//1116 4529//27
f 4528//1115 4529//27 4527//1115
f 4526//1114 4527//1115 4525//1114
f 4524//1113 4525//1114 4523//1113
f 4522//1112 4523//1113 4521//1112
f 4520//1111 4521//1112 4519//1111
f 4518//106 4519//1111 4517//106
f 4516//1110 4517//106 4515//1110
f 4514//1109 4515//1110 4513//1109
f 4512//1108 4513//1109 4511//1108
f 4510//1107 4511//1108 4509//1107
f 4508//1106 4509//1107 4507//1106
f 4506//1105 4507//1106 4505//1105
f 4504//1104 4505//1105 4503//1104
f 4502//1103 4503//1104 4501//1103
f 4500//1102 4501//1103 4499//1102
f 4498//1101 4499//1102 4497//1101
f 4496//1100 4497//1101 4495//1100
f 4494//1 4495//1100 4493//1
f 4492//1099 4493//1 4491//1099
f 4490//1098 4491//1099 4489//1098
f 4488//1097 4489//1098 4487//1097
f 4486//1096 4487//1097 4485//1096
f 4484//1095 4485//1096 4483//1095
f 4482//1094 4483//1095 4481//1094
f 4480//1093 4481//1094 4479//1093
f 4478//1092 4479//1093 4477//1092
f 4476//1091 4477//1092 4475//1091
f 4474//1090 4475//1091 4473//1090
f 4472//1089 4473//1090 4471//1089
f 4470//17 4471//1089 4469//17
f 4468//1088 4469//17 4467//1088
f 4466//1087 4467//1088 4465//1087
f 4464//1086 4465//1087 4463//1086
f 4462//1085 4463//1086 4461//1085
f 4460//1084 4461//1085 4459//1084
f 4458//37 4459//1084 4457//37
f 4456//1083 4457//37 4455//1083
f 4454//1082 4455//1083 4453//1082
f 4452//1081 4453//1082 4451//1081
f 4450//1080 4451//1081 4449//1080
f 4446//1079 4449//1080 4445//1079
f 4447//2 4445//1079 4448//2
g cabinet_reel_1
f 4541//1079 4543//2 4542//1079
f 4545//1080 4542//1079 4546//1080
f 4547//1081 4546//1080 4548//1081
f 4549//1082 4548//1081 4550//1082
f 4551//1083 4550//1082 4552//1083
f 4553//37 4552//1083 4554//37
f 4555//1084 4554//37 4556//1084
f 4557//1085 4556//1084 4558//1085
f 4559//1086 4558//1085 4560//1086
f 4561//1087 4560//1086 4562//1087
f 4563//1088 4562//1087 4564//1088
f 4565//17 4564//1088 4566//17
f 4567//1089 4566//17 4568//1089
f 4569//1090 4568//1089 4570//1090
f 4571//1091 4570//1090 4572//1091
f 4573//1092 4572//1091 4574//1092
f 4575//1093 4574//1092 4576//1093
f 4577//1094 4576//1093 4578//1094
f 4579//1095 4578//1094 4580//1095
f 4581//1096 4580//1095 4582//1096
f 4583//1097 4582//1096 4584//1097
f 4585//1098 4584//1097 4586//1098
f 4587//1099 4586//1098 4588//1099
f 4589//1 4588//1099 4590//1
f 4591//1100 4590//1 4592//1100
f 4593//1101 4592//1100 4594//1101
f 4595//1102 4594//1101 4596//1102
f 4597//1103 4596//1102 4598//1103
f 4599//1104 4598//1103 4600//1104
f 4601//1105 4600//1104 4602//1105
f 4603//1106 4602//1105 4604//1106
f 4605//1107 4604//1106 4606//1107
f 4607//1108 4606//1107 4608//1108
f 4609//1109 4608//1108 4610//1109
f 4611//1110 4610//1109 4612//1110
f 4613//106 4612//1110 4614//106
f 4615//1111 4614//106 4616//1111
f 4617//1112 4616//1111 4618//1112
f 4619//1113 4618//1112 4620//1113
f 4621//1114 4620//1113 4622//1114
f 4623//1115 4622//1114 4624//1115
f 4625//27 4624//1115 4626//27
f 4627//1116 4626//27 4628//1116
f 4629//1117 4628//1116 4630//1117
f 4631//1118 4630//1117 4632//1118
f 4633//1119 4632//1118 4634//1119
f 4635//1120 4634//1119 4636//1120
f 4544//1121 4636//1120 4543//1121
f 4636//1120 4544//1121 4635//1120
f 4634//1119 4635//1120 4633//1119
f 4632//1118 4633//1119 4631//1118
f 4630//1117 4631//1118 4629//1117
f 4628//1116 4629//1117 4627//1116
f 4626//27 4627//1116 4625//27
f 4624//1115 4625//27 4623//1115
f 4622//1114 4623//1115 4621//1114
f 4620//1113 4621//1114 4619//1113
f 4618//1112 4619//1113 4617//1112
f 4616//1111 4617//1112 4615//1111
f 4614//106 4615//1111 4613//106
f 4612//1110 4613//106 4611//1110
f 4610//1109 4611//1110 4609//1109
f 4608//1108 4609//1109 4607//1108
f 4606//1107 4607//1108 4605//1107
f 4604//1106 4605//1107 4603//1106
f 4602//1105 4603//1106 4601//1105
f 4600//1104 4601//1105 4599//1104
f 4598//1103 4599//1104 4597//1103
f 4596//1102 4597//1103 4595//1102
f 4594//1101 4595//1102 4593//1101
f 4592//1100 4593//1101 4591//1100
f 4590//1 4591//1100 4589//1
f 4588//1099 4589//1 4587//1099
f 4586//1098 4587//1099 4585//1098
f 4584//1097 4585//1098 4583//1097
f 4582//1096 4583//1097 4581//1096
f 4580//1095 4581//1096 4579//1095
f 4578//1094 4579//1095 4577//1094
f 4576//1093 4577//1094 4575//1093
f 4574//1092 4575//1093 4573//1092
f 4572//1091 4573//1092 4571//1091
f 4570//1090 4571//1091 4569//1090
f 4568//1089 4569//1090 4567//1089
f 4566//17 4567//1089 4565//17
f 4564//1088 4565//17 4563//1088
f 4562//1087 4563//1088 4561//1087
f 4560//1086 4561//1087 4559//1086
f 4558//1085 4559//1086 4557//1085
f 4556//1084 4557//1085 4555//1084
f 4554//37 4555//1084 4553//37
f 4552//1083 4553//37 4551//1083
f 4550//1082 4551//1083 4549//1082
f 4548//1081 4549//1082 4547//1081
f 4546//1080 4547//1081 4545//1080
f 4542//1079 4545//1080 4541//1079
f 4543//2 4541//1079 4544//2
g cabinet_reel_2
f 4637//1079 4639//2 4638//1079
f 4641//1080 4638//1079 4642//1080
f 4643//1081 4642//1080 4644//1081
f 4645//1082 4644//1081 4646//1082
f 4647//1083 4646//1082 4648//1083
f 4649//37 4648//1083 4650//37
f 4651//1084 4650//37 4652//1084
f 4653//1085 4652//1084 4654//1085
f 4655//1086 4654//1085 4656//1086
f 4657//1087 4656//1086 4658//1087
f 4659//1088 4658//1087 4660//1088
f 4661//17 4660//1088 4662//17
f 4663//1089 4662//17 4664//1089
f 4665//1090 4664//1089 4666//1090
f 4667//1091 4666//1090 4668//1091
f 4669//1092 4668//1091 4670//1092
f 4671//1093 4670//1092 4672//1093
f 4673//1094 4672//1093 4674//1094
f 4675//1095 4674//1094 4676//1095
f 4677//1096 4676//1095 4678//1096
f 4679//1097 4678//1096 4680//1097
f 4681//1098 4680//1097 4682//1098
f 4683//1099 4682//1098 4684//1099
f 4685//1 4684//1099 4686//1
f 4687//1100 4686//1 4688//1100
f 4689//1101 4688//1100 4690//1101
f 4691//1102 4690//1101 4692//1102
f 4693//1103 4692//1102 4694//1103
f 4695//1104 4694//1103 4696//1104
f 4697//1105 4696//1104 4698//1105
f 4699//1106 4698//1105 4700//1106
f 4701//1107 4700//1106 4702//1107
f 4703//1108 4702//1107 4704//1108
f 4705//1109 4704//1108 4706//1109
f 4707//1110 4706//1109 4708//1110
f 4709//106 4708//1110 4710//106
f 4711//1111 4710//106 4712//1111
f 4713//1112 4712//1111 4714//1112
f 4715//1113 4714//1112 4716//1113
f 4717//1114 4716//1113 4718//1114
f 4719//1115 4718//1114 4720//1115
f 4721//27 4720//1115 4722//27
f 4723//1116 4722//27 4724//1116
f 4725//1117 4724//1116 4726//1117
f 4727//1118 4726//1117 4728//1118
f 4729//1119 4728//1118 4730//1119
f 4731//1120 4730//1119 4732//1120
f 4640//1121 4732//1120 4639//1121
f 4732//1120 4640//1121 4731//1120
f 4730//1119 4731//1120 4729//1119
f 4728//1118 4729//1119 4727//1118
f 4726//1117 4727//1118 4725//1117
f 4724//1116 4725//1117 4723//1116
f 4722//27 4723//1116 4721//27
f 4720//1115 4721//27 4719//1115
f 4718//1114 4719//1115 4717//1114
f 4716//1113 4717//1114 4715//1113
f 4714//1112 4715//1113 4713//1112
f 4712//1111 4713//1112 4711//1111
f 4710//106 4711//1111 4709//106
f 4708//1110 4709//106 4707//1110
f 4706//1109 4707//1110 4705//1109
f 4704//1108 4705//1109 4703//1108
f 4702//1107 4703//1108 4701//1107
f 4700//1106 4701//1107 4699//1106
f 4698//1105 4699//1106 4697//1105
f 4696//1104 4697//1105 4695//1104
f 4694//1103 4695//1104 4693//1103
f 4692//1102 4693//1103 4691//1102
f 4690//1101 4691//1102 4689//1101
f 4688//1100 4689//1101 4687//1100
f 4686//1 4687//1100 4685//1
f 4684//1099 4685//1 4683//1099
f 4682//1098 4683//1099 4681//1098
f 4680//1097 4681//1098 4679//1097
f 4678//1096 4679//1097 4677//1096
f 4676//1095 4677//1096 4675//1095
f 4674//1094 4675//1095 4673//1094
f 4672//1093 4673//1094 4671//1093
f 4670//1092 4671//1093 4669//1092
f 4668//1091 4669//1092 4667//1091
f 4666//1090 4667//1091 4665//1090
f 4664//1089 4665//1090 4663//1089
f 4662//17 4663//1089 4661//17
f 4660//1088 4661//17 4659//1088
f 4658//1087 4659//1088 4657//1087
f 4656//1086 4657//1087 4655//1086
f 4654//1085 4655//1086 4653//1085
f 4652//1084 4653//1085 4651//1084
f 4650//37 4651//1084 4649//37
f 4648//1083 4649//37 4647//1083
f 4646//1082 4647//1083 4645//1082
f 4644//1081 4645//1082 4643//1081
f 4642//1080 4643//1081 4641//1080
f 4638//1079 4641//1080 4637//1079
f 4639//2 4637//1079 4640//2
